id,status,kind,slug,title,link,date,modified
17411,publish,city-template,sewerage-company-in-al-shahaniya,شركة تسليك مجاري في الشحانية,https://www.rukn-eltatawer.com/qa/sewerage-company-in-al-shahaniya/,2026-09-16T22:14:00,2026-09-22T05:12:00
17410,publish,city-template,sewerage-company-in-al-shamal,شركة تسليك مجاري في الشمال,https://www.rukn-eltatawer.com/qa/sewerage-company-in-al-shamal/,2026-09-16T22:13:59,2026-09-22T05:12:02
17409,publish,city-template,sewerage-company-in-al-daayen,شركة تسليك مجاري في الظعاين,https://www.rukn-eltatawer.com/qa/sewerage-company-in-al-daayen/,2026-09-16T22:13:58,2026-09-22T05:12:03
17408,publish,city-template,sewerage-company-in-umm-salal,شركة تسليك مجاري في أم صلال والخيسة,https://www.rukn-eltatawer.com/qa/sewerage-company-in-umm-salal/,2026-09-16T22:13:58,2026-09-22T05:12:05
17407,publish,city-template,sewerage-company-in-al-khor,شركة تسليك مجاري في الخور,https://www.rukn-eltatawer.com/qa/sewerage-company-in-al-khor/,2026-09-16T22:13:57,2026-09-22T05:12:07
17406,publish,city-template,sewerage-company-in-al-wakrah,شركة تسليك مجاري في الوكرة,https://www.rukn-eltatawer.com/qa/sewerage-company-in-al-wakrah/,2026-09-16T22:13:57,2026-09-22T05:12:09
17405,publish,city-template,sewerage-company-in-al-rayyan,شركة تسليك مجاري في الريان,https://www.rukn-eltatawer.com/qa/sewerage-company-in-al-rayyan/,2026-09-16T22:13:56,2026-09-22T05:12:11
17404,publish,city-template,ac-periodic-maintenance-contracts-lusail,شركة عقود صيانة تكييف دورية في لوسيل,https://www.rukn-eltatawer.com/qa/ac-periodic-maintenance-contracts-lusail/,2026-09-16T22:01:27,2026-09-22T05:12:13
17403,publish,city-template,commercial-refrigeration-maintenance-lusail,شركة صيانة ثلاجات وتبريد تجاري في لوسيل,https://www.rukn-eltatawer.com/qa/commercial-refrigeration-maintenance-lusail/,2026-09-16T22:01:27,2026-09-22T05:12:15
17402,publish,city-template,cooling-fault-detection-lusail,شركة كشف أعطال تبريد في لوسيل,https://www.rukn-eltatawer.com/qa/cooling-fault-detection-lusail/,2026-09-16T22:01:26,2026-09-22T05:12:17
17401,publish,city-template,new-central-ac-installation-lusail,شركة تركيب تكييف مركزي جديد في لوسيل,https://www.rukn-eltatawer.com/qa/new-central-ac-installation-lusail/,2026-09-16T22:01:26,2026-09-22T05:12:19
17400,publish,city-template,ac-duct-maintenance-lusail,شركة صيانة دكتات التكييف في لوسيل,https://www.rukn-eltatawer.com/qa/ac-duct-maintenance-lusail/,2026-09-16T22:01:25,2026-09-22T05:12:20
17399,publish,city-template,ac-relocation-installation-lusail,شركة نقل وتركيب مكيفات في لوسيل,https://www.rukn-eltatawer.com/qa/ac-relocation-installation-lusail/,2026-09-16T22:01:24,2026-09-22T05:12:22
17398,publish,city-template,ac-cleaning-washing-lusail,شركة غسيل وتنظيف مكيفات في لوسيل,https://www.rukn-eltatawer.com/qa/ac-cleaning-washing-lusail/,2026-09-16T22:01:24,2026-09-22T05:12:24
17397,publish,city-template,ac-freon-refill-lusail,شركة تعبئة فريون مكيفات في لوسيل,https://www.rukn-eltatawer.com/qa/ac-freon-refill-lusail/,2026-09-16T22:01:23,2026-09-22T05:12:26
17396,publish,city-template,window-ac-installation-lusail,شركة تركيب وحدات تكييف نافذة في لوسيل,https://www.rukn-eltatawer.com/qa/window-ac-installation-lusail/,2026-09-16T22:01:22,2026-09-22T05:12:28
17395,publish,city-template,split-ac-installation-lusail,شركة تركيب مكيفات سبليت في لوسيل,https://www.rukn-eltatawer.com/qa/split-ac-installation-lusail/,2026-09-16T22:01:20,2026-09-22T05:12:29
17394,publish,city-template,plumbing-fault-repair-lusail,شركة كشف وإصلاح أعطال السباكة في لوسيل,https://www.rukn-eltatawer.com/qa/plumbing-fault-repair-lusail/,2026-09-16T22:01:20,2026-09-22T05:12:31
17393,publish,city-template,central-heater-installation-maintenance-lusail,شركة تركيب وصيانة سخانات مركزية في لوسيل,https://www.rukn-eltatawer.com/qa/central-heater-installation-maintenance-lusail/,2026-09-16T22:01:19,2026-09-22T05:12:33
17392,publish,city-template,water-pump-maintenance-lusail,شركة صيانة مضخات مياه في لوسيل,https://www.rukn-eltatawer.com/qa/water-pump-maintenance-lusail/,2026-09-16T22:01:18,2026-09-22T05:12:35
17391,publish,city-template,new-building-electrical-plumbing-lusail,شركة تأسيس كهرباء وسباكة لمبنى جديد في لوسيل,https://www.rukn-eltatawer.com/qa/new-building-electrical-plumbing-lusail/,2026-09-16T22:01:17,2026-09-22T05:12:36
17390,publish,city-template,24h-emergency-electrician-lusail,شركة كهربائي طوارئ 24 ساعة في لوسيل,https://www.rukn-eltatawer.com/qa/24h-emergency-electrician-lusail/,2026-09-16T22:01:17,2026-09-22T05:12:38
17389,publish,city-template,sanitary-fixtures-installation-lusail,شركة تركيب أدوات صحية في لوسيل,https://www.rukn-eltatawer.com/qa/sanitary-fixtures-installation-lusail/,2026-09-16T22:01:16,2026-09-22T05:12:40
17388,publish,city-template,drainage-pipe-maintenance-lusail,شركة صيانة مواسير صرف صحي في لوسيل,https://www.rukn-eltatawer.com/qa/drainage-pipe-maintenance-lusail/,2026-09-16T22:01:16,2026-09-22T05:12:42
17387,publish,city-template,water-heater-installation-lusail,شركة تركيب سخانات مياه في لوسيل,https://www.rukn-eltatawer.com/qa/water-heater-installation-lusail/,2026-09-16T22:01:15,2026-09-22T05:12:44
17386,publish,leak-city-clone,water-pipe-leak-detection-lusail,شركة كشف تسريبات مواسير مياه في لوسيل,https://www.rukn-eltatawer.com/qa/water-pipe-leak-detection-lusail/,2026-09-16T22:01:14,2026-09-22T05:12:46
17385,publish,city-template,home-plumber-elec-lusail,شركة سباك منازل في لوسيل,https://www.rukn-eltatawer.com/qa/home-plumber-elec-lusail/,2026-09-16T22:01:14,2026-09-22T05:12:47
17384,publish,city-template,indoor-outdoor-lighting-installation-lusail,شركة تركيب إنارة داخلية وخارجية في لوسيل,https://www.rukn-eltatawer.com/qa/indoor-outdoor-lighting-installation-lusail/,2026-09-16T22:01:13,2026-09-22T05:12:49
17383,publish,city-template,electrical-fault-detection-lusail,شركة كشف أعطال كهرباء في لوسيل,https://www.rukn-eltatawer.com/qa/electrical-fault-detection-lusail/,2026-09-16T22:01:12,2026-09-22T05:12:51
17382,publish,city-template,new-electrical-wiring-lusail,شركة تمديدات كهربائية جديدة في لوسيل,https://www.rukn-eltatawer.com/qa/new-electrical-wiring-lusail/,2026-09-16T22:01:12,2026-09-22T05:12:53
17381,publish,city-template,electric-panel-maintenance-lusail,شركة صيانة لوحات كهرباء في لوسيل,https://www.rukn-eltatawer.com/qa/electric-panel-maintenance-lusail/,2026-09-16T22:01:11,2026-09-22T05:12:55
17380,publish,city-template,home-electrician-elec-lusail,شركة كهربائي منازل في لوسيل,https://www.rukn-eltatawer.com/qa/home-electrician-elec-lusail/,2026-09-16T22:01:11,2026-09-22T05:12:56
17379,publish,city-template,post-leak-repaint-maintenance-lusail,شركة صيانة ودهان بعد التسريبات في لوسيل,https://www.rukn-eltatawer.com/qa/post-leak-repaint-maintenance-lusail/,2026-09-16T22:01:10,2026-09-22T05:12:58
17378,publish,city-template,wood-doors-windows-painting-lusail,شركة دهان أبواب وشبابيك خشبية في لوسيل,https://www.rukn-eltatawer.com/qa/wood-doors-windows-painting-lusail/,2026-09-16T22:01:09,2026-09-22T05:13:00
17377,publish,city-template,decorative-wall-effects-lusail,شركة دهانات ديكورية وتأثيرات جدارية في لوسيل,https://www.rukn-eltatawer.com/qa/decorative-wall-effects-lusail/,2026-09-16T22:01:09,2026-09-22T05:13:02
17376,publish,city-template,electric-spray-painting-lusail,شركة رش بويات كهربائي في لوسيل,https://www.rukn-eltatawer.com/qa/electric-spray-painting-lusail/,2026-09-16T22:01:08,2026-09-22T05:13:04
17375,publish,city-template,paint-removal-surface-prep-lusail,شركة إزالة دهان قديم وتحضير أسطح في لوسيل,https://www.rukn-eltatawer.com/qa/paint-removal-surface-prep-lusail/,2026-09-16T22:01:08,2026-09-22T05:13:05
17374,publish,city-template,office-painting-lusail,شركة دهان مكاتب وشركات في لوسيل,https://www.rukn-eltatawer.com/qa/office-painting-lusail/,2026-09-16T22:01:07,2026-09-22T05:13:07
17373,publish,city-template,new-villa-finishing-painting-lusail,شركة تشطيب ودهان فلل جديدة في لوسيل,https://www.rukn-eltatawer.com/qa/new-villa-finishing-painting-lusail/,2026-09-16T22:01:06,2026-09-22T05:13:09
17372,publish,city-template,roof-insulation-painting-lusail,شركة عزل ودهان أسطح في لوسيل,https://www.rukn-eltatawer.com/qa/roof-insulation-painting-lusail/,2026-09-16T22:01:06,2026-09-22T05:13:11
17371,publish,city-template,premium-paint-finishing-lusail,شركة دهان بويات عالية الجودة في لوسيل,https://www.rukn-eltatawer.com/qa/premium-paint-finishing-lusail/,2026-09-16T22:01:05,2026-09-22T05:13:13
17370,publish,city-template,gypsum-board-decor-lusail,شركة ديكورات جبس بورد في لوسيل,https://www.rukn-eltatawer.com/qa/gypsum-board-decor-lusail/,2026-09-16T22:01:03,2026-09-22T05:13:14
17369,publish,city-template,wallpaper-installation-lusail,شركة تركيب ورق حائط في لوسيل,https://www.rukn-eltatawer.com/qa/wallpaper-installation-lusail/,2026-09-16T22:01:02,2026-09-22T05:13:16
17368,publish,city-template,exterior-facade-painting-lusail,شركة دهان واجهات خارجية في لوسيل,https://www.rukn-eltatawer.com/qa/exterior-facade-painting-lusail/,2026-09-16T22:01:02,2026-09-22T05:13:18
17367,publish,city-template,villa-painting-lusail,شركة دهان فلل في لوسيل,https://www.rukn-eltatawer.com/qa/villa-painting-lusail/,2026-09-16T22:01:01,2026-09-22T05:13:19
17366,publish,city-template,apartment-painting-lusail,شركة دهان شقق في لوسيل,https://www.rukn-eltatawer.com/qa/apartment-painting-lusail/,2026-09-16T22:01:01,2026-09-22T05:13:21
17365,publish,city-template,home-audio-tech-lusail,فني أنظمة صوت منزلية في لوسيل,https://www.rukn-eltatawer.com/qa/home-audio-tech-lusail/,2026-09-16T22:01:00,2026-09-22T05:13:23
17364,publish,city-template,cctv-tech-lusail,فني تركيب كاميرات مراقبة في لوسيل,https://www.rukn-eltatawer.com/qa/cctv-tech-lusail/,2026-09-16T22:01:00,2026-09-22T05:13:25
17363,publish,city-template,ac-tech-lusail,فني تركيب وصيانة تكييف في لوسيل,https://www.rukn-eltatawer.com/qa/ac-tech-lusail/,2026-09-16T22:00:59,2026-09-22T05:13:26
17362,publish,city-template,satellite-tech-lusail,فني تركيب أقمار صناعية في لوسيل,https://www.rukn-eltatawer.com/qa/satellite-tech-lusail/,2026-09-16T22:00:58,2026-09-22T05:13:28
17361,publish,city-template,sat-dish-tech-lusail,فني تركيب دش في لوسيل,https://www.rukn-eltatawer.com/qa/sat-dish-tech-lusail/,2026-09-16T22:00:58,2026-09-22T05:13:30
17360,publish,city-template,gypsum-tech-lusail,فني جبس بورد في لوسيل,https://www.rukn-eltatawer.com/qa/gypsum-tech-lusail/,2026-09-16T22:00:57,2026-09-22T05:13:32
17359,publish,city-template,painter-lusail,عامل دهانات في لوسيل,https://www.rukn-eltatawer.com/qa/painter-lusail/,2026-09-16T22:00:56,2026-09-22T05:13:33
17358,publish,city-template,blacksmith-doors-windows-lusail,حداد أبواب ونوافذ في لوسيل,https://www.rukn-eltatawer.com/qa/blacksmith-doors-windows-lusail/,2026-09-16T22:00:56,2026-09-22T05:13:35
17357,publish,city-template,carpenter-lusail,نجار أثاث في لوسيل,https://www.rukn-eltatawer.com/qa/carpenter-lusail/,2026-09-16T22:00:55,2026-09-22T05:13:37
17356,publish,city-template,home-electrician-lusail,كهربائي منازل في لوسيل,https://www.rukn-eltatawer.com/qa/home-electrician-lusail/,2026-09-16T22:00:55,2026-09-22T05:13:39
17355,publish,city-template,home-plumber-lusail,سباك منازل في لوسيل,https://www.rukn-eltatawer.com/qa/home-plumber-lusail/,2026-09-16T22:00:54,2026-09-22T05:13:41
17354,publish,city-template,ozone-disinfection-lusail,شركة التعقيم بالأوزون في لوسيل,https://www.rukn-eltatawer.com/qa/ozone-disinfection-lusail/,2026-09-16T22:00:52,2026-09-22T05:13:42
17353,publish,city-template,chlorine-disinfection-lusail,شركة التعقيم بالكلور في لوسيل,https://www.rukn-eltatawer.com/qa/chlorine-disinfection-lusail/,2026-09-16T22:00:51,2026-09-22T05:13:44
17352,publish,city-template,steam-disinfection-lusail,شركة التعقيم بالبخار في لوسيل,https://www.rukn-eltatawer.com/qa/steam-disinfection-lusail/,2026-09-16T22:00:51,2026-09-22T05:13:46
17351,publish,city-template,bird-sound-device-lusail,شركة تركيب أجهزة صوتية لطرد الطيور في لوسيل,https://www.rukn-eltatawer.com/qa/bird-sound-device-lusail/,2026-09-16T22:00:50,2026-09-22T05:13:48
17350,publish,city-template,pigeon-spikes-installation-lusail,شركة تركيب مسامير طاردة للحمام في لوسيل,https://www.rukn-eltatawer.com/qa/pigeon-spikes-installation-lusail/,2026-09-16T22:00:50,2026-09-22T05:13:49
17349,publish,city-template,pigeon-net-installation-lusail,شركة تركيب شبك طارد للحمام في لوسيل,https://www.rukn-eltatawer.com/qa/pigeon-net-installation-lusail/,2026-09-16T22:00:49,2026-09-22T05:13:51
17348,publish,city-template,mosquito-fly-control-lusail,شركة مكافحة البعوض والذباب في لوسيل,https://www.rukn-eltatawer.com/qa/mosquito-fly-control-lusail/,2026-09-16T22:00:49,2026-09-22T05:13:53
17347,publish,city-template,bird-control-lusail,شركة مكافحة الطيور في لوسيل,https://www.rukn-eltatawer.com/qa/bird-control-lusail/,2026-09-16T22:00:48,2026-09-22T05:13:54
17346,publish,city-template,lizard-control-lusail,شركة مكافحة الوزغ (البرص) في لوسيل,https://www.rukn-eltatawer.com/qa/lizard-control-lusail/,2026-09-16T22:00:47,2026-09-22T05:13:56
17345,publish,city-template,flea-control-lusail,شركة مكافحة البراغيث في لوسيل,https://www.rukn-eltatawer.com/qa/flea-control-lusail/,2026-09-16T22:00:47,2026-09-22T05:13:59
17344,publish,city-template,scorpion-control-lusail,شركة مكافحة العقارب في لوسيل,https://www.rukn-eltatawer.com/qa/scorpion-control-lusail/,2026-09-16T22:00:46,2026-09-22T05:14:01
17343,publish,city-template,snake-control-lusail,شركة مكافحة الأفاعي في لوسيل,https://www.rukn-eltatawer.com/qa/snake-control-lusail/,2026-09-16T22:00:46,2026-09-22T05:14:03
17342,publish,city-template,rodent-control-lusail,شركة مكافحة الفئران والقوارض في لوسيل,https://www.rukn-eltatawer.com/qa/rodent-control-lusail/,2026-09-16T22:00:45,2026-09-22T05:14:05
17341,publish,city-template,bed-bug-control-lusail,شركة مكافحة بق الفراش في لوسيل,https://www.rukn-eltatawer.com/qa/bed-bug-control-lusail/,2026-09-16T22:00:44,2026-09-22T05:14:07
17340,publish,city-template,cockroach-control-lusail,شركة مكافحة الصراصير في لوسيل,https://www.rukn-eltatawer.com/qa/cockroach-control-lusail/,2026-09-16T22:00:43,2026-09-22T05:14:08
17339,publish,city-template,ant-control-lusail,شركة مكافحة النمل الأسود والأحمر في لوسيل,https://www.rukn-eltatawer.com/qa/ant-control-lusail/,2026-09-16T22:00:43,2026-09-22T05:14:10
17338,publish,city-template,termite-control-lusail,شركة مكافحة النمل الأبيض (الرمة) في لوسيل,https://www.rukn-eltatawer.com/qa/termite-control-lusail/,2026-09-16T22:00:42,2026-09-22T05:14:12
17337,publish,city-template,flying-pest-control-lusail,شركة مكافحة الحشرات الطائرة في لوسيل,https://www.rukn-eltatawer.com/qa/flying-pest-control-lusail/,2026-09-16T22:00:42,2026-09-22T05:14:14
17336,publish,city-template,crawling-pest-control-lusail,شركة مكافحة الحشرات الزاحفة في لوسيل,https://www.rukn-eltatawer.com/qa/crawling-pest-control-lusail/,2026-09-16T22:00:41,2026-09-22T05:14:15
17335,publish,city-template,solar-ac-installation-lusail,شركة تركيب أجهزة تكييف طاقة شمسية في لوسيل,https://www.rukn-eltatawer.com/qa/solar-ac-installation-lusail/,2026-09-16T22:00:40,2026-09-22T05:14:17
17334,publish,city-template,solar-water-heaters-lusail,شركة تركيب سخانات طاقة شمسية في لوسيل,https://www.rukn-eltatawer.com/qa/solar-water-heaters-lusail/,2026-09-16T22:00:40,2026-09-22T05:14:19
17333,publish,city-template,solar-systems-installation-lusail,شركة تركيب أنظمة طاقة شمسية في لوسيل,https://www.rukn-eltatawer.com/qa/solar-systems-installation-lusail/,2026-09-16T22:00:39,2026-09-22T05:14:21
17332,publish,city-template,furniture-storage-lusail,شركة تخزين أثاث في لوسيل,https://www.rukn-eltatawer.com/qa/furniture-storage-lusail/,2026-09-16T22:00:38,2026-09-22T05:14:23
17331,publish,city-template,furniture-assembly-lusail,شركة تركيب وفك الأثاث في لوسيل,https://www.rukn-eltatawer.com/qa/furniture-assembly-lusail/,2026-09-16T22:00:38,2026-09-22T05:14:24
17330,publish,city-template,furniture-packaging-lusail,شركة تغليف أثاث احترافي في لوسيل,https://www.rukn-eltatawer.com/qa/furniture-packaging-lusail/,2026-09-16T22:00:37,2026-09-22T05:14:26
17329,publish,city-template,furniture-moving-packaging-lusail,شركة نقل عفش مع التغليف في لوسيل,https://www.rukn-eltatawer.com/qa/furniture-moving-packaging-lusail/,2026-09-16T22:00:35,2026-09-22T05:14:28
17328,publish,city-template,outdoor-moving-lusail,شركة نقل أثاث خارجي في لوسيل,https://www.rukn-eltatawer.com/qa/outdoor-moving-lusail/,2026-09-16T22:00:35,2026-09-22T05:14:30
17327,publish,city-template,indoor-moving-lusail,شركة نقل أثاث داخلي في لوسيل,https://www.rukn-eltatawer.com/qa/indoor-moving-lusail/,2026-09-16T22:00:34,2026-09-22T05:14:31
17326,publish,city-template,wall-fountain-lusail,شركة تركيب نوافير جدارية في لوسيل,https://www.rukn-eltatawer.com/qa/wall-fountain-lusail/,2026-09-16T22:00:33,2026-09-22T05:14:33
17325,publish,city-template,artificial-waterfall-lusail,شركة تركيب شلالات اصطناعية في لوسيل,https://www.rukn-eltatawer.com/qa/artificial-waterfall-lusail/,2026-09-16T22:00:33,2026-09-22T05:14:35
17324,publish,city-template,stone-pathway-lusail,شركة إنشاء ممرات حجرية في لوسيل,https://www.rukn-eltatawer.com/qa/stone-pathway-lusail/,2026-09-16T22:00:32,2026-09-22T05:14:37
17323,publish,city-template,wooden-arbor-installation-lusail,شركة تركيب عرائش خشبية في لوسيل,https://www.rukn-eltatawer.com/qa/wooden-arbor-installation-lusail/,2026-09-16T22:00:31,2026-09-22T05:14:39
17322,publish,city-template,pergola-installation-lusail,شركة تركيب برجولات في لوسيل,https://www.rukn-eltatawer.com/qa/pergola-installation-lusail/,2026-09-16T22:00:31,2026-09-22T05:14:40
17321,publish,city-template,garden-seating-lusail,شركة إنشاء جلسات حدائق في لوسيل,https://www.rukn-eltatawer.com/qa/garden-seating-lusail/,2026-09-16T22:00:30,2026-09-22T05:14:42
17320,publish,city-template,wall-grass-lusail,شركة تركيب عشب جداري في لوسيل,https://www.rukn-eltatawer.com/qa/wall-grass-lusail/,2026-09-16T22:00:29,2026-09-22T05:14:44
17319,publish,city-template,artificial-grass-grdn-lusail,شركة تركيب عشب صناعي في لوسيل,https://www.rukn-eltatawer.com/qa/artificial-grass-grdn-lusail/,2026-09-16T22:00:29,2026-09-22T05:14:46
17318,publish,city-template,automatic-irrigation-lusail,شركة تركيب شبكات ري أوتوماتيكية في لوسيل,https://www.rukn-eltatawer.com/qa/automatic-irrigation-lusail/,2026-09-16T22:00:28,2026-09-22T05:14:48
17317,publish,city-template,modern-irrigation-lusail,شركة تركيب شبكات ري حديثة في لوسيل,https://www.rukn-eltatawer.com/qa/modern-irrigation-lusail/,2026-09-16T22:00:27,2026-09-22T05:14:50
17316,publish,city-template,garden-cleaning-lusail,شركة تنظيف وتزيين الحدائق في لوسيل,https://www.rukn-eltatawer.com/qa/garden-cleaning-lusail/,2026-09-16T22:00:27,2026-09-22T05:14:52
17315,publish,city-template,palm-tree-planting-lusail,شركة زرع نخيل وأشجار في لوسيل,https://www.rukn-eltatawer.com/qa/palm-tree-planting-lusail/,2026-09-16T22:00:26,2026-09-22T05:14:53
17314,publish,city-template,natural-grass-cutting-lusail,شركة قص عشب طبيعي في لوسيل,https://www.rukn-eltatawer.com/qa/natural-grass-cutting-lusail/,2026-09-16T22:00:26,2026-09-22T05:14:55
17313,publish,city-template,roof-garden-design-lusail,شركة تصميم حدائق أسطح في لوسيل,https://www.rukn-eltatawer.com/qa/roof-garden-design-lusail/,2026-09-16T22:00:25,2026-09-22T05:14:57
17312,publish,city-template,indoor-garden-design-lusail,شركة تصميم حدائق داخلية في لوسيل,https://www.rukn-eltatawer.com/qa/indoor-garden-design-lusail/,2026-09-16T22:00:24,2026-09-22T05:14:59
17311,publish,city-template,landscaping-lusail,شركة تنسيق حدائق في لوسيل,https://www.rukn-eltatawer.com/qa/landscaping-lusail/,2026-09-16T22:00:24,2026-09-22T05:15:00
17310,publish,city-template,decor-design-lusail,شركة تصميم وتنفيذ ديكورات في لوسيل,https://www.rukn-eltatawer.com/qa/decor-design-lusail/,2026-09-16T22:00:23,2026-09-22T05:15:03
17309,publish,city-template,exterior-painting-lusail,شركة دهانات خارجية في لوسيل,https://www.rukn-eltatawer.com/qa/exterior-painting-lusail/,2026-09-16T22:00:23,2026-09-22T05:15:05
17308,publish,city-template,interior-painting-lusail,شركة دهانات داخلية في لوسيل,https://www.rukn-eltatawer.com/qa/interior-painting-lusail/,2026-09-16T22:00:22,2026-09-22T05:15:07
17307,publish,city-template,block-fences-lusail,شركة بناء أسوار طابوق في لوسيل,https://www.rukn-eltatawer.com/qa/block-fences-lusail/,2026-09-16T22:00:22,2026-09-22T05:15:08
17306,publish,city-template,outdoor-majlis-lusail,شركة بناء مجالس خارجية في لوسيل,https://www.rukn-eltatawer.com/qa/outdoor-majlis-lusail/,2026-09-16T22:00:21,2026-09-22T05:15:10
17305,publish,city-template,outdoor-kitchens-lusail,شركة بناء مطابخ خارجية في لوسيل,https://www.rukn-eltatawer.com/qa/outdoor-kitchens-lusail/,2026-09-16T22:00:19,2026-09-22T05:15:12
17304,publish,city-template,outdoor-bathrooms-lusail,شركة بناء حمامات خارجية في لوسيل,https://www.rukn-eltatawer.com/qa/outdoor-bathrooms-lusail/,2026-09-16T22:00:19,2026-09-22T05:15:13
17303,publish,city-template,majlis-building-lusail,شركة بناء استراحات في لوسيل,https://www.rukn-eltatawer.com/qa/majlis-building-lusail/,2026-09-16T22:00:18,2026-09-22T05:15:15
17302,publish,city-template,annex-building-lusail,شركة بناء ملاحق في لوسيل,https://www.rukn-eltatawer.com/qa/annex-building-lusail/,2026-09-16T22:00:17,2026-09-22T05:15:17
17301,publish,city-template,grass-wall-lusail,شركة تركيب عشب جداري في لوسيل,https://www.rukn-eltatawer.com/qa/grass-wall-lusail/,2026-09-16T22:00:17,2026-09-22T05:15:19
17300,publish,city-template,artificial-grass-lusail,شركة تركيب عشب صناعي في لوسيل,https://www.rukn-eltatawer.com/qa/artificial-grass-lusail/,2026-09-16T22:00:16,2026-09-22T05:15:21
17299,publish,city-template,shades-sails-lusail,شركة تركيب مظلات وسواتر في لوسيل,https://www.rukn-eltatawer.com/qa/shades-sails-lusail/,2026-09-16T22:00:16,2026-09-22T05:15:23
17298,publish,city-template,windows-installation-lusail,شركة تركيب شبابيك في لوسيل,https://www.rukn-eltatawer.com/qa/windows-installation-lusail/,2026-09-16T22:00:15,2026-09-22T05:15:24
17297,publish,city-template,doors-installation-lusail,شركة تركيب أبواب في لوسيل,https://www.rukn-eltatawer.com/qa/doors-installation-lusail/,2026-09-16T22:00:15,2026-09-22T05:15:26
17296,publish,city-template,kitchen-installation-lusail,شركة تركيب مطابخ في لوسيل,https://www.rukn-eltatawer.com/qa/kitchen-installation-lusail/,2026-09-16T22:00:14,2026-09-22T05:15:28
17295,publish,city-template,glass-alumetal-lusail,شركة تركيب زجاج وألوميتال في لوسيل,https://www.rukn-eltatawer.com/qa/glass-alumetal-lusail/,2026-09-16T22:00:13,2026-09-22T05:15:30
17294,publish,city-template,glass-aluminium-partitions-lusail,شركة تركيب فواصل زجاجية وألومنيوم في لوسيل,https://www.rukn-eltatawer.com/qa/glass-aluminium-partitions-lusail/,2026-09-16T22:00:13,2026-09-22T05:15:32
17293,publish,city-template,suspended-ceiling-lusail,شركة تركيب أسقف مستعارة في لوسيل,https://www.rukn-eltatawer.com/qa/suspended-ceiling-lusail/,2026-09-16T22:00:12,2026-09-22T05:15:34
17292,publish,city-template,floor-carpeting-lusail,شركة تركيب سجاد أرضيات في لوسيل,https://www.rukn-eltatawer.com/qa/floor-carpeting-lusail/,2026-09-16T22:00:11,2026-09-22T05:15:35
17291,publish,city-template,wallpaper-lusail,شركة تركيب ورق جدران في لوسيل,https://www.rukn-eltatawer.com/qa/wallpaper-lusail/,2026-09-16T22:00:11,2026-09-22T05:15:37
17290,publish,city-template,false-ceiling-lusail,شركة تركيب أسقف جبسية / فورسيلنج في لوسيل,https://www.rukn-eltatawer.com/qa/false-ceiling-lusail/,2026-09-16T22:00:10,2026-09-22T05:15:39
17289,publish,city-template,gypsum-board-lusail,شركة تركيب جبس بورد في لوسيل,https://www.rukn-eltatawer.com/qa/gypsum-board-lusail/,2026-09-16T22:00:09,2026-09-22T05:15:41
17288,publish,city-template,wall-foam-lusail,شركة تركيب فوم للجدران في لوسيل,https://www.rukn-eltatawer.com/qa/wall-foam-lusail/,2026-09-16T22:00:09,2026-09-22T05:15:43
17287,publish,city-template,marble-granite-lusail,شركة تركيب رخام وجرانيت في لوسيل,https://www.rukn-eltatawer.com/qa/marble-granite-lusail/,2026-09-16T22:00:08,2026-09-22T05:15:44
17286,publish,city-template,stone-lusail,شركة تركيب حجر طبيعي وصناعي في لوسيل,https://www.rukn-eltatawer.com/qa/stone-lusail/,2026-09-16T22:00:07,2026-09-22T05:15:46
17285,publish,city-template,vinyl-flooring-lusail,شركة تركيب أرضيات فينيل في لوسيل,https://www.rukn-eltatawer.com/qa/vinyl-flooring-lusail/,2026-09-16T22:00:07,2026-09-22T05:15:48
17284,publish,city-template,parquet-lusail,شركة تركيب باركيه وأرضيات خشب في لوسيل,https://www.rukn-eltatawer.com/qa/parquet-lusail/,2026-09-16T22:00:06,2026-09-22T05:15:50
17283,publish,city-template,ceramic-porcelain-lusail,شركة تركيب سيراميك وبورسلين في لوسيل,https://www.rukn-eltatawer.com/qa/ceramic-porcelain-lusail/,2026-09-16T22:00:05,2026-09-22T05:15:52
17282,publish,city-template,plastering-lusail,شركة تركيب بلاستر في لوسيل,https://www.rukn-eltatawer.com/qa/plastering-lusail/,2026-09-16T22:00:05,2026-09-22T05:15:54
17281,publish,city-template,brickwork-lusail,شركة تركيب طابوق في لوسيل,https://www.rukn-eltatawer.com/qa/brickwork-lusail/,2026-09-16T22:00:04,2026-09-22T05:15:55
17280,publish,city-template,kerbstone-lusail,شركة تركيب كربستون في لوسيل,https://www.rukn-eltatawer.com/qa/kerbstone-lusail/,2026-09-16T22:00:02,2026-09-22T05:15:57
17279,publish,city-template,interlock-lusail,شركة تركيب انترلوك في لوسيل,https://www.rukn-eltatawer.com/qa/interlock-lusail/,2026-09-16T22:00:01,2026-09-22T05:15:59
17278,publish,city-template,drain-unclogging-lusail,شركة تسليك مجاري في لوسيل,https://www.rukn-eltatawer.com/qa/drain-unclogging-lusail/,2026-09-16T22:00:01,2026-09-22T05:16:00
17277,publish,city-template,septic-tank-emptying-lusail,شركة شفط بيارات في لوسيل,https://www.rukn-eltatawer.com/qa/septic-tank-emptying-lusail/,2026-09-16T22:00:00,2026-09-22T05:16:02
17276,publish,city-template,crack-repair-lusail,شركة إصلاح تشققات الأسقف والجدران في لوسيل,https://www.rukn-eltatawer.com/qa/crack-repair-lusail/,2026-09-16T22:00:00,2026-09-22T05:16:04
17275,publish,city-template,villa-inspection-lusail,شركة فحص فلل ومباني قبل الشراء في لوسيل,https://www.rukn-eltatawer.com/qa/villa-inspection-lusail/,2026-09-16T21:59:59,2026-09-22T05:16:06
17274,publish,city-template,old-house-renovation-lusail,شركة ترميم منازل قديمة في لوسيل,https://www.rukn-eltatawer.com/qa/old-house-renovation-lusail/,2026-09-16T21:59:59,2026-09-22T05:16:08
17273,publish,city-template,building-renovation-lusail,شركة ترميم وصيانة مباني في لوسيل,https://www.rukn-eltatawer.com/qa/building-renovation-lusail/,2026-09-16T21:59:58,2026-09-22T05:16:09
17272,publish,city-template,kitchen-renovation-lusail,شركة ترميم مطابخ في لوسيل,https://www.rukn-eltatawer.com/qa/kitchen-renovation-lusail/,2026-09-16T21:59:57,2026-09-22T05:16:11
17271,publish,city-template,bathroom-renovation-lusail,شركة ترميم حمامات في لوسيل,https://www.rukn-eltatawer.com/qa/bathroom-renovation-lusail/,2026-09-16T21:59:56,2026-09-22T05:16:13
17270,publish,city-template,tank-lining-maintenance-lusail,شركة تبطين وصيانة خزانات مياه في لوسيل,https://www.rukn-eltatawer.com/qa/tank-lining-maintenance-lusail/,2026-09-16T21:59:56,2026-09-22T05:16:15
17269,publish,city-template,humidity-treatment-lusail,شركة معالجة الرطوبة والعفن في لوسيل,https://www.rukn-eltatawer.com/qa/humidity-treatment-lusail/,2026-09-16T21:59:55,2026-09-22T05:16:17
17268,publish,city-template,soundproofing-lusail,شركة عزل صوتي في لوسيل,https://www.rukn-eltatawer.com/qa/soundproofing-lusail/,2026-09-16T21:59:55,2026-09-22T05:16:19
17267,publish,city-template,waterproofing-lusail,شركة عزل مائي في لوسيل,https://www.rukn-eltatawer.com/qa/waterproofing-lusail/,2026-09-16T21:59:54,2026-09-22T05:16:20
17266,publish,city-template,thermal-insulation-lusail,شركة عزل حراري في لوسيل,https://www.rukn-eltatawer.com/qa/thermal-insulation-lusail/,2026-09-16T21:59:53,2026-09-22T05:16:22
17265,publish,city-template,kitchen-insulation-lusail,شركة عزل مطابخ في لوسيل,https://www.rukn-eltatawer.com/qa/kitchen-insulation-lusail/,2026-09-16T21:59:53,2026-09-22T05:16:24
17264,publish,city-template,bathroom-insulation-lusail,شركة عزل حمامات في لوسيل,https://www.rukn-eltatawer.com/qa/bathroom-insulation-lusail/,2026-09-16T21:59:52,2026-09-22T05:16:26
17263,publish,city-template,tank-insulation-lusail,شركة عزل خزانات في لوسيل,https://www.rukn-eltatawer.com/qa/tank-insulation-lusail/,2026-09-16T21:59:52,2026-09-22T05:16:28
17262,publish,city-template,ac-leak-detection-lusail,شركة كشف تسربات التكييف في لوسيل,https://www.rukn-eltatawer.com/qa/ac-leak-detection-lusail/,2026-09-16T21:59:51,2026-09-22T05:16:29
17261,publish,city-template,gas-leak-detection-lusail,شركة كشف تسربات الغاز في لوسيل,https://www.rukn-eltatawer.com/qa/gas-leak-detection-lusail/,2026-09-16T21:59:51,2026-09-22T05:16:31
17260,publish,leak-city-clone,water-leak-detection-lusail,شركة كشف تسربات المياه في لوسيل,https://www.rukn-eltatawer.com/qa/water-leak-detection-lusail/,2026-09-16T21:59:50,2026-09-22T05:16:33
17259,publish,city-template,air-purification-lusail,شركة تركيب وصيانة أنظمة تنقية الهواء في لوسيل,https://www.rukn-eltatawer.com/qa/air-purification-lusail/,2026-09-16T21:59:50,2026-09-22T05:16:35
17258,publish,city-template,tank-water-chiller-lusail,شركة تركيب وصيانة أجهزة تبريد مياه الخزانات في لوسيل,https://www.rukn-eltatawer.com/qa/tank-water-chiller-lusail/,2026-09-16T21:59:49,2026-09-22T05:16:37
17257,publish,city-template,water-filters-lusail,شركة تركيب وصيانة فلاتر مياه في لوسيل,https://www.rukn-eltatawer.com/qa/water-filters-lusail/,2026-09-16T21:59:48,2026-09-22T05:16:39
17256,publish,city-template,ro-plants-lusail,شركة تركيب وصيانة محطات تحلية المياه في لوسيل,https://www.rukn-eltatawer.com/qa/ro-plants-lusail/,2026-09-16T21:59:48,2026-09-22T05:16:40
17255,publish,city-template,water-pumps-lusail,شركة تركيب وصيانة مضخات مياه وصرف صحي في لوسيل,https://www.rukn-eltatawer.com/qa/water-pumps-lusail/,2026-09-16T21:59:46,2026-09-22T05:16:42
17254,publish,city-template,kitchen-hoods-lusail,شركة تركيب وصيانة شفاطات مطابخ في لوسيل,https://www.rukn-eltatawer.com/qa/kitchen-hoods-lusail/,2026-09-16T21:59:45,2026-09-22T05:16:45
17253,publish,city-template,vacuum-maintenance-lusail,شركة صيانة مكانس كهربائية في لوسيل,https://www.rukn-eltatawer.com/qa/vacuum-maintenance-lusail/,2026-09-16T21:59:45,2026-09-22T05:16:47
17252,publish,city-template,water-cooler-maintenance-lusail,شركة صيانة مبردات مياه في لوسيل,https://www.rukn-eltatawer.com/qa/water-cooler-maintenance-lusail/,2026-09-16T21:59:44,2026-09-22T05:16:49
17251,publish,city-template,water-heater-maintenance-lusail,شركة صيانة سخانات في لوسيل,https://www.rukn-eltatawer.com/qa/water-heater-maintenance-lusail/,2026-09-16T21:59:44,2026-09-22T05:16:52
17250,publish,city-template,microwave-maintenance-lusail,شركة صيانة ميكروويف في لوسيل,https://www.rukn-eltatawer.com/qa/microwave-maintenance-lusail/,2026-09-16T21:59:43,2026-09-22T05:16:54
17249,publish,city-template,dryer-maintenance-lusail,شركة صيانة نشافات في لوسيل,https://www.rukn-eltatawer.com/qa/dryer-maintenance-lusail/,2026-09-16T21:59:43,2026-09-22T05:16:56
17248,publish,city-template,washer-maintenance-lusail,شركة صيانة غسالات في لوسيل,https://www.rukn-eltatawer.com/qa/washer-maintenance-lusail/,2026-09-16T21:59:42,2026-09-22T05:16:59
17247,publish,city-template,fridge-maintenance-lusail,شركة صيانة ثلاجات في لوسيل,https://www.rukn-eltatawer.com/qa/fridge-maintenance-lusail/,2026-09-16T21:59:41,2026-09-22T05:17:01
17246,publish,city-template,appliance-maintenance-lusail,شركة صيانة الأجهزة الكهربائية في لوسيل,https://www.rukn-eltatawer.com/qa/appliance-maintenance-lusail/,2026-09-16T21:59:41,2026-09-22T05:17:04
17245,publish,city-template,stove-maintenance-lusail,شركة صيانة بوتاجازات في لوسيل,https://www.rukn-eltatawer.com/qa/stove-maintenance-lusail/,2026-09-16T21:59:40,2026-09-22T05:17:06
17244,publish,city-template,oven-maintenance-lusail,شركة صيانة أفران في لوسيل,https://www.rukn-eltatawer.com/qa/oven-maintenance-lusail/,2026-09-16T21:59:39,2026-09-22T05:17:08
17243,publish,city-template,automatic-doors-maintenance-lusail,شركة صيانة أبواب أوتوماتيكية في لوسيل,https://www.rukn-eltatawer.com/qa/automatic-doors-maintenance-lusail/,2026-09-16T21:59:38,2026-09-22T05:17:11
17242,publish,city-template,cctv-maintenance-lusail,شركة صيانة كاميرات مراقبة في لوسيل,https://www.rukn-eltatawer.com/qa/cctv-maintenance-lusail/,2026-09-16T21:59:38,2026-09-22T05:17:13
17241,publish,city-template,elevator-maintenance-lusail,شركة صيانة مصاعد في لوسيل,https://www.rukn-eltatawer.com/qa/elevator-maintenance-lusail/,2026-09-16T21:59:37,2026-09-22T05:17:16
17240,publish,city-template,pool-maintenance-lusail,شركة صيانة مسابح في لوسيل,https://www.rukn-eltatawer.com/qa/pool-maintenance-lusail/,2026-09-16T21:59:36,2026-09-22T05:17:18
17239,publish,city-template,split-ac-maintenance-lusail,شركة صيانة مكيفات سبليت في لوسيل,https://www.rukn-eltatawer.com/qa/split-ac-maintenance-lusail/,2026-09-16T21:59:36,2026-09-22T05:17:20
17238,publish,city-template,central-ac-maintenance-lusail,شركة صيانة تكييف مركزي في لوسيل,https://www.rukn-eltatawer.com/qa/central-ac-maintenance-lusail/,2026-09-16T21:59:35,2026-09-22T05:17:23
17237,publish,city-template,plumbing-maintenance-lusail,شركة صيانة سباكة في لوسيل,https://www.rukn-eltatawer.com/qa/plumbing-maintenance-lusail/,2026-09-16T21:59:34,2026-09-22T05:17:26
17236,publish,city-template,electrical-maintenance-lusail,شركة صيانة كهرباء في لوسيل,https://www.rukn-eltatawer.com/qa/electrical-maintenance-lusail/,2026-09-16T21:59:34,2026-09-22T05:17:28
17235,publish,city-template,building-maintenance-lusail,شركة صيانة مباني في لوسيل,https://www.rukn-eltatawer.com/qa/building-maintenance-lusail/,2026-09-16T21:59:33,2026-09-22T05:17:31
17234,publish,city-template,general-maintenance-lusail,شركة صيانة عامة في لوسيل,https://www.rukn-eltatawer.com/qa/general-maintenance-lusail/,2026-09-16T21:59:33,2026-09-22T05:17:33
17233,publish,city-template,chimney-cleaning-lusail,شركة تنظيف المداخن والشفاطات في لوسيل,https://www.rukn-eltatawer.com/qa/chimney-cleaning-lusail/,2026-09-16T21:59:32,2026-09-22T05:17:36
17232,publish,city-template,duct-cleaning-lusail,شركة تنظيف وصيانة دكتات المكيفات في لوسيل,https://www.rukn-eltatawer.com/qa/duct-cleaning-lusail/,2026-09-16T21:59:31,2026-09-22T05:17:38
17231,publish,city-template,deep-cleaning-lusail,شركة تنظيف وتعقيم شامل في لوسيل,https://www.rukn-eltatawer.com/qa/deep-cleaning-lusail/,2026-09-16T21:59:31,2026-09-22T05:17:40
17230,publish,city-template,garage-cleaning-lusail,شركة تنظيف كراجات ومواقف سيارات في لوسيل,https://www.rukn-eltatawer.com/qa/garage-cleaning-lusail/,2026-09-16T21:59:29,2026-09-22T05:17:43
17229,publish,city-template,stone-facade-cleaning-lusail,شركة تنظيف واجهات حجرية في لوسيل,https://www.rukn-eltatawer.com/qa/stone-facade-cleaning-lusail/,2026-09-16T21:59:28,2026-09-22T05:17:47
17228,publish,city-template,glass-facade-cleaning-lusail,شركة تنظيف واجهات زجاجية في لوسيل,https://www.rukn-eltatawer.com/qa/glass-facade-cleaning-lusail/,2026-09-16T21:59:28,2026-09-22T05:17:50
17227,publish,city-template,marble-polishing-lusail,شركة تنظيف أرضيات رخام وجلي رخام في لوسيل,https://www.rukn-eltatawer.com/qa/marble-polishing-lusail/,2026-09-16T21:59:27,2026-09-22T05:17:54
17226,publish,city-template,mattress-cleaning-lusail,شركة تنظيف مراتب في لوسيل,https://www.rukn-eltatawer.com/qa/mattress-cleaning-lusail/,2026-09-16T21:59:26,2026-09-22T05:17:57
17225,publish,city-template,curtain-cleaning-lusail,شركة تنظيف ستائر في لوسيل,https://www.rukn-eltatawer.com/qa/curtain-cleaning-lusail/,2026-09-16T21:59:26,2026-09-22T05:18:00
17224,publish,city-template,sofa-cleaning-lusail,شركة تنظيف كنب في لوسيل,https://www.rukn-eltatawer.com/qa/sofa-cleaning-lusail/,2026-09-16T21:59:25,2026-09-22T05:18:04
17223,publish,city-template,moquette-cleaning-lusail,شركة تنظيف موكيت في لوسيل,https://www.rukn-eltatawer.com/qa/moquette-cleaning-lusail/,2026-09-16T21:59:25,2026-09-22T05:18:07
17222,publish,city-template,carpet-cleaning-lusail,شركة تنظيف سجاد في لوسيل,https://www.rukn-eltatawer.com/qa/carpet-cleaning-lusail/,2026-09-16T21:59:24,2026-09-22T05:18:10
17221,publish,city-template,diesel-tank-cleaning-lusail,شركة تنظيف خزانات ديزل في لوسيل,https://www.rukn-eltatawer.com/qa/diesel-tank-cleaning-lusail/,2026-09-16T21:59:23,2026-09-22T05:18:14
17220,publish,city-template,water-tank-cleaning-lusail,شركة تنظيف خزانات مياه في لوسيل,https://www.rukn-eltatawer.com/qa/water-tank-cleaning-lusail/,2026-09-16T21:59:23,2026-09-22T05:18:17
17219,publish,city-template,bathroom-cleaning-lusail,شركة تنظيف حمامات في لوسيل,https://www.rukn-eltatawer.com/qa/bathroom-cleaning-lusail/,2026-09-16T21:59:22,2026-09-22T05:18:20
17218,publish,city-template,kitchen-cleaning-lusail,شركة تنظيف مطابخ في لوسيل,https://www.rukn-eltatawer.com/qa/kitchen-cleaning-lusail/,2026-09-16T21:59:22,2026-09-22T05:18:23
17217,publish,city-template,pool-cleaning-lusail,شركة تنظيف مسابح في لوسيل,https://www.rukn-eltatawer.com/qa/pool-cleaning-lusail/,2026-09-16T21:59:21,2026-09-22T05:18:27
17216,publish,city-template,mall-cleaning-lusail,شركة تنظيف محلات تجارية ومولات في لوسيل,https://www.rukn-eltatawer.com/qa/mall-cleaning-lusail/,2026-09-16T21:59:20,2026-09-22T05:18:30
17215,publish,city-template,majlis-cleaning-lusail,شركة تنظيف مجالس في لوسيل,https://www.rukn-eltatawer.com/qa/majlis-cleaning-lusail/,2026-09-16T21:59:19,2026-09-22T05:18:34
17214,publish,city-template,office-cleaning-lusail,شركة تنظيف مكاتب في لوسيل,https://www.rukn-eltatawer.com/qa/office-cleaning-lusail/,2026-09-16T21:59:19,2026-09-22T05:18:37
17213,publish,city-template,palace-cleaning-lusail,شركة تنظيف قصور في لوسيل,https://www.rukn-eltatawer.com/qa/palace-cleaning-lusail/,2026-09-16T21:59:18,2026-09-22T05:18:40
17212,publish,city-template,villa-cleaning-lusail,شركة تنظيف فلل في لوسيل,https://www.rukn-eltatawer.com/qa/villa-cleaning-lusail/,2026-09-16T21:59:18,2026-09-22T05:18:44
17211,publish,city-template,apartment-cleaning-lusail,شركة تنظيف شقق في لوسيل,https://www.rukn-eltatawer.com/qa/apartment-cleaning-lusail/,2026-09-16T21:59:17,2026-09-22T05:18:49
17210,publish,city-template,home-cleaning-lusail,شركة تنظيف منازل في لوسيل,https://www.rukn-eltatawer.com/qa/home-cleaning-lusail/,2026-09-16T21:59:17,2026-09-22T05:18:53
17209,publish,city-template,sewerage-company-in-lusail,شركة تسليك مجاري في لوسيل,https://www.rukn-eltatawer.com/qa/sewerage-company-in-lusail/,2026-09-16T21:59:16,2026-09-22T05:18:57
17208,publish,city-template,roof-insulation-lusail,شركة عزل أسطح في لوسيل,https://www.rukn-eltatawer.com/qa/roof-insulation-lusail/,2026-09-16T21:59:15,2026-09-22T05:19:01
12234,publish,city-template,flying-pest-control-al-shamal,شركة مكافحة الحشرات الطائرة في الشمال,https://www.rukn-eltatawer.com/qa/flying-pest-control-al-shamal/,2026-09-16T21:03:43,2026-09-22T05:19:05
12228,publish,city-template,crawling-pest-control-al-shahaniya,شركة مكافحة الحشرات الزاحفة في الشحانية,https://www.rukn-eltatawer.com/qa/crawling-pest-control-al-shahaniya/,2026-09-16T21:03:43,2026-09-22T05:19:09
12226,publish,city-template,crawling-pest-control-al-shamal,شركة مكافحة الحشرات الزاحفة في الشمال,https://www.rukn-eltatawer.com/qa/crawling-pest-control-al-shamal/,2026-09-16T21:03:43,2026-09-22T05:19:13
11755,publish,city-template,drain-unclogging-al-daayen,شركة تسليك مجاري في الظعاين,https://www.rukn-eltatawer.com/qa/drain-unclogging-al-daayen/,2026-09-16T21:03:43,2026-09-22T05:19:17
11745,publish,city-template,septic-tank-emptying-umm-salal,شركة شفط بيارات في أم صلال,https://www.rukn-eltatawer.com/qa/septic-tank-emptying-umm-salal/,2026-09-16T21:03:43,2026-09-22T05:19:22
11744,publish,city-template,septic-tank-emptying-al-khor,شركة شفط بيارات في الخور,https://www.rukn-eltatawer.com/qa/septic-tank-emptying-al-khor/,2026-09-16T21:03:43,2026-09-22T05:19:26
11713,publish,city-template,building-renovation-umm-salal,شركة ترميم وصيانة مباني في أم صلال,https://www.rukn-eltatawer.com/qa/building-renovation-umm-salal/,2026-09-16T21:03:43,2026-09-22T05:19:31
11712,publish,city-template,building-renovation-al-khor,شركة ترميم وصيانة مباني في الخور,https://www.rukn-eltatawer.com/qa/building-renovation-al-khor/,2026-09-16T21:03:43,2026-09-22T05:19:36
11689,publish,city-template,tank-lining-maintenance-umm-salal,شركة تبطين وصيانة خزانات مياه في أم صلال,https://www.rukn-eltatawer.com/qa/tank-lining-maintenance-umm-salal/,2026-09-16T21:03:43,2026-09-22T05:19:39
11688,publish,city-template,tank-lining-maintenance-al-khor,شركة تبطين وصيانة خزانات مياه في الخور,https://www.rukn-eltatawer.com/qa/tank-lining-maintenance-al-khor/,2026-09-16T21:03:43,2026-09-22T05:19:44
12837,publish,city-template,ac-periodic-maintenance-contracts-doha,شركة عقود صيانة تكييف دورية في الدوحة,https://www.rukn-eltatawer.com/qa/ac-periodic-maintenance-contracts-doha/,2026-09-16T21:03:42,2026-09-22T05:19:48
12813,publish,city-template,new-central-ac-installation-doha,شركة تركيب تكييف مركزي جديد في الدوحة,https://www.rukn-eltatawer.com/qa/new-central-ac-installation-doha/,2026-09-16T21:03:42,2026-09-22T05:19:53
12805,publish,city-template,ac-duct-maintenance-doha,شركة صيانة دكتات التكييف في الدوحة,https://www.rukn-eltatawer.com/qa/ac-duct-maintenance-doha/,2026-09-16T21:03:42,2026-09-22T05:19:56
12797,publish,city-template,ac-relocation-installation-doha,شركة نقل وتركيب مكيفات في الدوحة,https://www.rukn-eltatawer.com/qa/ac-relocation-installation-doha/,2026-09-16T21:03:42,2026-09-22T05:20:00
12789,publish,city-template,ac-cleaning-washing-doha,شركة غسيل وتنظيف مكيفات في الدوحة,https://www.rukn-eltatawer.com/qa/ac-cleaning-washing-doha/,2026-09-16T21:03:42,2026-09-22T05:20:10
12781,publish,city-template,ac-freon-refill-doha,شركة تعبئة فريون مكيفات في الدوحة,https://www.rukn-eltatawer.com/qa/ac-freon-refill-doha/,2026-09-16T21:03:42,2026-09-22T05:20:18
12581,publish,city-template,roof-insulation-painting-doha,شركة عزل ودهان أسطح في الدوحة,https://www.rukn-eltatawer.com/qa/roof-insulation-painting-doha/,2026-09-16T21:03:42,2026-09-22T05:20:26
12383,publish,city-template,home-electrician-al-wakrah,كهربائي منازل في الوكرة,https://www.rukn-eltatawer.com/qa/home-electrician-al-wakrah/,2026-09-16T21:03:42,2026-09-22T05:20:31
12367,publish,city-template,ozone-disinfection-al-wakrah,شركة التعقيم بالأوزون في الوكرة,https://www.rukn-eltatawer.com/qa/ozone-disinfection-al-wakrah/,2026-09-16T21:03:42,2026-09-22T05:20:38
12359,publish,city-template,chlorine-disinfection-al-wakrah,شركة التعقيم بالكلور في الوكرة,https://www.rukn-eltatawer.com/qa/chlorine-disinfection-al-wakrah/,2026-09-16T21:03:42,2026-09-22T05:20:44
12351,publish,city-template,steam-disinfection-al-wakrah,شركة التعقيم بالبخار في الوكرة,https://www.rukn-eltatawer.com/qa/steam-disinfection-al-wakrah/,2026-09-16T21:03:42,2026-09-22T05:20:48
12343,publish,city-template,bird-sound-device-al-wakrah,شركة تركيب أجهزة صوتية لطرد الطيور في الوكرة,https://www.rukn-eltatawer.com/qa/bird-sound-device-al-wakrah/,2026-09-16T21:03:42,2026-09-22T05:20:57
12335,publish,city-template,pigeon-spikes-installation-al-wakrah,شركة تركيب مسامير طاردة للحمام في الوكرة,https://www.rukn-eltatawer.com/qa/pigeon-spikes-installation-al-wakrah/,2026-09-16T21:03:42,2026-09-22T05:21:01
12327,publish,city-template,pigeon-net-installation-al-wakrah,شركة تركيب شبك طارد للحمام في الوكرة,https://www.rukn-eltatawer.com/qa/pigeon-net-installation-al-wakrah/,2026-09-16T21:03:42,2026-09-22T05:21:06
12319,publish,city-template,mosquito-fly-control-al-wakrah,شركة مكافحة البعوض والذباب في الوكرة,https://www.rukn-eltatawer.com/qa/mosquito-fly-control-al-wakrah/,2026-09-16T21:03:42,2026-09-22T05:21:11
11669,publish,city-template,soundproofing-doha,شركة عزل صوتي في الدوحة,https://www.rukn-eltatawer.com/qa/soundproofing-doha/,2026-09-16T21:03:42,2026-09-22T05:21:14
11661,publish,city-template,waterproofing-doha,شركة عزل مائي في الدوحة,https://www.rukn-eltatawer.com/qa/waterproofing-doha/,2026-09-16T21:03:42,2026-09-22T05:21:18
11653,publish,city-template,thermal-insulation-doha,شركة عزل حراري في الدوحة,https://www.rukn-eltatawer.com/qa/thermal-insulation-doha/,2026-09-16T21:03:42,2026-09-22T05:21:22
11179,publish,city-template,kitchen-insulation-doha,شركة عزل مطابخ في الدوحة,https://www.rukn-eltatawer.com/qa/kitchen-insulation-doha/,2026-09-16T21:03:42,2026-09-22T05:21:26
11171,publish,city-template,bathroom-insulation-doha,شركة عزل حمامات في الدوحة,https://www.rukn-eltatawer.com/qa/bathroom-insulation-doha/,2026-09-16T21:03:42,2026-09-22T05:21:29
11163,publish,city-template,tank-insulation-doha,شركة عزل خزانات في الدوحة,https://www.rukn-eltatawer.com/qa/tank-insulation-doha/,2026-09-16T21:03:42,2026-09-22T05:21:33
11128,publish,city-template,air-purification-umm-salal,شركة تركيب وصيانة أنظمة تنقية الهواء في أم صلال,https://www.rukn-eltatawer.com/qa/air-purification-umm-salal/,2026-09-16T21:03:42,2026-09-22T05:21:37
11127,publish,city-template,air-purification-al-khor,شركة تركيب وصيانة أنظمة تنقية الهواء في الخور,https://www.rukn-eltatawer.com/qa/air-purification-al-khor/,2026-09-16T21:03:42,2026-09-22T05:21:51
10964,publish,city-template,split-ac-maintenance-doha,شركة صيانة مكيفات سبليت في الدوحة,https://www.rukn-eltatawer.com/qa/split-ac-maintenance-doha/,2026-09-16T21:03:42,2026-09-22T05:21:55
10956,publish,city-template,central-ac-maintenance-doha,شركة صيانة تكييف مركزي في الدوحة,https://www.rukn-eltatawer.com/qa/central-ac-maintenance-doha/,2026-09-16T21:03:42,2026-09-22T05:21:59
10948,publish,city-template,plumbing-maintenance-doha,شركة صيانة سباكة في الدوحة,https://www.rukn-eltatawer.com/qa/plumbing-maintenance-doha/,2026-09-16T21:03:42,2026-09-22T05:22:04
10916,publish,city-template,chimney-cleaning-doha,شركة تنظيف المداخن والشفاطات في الدوحة,https://www.rukn-eltatawer.com/qa/chimney-cleaning-doha/,2026-09-16T21:03:42,2026-09-22T05:22:09
10908,publish,city-template,duct-cleaning-doha,شركة تنظيف وصيانة دكتات المكيفات في الدوحة,https://www.rukn-eltatawer.com/qa/duct-cleaning-doha/,2026-09-16T21:03:42,2026-09-22T05:22:12
10900,publish,city-template,deep-cleaning-doha,شركة تنظيف وتعقيم شامل في الدوحة,https://www.rukn-eltatawer.com/qa/deep-cleaning-doha/,2026-09-16T21:03:42,2026-09-22T05:22:28
10892,publish,city-template,garage-cleaning-doha,شركة تنظيف كراجات ومواقف سيارات في الدوحة,https://www.rukn-eltatawer.com/qa/garage-cleaning-doha/,2026-09-16T21:03:42,2026-09-22T05:22:33
10884,publish,city-template,stone-facade-cleaning-doha,شركة تنظيف واجهات حجرية في الدوحة,https://www.rukn-eltatawer.com/qa/stone-facade-cleaning-doha/,2026-09-16T21:03:42,2026-09-22T05:22:37
10876,publish,city-template,glass-facade-cleaning-doha,شركة تنظيف واجهات زجاجية في الدوحة,https://www.rukn-eltatawer.com/qa/glass-facade-cleaning-doha/,2026-09-16T21:03:42,2026-09-22T05:22:47
10868,publish,city-template,marble-polishing-doha,شركة تنظيف أرضيات رخام وجلي رخام في الدوحة,https://www.rukn-eltatawer.com/qa/marble-polishing-doha/,2026-09-16T21:03:42,2026-09-22T05:22:52
10860,publish,city-template,mattress-cleaning-doha,شركة تنظيف مراتب في الدوحة,https://www.rukn-eltatawer.com/qa/mattress-cleaning-doha/,2026-09-16T21:03:42,2026-09-22T05:22:59
10852,publish,city-template,curtain-cleaning-doha,شركة تنظيف ستائر في الدوحة,https://www.rukn-eltatawer.com/qa/curtain-cleaning-doha/,2026-09-16T21:03:42,2026-09-22T05:23:04
10844,publish,city-template,sofa-cleaning-doha,شركة تنظيف كنب في الدوحة,https://www.rukn-eltatawer.com/qa/sofa-cleaning-doha/,2026-09-16T21:03:42,2026-09-22T05:23:11
12773,publish,city-template,window-ac-installation-doha,شركة تركيب وحدات تكييف نافذة في الدوحة,https://www.rukn-eltatawer.com/qa/window-ac-installation-doha/,2026-09-16T21:03:41,2026-09-22T05:23:18
12765,publish,city-template,split-ac-installation-doha,شركة تركيب مكيفات سبليت في الدوحة,https://www.rukn-eltatawer.com/qa/split-ac-installation-doha/,2026-09-16T21:03:41,2026-09-22T05:23:24
12757,publish,city-template,plumbing-fault-repair-doha,شركة كشف وإصلاح أعطال السباكة في الدوحة,https://www.rukn-eltatawer.com/qa/plumbing-fault-repair-doha/,2026-09-16T21:03:41,2026-09-22T05:23:29
12733,publish,city-template,new-building-electrical-plumbing-doha,شركة تأسيس كهرباء وسباكة لمبنى جديد في الدوحة,https://www.rukn-eltatawer.com/qa/new-building-electrical-plumbing-doha/,2026-09-16T21:03:41,2026-09-22T05:23:35
12709,publish,city-template,drainage-pipe-maintenance-doha,شركة صيانة مواسير صرف صحي في الدوحة,https://www.rukn-eltatawer.com/qa/drainage-pipe-maintenance-doha/,2026-09-16T21:03:41,2026-09-22T05:23:41
12685,publish,city-template,home-plumber-elec-doha,شركة سباك منازل في الدوحة,https://www.rukn-eltatawer.com/qa/home-plumber-elec-doha/,2026-09-16T21:03:41,2026-09-22T05:23:46
12437,publish,city-template,ac-tech-doha,فني تركيب وصيانة تكييف في الدوحة,https://www.rukn-eltatawer.com/qa/ac-tech-doha/,2026-09-16T21:03:41,2026-09-22T05:23:52
12373,publish,city-template,home-plumber-doha,سباك منازل في الدوحة,https://www.rukn-eltatawer.com/qa/home-plumber-doha/,2026-09-16T21:03:41,2026-09-22T05:23:58
12253,publish,city-template,cockroach-control-doha,شركة مكافحة الصراصير في الدوحة,https://www.rukn-eltatawer.com/qa/cockroach-control-doha/,2026-09-16T21:03:41,2026-09-22T05:24:12
12237,publish,city-template,termite-control-doha,شركة مكافحة النمل الأبيض (الرمة) في الدوحة,https://www.rukn-eltatawer.com/qa/termite-control-doha/,2026-09-16T21:03:41,2026-09-22T05:24:18
12229,publish,city-template,flying-pest-control-doha,شركة مكافحة الحشرات الطائرة في الدوحة,https://www.rukn-eltatawer.com/qa/flying-pest-control-doha/,2026-09-16T21:03:41,2026-09-22T05:24:23
12221,publish,city-template,crawling-pest-control-doha,شركة مكافحة الحشرات الزاحفة في الدوحة,https://www.rukn-eltatawer.com/qa/crawling-pest-control-doha/,2026-09-16T21:03:41,2026-09-22T05:24:28
12213,publish,city-template,solar-ac-installation-doha,شركة تركيب أجهزة تكييف طاقة شمسية في الدوحة,https://www.rukn-eltatawer.com/qa/solar-ac-installation-doha/,2026-09-16T21:03:41,2026-09-22T05:24:35
12053,publish,city-template,garden-cleaning-doha,شركة تنظيف وتزيين الحدائق في الدوحة,https://www.rukn-eltatawer.com/qa/garden-cleaning-doha/,2026-09-16T21:03:41,2026-09-22T05:24:41
11749,publish,city-template,drain-unclogging-doha,شركة تسليك مجاري في الدوحة,https://www.rukn-eltatawer.com/qa/drain-unclogging-doha/,2026-09-16T21:03:41,2026-09-22T05:24:46
11068,publish,city-template,water-cooler-maintenance-doha,شركة صيانة مبردات مياه في الدوحة,https://www.rukn-eltatawer.com/qa/water-cooler-maintenance-doha/,2026-09-16T21:03:41,2026-09-22T05:24:53
11060,publish,city-template,water-heater-maintenance-doha,شركة صيانة سخانات في الدوحة,https://www.rukn-eltatawer.com/qa/water-heater-maintenance-doha/,2026-09-16T21:03:41,2026-09-22T05:24:59
11052,publish,city-template,microwave-maintenance-doha,شركة صيانة ميكروويف في الدوحة,https://www.rukn-eltatawer.com/qa/microwave-maintenance-doha/,2026-09-16T21:03:41,2026-09-22T05:27:37
11044,publish,city-template,dryer-maintenance-doha,شركة صيانة نشافات في الدوحة,https://www.rukn-eltatawer.com/qa/dryer-maintenance-doha/,2026-09-16T21:03:41,2026-09-22T05:28:55
11036,publish,city-template,washer-maintenance-doha,شركة صيانة غسالات في الدوحة,https://www.rukn-eltatawer.com/qa/washer-maintenance-doha/,2026-09-16T21:03:41,2026-09-22T05:29:21
11028,publish,city-template,fridge-maintenance-doha,شركة صيانة ثلاجات في الدوحة,https://www.rukn-eltatawer.com/qa/fridge-maintenance-doha/,2026-09-16T21:03:41,2026-09-22T05:29:27
11020,publish,city-template,appliance-maintenance-doha,شركة صيانة الأجهزة الكهربائية في الدوحة,https://www.rukn-eltatawer.com/qa/appliance-maintenance-doha/,2026-09-16T21:03:41,2026-09-22T05:29:31
11012,publish,city-template,stove-maintenance-doha,شركة صيانة بوتاجازات في الدوحة,https://www.rukn-eltatawer.com/qa/stove-maintenance-doha/,2026-09-16T21:03:41,2026-09-22T05:29:34
11004,publish,city-template,oven-maintenance-doha,شركة صيانة أفران في الدوحة,https://www.rukn-eltatawer.com/qa/oven-maintenance-doha/,2026-09-16T21:03:41,2026-09-22T05:29:38
10996,publish,city-template,automatic-doors-maintenance-doha,شركة صيانة أبواب أوتوماتيكية في الدوحة,https://www.rukn-eltatawer.com/qa/automatic-doors-maintenance-doha/,2026-09-16T21:03:41,2026-09-22T05:29:42
10988,publish,city-template,cctv-maintenance-doha,شركة صيانة كاميرات مراقبة في الدوحة,https://www.rukn-eltatawer.com/qa/cctv-maintenance-doha/,2026-09-16T21:03:41,2026-09-22T05:29:48
10980,publish,city-template,elevator-maintenance-doha,شركة صيانة مصاعد في الدوحة,https://www.rukn-eltatawer.com/qa/elevator-maintenance-doha/,2026-09-16T21:03:41,2026-09-22T05:29:53
10972,publish,city-template,pool-maintenance-doha,شركة صيانة مسابح في الدوحة,https://www.rukn-eltatawer.com/qa/pool-maintenance-doha/,2026-09-16T21:03:41,2026-09-22T05:29:57
10932,publish,city-template,building-maintenance-doha,شركة صيانة مباني في الدوحة,https://www.rukn-eltatawer.com/qa/building-maintenance-doha/,2026-09-16T21:03:41,2026-09-22T05:30:52
10924,publish,city-template,general-maintenance-doha,شركة صيانة عامة في الدوحة,https://www.rukn-eltatawer.com/qa/general-maintenance-doha/,2026-09-16T21:03:41,2026-09-22T05:32:09
10836,publish,city-template,moquette-cleaning-doha,شركة تنظيف موكيت في الدوحة,https://www.rukn-eltatawer.com/qa/moquette-cleaning-doha/,2026-09-16T21:03:41,2026-09-22T05:33:13
10828,publish,city-template,carpet-cleaning-doha,شركة تنظيف سجاد في الدوحة,https://www.rukn-eltatawer.com/qa/carpet-cleaning-doha/,2026-09-16T21:03:41,2026-09-22T05:33:58
10820,publish,city-template,diesel-tank-cleaning-doha,شركة تنظيف خزانات ديزل في الدوحة,https://www.rukn-eltatawer.com/qa/diesel-tank-cleaning-doha/,2026-09-16T21:03:41,2026-09-22T05:34:22
10812,publish,city-template,water-tank-cleaning-doha,شركة تنظيف خزانات مياه في الدوحة,https://www.rukn-eltatawer.com/qa/water-tank-cleaning-doha/,2026-09-16T21:03:41,2026-09-22T05:34:31
10804,publish,city-template,bathroom-cleaning-doha,شركة تنظيف حمامات في الدوحة,https://www.rukn-eltatawer.com/qa/bathroom-cleaning-doha/,2026-09-16T21:03:41,2026-09-22T05:34:37
10796,publish,city-template,kitchen-cleaning-doha,شركة تنظيف مطابخ في الدوحة,https://www.rukn-eltatawer.com/qa/kitchen-cleaning-doha/,2026-09-16T21:03:41,2026-09-22T05:34:43
10788,publish,city-template,pool-cleaning-doha,شركة تنظيف مسابح في الدوحة,https://www.rukn-eltatawer.com/qa/pool-cleaning-doha/,2026-09-16T21:03:41,2026-09-22T05:34:48
3086,publish,city-template,roof-insulation-doha,شركة عزل أسطح في الدوحة,https://www.rukn-eltatawer.com/qa/roof-insulation-doha/,2026-09-16T21:03:41,2026-09-22T05:34:53
12829,publish,city-template,commercial-refrigeration-maintenance-doha,شركة صيانة ثلاجات وتبريد تجاري في الدوحة,https://www.rukn-eltatawer.com/qa/commercial-refrigeration-maintenance-doha/,2026-09-16T21:03:40,2026-09-22T05:34:58
12749,publish,city-template,central-heater-installation-maintenance-doha,شركة تركيب وصيانة سخانات مركزية في الدوحة,https://www.rukn-eltatawer.com/qa/central-heater-installation-maintenance-doha/,2026-09-16T21:03:40,2026-09-22T05:35:03
12741,publish,city-template,water-pump-maintenance-doha,شركة صيانة مضخات مياه في الدوحة,https://www.rukn-eltatawer.com/qa/water-pump-maintenance-doha/,2026-09-16T21:03:40,2026-09-22T05:35:08
12653,publish,city-template,electric-panel-maintenance-doha,شركة صيانة لوحات كهرباء في الدوحة,https://www.rukn-eltatawer.com/qa/electric-panel-maintenance-doha/,2026-09-16T21:03:40,2026-09-22T05:35:12
12637,publish,city-template,post-leak-repaint-maintenance-doha,شركة صيانة ودهان بعد التسريبات في الدوحة,https://www.rukn-eltatawer.com/qa/post-leak-repaint-maintenance-doha/,2026-09-16T21:03:40,2026-09-22T05:35:17
12254,publish,city-template,cockroach-control-al-rayyan,شركة مكافحة الصراصير في الريان,https://www.rukn-eltatawer.com/qa/cockroach-control-al-rayyan/,2026-09-16T21:03:40,2026-09-22T05:35:22
12238,publish,city-template,termite-control-al-rayyan,شركة مكافحة النمل الأبيض (الرمة) في الريان,https://www.rukn-eltatawer.com/qa/termite-control-al-rayyan/,2026-09-16T21:03:40,2026-09-22T05:35:27
12230,publish,city-template,flying-pest-control-al-rayyan,شركة مكافحة الحشرات الطائرة في الريان,https://www.rukn-eltatawer.com/qa/flying-pest-control-al-rayyan/,2026-09-16T21:03:40,2026-09-22T05:35:32
12222,publish,city-template,crawling-pest-control-al-rayyan,شركة مكافحة الحشرات الزاحفة في الريان,https://www.rukn-eltatawer.com/qa/crawling-pest-control-al-rayyan/,2026-09-16T21:03:40,2026-09-22T05:35:38
12214,publish,city-template,solar-ac-installation-al-rayyan,شركة تركيب أجهزة تكييف طاقة شمسية في الريان,https://www.rukn-eltatawer.com/qa/solar-ac-installation-al-rayyan/,2026-09-16T21:03:40,2026-09-22T05:35:44
11741,publish,city-template,septic-tank-emptying-doha,شركة شفط بيارات في الدوحة,https://www.rukn-eltatawer.com/qa/septic-tank-emptying-doha/,2026-09-16T21:03:40,2026-09-22T05:35:50
11709,publish,city-template,building-renovation-doha,شركة ترميم وصيانة مباني في الدوحة,https://www.rukn-eltatawer.com/qa/building-renovation-doha/,2026-09-16T21:03:40,2026-09-22T05:35:56
11685,publish,city-template,tank-lining-maintenance-doha,شركة تبطين وصيانة خزانات مياه في الدوحة,https://www.rukn-eltatawer.com/qa/tank-lining-maintenance-doha/,2026-09-16T21:03:40,2026-09-22T05:36:03
11670,publish,city-template,soundproofing-al-rayyan,شركة عزل صوتي في الريان,https://www.rukn-eltatawer.com/qa/soundproofing-al-rayyan/,2026-09-16T21:03:40,2026-09-22T05:36:09
11662,publish,city-template,waterproofing-al-rayyan,شركة عزل مائي في الريان,https://www.rukn-eltatawer.com/qa/waterproofing-al-rayyan/,2026-09-16T21:03:40,2026-09-22T05:36:14
11655,publish,city-template,thermal-insulation-al-wakrah,شركة عزل حراري في الوكرة,https://www.rukn-eltatawer.com/qa/thermal-insulation-al-wakrah/,2026-09-16T21:03:40,2026-09-22T05:36:20
11654,publish,city-template,thermal-insulation-al-rayyan,شركة عزل حراري في الريان,https://www.rukn-eltatawer.com/qa/thermal-insulation-al-rayyan/,2026-09-16T21:03:40,2026-09-22T05:36:24
11646,publish,city-template,kitchen-insulation-al-rayyan,شركة عزل مطابخ في الريان,https://www.rukn-eltatawer.com/qa/kitchen-insulation-al-rayyan/,2026-09-16T21:03:40,2026-09-22T05:36:30
11172,publish,city-template,bathroom-insulation-al-rayyan,شركة عزل حمامات في الريان,https://www.rukn-eltatawer.com/qa/bathroom-insulation-al-rayyan/,2026-09-16T21:03:40,2026-09-22T05:36:35
11164,publish,city-template,tank-insulation-al-rayyan,شركة عزل خزانات في الريان,https://www.rukn-eltatawer.com/qa/tank-insulation-al-rayyan/,2026-09-16T21:03:40,2026-09-22T05:36:40
11157,publish,city-template,roof-insulation-al-wakrah,شركة عزل أسطح في الوكرة,https://www.rukn-eltatawer.com/qa/roof-insulation-al-wakrah/,2026-09-16T21:03:40,2026-09-22T05:36:46
11156,publish,city-template,roof-insulation-al-rayyan,شركة عزل أسطح في الريان,https://www.rukn-eltatawer.com/qa/roof-insulation-al-rayyan/,2026-09-16T21:03:40,2026-09-22T05:36:56
11150,publish,city-template,ac-leak-detection-al-wakrah,شركة كشف تسربات التكييف في الوكرة,https://www.rukn-eltatawer.com/qa/ac-leak-detection-al-wakrah/,2026-09-16T21:03:40,2026-09-22T05:37:02
11149,publish,city-template,ac-leak-detection-al-rayyan,شركة كشف تسربات التكييف في الريان,https://www.rukn-eltatawer.com/qa/ac-leak-detection-al-rayyan/,2026-09-16T21:03:40,2026-09-22T05:37:09
11142,publish,city-template,gas-leak-detection-al-wakrah,شركة كشف تسربات الغاز في الوكرة,https://www.rukn-eltatawer.com/qa/gas-leak-detection-al-wakrah/,2026-09-16T21:03:40,2026-09-22T05:37:15
11141,publish,city-template,gas-leak-detection-al-rayyan,شركة كشف تسربات الغاز في الريان,https://www.rukn-eltatawer.com/qa/gas-leak-detection-al-rayyan/,2026-09-16T21:03:40,2026-09-22T05:37:21
11124,publish,city-template,air-purification-doha,شركة تركيب وصيانة أنظمة تنقية الهواء في الدوحة,https://www.rukn-eltatawer.com/qa/air-purification-doha/,2026-09-16T21:03:40,2026-09-22T05:37:27
11116,publish,city-template,tank-water-chiller-doha,شركة تركيب وصيانة أجهزة تبريد مياه الخزانات في الدوحة,https://www.rukn-eltatawer.com/qa/tank-water-chiller-doha/,2026-09-16T21:03:40,2026-09-22T05:37:34
11108,publish,city-template,water-filters-doha,شركة تركيب وصيانة فلاتر مياه في الدوحة,https://www.rukn-eltatawer.com/qa/water-filters-doha/,2026-09-16T21:03:40,2026-09-22T05:37:39
11100,publish,city-template,ro-plants-doha,شركة تركيب وصيانة محطات تحلية المياه في الدوحة,https://www.rukn-eltatawer.com/qa/ro-plants-doha/,2026-09-16T21:03:40,2026-09-22T05:37:45
11092,publish,city-template,water-pumps-doha,شركة تركيب وصيانة مضخات مياه وصرف صحي في الدوحة,https://www.rukn-eltatawer.com/qa/water-pumps-doha/,2026-09-16T21:03:40,2026-09-22T05:37:51
11084,publish,city-template,kitchen-hoods-doha,شركة تركيب وصيانة شفاطات مطابخ في الدوحة,https://www.rukn-eltatawer.com/qa/kitchen-hoods-doha/,2026-09-16T21:03:40,2026-09-22T05:37:57
11076,publish,city-template,vacuum-maintenance-doha,شركة صيانة مكانس كهربائية في الدوحة,https://www.rukn-eltatawer.com/qa/vacuum-maintenance-doha/,2026-09-16T21:03:40,2026-09-22T05:38:06
10780,publish,city-template,mall-cleaning-doha,شركة تنظيف محلات تجارية ومولات في الدوحة,https://www.rukn-eltatawer.com/qa/mall-cleaning-doha/,2026-09-16T21:03:40,2026-09-22T05:38:17
10732,publish,city-template,villa-cleaning-doha,شركة تنظيف فلل في الدوحة,https://www.rukn-eltatawer.com/qa/villa-cleaning-doha/,2026-09-16T21:03:40,2026-09-22T05:38:24
10716,publish,city-template,home-cleaning-doha,شركة تنظيف منازل في الدوحة,https://www.rukn-eltatawer.com/qa/home-cleaning-doha/,2026-09-16T21:03:40,2026-09-22T05:38:30
12838,publish,city-template,ac-periodic-maintenance-contracts-al-rayyan,شركة عقود صيانة تكييف دورية في الريان,https://www.rukn-eltatawer.com/qa/ac-periodic-maintenance-contracts-al-rayyan/,2026-09-16T21:03:39,2026-09-22T05:38:36
12814,publish,city-template,new-central-ac-installation-al-rayyan,شركة تركيب تكييف مركزي جديد في الريان,https://www.rukn-eltatawer.com/qa/new-central-ac-installation-al-rayyan/,2026-09-16T21:03:39,2026-09-22T05:38:45
12806,publish,city-template,ac-duct-maintenance-al-rayyan,شركة صيانة دكتات التكييف في الريان,https://www.rukn-eltatawer.com/qa/ac-duct-maintenance-al-rayyan/,2026-09-16T21:03:39,2026-09-22T05:38:50
12798,publish,city-template,ac-relocation-installation-al-rayyan,شركة نقل وتركيب مكيفات في الريان,https://www.rukn-eltatawer.com/qa/ac-relocation-installation-al-rayyan/,2026-09-16T21:03:39,2026-09-22T05:38:54
12790,publish,city-template,ac-cleaning-washing-al-rayyan,شركة غسيل وتنظيف مكيفات في الريان,https://www.rukn-eltatawer.com/qa/ac-cleaning-washing-al-rayyan/,2026-09-16T21:03:39,2026-09-22T05:39:00
12782,publish,city-template,ac-freon-refill-al-rayyan,شركة تعبئة فريون مكيفات في الريان,https://www.rukn-eltatawer.com/qa/ac-freon-refill-al-rayyan/,2026-09-16T21:03:39,2026-09-22T05:39:06
12774,publish,city-template,window-ac-installation-al-rayyan,شركة تركيب وحدات تكييف نافذة في الريان,https://www.rukn-eltatawer.com/qa/window-ac-installation-al-rayyan/,2026-09-16T21:03:39,2026-09-22T05:39:12
12766,publish,city-template,split-ac-installation-al-rayyan,شركة تركيب مكيفات سبليت في الريان,https://www.rukn-eltatawer.com/qa/split-ac-installation-al-rayyan/,2026-09-16T21:03:39,2026-09-22T05:39:19
12583,publish,city-template,roof-insulation-painting-al-wakrah,شركة عزل ودهان أسطح في الوكرة,https://www.rukn-eltatawer.com/qa/roof-insulation-painting-al-wakrah/,2026-09-16T21:03:39,2026-09-22T05:39:28
12582,publish,city-template,roof-insulation-painting-al-rayyan,شركة عزل ودهان أسطح في الريان,https://www.rukn-eltatawer.com/qa/roof-insulation-painting-al-rayyan/,2026-09-16T21:03:39,2026-09-22T05:39:35
12438,publish,city-template,ac-tech-al-rayyan,فني تركيب وصيانة تكييف في الريان,https://www.rukn-eltatawer.com/qa/ac-tech-al-rayyan/,2026-09-16T21:03:39,2026-09-22T05:39:41
11647,publish,city-template,kitchen-insulation-al-wakrah,شركة عزل مطابخ في الوكرة,https://www.rukn-eltatawer.com/qa/kitchen-insulation-al-wakrah/,2026-09-16T21:03:39,2026-09-22T05:39:52
11173,publish,city-template,bathroom-insulation-al-wakrah,شركة عزل حمامات في الوكرة,https://www.rukn-eltatawer.com/qa/bathroom-insulation-al-wakrah/,2026-09-16T21:03:39,2026-09-22T05:40:16
11165,publish,city-template,tank-insulation-al-wakrah,شركة عزل خزانات في الوكرة,https://www.rukn-eltatawer.com/qa/tank-insulation-al-wakrah/,2026-09-16T21:03:39,2026-09-22T05:45:01
11152,publish,city-template,ac-leak-detection-umm-salal,شركة كشف تسربات التكييف في أم صلال,https://www.rukn-eltatawer.com/qa/ac-leak-detection-umm-salal/,2026-09-16T21:03:39,2026-09-22T05:45:41
11151,publish,city-template,ac-leak-detection-al-khor,شركة كشف تسربات التكييف في الخور,https://www.rukn-eltatawer.com/qa/ac-leak-detection-al-khor/,2026-09-16T21:03:39,2026-09-22T05:45:45
11144,publish,city-template,gas-leak-detection-umm-salal,شركة كشف تسربات الغاز في أم صلال,https://www.rukn-eltatawer.com/qa/gas-leak-detection-umm-salal/,2026-09-16T21:03:39,2026-09-22T05:45:48
11143,publish,city-template,gas-leak-detection-al-khor,شركة كشف تسربات الغاز في الخور,https://www.rukn-eltatawer.com/qa/gas-leak-detection-al-khor/,2026-09-16T21:03:39,2026-09-22T05:45:52
10966,publish,city-template,split-ac-maintenance-al-wakrah,شركة صيانة مكيفات سبليت في الوكرة,https://www.rukn-eltatawer.com/qa/split-ac-maintenance-al-wakrah/,2026-09-16T21:03:39,2026-09-22T05:45:56
10965,publish,city-template,split-ac-maintenance-al-rayyan,شركة صيانة مكيفات سبليت في الريان,https://www.rukn-eltatawer.com/qa/split-ac-maintenance-al-rayyan/,2026-09-16T21:03:39,2026-09-22T05:46:00
10958,publish,city-template,central-ac-maintenance-al-wakrah,شركة صيانة تكييف مركزي في الوكرة,https://www.rukn-eltatawer.com/qa/central-ac-maintenance-al-wakrah/,2026-09-16T21:03:39,2026-09-22T05:46:05
10957,publish,city-template,central-ac-maintenance-al-rayyan,شركة صيانة تكييف مركزي في الريان,https://www.rukn-eltatawer.com/qa/central-ac-maintenance-al-rayyan/,2026-09-16T21:03:39,2026-09-22T05:46:08
10949,publish,city-template,plumbing-maintenance-al-rayyan,شركة صيانة سباكة في الريان,https://www.rukn-eltatawer.com/qa/plumbing-maintenance-al-rayyan/,2026-09-16T21:03:39,2026-09-22T05:46:11
10940,publish,city-template,electrical-maintenance-doha,شركة صيانة كهرباء في الدوحة,https://www.rukn-eltatawer.com/qa/electrical-maintenance-doha/,2026-09-16T21:03:39,2026-09-22T05:46:14
10910,publish,city-template,duct-cleaning-al-wakrah,شركة تنظيف وصيانة دكتات المكيفات في الوكرة,https://www.rukn-eltatawer.com/qa/duct-cleaning-al-wakrah/,2026-09-16T21:03:39,2026-09-22T05:46:18
10756,publish,city-template,majlis-cleaning-doha,شركة تنظيف مجالس في الدوحة,https://www.rukn-eltatawer.com/qa/majlis-cleaning-doha/,2026-09-16T21:03:39,2026-09-22T05:46:21
10748,publish,city-template,office-cleaning-doha,شركة تنظيف مكاتب في الدوحة,https://www.rukn-eltatawer.com/qa/office-cleaning-doha/,2026-09-16T21:03:39,2026-09-22T05:46:25
10740,publish,city-template,palace-cleaning-doha,شركة تنظيف قصور في الدوحة,https://www.rukn-eltatawer.com/qa/palace-cleaning-doha/,2026-09-16T21:03:39,2026-09-22T05:46:29
10724,publish,city-template,apartment-cleaning-doha,شركة تنظيف شقق في الدوحة,https://www.rukn-eltatawer.com/qa/apartment-cleaning-doha/,2026-09-16T21:03:39,2026-09-22T05:46:32
12839,publish,city-template,ac-periodic-maintenance-contracts-al-wakrah,شركة عقود صيانة تكييف دورية في الوكرة,https://www.rukn-eltatawer.com/qa/ac-periodic-maintenance-contracts-al-wakrah/,2026-09-16T21:03:38,2026-09-22T05:46:36
12815,publish,city-template,new-central-ac-installation-al-wakrah,شركة تركيب تكييف مركزي جديد في الوكرة,https://www.rukn-eltatawer.com/qa/new-central-ac-installation-al-wakrah/,2026-09-16T21:03:38,2026-09-22T05:46:40
12807,publish,city-template,ac-duct-maintenance-al-wakrah,شركة صيانة دكتات التكييف في الوكرة,https://www.rukn-eltatawer.com/qa/ac-duct-maintenance-al-wakrah/,2026-09-16T21:03:38,2026-09-22T05:46:44
12799,publish,city-template,ac-relocation-installation-al-wakrah,شركة نقل وتركيب مكيفات في الوكرة,https://www.rukn-eltatawer.com/qa/ac-relocation-installation-al-wakrah/,2026-09-16T21:03:38,2026-09-22T05:46:49
12791,publish,city-template,ac-cleaning-washing-al-wakrah,شركة غسيل وتنظيف مكيفات في الوكرة,https://www.rukn-eltatawer.com/qa/ac-cleaning-washing-al-wakrah/,2026-09-16T21:03:38,2026-09-22T05:46:53
12783,publish,city-template,ac-freon-refill-al-wakrah,شركة تعبئة فريون مكيفات في الوكرة,https://www.rukn-eltatawer.com/qa/ac-freon-refill-al-wakrah/,2026-09-16T21:03:38,2026-09-22T05:46:57
12775,publish,city-template,window-ac-installation-al-wakrah,شركة تركيب وحدات تكييف نافذة في الوكرة,https://www.rukn-eltatawer.com/qa/window-ac-installation-al-wakrah/,2026-09-16T21:03:38,2026-09-22T05:47:02
12767,publish,city-template,split-ac-installation-al-wakrah,شركة تركيب مكيفات سبليت في الوكرة,https://www.rukn-eltatawer.com/qa/split-ac-installation-al-wakrah/,2026-09-16T21:03:38,2026-09-22T05:47:06
12758,publish,city-template,plumbing-fault-repair-al-rayyan,شركة كشف وإصلاح أعطال السباكة في الريان,https://www.rukn-eltatawer.com/qa/plumbing-fault-repair-al-rayyan/,2026-09-16T21:03:38,2026-09-22T05:47:09
12734,publish,city-template,new-building-electrical-plumbing-al-rayyan,شركة تأسيس كهرباء وسباكة لمبنى جديد في الريان,https://www.rukn-eltatawer.com/qa/new-building-electrical-plumbing-al-rayyan/,2026-09-16T21:03:38,2026-09-22T05:47:13
12710,publish,city-template,drainage-pipe-maintenance-al-rayyan,شركة صيانة مواسير صرف صحي في الريان,https://www.rukn-eltatawer.com/qa/drainage-pipe-maintenance-al-rayyan/,2026-09-16T21:03:38,2026-09-22T05:47:17
12686,publish,city-template,home-plumber-elec-al-rayyan,شركة سباك منازل في الريان,https://www.rukn-eltatawer.com/qa/home-plumber-elec-al-rayyan/,2026-09-16T21:03:38,2026-09-22T05:47:20
12585,publish,city-template,roof-insulation-painting-umm-salal,شركة عزل ودهان أسطح في أم صلال,https://www.rukn-eltatawer.com/qa/roof-insulation-painting-umm-salal/,2026-09-16T21:03:38,2026-09-22T05:47:24
12584,publish,city-template,roof-insulation-painting-al-khor,شركة عزل ودهان أسطح في الخور,https://www.rukn-eltatawer.com/qa/roof-insulation-painting-al-khor/,2026-09-16T21:03:38,2026-09-22T05:47:28
12439,publish,city-template,ac-tech-al-wakrah,فني تركيب وصيانة تكييف في الوكرة,https://www.rukn-eltatawer.com/qa/ac-tech-al-wakrah/,2026-09-16T21:03:38,2026-09-22T05:47:32
12374,publish,city-template,home-plumber-al-rayyan,سباك منازل في الريان,https://www.rukn-eltatawer.com/qa/home-plumber-al-rayyan/,2026-09-16T21:03:38,2026-09-22T05:47:37
12255,publish,city-template,cockroach-control-al-wakrah,شركة مكافحة الصراصير في الوكرة,https://www.rukn-eltatawer.com/qa/cockroach-control-al-wakrah/,2026-09-16T21:03:38,2026-09-22T05:47:42
12239,publish,city-template,termite-control-al-wakrah,شركة مكافحة النمل الأبيض (الرمة) في الوكرة,https://www.rukn-eltatawer.com/qa/termite-control-al-wakrah/,2026-09-16T21:03:38,2026-09-22T05:47:47
12231,publish,city-template,flying-pest-control-al-wakrah,شركة مكافحة الحشرات الطائرة في الوكرة,https://www.rukn-eltatawer.com/qa/flying-pest-control-al-wakrah/,2026-09-16T21:03:38,2026-09-22T05:47:52
12223,publish,city-template,crawling-pest-control-al-wakrah,شركة مكافحة الحشرات الزاحفة في الوكرة,https://www.rukn-eltatawer.com/qa/crawling-pest-control-al-wakrah/,2026-09-16T21:03:38,2026-09-22T05:47:56
12215,publish,city-template,solar-ac-installation-al-wakrah,شركة تركيب أجهزة تكييف طاقة شمسية في الوكرة,https://www.rukn-eltatawer.com/qa/solar-ac-installation-al-wakrah/,2026-09-16T21:03:38,2026-09-22T05:48:01
12054,publish,city-template,garden-cleaning-al-rayyan,شركة تنظيف وتزيين الحدائق في الريان,https://www.rukn-eltatawer.com/qa/garden-cleaning-al-rayyan/,2026-09-16T21:03:38,2026-09-22T05:48:06
11750,publish,city-template,drain-unclogging-al-rayyan,شركة تسليك مجاري في الريان,https://www.rukn-eltatawer.com/qa/drain-unclogging-al-rayyan/,2026-09-16T21:03:38,2026-09-22T05:48:11
11671,publish,city-template,soundproofing-al-wakrah,شركة عزل صوتي في الوكرة,https://www.rukn-eltatawer.com/qa/soundproofing-al-wakrah/,2026-09-16T21:03:38,2026-09-22T05:48:15
11663,publish,city-template,waterproofing-al-wakrah,شركة عزل مائي في الوكرة,https://www.rukn-eltatawer.com/qa/waterproofing-al-wakrah/,2026-09-16T21:03:38,2026-09-22T05:48:19
11657,publish,city-template,thermal-insulation-umm-salal,شركة عزل حراري في أم صلال,https://www.rukn-eltatawer.com/qa/thermal-insulation-umm-salal/,2026-09-16T21:03:38,2026-09-22T05:48:23
11656,publish,city-template,thermal-insulation-al-khor,شركة عزل حراري في الخور,https://www.rukn-eltatawer.com/qa/thermal-insulation-al-khor/,2026-09-16T21:03:38,2026-09-22T05:48:28
10909,publish,city-template,duct-cleaning-al-rayyan,شركة تنظيف وصيانة دكتات المكيفات في الريان,https://www.rukn-eltatawer.com/qa/duct-cleaning-al-rayyan/,2026-09-16T21:03:38,2026-09-22T05:48:33
10805,publish,city-template,bathroom-cleaning-al-rayyan,شركة تنظيف حمامات في الريان,https://www.rukn-eltatawer.com/qa/bathroom-cleaning-al-rayyan/,2026-09-16T21:03:38,2026-09-22T05:48:37
10797,publish,city-template,kitchen-cleaning-al-rayyan,شركة تنظيف مطابخ في الريان,https://www.rukn-eltatawer.com/qa/kitchen-cleaning-al-rayyan/,2026-09-16T21:03:38,2026-09-22T05:48:41
10789,publish,city-template,pool-cleaning-al-rayyan,شركة تنظيف مسابح في الريان,https://www.rukn-eltatawer.com/qa/pool-cleaning-al-rayyan/,2026-09-16T21:03:38,2026-09-22T05:48:47
10781,publish,city-template,mall-cleaning-al-rayyan,شركة تنظيف محلات تجارية ومولات في الريان,https://www.rukn-eltatawer.com/qa/mall-cleaning-al-rayyan/,2026-09-16T21:03:38,2026-09-22T05:48:52
10733,publish,city-template,villa-cleaning-al-rayyan,شركة تنظيف فلل في الريان,https://www.rukn-eltatawer.com/qa/villa-cleaning-al-rayyan/,2026-09-16T21:03:38,2026-09-22T05:48:57
10717,publish,city-template,home-cleaning-al-rayyan,شركة تنظيف منازل في الريان,https://www.rukn-eltatawer.com/qa/home-cleaning-al-rayyan/,2026-09-16T21:03:38,2026-09-22T05:49:02
12841,publish,city-template,ac-periodic-maintenance-contracts-umm-salal,شركة عقود صيانة تكييف دورية في أم صلال,https://www.rukn-eltatawer.com/qa/ac-periodic-maintenance-contracts-umm-salal/,2026-09-16T21:03:37,2026-09-22T05:49:07
12840,publish,city-template,ac-periodic-maintenance-contracts-al-khor,شركة عقود صيانة تكييف دورية في الخور,https://www.rukn-eltatawer.com/qa/ac-periodic-maintenance-contracts-al-khor/,2026-09-16T21:03:37,2026-09-22T05:49:12
12817,publish,city-template,new-central-ac-installation-umm-salal,شركة تركيب تكييف مركزي جديد في أم صلال,https://www.rukn-eltatawer.com/qa/new-central-ac-installation-umm-salal/,2026-09-16T21:03:37,2026-09-22T05:49:17
12816,publish,city-template,new-central-ac-installation-al-khor,شركة تركيب تكييف مركزي جديد في الخور,https://www.rukn-eltatawer.com/qa/new-central-ac-installation-al-khor/,2026-09-16T21:03:37,2026-09-22T05:49:22
12809,publish,city-template,ac-duct-maintenance-umm-salal,شركة صيانة دكتات التكييف في أم صلال,https://www.rukn-eltatawer.com/qa/ac-duct-maintenance-umm-salal/,2026-09-16T21:03:37,2026-09-22T05:49:27
12808,publish,city-template,ac-duct-maintenance-al-khor,شركة صيانة دكتات التكييف في الخور,https://www.rukn-eltatawer.com/qa/ac-duct-maintenance-al-khor/,2026-09-16T21:03:37,2026-09-22T05:49:32
12801,publish,city-template,ac-relocation-installation-umm-salal,شركة نقل وتركيب مكيفات في أم صلال,https://www.rukn-eltatawer.com/qa/ac-relocation-installation-umm-salal/,2026-09-16T21:03:37,2026-09-22T05:49:37
12800,publish,city-template,ac-relocation-installation-al-khor,شركة نقل وتركيب مكيفات في الخور,https://www.rukn-eltatawer.com/qa/ac-relocation-installation-al-khor/,2026-09-16T21:03:37,2026-09-22T05:49:42
12793,publish,city-template,ac-cleaning-washing-umm-salal,شركة غسيل وتنظيف مكيفات في أم صلال,https://www.rukn-eltatawer.com/qa/ac-cleaning-washing-umm-salal/,2026-09-16T21:03:37,2026-09-22T05:49:48
11649,publish,city-template,kitchen-insulation-umm-salal,شركة عزل مطابخ في أم صلال,https://www.rukn-eltatawer.com/qa/kitchen-insulation-umm-salal/,2026-09-16T21:03:37,2026-09-22T05:49:54
11648,publish,city-template,kitchen-insulation-al-khor,شركة عزل مطابخ في الخور,https://www.rukn-eltatawer.com/qa/kitchen-insulation-al-khor/,2026-09-16T21:03:37,2026-09-22T05:50:00
11175,publish,city-template,bathroom-insulation-umm-salal,شركة عزل حمامات في أم صلال,https://www.rukn-eltatawer.com/qa/bathroom-insulation-umm-salal/,2026-09-16T21:03:37,2026-09-22T05:50:05
11174,publish,city-template,bathroom-insulation-al-khor,شركة عزل حمامات في الخور,https://www.rukn-eltatawer.com/qa/bathroom-insulation-al-khor/,2026-09-16T21:03:37,2026-09-22T05:50:10
11167,publish,city-template,tank-insulation-umm-salal,شركة عزل خزانات في أم صلال,https://www.rukn-eltatawer.com/qa/tank-insulation-umm-salal/,2026-09-16T21:03:37,2026-09-22T05:50:14
11166,publish,city-template,tank-insulation-al-khor,شركة عزل خزانات في الخور,https://www.rukn-eltatawer.com/qa/tank-insulation-al-khor/,2026-09-16T21:03:37,2026-09-22T05:50:19
11159,publish,city-template,roof-insulation-umm-salal,شركة عزل أسطح في أم صلال,https://www.rukn-eltatawer.com/qa/roof-insulation-umm-salal/,2026-09-16T21:03:37,2026-09-22T05:50:25
11158,publish,city-template,roof-insulation-al-khor,شركة عزل أسطح في الخور,https://www.rukn-eltatawer.com/qa/roof-insulation-al-khor/,2026-09-16T21:03:37,2026-09-22T05:50:31
11125,publish,city-template,air-purification-al-rayyan,شركة تركيب وصيانة أنظمة تنقية الهواء في الريان,https://www.rukn-eltatawer.com/qa/air-purification-al-rayyan/,2026-09-16T21:03:37,2026-09-22T05:50:37
11117,publish,city-template,tank-water-chiller-al-rayyan,شركة تركيب وصيانة أجهزة تبريد مياه الخزانات في الريان,https://www.rukn-eltatawer.com/qa/tank-water-chiller-al-rayyan/,2026-09-16T21:03:37,2026-09-22T05:50:44
11109,publish,city-template,water-filters-al-rayyan,شركة تركيب وصيانة فلاتر مياه في الريان,https://www.rukn-eltatawer.com/qa/water-filters-al-rayyan/,2026-09-16T21:03:37,2026-09-22T05:50:50
10917,publish,city-template,chimney-cleaning-al-rayyan,شركة تنظيف المداخن والشفاطات في الريان,https://www.rukn-eltatawer.com/qa/chimney-cleaning-al-rayyan/,2026-09-16T21:03:37,2026-09-22T05:50:58
10901,publish,city-template,deep-cleaning-al-rayyan,شركة تنظيف وتعقيم شامل في الريان,https://www.rukn-eltatawer.com/qa/deep-cleaning-al-rayyan/,2026-09-16T21:03:37,2026-09-22T05:51:04
10893,publish,city-template,garage-cleaning-al-rayyan,شركة تنظيف كراجات ومواقف سيارات في الريان,https://www.rukn-eltatawer.com/qa/garage-cleaning-al-rayyan/,2026-09-16T21:03:37,2026-09-22T05:51:13
10885,publish,city-template,stone-facade-cleaning-al-rayyan,شركة تنظيف واجهات حجرية في الريان,https://www.rukn-eltatawer.com/qa/stone-facade-cleaning-al-rayyan/,2026-09-16T21:03:37,2026-09-22T05:51:21
10877,publish,city-template,glass-facade-cleaning-al-rayyan,شركة تنظيف واجهات زجاجية في الريان,https://www.rukn-eltatawer.com/qa/glass-facade-cleaning-al-rayyan/,2026-09-16T21:03:37,2026-09-22T05:51:27
10869,publish,city-template,marble-polishing-al-rayyan,شركة تنظيف أرضيات رخام وجلي رخام في الريان,https://www.rukn-eltatawer.com/qa/marble-polishing-al-rayyan/,2026-09-16T21:03:37,2026-09-22T05:51:32
10861,publish,city-template,mattress-cleaning-al-rayyan,شركة تنظيف مراتب في الريان,https://www.rukn-eltatawer.com/qa/mattress-cleaning-al-rayyan/,2026-09-16T21:03:37,2026-09-22T05:51:37
10853,publish,city-template,curtain-cleaning-al-rayyan,شركة تنظيف ستائر في الريان,https://www.rukn-eltatawer.com/qa/curtain-cleaning-al-rayyan/,2026-09-16T21:03:37,2026-09-22T05:51:43
10845,publish,city-template,sofa-cleaning-al-rayyan,شركة تنظيف كنب في الريان,https://www.rukn-eltatawer.com/qa/sofa-cleaning-al-rayyan/,2026-09-16T21:03:37,2026-09-22T05:51:50
10837,publish,city-template,moquette-cleaning-al-rayyan,شركة تنظيف موكيت في الريان,https://www.rukn-eltatawer.com/qa/moquette-cleaning-al-rayyan/,2026-09-16T21:03:37,2026-09-22T05:51:56
10829,publish,city-template,carpet-cleaning-al-rayyan,شركة تنظيف سجاد في الريان,https://www.rukn-eltatawer.com/qa/carpet-cleaning-al-rayyan/,2026-09-16T21:03:37,2026-09-22T05:52:02
10821,publish,city-template,diesel-tank-cleaning-al-rayyan,شركة تنظيف خزانات ديزل في الريان,https://www.rukn-eltatawer.com/qa/diesel-tank-cleaning-al-rayyan/,2026-09-16T21:03:37,2026-09-22T05:52:12
10813,publish,city-template,water-tank-cleaning-al-rayyan,شركة تنظيف خزانات مياه في الريان,https://www.rukn-eltatawer.com/qa/water-tank-cleaning-al-rayyan/,2026-09-16T21:03:37,2026-09-22T05:52:20
10757,publish,city-template,majlis-cleaning-al-rayyan,شركة تنظيف مجالس في الريان,https://www.rukn-eltatawer.com/qa/majlis-cleaning-al-rayyan/,2026-09-16T21:03:37,2026-09-22T05:52:38
10749,publish,city-template,office-cleaning-al-rayyan,شركة تنظيف مكاتب في الريان,https://www.rukn-eltatawer.com/qa/office-cleaning-al-rayyan/,2026-09-16T21:03:37,2026-09-22T05:52:47
10741,publish,city-template,palace-cleaning-al-rayyan,شركة تنظيف قصور في الريان,https://www.rukn-eltatawer.com/qa/palace-cleaning-al-rayyan/,2026-09-16T21:03:37,2026-09-22T05:52:52
10725,publish,city-template,apartment-cleaning-al-rayyan,شركة تنظيف شقق في الريان,https://www.rukn-eltatawer.com/qa/apartment-cleaning-al-rayyan/,2026-09-16T21:03:37,2026-09-22T05:52:57
12830,publish,city-template,commercial-refrigeration-maintenance-al-rayyan,شركة صيانة ثلاجات وتبريد تجاري في الريان,https://www.rukn-eltatawer.com/qa/commercial-refrigeration-maintenance-al-rayyan/,2026-09-16T21:03:36,2026-09-22T05:53:06
12792,publish,city-template,ac-cleaning-washing-al-khor,شركة غسيل وتنظيف مكيفات في الخور,https://www.rukn-eltatawer.com/qa/ac-cleaning-washing-al-khor/,2026-09-16T21:03:36,2026-09-22T05:53:15
12785,publish,city-template,ac-freon-refill-umm-salal,شركة تعبئة فريون مكيفات في أم صلال,https://www.rukn-eltatawer.com/qa/ac-freon-refill-umm-salal/,2026-09-16T21:03:36,2026-09-22T05:53:24
12784,publish,city-template,ac-freon-refill-al-khor,شركة تعبئة فريون مكيفات في الخور,https://www.rukn-eltatawer.com/qa/ac-freon-refill-al-khor/,2026-09-16T21:03:36,2026-09-22T05:53:31
12777,publish,city-template,window-ac-installation-umm-salal,شركة تركيب وحدات تكييف نافذة في أم صلال,https://www.rukn-eltatawer.com/qa/window-ac-installation-umm-salal/,2026-09-16T21:03:36,2026-09-22T05:53:39
12776,publish,city-template,window-ac-installation-al-khor,شركة تركيب وحدات تكييف نافذة في الخور,https://www.rukn-eltatawer.com/qa/window-ac-installation-al-khor/,2026-09-16T21:03:36,2026-09-22T05:54:27
12769,publish,city-template,split-ac-installation-umm-salal,شركة تركيب مكيفات سبليت في أم صلال,https://www.rukn-eltatawer.com/qa/split-ac-installation-umm-salal/,2026-09-16T21:03:36,2026-09-22T05:54:38
12768,publish,city-template,split-ac-installation-al-khor,شركة تركيب مكيفات سبليت في الخور,https://www.rukn-eltatawer.com/qa/split-ac-installation-al-khor/,2026-09-16T21:03:36,2026-09-22T05:54:47
12759,publish,city-template,plumbing-fault-repair-al-wakrah,شركة كشف وإصلاح أعطال السباكة في الوكرة,https://www.rukn-eltatawer.com/qa/plumbing-fault-repair-al-wakrah/,2026-09-16T21:03:36,2026-09-22T05:54:56
12750,publish,city-template,central-heater-installation-maintenance-al-rayyan,شركة تركيب وصيانة سخانات مركزية في الريان,https://www.rukn-eltatawer.com/qa/central-heater-installation-maintenance-al-rayyan/,2026-09-16T21:03:36,2026-09-22T05:55:03
12742,publish,city-template,water-pump-maintenance-al-rayyan,شركة صيانة مضخات مياه في الريان,https://www.rukn-eltatawer.com/qa/water-pump-maintenance-al-rayyan/,2026-09-16T21:03:36,2026-09-22T05:55:53
12735,publish,city-template,new-building-electrical-plumbing-al-wakrah,شركة تأسيس كهرباء وسباكة لمبنى جديد في الوكرة,https://www.rukn-eltatawer.com/qa/new-building-electrical-plumbing-al-wakrah/,2026-09-16T21:03:36,2026-09-22T05:57:10
12711,publish,city-template,drainage-pipe-maintenance-al-wakrah,شركة صيانة مواسير صرف صحي في الوكرة,https://www.rukn-eltatawer.com/qa/drainage-pipe-maintenance-al-wakrah/,2026-09-16T21:03:36,2026-09-22T05:57:30
12687,publish,city-template,home-plumber-elec-al-wakrah,شركة سباك منازل في الوكرة,https://www.rukn-eltatawer.com/qa/home-plumber-elec-al-wakrah/,2026-09-16T21:03:36,2026-09-22T05:57:42
12654,publish,city-template,electric-panel-maintenance-al-rayyan,شركة صيانة لوحات كهرباء في الريان,https://www.rukn-eltatawer.com/qa/electric-panel-maintenance-al-rayyan/,2026-09-16T21:03:36,2026-09-22T05:57:46
12638,publish,city-template,post-leak-repaint-maintenance-al-rayyan,شركة صيانة ودهان بعد التسريبات في الريان,https://www.rukn-eltatawer.com/qa/post-leak-repaint-maintenance-al-rayyan/,2026-09-16T21:03:36,2026-09-22T05:57:51
12587,publish,city-template,roof-insulation-painting-al-daayen,شركة عزل ودهان أسطح في الظعاين,https://www.rukn-eltatawer.com/qa/roof-insulation-painting-al-daayen/,2026-09-16T21:03:36,2026-09-22T05:57:56
12441,publish,city-template,ac-tech-umm-salal,فني تركيب وصيانة تكييف في أم صلال,https://www.rukn-eltatawer.com/qa/ac-tech-umm-salal/,2026-09-16T21:03:36,2026-09-22T05:58:03
12440,publish,city-template,ac-tech-al-khor,فني تركيب وصيانة تكييف في الخور,https://www.rukn-eltatawer.com/qa/ac-tech-al-khor/,2026-09-16T21:03:36,2026-09-22T05:58:08
12375,publish,city-template,home-plumber-al-wakrah,سباك منازل في الوكرة,https://www.rukn-eltatawer.com/qa/home-plumber-al-wakrah/,2026-09-16T21:03:36,2026-09-22T05:58:16
12257,publish,city-template,cockroach-control-umm-salal,شركة مكافحة الصراصير في أم صلال,https://www.rukn-eltatawer.com/qa/cockroach-control-umm-salal/,2026-09-16T21:03:36,2026-09-22T05:58:22
12217,publish,city-template,solar-ac-installation-umm-salal,شركة تركيب أجهزة تكييف طاقة شمسية في أم صلال,https://www.rukn-eltatawer.com/qa/solar-ac-installation-umm-salal/,2026-09-16T21:03:36,2026-09-22T05:58:29
12216,publish,city-template,solar-ac-installation-al-khor,شركة تركيب أجهزة تكييف طاقة شمسية في الخور,https://www.rukn-eltatawer.com/qa/solar-ac-installation-al-khor/,2026-09-16T21:03:36,2026-09-22T05:58:33
11751,publish,city-template,drain-unclogging-al-wakrah,شركة تسليك مجاري في الوكرة,https://www.rukn-eltatawer.com/qa/drain-unclogging-al-wakrah/,2026-09-16T21:03:36,2026-09-22T05:58:40
11742,publish,city-template,septic-tank-emptying-al-rayyan,شركة شفط بيارات في الريان,https://www.rukn-eltatawer.com/qa/septic-tank-emptying-al-rayyan/,2026-09-16T21:03:36,2026-09-22T05:58:51
11710,publish,city-template,building-renovation-al-rayyan,شركة ترميم وصيانة مباني في الريان,https://www.rukn-eltatawer.com/qa/building-renovation-al-rayyan/,2026-09-16T21:03:36,2026-09-22T05:58:56
11686,publish,city-template,tank-lining-maintenance-al-rayyan,شركة تبطين وصيانة خزانات مياه في الريان,https://www.rukn-eltatawer.com/qa/tank-lining-maintenance-al-rayyan/,2026-09-16T21:03:36,2026-09-22T05:59:04
11673,publish,city-template,soundproofing-umm-salal,شركة عزل صوتي في أم صلال,https://www.rukn-eltatawer.com/qa/soundproofing-umm-salal/,2026-09-16T21:03:36,2026-09-22T05:59:08
11672,publish,city-template,soundproofing-al-khor,شركة عزل صوتي في الخور,https://www.rukn-eltatawer.com/qa/soundproofing-al-khor/,2026-09-16T21:03:36,2026-09-22T05:59:12
11665,publish,city-template,waterproofing-umm-salal,شركة عزل مائي في أم صلال,https://www.rukn-eltatawer.com/qa/waterproofing-umm-salal/,2026-09-16T21:03:36,2026-09-22T05:59:19
11664,publish,city-template,waterproofing-al-khor,شركة عزل مائي في الخور,https://www.rukn-eltatawer.com/qa/waterproofing-al-khor/,2026-09-16T21:03:36,2026-09-22T05:59:26
10960,publish,city-template,central-ac-maintenance-umm-salal,شركة صيانة تكييف مركزي في أم صلال,https://www.rukn-eltatawer.com/qa/central-ac-maintenance-umm-salal/,2026-09-16T21:03:36,2026-09-22T05:59:45
10959,publish,city-template,central-ac-maintenance-al-khor,شركة صيانة تكييف مركزي في الخور,https://www.rukn-eltatawer.com/qa/central-ac-maintenance-al-khor/,2026-09-16T21:03:36,2026-09-22T06:05:27
10950,publish,city-template,plumbing-maintenance-al-wakrah,شركة صيانة سباكة في الوكرة,https://www.rukn-eltatawer.com/qa/plumbing-maintenance-al-wakrah/,2026-09-16T21:03:36,2026-09-22T06:08:51
10933,publish,city-template,building-maintenance-al-rayyan,شركة صيانة مباني في الريان,https://www.rukn-eltatawer.com/qa/building-maintenance-al-rayyan/,2026-09-16T21:03:36,2026-09-22T06:08:54
10925,publish,city-template,general-maintenance-al-rayyan,شركة صيانة عامة في الريان,https://www.rukn-eltatawer.com/qa/general-maintenance-al-rayyan/,2026-09-16T21:03:36,2026-09-22T06:08:57
12843,publish,city-template,ac-periodic-maintenance-contracts-al-daayen,شركة عقود صيانة تكييف دورية في الظعاين,https://www.rukn-eltatawer.com/qa/ac-periodic-maintenance-contracts-al-daayen/,2026-09-16T21:03:35,2026-09-22T06:08:59
12819,publish,city-template,new-central-ac-installation-al-daayen,شركة تركيب تكييف مركزي جديد في الظعاين,https://www.rukn-eltatawer.com/qa/new-central-ac-installation-al-daayen/,2026-09-16T21:03:35,2026-09-22T06:09:01
12811,publish,city-template,ac-duct-maintenance-al-daayen,شركة صيانة دكتات التكييف في الظعاين,https://www.rukn-eltatawer.com/qa/ac-duct-maintenance-al-daayen/,2026-09-16T21:03:35,2026-09-22T06:09:04
12803,publish,city-template,ac-relocation-installation-al-daayen,شركة نقل وتركيب مكيفات في الظعاين,https://www.rukn-eltatawer.com/qa/ac-relocation-installation-al-daayen/,2026-09-16T21:03:35,2026-09-22T06:09:06
12256,publish,city-template,cockroach-control-al-khor,شركة مكافحة الصراصير في الخور,https://www.rukn-eltatawer.com/qa/cockroach-control-al-khor/,2026-09-16T21:03:35,2026-09-22T06:09:08
12241,publish,city-template,termite-control-umm-salal,شركة مكافحة النمل الأبيض (الرمة) في أم صلال,https://www.rukn-eltatawer.com/qa/termite-control-umm-salal/,2026-09-16T21:03:35,2026-09-22T06:09:11
12240,publish,city-template,termite-control-al-khor,شركة مكافحة النمل الأبيض (الرمة) في الخور,https://www.rukn-eltatawer.com/qa/termite-control-al-khor/,2026-09-16T21:03:35,2026-09-22T06:09:13
12233,publish,city-template,flying-pest-control-umm-salal,شركة مكافحة الحشرات الطائرة في أم صلال,https://www.rukn-eltatawer.com/qa/flying-pest-control-umm-salal/,2026-09-16T21:03:35,2026-09-22T06:09:16
12232,publish,city-template,flying-pest-control-al-khor,شركة مكافحة الحشرات الطائرة في الخور,https://www.rukn-eltatawer.com/qa/flying-pest-control-al-khor/,2026-09-16T21:03:35,2026-09-22T06:09:18
12225,publish,city-template,crawling-pest-control-umm-salal,شركة مكافحة الحشرات الزاحفة في أم صلال,https://www.rukn-eltatawer.com/qa/crawling-pest-control-umm-salal/,2026-09-16T21:03:35,2026-09-22T06:09:21
12224,publish,city-template,crawling-pest-control-al-khor,شركة مكافحة الحشرات الزاحفة في الخور,https://www.rukn-eltatawer.com/qa/crawling-pest-control-al-khor/,2026-09-16T21:03:35,2026-09-22T06:09:23
12055,publish,city-template,garden-cleaning-al-wakrah,شركة تنظيف وتزيين الحدائق في الوكرة,https://www.rukn-eltatawer.com/qa/garden-cleaning-al-wakrah/,2026-09-16T21:03:35,2026-09-22T06:09:26
11659,publish,city-template,thermal-insulation-al-daayen,شركة عزل حراري في الظعاين,https://www.rukn-eltatawer.com/qa/thermal-insulation-al-daayen/,2026-09-16T21:03:35,2026-09-22T06:09:28
11651,publish,city-template,kitchen-insulation-al-daayen,شركة عزل مطابخ في الظعاين,https://www.rukn-eltatawer.com/qa/kitchen-insulation-al-daayen/,2026-09-16T21:03:35,2026-09-22T06:09:31
11161,publish,city-template,roof-insulation-al-daayen,شركة عزل أسطح في الظعاين,https://www.rukn-eltatawer.com/qa/roof-insulation-al-daayen/,2026-09-16T21:03:35,2026-09-22T06:09:33
11154,publish,city-template,ac-leak-detection-al-daayen,شركة كشف تسربات التكييف في الظعاين,https://www.rukn-eltatawer.com/qa/ac-leak-detection-al-daayen/,2026-09-16T21:03:35,2026-09-22T06:09:36
11146,publish,city-template,gas-leak-detection-al-daayen,شركة كشف تسربات الغاز في الظعاين,https://www.rukn-eltatawer.com/qa/gas-leak-detection-al-daayen/,2026-09-16T21:03:35,2026-09-22T06:09:38
11101,publish,city-template,ro-plants-al-rayyan,شركة تركيب وصيانة محطات تحلية المياه في الريان,https://www.rukn-eltatawer.com/qa/ro-plants-al-rayyan/,2026-09-16T21:03:35,2026-09-22T06:09:41
11093,publish,city-template,water-pumps-al-rayyan,شركة تركيب وصيانة مضخات مياه وصرف صحي في الريان,https://www.rukn-eltatawer.com/qa/water-pumps-al-rayyan/,2026-09-16T21:03:35,2026-09-22T06:09:43
11085,publish,city-template,kitchen-hoods-al-rayyan,شركة تركيب وصيانة شفاطات مطابخ في الريان,https://www.rukn-eltatawer.com/qa/kitchen-hoods-al-rayyan/,2026-09-16T21:03:35,2026-09-22T06:09:45
11077,publish,city-template,vacuum-maintenance-al-rayyan,شركة صيانة مكانس كهربائية في الريان,https://www.rukn-eltatawer.com/qa/vacuum-maintenance-al-rayyan/,2026-09-16T21:03:35,2026-09-22T06:09:48
11069,publish,city-template,water-cooler-maintenance-al-rayyan,شركة صيانة مبردات مياه في الريان,https://www.rukn-eltatawer.com/qa/water-cooler-maintenance-al-rayyan/,2026-09-16T21:03:35,2026-09-22T06:09:50
11061,publish,city-template,water-heater-maintenance-al-rayyan,شركة صيانة سخانات في الريان,https://www.rukn-eltatawer.com/qa/water-heater-maintenance-al-rayyan/,2026-09-16T21:03:35,2026-09-22T06:09:53
11053,publish,city-template,microwave-maintenance-al-rayyan,شركة صيانة ميكروويف في الريان,https://www.rukn-eltatawer.com/qa/microwave-maintenance-al-rayyan/,2026-09-16T21:03:35,2026-09-22T06:09:56
11045,publish,city-template,dryer-maintenance-al-rayyan,شركة صيانة نشافات في الريان,https://www.rukn-eltatawer.com/qa/dryer-maintenance-al-rayyan/,2026-09-16T21:03:35,2026-09-22T06:09:59
11037,publish,city-template,washer-maintenance-al-rayyan,شركة صيانة غسالات في الريان,https://www.rukn-eltatawer.com/qa/washer-maintenance-al-rayyan/,2026-09-16T21:03:35,2026-09-22T06:10:02
11029,publish,city-template,fridge-maintenance-al-rayyan,شركة صيانة ثلاجات في الريان,https://www.rukn-eltatawer.com/qa/fridge-maintenance-al-rayyan/,2026-09-16T21:03:35,2026-09-22T06:10:06
11021,publish,city-template,appliance-maintenance-al-rayyan,شركة صيانة الأجهزة الكهربائية في الريان,https://www.rukn-eltatawer.com/qa/appliance-maintenance-al-rayyan/,2026-09-16T21:03:35,2026-09-22T06:10:09
11013,publish,city-template,stove-maintenance-al-rayyan,شركة صيانة بوتاجازات في الريان,https://www.rukn-eltatawer.com/qa/stove-maintenance-al-rayyan/,2026-09-16T21:03:35,2026-09-22T06:10:12
11005,publish,city-template,oven-maintenance-al-rayyan,شركة صيانة أفران في الريان,https://www.rukn-eltatawer.com/qa/oven-maintenance-al-rayyan/,2026-09-16T21:03:35,2026-09-22T06:10:15
10997,publish,city-template,automatic-doors-maintenance-al-rayyan,شركة صيانة أبواب أوتوماتيكية في الريان,https://www.rukn-eltatawer.com/qa/automatic-doors-maintenance-al-rayyan/,2026-09-16T21:03:35,2026-09-22T06:10:18
10989,publish,city-template,cctv-maintenance-al-rayyan,شركة صيانة كاميرات مراقبة في الريان,https://www.rukn-eltatawer.com/qa/cctv-maintenance-al-rayyan/,2026-09-16T21:03:35,2026-09-22T06:10:22
10981,publish,city-template,elevator-maintenance-al-rayyan,شركة صيانة مصاعد في الريان,https://www.rukn-eltatawer.com/qa/elevator-maintenance-al-rayyan/,2026-09-16T21:03:35,2026-09-22T06:10:25
10973,publish,city-template,pool-maintenance-al-rayyan,شركة صيانة مسابح في الريان,https://www.rukn-eltatawer.com/qa/pool-maintenance-al-rayyan/,2026-09-16T21:03:35,2026-09-22T06:10:28
10968,publish,city-template,split-ac-maintenance-umm-salal,شركة صيانة مكيفات سبليت في أم صلال,https://www.rukn-eltatawer.com/qa/split-ac-maintenance-umm-salal/,2026-09-16T21:03:35,2026-09-22T06:10:31
10967,publish,city-template,split-ac-maintenance-al-khor,شركة صيانة مكيفات سبليت في الخور,https://www.rukn-eltatawer.com/qa/split-ac-maintenance-al-khor/,2026-09-16T21:03:35,2026-09-22T06:10:35
10758,publish,city-template,majlis-cleaning-al-wakrah,شركة تنظيف مجالس في الوكرة,https://www.rukn-eltatawer.com/qa/majlis-cleaning-al-wakrah/,2026-09-16T21:03:35,2026-09-22T06:10:39
10750,publish,city-template,office-cleaning-al-wakrah,شركة تنظيف مكاتب في الوكرة,https://www.rukn-eltatawer.com/qa/office-cleaning-al-wakrah/,2026-09-16T21:03:35,2026-09-22T06:10:42
10734,publish,city-template,villa-cleaning-al-wakrah,شركة تنظيف فلل في الوكرة,https://www.rukn-eltatawer.com/qa/villa-cleaning-al-wakrah/,2026-09-16T21:03:35,2026-09-22T06:10:45
10718,publish,city-template,home-cleaning-al-wakrah,شركة تنظيف منازل في الوكرة,https://www.rukn-eltatawer.com/qa/home-cleaning-al-wakrah/,2026-09-16T21:03:35,2026-09-22T06:10:49
12795,publish,city-template,ac-cleaning-washing-al-daayen,شركة غسيل وتنظيف مكيفات في الظعاين,https://www.rukn-eltatawer.com/qa/ac-cleaning-washing-al-daayen/,2026-09-16T21:03:34,2026-09-22T06:10:52
12787,publish,city-template,ac-freon-refill-al-daayen,شركة تعبئة فريون مكيفات في الظعاين,https://www.rukn-eltatawer.com/qa/ac-freon-refill-al-daayen/,2026-09-16T21:03:34,2026-09-22T06:10:56
12779,publish,city-template,window-ac-installation-al-daayen,شركة تركيب وحدات تكييف نافذة في الظعاين,https://www.rukn-eltatawer.com/qa/window-ac-installation-al-daayen/,2026-09-16T21:03:34,2026-09-22T06:10:59
12771,publish,city-template,split-ac-installation-al-daayen,شركة تركيب مكيفات سبليت في الظعاين,https://www.rukn-eltatawer.com/qa/split-ac-installation-al-daayen/,2026-09-16T21:03:34,2026-09-22T06:11:04
12761,publish,city-template,plumbing-fault-repair-umm-salal,شركة كشف وإصلاح أعطال السباكة في أم صلال,https://www.rukn-eltatawer.com/qa/plumbing-fault-repair-umm-salal/,2026-09-16T21:03:34,2026-09-22T06:11:08
12760,publish,city-template,plumbing-fault-repair-al-khor,شركة كشف وإصلاح أعطال السباكة في الخور,https://www.rukn-eltatawer.com/qa/plumbing-fault-repair-al-khor/,2026-09-16T21:03:34,2026-09-22T06:11:13
11743,publish,city-template,septic-tank-emptying-al-wakrah,شركة شفط بيارات في الوكرة,https://www.rukn-eltatawer.com/qa/septic-tank-emptying-al-wakrah/,2026-09-16T21:03:34,2026-09-22T06:11:16
11687,publish,city-template,tank-lining-maintenance-al-wakrah,شركة تبطين وصيانة خزانات مياه في الوكرة,https://www.rukn-eltatawer.com/qa/tank-lining-maintenance-al-wakrah/,2026-09-16T21:03:34,2026-09-22T06:11:20
11675,publish,city-template,soundproofing-al-daayen,شركة عزل صوتي في الظعاين,https://www.rukn-eltatawer.com/qa/soundproofing-al-daayen/,2026-09-16T21:03:34,2026-09-22T06:11:24
11667,publish,city-template,waterproofing-al-daayen,شركة عزل مائي في الظعاين,https://www.rukn-eltatawer.com/qa/waterproofing-al-daayen/,2026-09-16T21:03:34,2026-09-22T06:11:28
11177,publish,city-template,bathroom-insulation-al-daayen,شركة عزل حمامات في الظعاين,https://www.rukn-eltatawer.com/qa/bathroom-insulation-al-daayen/,2026-09-16T21:03:34,2026-09-22T06:11:31
11169,publish,city-template,tank-insulation-al-daayen,شركة عزل خزانات في الظعاين,https://www.rukn-eltatawer.com/qa/tank-insulation-al-daayen/,2026-09-16T21:03:34,2026-09-22T06:11:35
11118,publish,city-template,tank-water-chiller-al-wakrah,شركة تركيب وصيانة أجهزة تبريد مياه الخزانات في الوكرة,https://www.rukn-eltatawer.com/qa/tank-water-chiller-al-wakrah/,2026-09-16T21:03:34,2026-09-22T06:11:39
10962,publish,city-template,central-ac-maintenance-al-daayen,شركة صيانة تكييف مركزي في الظعاين,https://www.rukn-eltatawer.com/qa/central-ac-maintenance-al-daayen/,2026-09-16T21:03:34,2026-09-22T06:11:42
10952,publish,city-template,plumbing-maintenance-umm-salal,شركة صيانة سباكة في أم صلال,https://www.rukn-eltatawer.com/qa/plumbing-maintenance-umm-salal/,2026-09-16T21:03:34,2026-09-22T06:11:47
10951,publish,city-template,plumbing-maintenance-al-khor,شركة صيانة سباكة في الخور,https://www.rukn-eltatawer.com/qa/plumbing-maintenance-al-khor/,2026-09-16T21:03:34,2026-09-22T06:11:50
10941,publish,city-template,electrical-maintenance-al-rayyan,شركة صيانة كهرباء في الريان,https://www.rukn-eltatawer.com/qa/electrical-maintenance-al-rayyan/,2026-09-16T21:03:34,2026-09-22T06:11:54
10918,publish,city-template,chimney-cleaning-al-wakrah,شركة تنظيف المداخن والشفاطات في الوكرة,https://www.rukn-eltatawer.com/qa/chimney-cleaning-al-wakrah/,2026-09-16T21:03:34,2026-09-22T06:11:57
10912,publish,city-template,duct-cleaning-umm-salal,شركة تنظيف وصيانة دكتات المكيفات في أم صلال,https://www.rukn-eltatawer.com/qa/duct-cleaning-umm-salal/,2026-09-16T21:03:34,2026-09-22T06:12:01
10911,publish,city-template,duct-cleaning-al-khor,شركة تنظيف وصيانة دكتات المكيفات في الخور,https://www.rukn-eltatawer.com/qa/duct-cleaning-al-khor/,2026-09-16T21:03:34,2026-09-22T06:12:07
10902,publish,city-template,deep-cleaning-al-wakrah,شركة تنظيف وتعقيم شامل في الوكرة,https://www.rukn-eltatawer.com/qa/deep-cleaning-al-wakrah/,2026-09-16T21:03:34,2026-09-22T06:12:11
10894,publish,city-template,garage-cleaning-al-wakrah,شركة تنظيف كراجات ومواقف سيارات في الوكرة,https://www.rukn-eltatawer.com/qa/garage-cleaning-al-wakrah/,2026-09-16T21:03:34,2026-09-22T06:12:16
10886,publish,city-template,stone-facade-cleaning-al-wakrah,شركة تنظيف واجهات حجرية في الوكرة,https://www.rukn-eltatawer.com/qa/stone-facade-cleaning-al-wakrah/,2026-09-16T21:03:34,2026-09-22T06:12:21
10878,publish,city-template,glass-facade-cleaning-al-wakrah,شركة تنظيف واجهات زجاجية في الوكرة,https://www.rukn-eltatawer.com/qa/glass-facade-cleaning-al-wakrah/,2026-09-16T21:03:34,2026-09-22T06:12:25
10870,publish,city-template,marble-polishing-al-wakrah,شركة تنظيف أرضيات رخام وجلي رخام في الوكرة,https://www.rukn-eltatawer.com/qa/marble-polishing-al-wakrah/,2026-09-16T21:03:34,2026-09-22T06:12:30
10862,publish,city-template,mattress-cleaning-al-wakrah,شركة تنظيف مراتب في الوكرة,https://www.rukn-eltatawer.com/qa/mattress-cleaning-al-wakrah/,2026-09-16T21:03:34,2026-09-22T06:12:35
10854,publish,city-template,curtain-cleaning-al-wakrah,شركة تنظيف ستائر في الوكرة,https://www.rukn-eltatawer.com/qa/curtain-cleaning-al-wakrah/,2026-09-16T21:03:34,2026-09-22T06:12:40
10846,publish,city-template,sofa-cleaning-al-wakrah,شركة تنظيف كنب في الوكرة,https://www.rukn-eltatawer.com/qa/sofa-cleaning-al-wakrah/,2026-09-16T21:03:34,2026-09-22T06:12:45
10838,publish,city-template,moquette-cleaning-al-wakrah,شركة تنظيف موكيت في الوكرة,https://www.rukn-eltatawer.com/qa/moquette-cleaning-al-wakrah/,2026-09-16T21:03:34,2026-09-22T06:12:50
10830,publish,city-template,carpet-cleaning-al-wakrah,شركة تنظيف سجاد في الوكرة,https://www.rukn-eltatawer.com/qa/carpet-cleaning-al-wakrah/,2026-09-16T21:03:34,2026-09-22T06:12:55
10822,publish,city-template,diesel-tank-cleaning-al-wakrah,شركة تنظيف خزانات ديزل في الوكرة,https://www.rukn-eltatawer.com/qa/diesel-tank-cleaning-al-wakrah/,2026-09-16T21:03:34,2026-09-22T06:12:59
10814,publish,city-template,water-tank-cleaning-al-wakrah,شركة تنظيف خزانات مياه في الوكرة,https://www.rukn-eltatawer.com/qa/water-tank-cleaning-al-wakrah/,2026-09-16T21:03:34,2026-09-22T06:13:04
10806,publish,city-template,bathroom-cleaning-al-wakrah,شركة تنظيف حمامات في الوكرة,https://www.rukn-eltatawer.com/qa/bathroom-cleaning-al-wakrah/,2026-09-16T21:03:34,2026-09-22T06:13:08
10798,publish,city-template,kitchen-cleaning-al-wakrah,شركة تنظيف مطابخ في الوكرة,https://www.rukn-eltatawer.com/qa/kitchen-cleaning-al-wakrah/,2026-09-16T21:03:34,2026-09-22T06:13:14
10790,publish,city-template,pool-cleaning-al-wakrah,شركة تنظيف مسابح في الوكرة,https://www.rukn-eltatawer.com/qa/pool-cleaning-al-wakrah/,2026-09-16T21:03:34,2026-09-22T06:13:19
10782,publish,city-template,mall-cleaning-al-wakrah,شركة تنظيف محلات تجارية ومولات في الوكرة,https://www.rukn-eltatawer.com/qa/mall-cleaning-al-wakrah/,2026-09-16T21:03:34,2026-09-22T06:13:24
10742,publish,city-template,palace-cleaning-al-wakrah,شركة تنظيف قصور في الوكرة,https://www.rukn-eltatawer.com/qa/palace-cleaning-al-wakrah/,2026-09-16T21:03:34,2026-09-22T06:13:29
10726,publish,city-template,apartment-cleaning-al-wakrah,شركة تنظيف شقق في الوكرة,https://www.rukn-eltatawer.com/qa/apartment-cleaning-al-wakrah/,2026-09-16T21:03:34,2026-09-22T06:13:33
12844,publish,city-template,ac-periodic-maintenance-contracts-al-shahaniya,شركة عقود صيانة تكييف دورية في الشحانية,https://www.rukn-eltatawer.com/qa/ac-periodic-maintenance-contracts-al-shahaniya/,2026-09-16T21:03:33,2026-09-22T06:13:38
12842,publish,city-template,ac-periodic-maintenance-contracts-al-shamal,شركة عقود صيانة تكييف دورية في الشمال,https://www.rukn-eltatawer.com/qa/ac-periodic-maintenance-contracts-al-shamal/,2026-09-16T21:03:33,2026-09-22T06:13:43
12831,publish,city-template,commercial-refrigeration-maintenance-al-wakrah,شركة صيانة ثلاجات وتبريد تجاري في الوكرة,https://www.rukn-eltatawer.com/qa/commercial-refrigeration-maintenance-al-wakrah/,2026-09-16T21:03:33,2026-09-22T06:13:48
12820,publish,city-template,new-central-ac-installation-al-shahaniya,شركة تركيب تكييف مركزي جديد في الشحانية,https://www.rukn-eltatawer.com/qa/new-central-ac-installation-al-shahaniya/,2026-09-16T21:03:33,2026-09-22T06:13:53
12818,publish,city-template,new-central-ac-installation-al-shamal,شركة تركيب تكييف مركزي جديد في الشمال,https://www.rukn-eltatawer.com/qa/new-central-ac-installation-al-shamal/,2026-09-16T21:03:33,2026-09-22T06:13:59
12737,publish,city-template,new-building-electrical-plumbing-umm-salal,شركة تأسيس كهرباء وسباكة لمبنى جديد في أم صلال,https://www.rukn-eltatawer.com/qa/new-building-electrical-plumbing-umm-salal/,2026-09-16T21:03:33,2026-09-22T06:14:04
12736,publish,city-template,new-building-electrical-plumbing-al-khor,شركة تأسيس كهرباء وسباكة لمبنى جديد في الخور,https://www.rukn-eltatawer.com/qa/new-building-electrical-plumbing-al-khor/,2026-09-16T21:03:33,2026-09-22T06:14:10
12713,publish,city-template,drainage-pipe-maintenance-umm-salal,شركة صيانة مواسير صرف صحي في أم صلال,https://www.rukn-eltatawer.com/qa/drainage-pipe-maintenance-umm-salal/,2026-09-16T21:03:33,2026-09-22T06:14:15
12712,publish,city-template,drainage-pipe-maintenance-al-khor,شركة صيانة مواسير صرف صحي في الخور,https://www.rukn-eltatawer.com/qa/drainage-pipe-maintenance-al-khor/,2026-09-16T21:03:33,2026-09-22T06:14:20
12689,publish,city-template,home-plumber-elec-umm-salal,شركة سباك منازل في أم صلال,https://www.rukn-eltatawer.com/qa/home-plumber-elec-umm-salal/,2026-09-16T21:03:33,2026-09-22T06:14:25
12688,publish,city-template,home-plumber-elec-al-khor,شركة سباك منازل في الخور,https://www.rukn-eltatawer.com/qa/home-plumber-elec-al-khor/,2026-09-16T21:03:33,2026-09-22T06:14:30
12588,publish,city-template,roof-insulation-painting-al-shahaniya,شركة عزل ودهان أسطح في الشحانية,https://www.rukn-eltatawer.com/qa/roof-insulation-painting-al-shahaniya/,2026-09-16T21:03:33,2026-09-22T06:14:39
12586,publish,city-template,roof-insulation-painting-al-shamal,شركة عزل ودهان أسطح في الشمال,https://www.rukn-eltatawer.com/qa/roof-insulation-painting-al-shamal/,2026-09-16T21:03:33,2026-09-22T06:14:44
12443,publish,city-template,ac-tech-al-daayen,فني تركيب وصيانة تكييف في الظعاين,https://www.rukn-eltatawer.com/qa/ac-tech-al-daayen/,2026-09-16T21:03:33,2026-09-22T06:14:49
12377,publish,city-template,home-plumber-umm-salal,سباك منازل في أم صلال,https://www.rukn-eltatawer.com/qa/home-plumber-umm-salal/,2026-09-16T21:03:33,2026-09-22T06:14:55
12376,publish,city-template,home-plumber-al-khor,سباك منازل في الخور,https://www.rukn-eltatawer.com/qa/home-plumber-al-khor/,2026-09-16T21:03:33,2026-09-22T06:14:59
12219,publish,city-template,solar-ac-installation-al-daayen,شركة تركيب أجهزة تكييف طاقة شمسية في الظعاين,https://www.rukn-eltatawer.com/qa/solar-ac-installation-al-daayen/,2026-09-16T21:03:33,2026-09-22T06:15:05
11753,publish,city-template,drain-unclogging-umm-salal,شركة تسليك مجاري في أم صلال,https://www.rukn-eltatawer.com/qa/drain-unclogging-umm-salal/,2026-09-16T21:03:33,2026-09-22T06:15:14
11752,publish,city-template,drain-unclogging-al-khor,شركة تسليك مجاري في الخور,https://www.rukn-eltatawer.com/qa/drain-unclogging-al-khor/,2026-09-16T21:03:33,2026-09-22T06:15:36
11660,publish,city-template,thermal-insulation-al-shahaniya,شركة عزل حراري في الشحانية,https://www.rukn-eltatawer.com/qa/thermal-insulation-al-shahaniya/,2026-09-16T21:03:33,2026-09-22T06:15:42
11658,publish,city-template,thermal-insulation-al-shamal,شركة عزل حراري في الشمال,https://www.rukn-eltatawer.com/qa/thermal-insulation-al-shamal/,2026-09-16T21:03:33,2026-09-22T06:15:47
11652,publish,city-template,kitchen-insulation-al-shahaniya,شركة عزل مطابخ في الشحانية,https://www.rukn-eltatawer.com/qa/kitchen-insulation-al-shahaniya/,2026-09-16T21:03:33,2026-09-22T06:15:51
11650,publish,city-template,kitchen-insulation-al-shamal,شركة عزل مطابخ في الشمال,https://www.rukn-eltatawer.com/qa/kitchen-insulation-al-shamal/,2026-09-16T21:03:33,2026-09-22T06:16:02
11178,publish,city-template,bathroom-insulation-al-shahaniya,شركة عزل حمامات في الشحانية,https://www.rukn-eltatawer.com/qa/bathroom-insulation-al-shahaniya/,2026-09-16T21:03:33,2026-09-22T06:16:11
11176,publish,city-template,bathroom-insulation-al-shamal,شركة عزل حمامات في الشمال,https://www.rukn-eltatawer.com/qa/bathroom-insulation-al-shamal/,2026-09-16T21:03:33,2026-09-22T06:16:16
11170,publish,city-template,tank-insulation-al-shahaniya,شركة عزل خزانات في الشحانية,https://www.rukn-eltatawer.com/qa/tank-insulation-al-shahaniya/,2026-09-16T21:03:33,2026-09-22T06:16:23
11168,publish,city-template,tank-insulation-al-shamal,شركة عزل خزانات في الشمال,https://www.rukn-eltatawer.com/qa/tank-insulation-al-shamal/,2026-09-16T21:03:33,2026-09-22T06:16:32
11162,publish,city-template,roof-insulation-al-shahaniya,شركة عزل أسطح في الشحانية,https://www.rukn-eltatawer.com/qa/roof-insulation-al-shahaniya/,2026-09-16T21:03:33,2026-09-22T06:16:43
11160,publish,city-template,roof-insulation-al-shamal,شركة عزل أسطح في الشمال,https://www.rukn-eltatawer.com/qa/roof-insulation-al-shamal/,2026-09-16T21:03:33,2026-09-22T06:16:47
11155,publish,city-template,ac-leak-detection-al-shahaniya,شركة كشف تسربات التكييف في الشحانية,https://www.rukn-eltatawer.com/qa/ac-leak-detection-al-shahaniya/,2026-09-16T21:03:33,2026-09-22T06:16:52
11153,publish,city-template,ac-leak-detection-al-shamal,شركة كشف تسربات التكييف في الشمال,https://www.rukn-eltatawer.com/qa/ac-leak-detection-al-shamal/,2026-09-16T21:03:33,2026-09-22T06:17:06
11147,publish,city-template,gas-leak-detection-al-shahaniya,شركة كشف تسربات الغاز في الشحانية,https://www.rukn-eltatawer.com/qa/gas-leak-detection-al-shahaniya/,2026-09-16T21:03:33,2026-09-22T06:17:11
11145,publish,city-template,gas-leak-detection-al-shamal,شركة كشف تسربات الغاز في الشمال,https://www.rukn-eltatawer.com/qa/gas-leak-detection-al-shamal/,2026-09-16T21:03:33,2026-09-22T06:17:18
10982,publish,city-template,elevator-maintenance-al-wakrah,شركة صيانة مصاعد في الوكرة,https://www.rukn-eltatawer.com/qa/elevator-maintenance-al-wakrah/,2026-09-16T21:03:33,2026-09-22T06:17:25
10974,publish,city-template,pool-maintenance-al-wakrah,شركة صيانة مسابح في الوكرة,https://www.rukn-eltatawer.com/qa/pool-maintenance-al-wakrah/,2026-09-16T21:03:33,2026-09-22T06:17:30
10970,publish,city-template,split-ac-maintenance-al-daayen,شركة صيانة مكيفات سبليت في الظعاين,https://www.rukn-eltatawer.com/qa/split-ac-maintenance-al-daayen/,2026-09-16T21:03:33,2026-09-22T06:17:36
10942,publish,city-template,electrical-maintenance-al-wakrah,شركة صيانة كهرباء في الوكرة,https://www.rukn-eltatawer.com/qa/electrical-maintenance-al-wakrah/,2026-09-16T21:03:33,2026-09-22T06:17:42
10934,publish,city-template,building-maintenance-al-wakrah,شركة صيانة مباني في الوكرة,https://www.rukn-eltatawer.com/qa/building-maintenance-al-wakrah/,2026-09-16T21:03:33,2026-09-22T06:17:48
10926,publish,city-template,general-maintenance-al-wakrah,شركة صيانة عامة في الوكرة,https://www.rukn-eltatawer.com/qa/general-maintenance-al-wakrah/,2026-09-16T21:03:33,2026-09-22T06:17:54
10914,publish,city-template,duct-cleaning-al-daayen,شركة تنظيف وصيانة دكتات المكيفات في الظعاين,https://www.rukn-eltatawer.com/qa/duct-cleaning-al-daayen/,2026-09-16T21:03:33,2026-09-22T06:17:59
12812,publish,city-template,ac-duct-maintenance-al-shahaniya,شركة صيانة دكتات التكييف في الشحانية,https://www.rukn-eltatawer.com/qa/ac-duct-maintenance-al-shahaniya/,2026-09-16T21:03:32,2026-09-22T06:18:08
12810,publish,city-template,ac-duct-maintenance-al-shamal,شركة صيانة دكتات التكييف في الشمال,https://www.rukn-eltatawer.com/qa/ac-duct-maintenance-al-shamal/,2026-09-16T21:03:32,2026-09-22T06:18:14
12804,publish,city-template,ac-relocation-installation-al-shahaniya,شركة نقل وتركيب مكيفات في الشحانية,https://www.rukn-eltatawer.com/qa/ac-relocation-installation-al-shahaniya/,2026-09-16T21:03:32,2026-09-22T06:18:21
12802,publish,city-template,ac-relocation-installation-al-shamal,شركة نقل وتركيب مكيفات في الشمال,https://www.rukn-eltatawer.com/qa/ac-relocation-installation-al-shamal/,2026-09-16T21:03:32,2026-09-22T06:18:30
12796,publish,city-template,ac-cleaning-washing-al-shahaniya,شركة غسيل وتنظيف مكيفات في الشحانية,https://www.rukn-eltatawer.com/qa/ac-cleaning-washing-al-shahaniya/,2026-09-16T21:03:32,2026-09-22T06:18:56
12794,publish,city-template,ac-cleaning-washing-al-shamal,شركة غسيل وتنظيف مكيفات في الشمال,https://www.rukn-eltatawer.com/qa/ac-cleaning-washing-al-shamal/,2026-09-16T21:03:32,2026-09-22T06:19:07
12751,publish,city-template,central-heater-installation-maintenance-al-wakrah,شركة تركيب وصيانة سخانات مركزية في الوكرة,https://www.rukn-eltatawer.com/qa/central-heater-installation-maintenance-al-wakrah/,2026-09-16T21:03:32,2026-09-22T06:19:13
12743,publish,city-template,water-pump-maintenance-al-wakrah,شركة صيانة مضخات مياه في الوكرة,https://www.rukn-eltatawer.com/qa/water-pump-maintenance-al-wakrah/,2026-09-16T21:03:32,2026-09-22T06:21:04
12655,publish,city-template,electric-panel-maintenance-al-wakrah,شركة صيانة لوحات كهرباء في الوكرة,https://www.rukn-eltatawer.com/qa/electric-panel-maintenance-al-wakrah/,2026-09-16T21:03:32,2026-09-22T06:30:23
12639,publish,city-template,post-leak-repaint-maintenance-al-wakrah,شركة صيانة ودهان بعد التسريبات في الوكرة,https://www.rukn-eltatawer.com/qa/post-leak-repaint-maintenance-al-wakrah/,2026-09-16T21:03:32,2026-09-22T06:30:27
11711,publish,city-template,building-renovation-al-wakrah,شركة ترميم وصيانة مباني في الوكرة,https://www.rukn-eltatawer.com/qa/building-renovation-al-wakrah/,2026-09-16T21:03:32,2026-09-22T06:30:31
11676,publish,city-template,soundproofing-al-shahaniya,شركة عزل صوتي في الشحانية,https://www.rukn-eltatawer.com/qa/soundproofing-al-shahaniya/,2026-09-16T21:03:32,2026-09-22T06:30:33
11674,publish,city-template,soundproofing-al-shamal,شركة عزل صوتي في الشمال,https://www.rukn-eltatawer.com/qa/soundproofing-al-shamal/,2026-09-16T21:03:32,2026-09-22T06:30:34
11668,publish,city-template,waterproofing-al-shahaniya,شركة عزل مائي في الشحانية,https://www.rukn-eltatawer.com/qa/waterproofing-al-shahaniya/,2026-09-16T21:03:32,2026-09-22T06:30:36
11666,publish,city-template,waterproofing-al-shamal,شركة عزل مائي في الشمال,https://www.rukn-eltatawer.com/qa/waterproofing-al-shamal/,2026-09-16T21:03:32,2026-09-22T06:30:38
11126,publish,city-template,air-purification-al-wakrah,شركة تركيب وصيانة أنظمة تنقية الهواء في الوكرة,https://www.rukn-eltatawer.com/qa/air-purification-al-wakrah/,2026-09-16T21:03:32,2026-09-22T06:30:40
11110,publish,city-template,water-filters-al-wakrah,شركة تركيب وصيانة فلاتر مياه في الوكرة,https://www.rukn-eltatawer.com/qa/water-filters-al-wakrah/,2026-09-16T21:03:32,2026-09-22T06:30:42
11102,publish,city-template,ro-plants-al-wakrah,شركة تركيب وصيانة محطات تحلية المياه في الوكرة,https://www.rukn-eltatawer.com/qa/ro-plants-al-wakrah/,2026-09-16T21:03:32,2026-09-22T06:30:43
11094,publish,city-template,water-pumps-al-wakrah,شركة تركيب وصيانة مضخات مياه وصرف صحي في الوكرة,https://www.rukn-eltatawer.com/qa/water-pumps-al-wakrah/,2026-09-16T21:03:32,2026-09-22T06:30:45
11086,publish,city-template,kitchen-hoods-al-wakrah,شركة تركيب وصيانة شفاطات مطابخ في الوكرة,https://www.rukn-eltatawer.com/qa/kitchen-hoods-al-wakrah/,2026-09-16T21:03:32,2026-09-22T06:30:47
11078,publish,city-template,vacuum-maintenance-al-wakrah,شركة صيانة مكانس كهربائية في الوكرة,https://www.rukn-eltatawer.com/qa/vacuum-maintenance-al-wakrah/,2026-09-16T21:03:32,2026-09-22T06:30:49
11070,publish,city-template,water-cooler-maintenance-al-wakrah,شركة صيانة مبردات مياه في الوكرة,https://www.rukn-eltatawer.com/qa/water-cooler-maintenance-al-wakrah/,2026-09-16T21:03:32,2026-09-22T06:30:51
11062,publish,city-template,water-heater-maintenance-al-wakrah,شركة صيانة سخانات في الوكرة,https://www.rukn-eltatawer.com/qa/water-heater-maintenance-al-wakrah/,2026-09-16T21:03:32,2026-09-22T06:30:52
11054,publish,city-template,microwave-maintenance-al-wakrah,شركة صيانة ميكروويف في الوكرة,https://www.rukn-eltatawer.com/qa/microwave-maintenance-al-wakrah/,2026-09-16T21:03:32,2026-09-22T06:30:54
11046,publish,city-template,dryer-maintenance-al-wakrah,شركة صيانة نشافات في الوكرة,https://www.rukn-eltatawer.com/qa/dryer-maintenance-al-wakrah/,2026-09-16T21:03:32,2026-09-22T06:30:56
11038,publish,city-template,washer-maintenance-al-wakrah,شركة صيانة غسالات في الوكرة,https://www.rukn-eltatawer.com/qa/washer-maintenance-al-wakrah/,2026-09-16T21:03:32,2026-09-22T06:30:57
11030,publish,city-template,fridge-maintenance-al-wakrah,شركة صيانة ثلاجات في الوكرة,https://www.rukn-eltatawer.com/qa/fridge-maintenance-al-wakrah/,2026-09-16T21:03:32,2026-09-22T06:30:59
11022,publish,city-template,appliance-maintenance-al-wakrah,شركة صيانة الأجهزة الكهربائية في الوكرة,https://www.rukn-eltatawer.com/qa/appliance-maintenance-al-wakrah/,2026-09-16T21:03:32,2026-09-22T06:31:01
11014,publish,city-template,stove-maintenance-al-wakrah,شركة صيانة بوتاجازات في الوكرة,https://www.rukn-eltatawer.com/qa/stove-maintenance-al-wakrah/,2026-09-16T21:03:32,2026-09-22T06:31:03
11006,publish,city-template,oven-maintenance-al-wakrah,شركة صيانة أفران في الوكرة,https://www.rukn-eltatawer.com/qa/oven-maintenance-al-wakrah/,2026-09-16T21:03:32,2026-09-22T06:31:05
10998,publish,city-template,automatic-doors-maintenance-al-wakrah,شركة صيانة أبواب أوتوماتيكية في الوكرة,https://www.rukn-eltatawer.com/qa/automatic-doors-maintenance-al-wakrah/,2026-09-16T21:03:32,2026-09-22T06:31:07
10990,publish,city-template,cctv-maintenance-al-wakrah,شركة صيانة كاميرات مراقبة في الوكرة,https://www.rukn-eltatawer.com/qa/cctv-maintenance-al-wakrah/,2026-09-16T21:03:32,2026-09-22T06:31:09
10880,publish,city-template,glass-facade-cleaning-umm-salal,شركة تنظيف واجهات زجاجية في أم صلال,https://www.rukn-eltatawer.com/qa/glass-facade-cleaning-umm-salal/,2026-09-16T21:03:32,2026-09-22T06:31:11
10879,publish,city-template,glass-facade-cleaning-al-khor,شركة تنظيف واجهات زجاجية في الخور,https://www.rukn-eltatawer.com/qa/glass-facade-cleaning-al-khor/,2026-09-16T21:03:32,2026-09-22T06:31:12
10872,publish,city-template,marble-polishing-umm-salal,شركة تنظيف أرضيات رخام وجلي رخام في أم صلال,https://www.rukn-eltatawer.com/qa/marble-polishing-umm-salal/,2026-09-16T21:03:32,2026-09-22T06:31:14
10736,publish,city-template,villa-cleaning-umm-salal,شركة تنظيف فلل في أم صلال,https://www.rukn-eltatawer.com/qa/villa-cleaning-umm-salal/,2026-09-16T21:03:32,2026-09-22T06:31:16
10735,publish,city-template,villa-cleaning-al-khor,شركة تنظيف فلل في الخور,https://www.rukn-eltatawer.com/qa/villa-cleaning-al-khor/,2026-09-16T21:03:32,2026-09-22T06:31:18
10720,publish,city-template,home-cleaning-umm-salal,شركة تنظيف منازل في أم صلال,https://www.rukn-eltatawer.com/qa/home-cleaning-umm-salal/,2026-09-16T21:03:32,2026-09-22T06:31:20
10719,publish,city-template,home-cleaning-al-khor,شركة تنظيف منازل في الخور,https://www.rukn-eltatawer.com/qa/home-cleaning-al-khor/,2026-09-16T21:03:32,2026-09-22T06:31:22
12833,publish,city-template,commercial-refrigeration-maintenance-umm-salal,شركة صيانة ثلاجات وتبريد تجاري في أم صلال,https://www.rukn-eltatawer.com/qa/commercial-refrigeration-maintenance-umm-salal/,2026-09-16T21:03:31,2026-09-22T06:31:23
12788,publish,city-template,ac-freon-refill-al-shahaniya,شركة تعبئة فريون مكيفات في الشحانية,https://www.rukn-eltatawer.com/qa/ac-freon-refill-al-shahaniya/,2026-09-16T21:03:31,2026-09-22T06:31:25
12786,publish,city-template,ac-freon-refill-al-shamal,شركة تعبئة فريون مكيفات في الشمال,https://www.rukn-eltatawer.com/qa/ac-freon-refill-al-shamal/,2026-09-16T21:03:31,2026-09-22T06:31:27
12780,publish,city-template,window-ac-installation-al-shahaniya,شركة تركيب وحدات تكييف نافذة في الشحانية,https://www.rukn-eltatawer.com/qa/window-ac-installation-al-shahaniya/,2026-09-16T21:03:31,2026-09-22T06:31:29
12778,publish,city-template,window-ac-installation-al-shamal,شركة تركيب وحدات تكييف نافذة في الشمال,https://www.rukn-eltatawer.com/qa/window-ac-installation-al-shamal/,2026-09-16T21:03:31,2026-09-22T06:31:31
12772,publish,city-template,split-ac-installation-al-shahaniya,شركة تركيب مكيفات سبليت في الشحانية,https://www.rukn-eltatawer.com/qa/split-ac-installation-al-shahaniya/,2026-09-16T21:03:31,2026-09-22T06:31:33
12770,publish,city-template,split-ac-installation-al-shamal,شركة تركيب مكيفات سبليت في الشمال,https://www.rukn-eltatawer.com/qa/split-ac-installation-al-shamal/,2026-09-16T21:03:31,2026-09-22T06:31:35
12444,publish,city-template,ac-tech-al-shahaniya,فني تركيب وصيانة تكييف في الشحانية,https://www.rukn-eltatawer.com/qa/ac-tech-al-shahaniya/,2026-09-16T21:03:31,2026-09-22T06:31:37
12442,publish,city-template,ac-tech-al-shamal,فني تركيب وصيانة تكييف في الشمال,https://www.rukn-eltatawer.com/qa/ac-tech-al-shamal/,2026-09-16T21:03:31,2026-09-22T06:31:39
12259,publish,city-template,cockroach-control-al-daayen,شركة مكافحة الصراصير في الظعاين,https://www.rukn-eltatawer.com/qa/cockroach-control-al-daayen/,2026-09-16T21:03:31,2026-09-22T06:31:41
12243,publish,city-template,termite-control-al-daayen,شركة مكافحة النمل الأبيض (الرمة) في الظعاين,https://www.rukn-eltatawer.com/qa/termite-control-al-daayen/,2026-09-16T21:03:31,2026-09-22T06:31:42
12235,publish,city-template,flying-pest-control-al-daayen,شركة مكافحة الحشرات الطائرة في الظعاين,https://www.rukn-eltatawer.com/qa/flying-pest-control-al-daayen/,2026-09-16T21:03:31,2026-09-22T06:31:44
12227,publish,city-template,crawling-pest-control-al-daayen,شركة مكافحة الحشرات الزاحفة في الظعاين,https://www.rukn-eltatawer.com/qa/crawling-pest-control-al-daayen/,2026-09-16T21:03:31,2026-09-22T06:31:46
12220,publish,city-template,solar-ac-installation-al-shahaniya,شركة تركيب أجهزة تكييف طاقة شمسية في الشحانية,https://www.rukn-eltatawer.com/qa/solar-ac-installation-al-shahaniya/,2026-09-16T21:03:31,2026-09-22T06:31:48
12218,publish,city-template,solar-ac-installation-al-shamal,شركة تركيب أجهزة تكييف طاقة شمسية في الشمال,https://www.rukn-eltatawer.com/qa/solar-ac-installation-al-shamal/,2026-09-16T21:03:31,2026-09-22T06:31:51
12057,publish,city-template,garden-cleaning-umm-salal,شركة تنظيف وتزيين الحدائق في أم صلال,https://www.rukn-eltatawer.com/qa/garden-cleaning-umm-salal/,2026-09-16T21:03:31,2026-09-22T06:31:53
12056,publish,city-template,garden-cleaning-al-khor,شركة تنظيف وتزيين الحدائق في الخور,https://www.rukn-eltatawer.com/qa/garden-cleaning-al-khor/,2026-09-16T21:03:31,2026-09-22T06:31:55
10971,publish,city-template,split-ac-maintenance-al-shahaniya,شركة صيانة مكيفات سبليت في الشحانية,https://www.rukn-eltatawer.com/qa/split-ac-maintenance-al-shahaniya/,2026-09-16T21:03:31,2026-09-22T06:31:57
10969,publish,city-template,split-ac-maintenance-al-shamal,شركة صيانة مكيفات سبليت في الشمال,https://www.rukn-eltatawer.com/qa/split-ac-maintenance-al-shamal/,2026-09-16T21:03:31,2026-09-22T06:31:59
10963,publish,city-template,central-ac-maintenance-al-shahaniya,شركة صيانة تكييف مركزي في الشحانية,https://www.rukn-eltatawer.com/qa/central-ac-maintenance-al-shahaniya/,2026-09-16T21:03:31,2026-09-22T06:32:00
10961,publish,city-template,central-ac-maintenance-al-shamal,شركة صيانة تكييف مركزي في الشمال,https://www.rukn-eltatawer.com/qa/central-ac-maintenance-al-shamal/,2026-09-16T21:03:31,2026-09-22T06:32:02
10920,publish,city-template,chimney-cleaning-umm-salal,شركة تنظيف المداخن والشفاطات في أم صلال,https://www.rukn-eltatawer.com/qa/chimney-cleaning-umm-salal/,2026-09-16T21:03:31,2026-09-22T06:32:05
10919,publish,city-template,chimney-cleaning-al-khor,شركة تنظيف المداخن والشفاطات في الخور,https://www.rukn-eltatawer.com/qa/chimney-cleaning-al-khor/,2026-09-16T21:03:31,2026-09-22T06:32:07
10904,publish,city-template,deep-cleaning-umm-salal,شركة تنظيف وتعقيم شامل في أم صلال,https://www.rukn-eltatawer.com/qa/deep-cleaning-umm-salal/,2026-09-16T21:03:31,2026-09-22T06:32:08
10903,publish,city-template,deep-cleaning-al-khor,شركة تنظيف وتعقيم شامل في الخور,https://www.rukn-eltatawer.com/qa/deep-cleaning-al-khor/,2026-09-16T21:03:31,2026-09-22T06:32:10
10896,publish,city-template,garage-cleaning-umm-salal,شركة تنظيف كراجات ومواقف سيارات في أم صلال,https://www.rukn-eltatawer.com/qa/garage-cleaning-umm-salal/,2026-09-16T21:03:31,2026-09-22T06:32:12
10895,publish,city-template,garage-cleaning-al-khor,شركة تنظيف كراجات ومواقف سيارات في الخور,https://www.rukn-eltatawer.com/qa/garage-cleaning-al-khor/,2026-09-16T21:03:31,2026-09-22T06:32:14
10888,publish,city-template,stone-facade-cleaning-umm-salal,شركة تنظيف واجهات حجرية في أم صلال,https://www.rukn-eltatawer.com/qa/stone-facade-cleaning-umm-salal/,2026-09-16T21:03:31,2026-09-22T06:32:16
10887,publish,city-template,stone-facade-cleaning-al-khor,شركة تنظيف واجهات حجرية في الخور,https://www.rukn-eltatawer.com/qa/stone-facade-cleaning-al-khor/,2026-09-16T21:03:31,2026-09-22T06:32:18
10783,publish,city-template,mall-cleaning-al-khor,شركة تنظيف محلات تجارية ومولات في الخور,https://www.rukn-eltatawer.com/qa/mall-cleaning-al-khor/,2026-09-16T21:03:31,2026-09-22T06:32:20
10760,publish,city-template,majlis-cleaning-umm-salal,شركة تنظيف مجالس في أم صلال,https://www.rukn-eltatawer.com/qa/majlis-cleaning-umm-salal/,2026-09-16T21:03:31,2026-09-22T06:32:22
10759,publish,city-template,majlis-cleaning-al-khor,شركة تنظيف مجالس في الخور,https://www.rukn-eltatawer.com/qa/majlis-cleaning-al-khor/,2026-09-16T21:03:31,2026-09-22T06:32:24
10752,publish,city-template,office-cleaning-umm-salal,شركة تنظيف مكاتب في أم صلال,https://www.rukn-eltatawer.com/qa/office-cleaning-umm-salal/,2026-09-16T21:03:31,2026-09-22T06:32:26
10751,publish,city-template,office-cleaning-al-khor,شركة تنظيف مكاتب في الخور,https://www.rukn-eltatawer.com/qa/office-cleaning-al-khor/,2026-09-16T21:03:31,2026-09-22T06:32:28
10744,publish,city-template,palace-cleaning-umm-salal,شركة تنظيف قصور في أم صلال,https://www.rukn-eltatawer.com/qa/palace-cleaning-umm-salal/,2026-09-16T21:03:31,2026-09-22T06:32:30
12832,publish,city-template,commercial-refrigeration-maintenance-al-khor,شركة صيانة ثلاجات وتبريد تجاري في الخور,https://www.rukn-eltatawer.com/qa/commercial-refrigeration-maintenance-al-khor/,2026-09-16T21:03:30,2026-09-22T06:32:32
12763,publish,city-template,plumbing-fault-repair-al-daayen,شركة كشف وإصلاح أعطال السباكة في الظعاين,https://www.rukn-eltatawer.com/qa/plumbing-fault-repair-al-daayen/,2026-09-16T21:03:30,2026-09-22T06:32:34
12753,publish,city-template,central-heater-installation-maintenance-umm-salal,شركة تركيب وصيانة سخانات مركزية في أم صلال,https://www.rukn-eltatawer.com/qa/central-heater-installation-maintenance-umm-salal/,2026-09-16T21:03:30,2026-09-22T06:32:36
12752,publish,city-template,central-heater-installation-maintenance-al-khor,شركة تركيب وصيانة سخانات مركزية في الخور,https://www.rukn-eltatawer.com/qa/central-heater-installation-maintenance-al-khor/,2026-09-16T21:03:30,2026-09-22T06:32:37
12745,publish,city-template,water-pump-maintenance-umm-salal,شركة صيانة مضخات مياه في أم صلال,https://www.rukn-eltatawer.com/qa/water-pump-maintenance-umm-salal/,2026-09-16T21:03:30,2026-09-22T06:32:39
12739,publish,city-template,new-building-electrical-plumbing-al-daayen,شركة تأسيس كهرباء وسباكة لمبنى جديد في الظعاين,https://www.rukn-eltatawer.com/qa/new-building-electrical-plumbing-al-daayen/,2026-09-16T21:03:30,2026-09-22T06:32:42
11119,publish,city-template,tank-water-chiller-al-khor,شركة تركيب وصيانة أجهزة تبريد مياه الخزانات في الخور,https://www.rukn-eltatawer.com/qa/tank-water-chiller-al-khor/,2026-09-16T21:03:30,2026-09-22T06:32:44
11112,publish,city-template,water-filters-umm-salal,شركة تركيب وصيانة فلاتر مياه في أم صلال,https://www.rukn-eltatawer.com/qa/water-filters-umm-salal/,2026-09-16T21:03:30,2026-09-22T06:32:45
11111,publish,city-template,water-filters-al-khor,شركة تركيب وصيانة فلاتر مياه في الخور,https://www.rukn-eltatawer.com/qa/water-filters-al-khor/,2026-09-16T21:03:30,2026-09-22T06:32:47
10954,publish,city-template,plumbing-maintenance-al-daayen,شركة صيانة سباكة في الظعاين,https://www.rukn-eltatawer.com/qa/plumbing-maintenance-al-daayen/,2026-09-16T21:03:30,2026-09-22T06:32:49
10936,publish,city-template,building-maintenance-umm-salal,شركة صيانة مباني في أم صلال,https://www.rukn-eltatawer.com/qa/building-maintenance-umm-salal/,2026-09-16T21:03:30,2026-09-22T06:32:51
10935,publish,city-template,building-maintenance-al-khor,شركة صيانة مباني في الخور,https://www.rukn-eltatawer.com/qa/building-maintenance-al-khor/,2026-09-16T21:03:30,2026-09-22T06:32:53
10928,publish,city-template,general-maintenance-umm-salal,شركة صيانة عامة في أم صلال,https://www.rukn-eltatawer.com/qa/general-maintenance-umm-salal/,2026-09-16T21:03:30,2026-09-22T06:32:55
10927,publish,city-template,general-maintenance-al-khor,شركة صيانة عامة في الخور,https://www.rukn-eltatawer.com/qa/general-maintenance-al-khor/,2026-09-16T21:03:30,2026-09-22T06:32:57
10915,publish,city-template,duct-cleaning-al-shahaniya,شركة تنظيف وصيانة دكتات المكيفات في الشحانية,https://www.rukn-eltatawer.com/qa/duct-cleaning-al-shahaniya/,2026-09-16T21:03:30,2026-09-22T06:32:59
10913,publish,city-template,duct-cleaning-al-shamal,شركة تنظيف وصيانة دكتات المكيفات في الشمال,https://www.rukn-eltatawer.com/qa/duct-cleaning-al-shamal/,2026-09-16T21:03:30,2026-09-22T06:33:01
10871,publish,city-template,marble-polishing-al-khor,شركة تنظيف أرضيات رخام وجلي رخام في الخور,https://www.rukn-eltatawer.com/qa/marble-polishing-al-khor/,2026-09-16T21:03:30,2026-09-22T06:33:03
10864,publish,city-template,mattress-cleaning-umm-salal,شركة تنظيف مراتب في أم صلال,https://www.rukn-eltatawer.com/qa/mattress-cleaning-umm-salal/,2026-09-16T21:03:30,2026-09-22T06:33:05
10863,publish,city-template,mattress-cleaning-al-khor,شركة تنظيف مراتب في الخور,https://www.rukn-eltatawer.com/qa/mattress-cleaning-al-khor/,2026-09-16T21:03:30,2026-09-22T06:33:07
10856,publish,city-template,curtain-cleaning-umm-salal,شركة تنظيف ستائر في أم صلال,https://www.rukn-eltatawer.com/qa/curtain-cleaning-umm-salal/,2026-09-16T21:03:30,2026-09-22T06:33:09
10855,publish,city-template,curtain-cleaning-al-khor,شركة تنظيف ستائر في الخور,https://www.rukn-eltatawer.com/qa/curtain-cleaning-al-khor/,2026-09-16T21:03:30,2026-09-22T06:33:11
10848,publish,city-template,sofa-cleaning-umm-salal,شركة تنظيف كنب في أم صلال,https://www.rukn-eltatawer.com/qa/sofa-cleaning-umm-salal/,2026-09-16T21:03:30,2026-09-22T06:33:13
10847,publish,city-template,sofa-cleaning-al-khor,شركة تنظيف كنب في الخور,https://www.rukn-eltatawer.com/qa/sofa-cleaning-al-khor/,2026-09-16T21:03:30,2026-09-22T06:33:15
10840,publish,city-template,moquette-cleaning-umm-salal,شركة تنظيف موكيت في أم صلال,https://www.rukn-eltatawer.com/qa/moquette-cleaning-umm-salal/,2026-09-16T21:03:30,2026-09-22T06:33:17
10839,publish,city-template,moquette-cleaning-al-khor,شركة تنظيف موكيت في الخور,https://www.rukn-eltatawer.com/qa/moquette-cleaning-al-khor/,2026-09-16T21:03:30,2026-09-22T06:33:19
10832,publish,city-template,carpet-cleaning-umm-salal,شركة تنظيف سجاد في أم صلال,https://www.rukn-eltatawer.com/qa/carpet-cleaning-umm-salal/,2026-09-16T21:03:30,2026-09-22T06:33:21
10831,publish,city-template,carpet-cleaning-al-khor,شركة تنظيف سجاد في الخور,https://www.rukn-eltatawer.com/qa/carpet-cleaning-al-khor/,2026-09-16T21:03:30,2026-09-22T06:33:23
10824,publish,city-template,diesel-tank-cleaning-umm-salal,شركة تنظيف خزانات ديزل في أم صلال,https://www.rukn-eltatawer.com/qa/diesel-tank-cleaning-umm-salal/,2026-09-16T21:03:30,2026-09-22T06:33:25
10823,publish,city-template,diesel-tank-cleaning-al-khor,شركة تنظيف خزانات ديزل في الخور,https://www.rukn-eltatawer.com/qa/diesel-tank-cleaning-al-khor/,2026-09-16T21:03:30,2026-09-22T06:33:27
10816,publish,city-template,water-tank-cleaning-umm-salal,شركة تنظيف خزانات مياه في أم صلال,https://www.rukn-eltatawer.com/qa/water-tank-cleaning-umm-salal/,2026-09-16T21:03:30,2026-09-22T06:33:29
10815,publish,city-template,water-tank-cleaning-al-khor,شركة تنظيف خزانات مياه في الخور,https://www.rukn-eltatawer.com/qa/water-tank-cleaning-al-khor/,2026-09-16T21:03:30,2026-09-22T06:33:31
10808,publish,city-template,bathroom-cleaning-umm-salal,شركة تنظيف حمامات في أم صلال,https://www.rukn-eltatawer.com/qa/bathroom-cleaning-umm-salal/,2026-09-16T21:03:30,2026-09-22T06:33:33
10807,publish,city-template,bathroom-cleaning-al-khor,شركة تنظيف حمامات في الخور,https://www.rukn-eltatawer.com/qa/bathroom-cleaning-al-khor/,2026-09-16T21:03:30,2026-09-22T06:33:36
10800,publish,city-template,kitchen-cleaning-umm-salal,شركة تنظيف مطابخ في أم صلال,https://www.rukn-eltatawer.com/qa/kitchen-cleaning-umm-salal/,2026-09-16T21:03:30,2026-09-22T06:33:38
10799,publish,city-template,kitchen-cleaning-al-khor,شركة تنظيف مطابخ في الخور,https://www.rukn-eltatawer.com/qa/kitchen-cleaning-al-khor/,2026-09-16T21:03:30,2026-09-22T06:33:40
10792,publish,city-template,pool-cleaning-umm-salal,شركة تنظيف مسابح في أم صلال,https://www.rukn-eltatawer.com/qa/pool-cleaning-umm-salal/,2026-09-16T21:03:30,2026-09-22T06:33:42
10791,publish,city-template,pool-cleaning-al-khor,شركة تنظيف مسابح في الخور,https://www.rukn-eltatawer.com/qa/pool-cleaning-al-khor/,2026-09-16T21:03:30,2026-09-22T06:33:44
10784,publish,city-template,mall-cleaning-umm-salal,شركة تنظيف محلات تجارية ومولات في أم صلال,https://www.rukn-eltatawer.com/qa/mall-cleaning-umm-salal/,2026-09-16T21:03:30,2026-09-22T06:33:46
11120,publish,city-template,tank-water-chiller-umm-salal,شركة تركيب وصيانة أجهزة تبريد مياه الخزانات في أم صلال,https://www.rukn-eltatawer.com/qa/tank-water-chiller-umm-salal/,2026-09-16T21:03:29,2026-09-22T06:33:49
10743,publish,city-template,palace-cleaning-al-khor,شركة تنظيف قصور في الخور,https://www.rukn-eltatawer.com/qa/palace-cleaning-al-khor/,2026-09-16T21:03:29,2026-09-22T06:33:51
10728,publish,city-template,apartment-cleaning-umm-salal,شركة تنظيف شقق في أم صلال,https://www.rukn-eltatawer.com/qa/apartment-cleaning-umm-salal/,2026-09-16T21:03:29,2026-09-22T06:33:53
10727,publish,city-template,apartment-cleaning-al-khor,شركة تنظيف شقق في الخور,https://www.rukn-eltatawer.com/qa/apartment-cleaning-al-khor/,2026-09-16T21:03:29,2026-09-22T06:33:55
10369,publish,national,shrkh-tkhzyn-bdaya-fy-qtr,شركة تخزين بضائع في قطر,https://www.rukn-eltatawer.com/qa/shrkh-tkhzyn-bdaya-fy-qtr/,2026-09-16T20:44:25,2026-09-16T20:49:33
10368,publish,national,shrkh-tkhzyn-athath-fy-qtr,شركة تخزين أثاث في قطر,https://www.rukn-eltatawer.com/qa/shrkh-tkhzyn-athath-fy-qtr/,2026-09-16T20:44:25,2026-09-16T20:49:33
10258,publish,national,house-cleaning-in-qatar,شركة تنظيف منازل في قطر,https://www.rukn-eltatawer.com/qa/house-cleaning-in-qatar/,2026-09-16T20:44:25,2026-09-16T20:49:33
10272,publish,national,cockroach-control-in-qatar,شركة مكافحة الصراصير في قطر,https://www.rukn-eltatawer.com/qa/cockroach-control-in-qatar/,2026-09-16T20:44:24,2026-09-16T20:49:34
11140,publish,allowlisted,gas-leak-detection-doha,شركة كشف تسربات الغاز في الدوحة,https://www.rukn-eltatawer.com/qa/gas-leak-detection-doha/,2026-09-16T20:44:23,2026-09-22T06:33:57
3182,publish,allowlisted,sewerage-company-in-doha,شركة تسليك مجاري في الدوحة,https://www.rukn-eltatawer.com/qa/sewerage-company-in-doha/,2026-09-16T20:44:23,2026-09-22T06:34:00
12744,publish,city-template,water-pump-maintenance-al-khor,شركة صيانة مضخات مياه في الخور,https://www.rukn-eltatawer.com/qa/water-pump-maintenance-al-khor/,2026-09-16T02:31:12,2026-09-22T06:34:02
12715,publish,city-template,drainage-pipe-maintenance-al-daayen,شركة صيانة مواسير صرف صحي في الظعاين,https://www.rukn-eltatawer.com/qa/drainage-pipe-maintenance-al-daayen/,2026-09-16T02:31:12,2026-09-22T06:34:04
12691,publish,city-template,home-plumber-elec-al-daayen,شركة سباك منازل في الظعاين,https://www.rukn-eltatawer.com/qa/home-plumber-elec-al-daayen/,2026-09-16T02:31:12,2026-09-22T06:34:06
12657,publish,city-template,electric-panel-maintenance-umm-salal,شركة صيانة لوحات كهرباء في أم صلال,https://www.rukn-eltatawer.com/qa/electric-panel-maintenance-umm-salal/,2026-09-16T02:31:12,2026-09-22T06:34:09
12656,publish,city-template,electric-panel-maintenance-al-khor,شركة صيانة لوحات كهرباء في الخور,https://www.rukn-eltatawer.com/qa/electric-panel-maintenance-al-khor/,2026-09-16T02:31:12,2026-09-22T06:34:11
12641,publish,city-template,post-leak-repaint-maintenance-umm-salal,شركة صيانة ودهان بعد التسريبات في أم صلال,https://www.rukn-eltatawer.com/qa/post-leak-repaint-maintenance-umm-salal/,2026-09-16T02:31:12,2026-09-22T06:34:14
12640,publish,city-template,post-leak-repaint-maintenance-al-khor,شركة صيانة ودهان بعد التسريبات في الخور,https://www.rukn-eltatawer.com/qa/post-leak-repaint-maintenance-al-khor/,2026-09-16T02:31:12,2026-09-22T06:34:16
12379,publish,city-template,home-plumber-al-daayen,سباك منازل في الظعاين,https://www.rukn-eltatawer.com/qa/home-plumber-al-daayen/,2026-09-16T02:31:12,2026-09-22T06:34:18
12260,publish,city-template,cockroach-control-al-shahaniya,شركة مكافحة الصراصير في الشحانية,https://www.rukn-eltatawer.com/qa/cockroach-control-al-shahaniya/,2026-09-16T02:31:12,2026-09-22T06:34:20
12258,publish,city-template,cockroach-control-al-shamal,شركة مكافحة الصراصير في الشمال,https://www.rukn-eltatawer.com/qa/cockroach-control-al-shamal/,2026-09-16T02:31:12,2026-09-22T06:34:22
12244,publish,city-template,termite-control-al-shahaniya,شركة مكافحة النمل الأبيض (الرمة) في الشحانية,https://www.rukn-eltatawer.com/qa/termite-control-al-shahaniya/,2026-09-16T02:31:12,2026-09-22T06:34:25
12242,publish,city-template,termite-control-al-shamal,شركة مكافحة النمل الأبيض (الرمة) في الشمال,https://www.rukn-eltatawer.com/qa/termite-control-al-shamal/,2026-09-16T02:31:12,2026-09-22T06:34:27
12236,publish,city-template,flying-pest-control-al-shahaniya,شركة مكافحة الحشرات الطائرة في الشحانية,https://www.rukn-eltatawer.com/qa/flying-pest-control-al-shahaniya/,2026-09-16T02:31:12,2026-09-22T06:34:29
12764,publish,city-template,plumbing-fault-repair-al-shahaniya,شركة كشف وإصلاح أعطال السباكة في الشحانية,https://www.rukn-eltatawer.com/qa/plumbing-fault-repair-al-shahaniya/,2026-09-16T02:31:11,2026-09-22T06:34:32
12762,publish,city-template,plumbing-fault-repair-al-shamal,شركة كشف وإصلاح أعطال السباكة في الشمال,https://www.rukn-eltatawer.com/qa/plumbing-fault-repair-al-shamal/,2026-09-16T02:31:11,2026-09-22T06:34:34
12740,publish,city-template,new-building-electrical-plumbing-al-shahaniya,شركة تأسيس كهرباء وسباكة لمبنى جديد في الشحانية,https://www.rukn-eltatawer.com/qa/new-building-electrical-plumbing-al-shahaniya/,2026-09-16T02:31:11,2026-09-22T06:34:37
12738,publish,city-template,new-building-electrical-plumbing-al-shamal,شركة تأسيس كهرباء وسباكة لمبنى جديد في الشمال,https://www.rukn-eltatawer.com/qa/new-building-electrical-plumbing-al-shamal/,2026-09-16T02:31:11,2026-09-22T06:34:39
12716,publish,city-template,drainage-pipe-maintenance-al-shahaniya,شركة صيانة مواسير صرف صحي في الشحانية,https://www.rukn-eltatawer.com/qa/drainage-pipe-maintenance-al-shahaniya/,2026-09-16T02:31:11,2026-09-22T06:34:41
12714,publish,city-template,drainage-pipe-maintenance-al-shamal,شركة صيانة مواسير صرف صحي في الشمال,https://www.rukn-eltatawer.com/qa/drainage-pipe-maintenance-al-shamal/,2026-09-16T02:31:11,2026-09-22T06:34:44
12692,publish,city-template,home-plumber-elec-al-shahaniya,شركة سباك منازل في الشحانية,https://www.rukn-eltatawer.com/qa/home-plumber-elec-al-shahaniya/,2026-09-16T02:31:11,2026-09-22T06:34:46
12690,publish,city-template,home-plumber-elec-al-shamal,شركة سباك منازل في الشمال,https://www.rukn-eltatawer.com/qa/home-plumber-elec-al-shamal/,2026-09-16T02:31:11,2026-09-22T06:34:48
12380,publish,city-template,home-plumber-al-shahaniya,سباك منازل في الشحانية,https://www.rukn-eltatawer.com/qa/home-plumber-al-shahaniya/,2026-09-16T02:31:11,2026-09-22T06:34:51
11104,publish,city-template,ro-plants-umm-salal,شركة تركيب وصيانة محطات تحلية المياه في أم صلال,https://www.rukn-eltatawer.com/qa/ro-plants-umm-salal/,2026-09-16T02:31:11,2026-09-22T06:34:53
11103,publish,city-template,ro-plants-al-khor,شركة تركيب وصيانة محطات تحلية المياه في الخور,https://www.rukn-eltatawer.com/qa/ro-plants-al-khor/,2026-09-16T02:31:11,2026-09-22T06:34:55
11096,publish,city-template,water-pumps-umm-salal,شركة تركيب وصيانة مضخات مياه وصرف صحي في أم صلال,https://www.rukn-eltatawer.com/qa/water-pumps-umm-salal/,2026-09-16T02:31:11,2026-09-22T06:34:57
11095,publish,city-template,water-pumps-al-khor,شركة تركيب وصيانة مضخات مياه وصرف صحي في الخور,https://www.rukn-eltatawer.com/qa/water-pumps-al-khor/,2026-09-16T02:31:11,2026-09-22T06:35:00
11088,publish,city-template,kitchen-hoods-umm-salal,شركة تركيب وصيانة شفاطات مطابخ في أم صلال,https://www.rukn-eltatawer.com/qa/kitchen-hoods-umm-salal/,2026-09-16T02:31:11,2026-09-22T06:35:02
11087,publish,city-template,kitchen-hoods-al-khor,شركة تركيب وصيانة شفاطات مطابخ في الخور,https://www.rukn-eltatawer.com/qa/kitchen-hoods-al-khor/,2026-09-16T02:31:11,2026-09-22T06:35:04
11080,publish,city-template,vacuum-maintenance-umm-salal,شركة صيانة مكانس كهربائية في أم صلال,https://www.rukn-eltatawer.com/qa/vacuum-maintenance-umm-salal/,2026-09-16T02:31:11,2026-09-22T06:35:07
11079,publish,city-template,vacuum-maintenance-al-khor,شركة صيانة مكانس كهربائية في الخور,https://www.rukn-eltatawer.com/qa/vacuum-maintenance-al-khor/,2026-09-16T02:31:11,2026-09-22T06:35:09
11072,publish,city-template,water-cooler-maintenance-umm-salal,شركة صيانة مبردات مياه في أم صلال,https://www.rukn-eltatawer.com/qa/water-cooler-maintenance-umm-salal/,2026-09-16T02:31:11,2026-09-22T06:35:12
11071,publish,city-template,water-cooler-maintenance-al-khor,شركة صيانة مبردات مياه في الخور,https://www.rukn-eltatawer.com/qa/water-cooler-maintenance-al-khor/,2026-09-16T02:31:11,2026-09-22T06:35:14
11064,publish,city-template,water-heater-maintenance-umm-salal,شركة صيانة سخانات في أم صلال,https://www.rukn-eltatawer.com/qa/water-heater-maintenance-umm-salal/,2026-09-16T02:31:11,2026-09-22T06:35:16
11063,publish,city-template,water-heater-maintenance-al-khor,شركة صيانة سخانات في الخور,https://www.rukn-eltatawer.com/qa/water-heater-maintenance-al-khor/,2026-09-16T02:31:11,2026-09-22T06:35:19
11056,publish,city-template,microwave-maintenance-umm-salal,شركة صيانة ميكروويف في أم صلال,https://www.rukn-eltatawer.com/qa/microwave-maintenance-umm-salal/,2026-09-16T02:31:11,2026-09-22T06:35:21
11055,publish,city-template,microwave-maintenance-al-khor,شركة صيانة ميكروويف في الخور,https://www.rukn-eltatawer.com/qa/microwave-maintenance-al-khor/,2026-09-16T02:31:11,2026-09-22T06:35:24
11048,publish,city-template,dryer-maintenance-umm-salal,شركة صيانة نشافات في أم صلال,https://www.rukn-eltatawer.com/qa/dryer-maintenance-umm-salal/,2026-09-16T02:31:11,2026-09-22T06:35:26
11047,publish,city-template,dryer-maintenance-al-khor,شركة صيانة نشافات في الخور,https://www.rukn-eltatawer.com/qa/dryer-maintenance-al-khor/,2026-09-16T02:31:11,2026-09-22T06:35:28
11040,publish,city-template,washer-maintenance-umm-salal,شركة صيانة غسالات في أم صلال,https://www.rukn-eltatawer.com/qa/washer-maintenance-umm-salal/,2026-09-16T02:31:11,2026-09-22T06:35:31
11039,publish,city-template,washer-maintenance-al-khor,شركة صيانة غسالات في الخور,https://www.rukn-eltatawer.com/qa/washer-maintenance-al-khor/,2026-09-16T02:31:11,2026-09-22T06:35:35
11032,publish,city-template,fridge-maintenance-umm-salal,شركة صيانة ثلاجات في أم صلال,https://www.rukn-eltatawer.com/qa/fridge-maintenance-umm-salal/,2026-09-16T02:31:11,2026-09-22T06:35:38
11031,publish,city-template,fridge-maintenance-al-khor,شركة صيانة ثلاجات في الخور,https://www.rukn-eltatawer.com/qa/fridge-maintenance-al-khor/,2026-09-16T02:31:11,2026-09-22T06:35:41
11024,publish,city-template,appliance-maintenance-umm-salal,شركة صيانة الأجهزة الكهربائية في أم صلال,https://www.rukn-eltatawer.com/qa/appliance-maintenance-umm-salal/,2026-09-16T02:31:11,2026-09-22T06:35:45
11023,publish,city-template,appliance-maintenance-al-khor,شركة صيانة الأجهزة الكهربائية في الخور,https://www.rukn-eltatawer.com/qa/appliance-maintenance-al-khor/,2026-09-16T02:31:11,2026-09-22T06:35:48
11016,publish,city-template,stove-maintenance-umm-salal,شركة صيانة بوتاجازات في أم صلال,https://www.rukn-eltatawer.com/qa/stove-maintenance-umm-salal/,2026-09-16T02:31:11,2026-09-22T06:35:52
12378,publish,city-template,home-plumber-al-shamal,سباك منازل في الشمال,https://www.rukn-eltatawer.com/qa/home-plumber-al-shamal/,2026-09-16T02:31:10,2026-09-22T06:35:54
12059,publish,city-template,garden-cleaning-al-daayen,شركة تنظيف وتزيين الحدائق في الظعاين,https://www.rukn-eltatawer.com/qa/garden-cleaning-al-daayen/,2026-09-16T02:31:10,2026-09-22T06:35:57
11756,publish,city-template,drain-unclogging-al-shahaniya,شركة تسليك مجاري في الشحانية,https://www.rukn-eltatawer.com/qa/drain-unclogging-al-shahaniya/,2026-09-16T02:31:10,2026-09-22T06:36:00
11754,publish,city-template,drain-unclogging-al-shamal,شركة تسليك مجاري في الشمال,https://www.rukn-eltatawer.com/qa/drain-unclogging-al-shamal/,2026-09-16T02:31:10,2026-09-22T06:36:04
11747,publish,city-template,septic-tank-emptying-al-daayen,شركة شفط بيارات في الظعاين,https://www.rukn-eltatawer.com/qa/septic-tank-emptying-al-daayen/,2026-09-16T02:31:10,2026-09-22T06:36:07
11691,publish,city-template,tank-lining-maintenance-al-daayen,شركة تبطين وصيانة خزانات مياه في الظعاين,https://www.rukn-eltatawer.com/qa/tank-lining-maintenance-al-daayen/,2026-09-16T02:31:10,2026-09-22T06:36:11
11122,publish,city-template,tank-water-chiller-al-daayen,شركة تركيب وصيانة أجهزة تبريد مياه الخزانات في الظعاين,https://www.rukn-eltatawer.com/qa/tank-water-chiller-al-daayen/,2026-09-16T02:31:10,2026-09-22T06:36:14
11015,publish,city-template,stove-maintenance-al-khor,شركة صيانة بوتاجازات في الخور,https://www.rukn-eltatawer.com/qa/stove-maintenance-al-khor/,2026-09-16T02:31:10,2026-09-22T06:36:17
11008,publish,city-template,oven-maintenance-umm-salal,شركة صيانة أفران في أم صلال,https://www.rukn-eltatawer.com/qa/oven-maintenance-umm-salal/,2026-09-16T02:31:10,2026-09-22T06:36:20
11007,publish,city-template,oven-maintenance-al-khor,شركة صيانة أفران في الخور,https://www.rukn-eltatawer.com/qa/oven-maintenance-al-khor/,2026-09-16T02:31:10,2026-09-22T06:36:24
11000,publish,city-template,automatic-doors-maintenance-umm-salal,شركة صيانة أبواب أوتوماتيكية في أم صلال,https://www.rukn-eltatawer.com/qa/automatic-doors-maintenance-umm-salal/,2026-09-16T02:31:10,2026-09-22T06:36:27
10999,publish,city-template,automatic-doors-maintenance-al-khor,شركة صيانة أبواب أوتوماتيكية في الخور,https://www.rukn-eltatawer.com/qa/automatic-doors-maintenance-al-khor/,2026-09-16T02:31:10,2026-09-22T06:36:31
10992,publish,city-template,cctv-maintenance-umm-salal,شركة صيانة كاميرات مراقبة في أم صلال,https://www.rukn-eltatawer.com/qa/cctv-maintenance-umm-salal/,2026-09-16T02:31:10,2026-09-22T06:36:34
10991,publish,city-template,cctv-maintenance-al-khor,شركة صيانة كاميرات مراقبة في الخور,https://www.rukn-eltatawer.com/qa/cctv-maintenance-al-khor/,2026-09-16T02:31:10,2026-09-22T06:36:39
10984,publish,city-template,elevator-maintenance-umm-salal,شركة صيانة مصاعد في أم صلال,https://www.rukn-eltatawer.com/qa/elevator-maintenance-umm-salal/,2026-09-16T02:31:10,2026-09-22T06:36:43
10983,publish,city-template,elevator-maintenance-al-khor,شركة صيانة مصاعد في الخور,https://www.rukn-eltatawer.com/qa/elevator-maintenance-al-khor/,2026-09-16T02:31:10,2026-09-22T06:36:48
10976,publish,city-template,pool-maintenance-umm-salal,شركة صيانة مسابح في أم صلال,https://www.rukn-eltatawer.com/qa/pool-maintenance-umm-salal/,2026-09-16T02:31:10,2026-09-22T06:36:51
10975,publish,city-template,pool-maintenance-al-khor,شركة صيانة مسابح في الخور,https://www.rukn-eltatawer.com/qa/pool-maintenance-al-khor/,2026-09-16T02:31:10,2026-09-22T06:36:56
10955,publish,city-template,plumbing-maintenance-al-shahaniya,شركة صيانة سباكة في الشحانية,https://www.rukn-eltatawer.com/qa/plumbing-maintenance-al-shahaniya/,2026-09-16T02:31:10,2026-09-22T06:37:02
10953,publish,city-template,plumbing-maintenance-al-shamal,شركة صيانة سباكة في الشمال,https://www.rukn-eltatawer.com/qa/plumbing-maintenance-al-shamal/,2026-09-16T02:31:10,2026-09-22T06:37:07
10944,publish,city-template,electrical-maintenance-umm-salal,شركة صيانة كهرباء في أم صلال,https://www.rukn-eltatawer.com/qa/electrical-maintenance-umm-salal/,2026-09-16T02:31:10,2026-09-22T06:37:11
10943,publish,city-template,electrical-maintenance-al-khor,شركة صيانة كهرباء في الخور,https://www.rukn-eltatawer.com/qa/electrical-maintenance-al-khor/,2026-09-16T02:31:10,2026-09-22T06:37:15
10930,publish,city-template,general-maintenance-al-daayen,شركة صيانة عامة في الظعاين,https://www.rukn-eltatawer.com/qa/general-maintenance-al-daayen/,2026-09-16T02:31:10,2026-09-22T06:37:20
10922,publish,city-template,chimney-cleaning-al-daayen,شركة تنظيف المداخن والشفاطات في الظعاين,https://www.rukn-eltatawer.com/qa/chimney-cleaning-al-daayen/,2026-09-16T02:31:10,2026-09-22T06:37:24
10906,publish,city-template,deep-cleaning-al-daayen,شركة تنظيف وتعقيم شامل في الظعاين,https://www.rukn-eltatawer.com/qa/deep-cleaning-al-daayen/,2026-09-16T02:31:10,2026-09-22T06:37:29
10898,publish,city-template,garage-cleaning-al-daayen,شركة تنظيف كراجات ومواقف سيارات في الظعاين,https://www.rukn-eltatawer.com/qa/garage-cleaning-al-daayen/,2026-09-16T02:31:10,2026-09-22T06:37:34
10890,publish,city-template,stone-facade-cleaning-al-daayen,شركة تنظيف واجهات حجرية في الظعاين,https://www.rukn-eltatawer.com/qa/stone-facade-cleaning-al-daayen/,2026-09-16T02:31:10,2026-09-22T06:37:38
10882,publish,city-template,glass-facade-cleaning-al-daayen,شركة تنظيف واجهات زجاجية في الظعاين,https://www.rukn-eltatawer.com/qa/glass-facade-cleaning-al-daayen/,2026-09-16T02:31:10,2026-09-22T06:37:42
10874,publish,city-template,marble-polishing-al-daayen,شركة تنظيف أرضيات رخام وجلي رخام في الظعاين,https://www.rukn-eltatawer.com/qa/marble-polishing-al-daayen/,2026-09-16T02:31:10,2026-09-22T06:37:50
10866,publish,city-template,mattress-cleaning-al-daayen,شركة تنظيف مراتب في الظعاين,https://www.rukn-eltatawer.com/qa/mattress-cleaning-al-daayen/,2026-09-16T02:31:10,2026-09-22T06:37:54
10858,publish,city-template,curtain-cleaning-al-daayen,شركة تنظيف ستائر في الظعاين,https://www.rukn-eltatawer.com/qa/curtain-cleaning-al-daayen/,2026-09-16T02:31:10,2026-09-22T06:38:13
10850,publish,city-template,sofa-cleaning-al-daayen,شركة تنظيف كنب في الظعاين,https://www.rukn-eltatawer.com/qa/sofa-cleaning-al-daayen/,2026-09-16T02:31:10,2026-09-22T06:38:17
10842,publish,city-template,moquette-cleaning-al-daayen,شركة تنظيف موكيت في الظعاين,https://www.rukn-eltatawer.com/qa/moquette-cleaning-al-daayen/,2026-09-16T02:31:10,2026-09-22T06:38:23
10834,publish,city-template,carpet-cleaning-al-daayen,شركة تنظيف سجاد في الظعاين,https://www.rukn-eltatawer.com/qa/carpet-cleaning-al-daayen/,2026-09-16T02:31:10,2026-09-22T06:38:27
10826,publish,city-template,diesel-tank-cleaning-al-daayen,شركة تنظيف خزانات ديزل في الظعاين,https://www.rukn-eltatawer.com/qa/diesel-tank-cleaning-al-daayen/,2026-09-16T02:31:10,2026-09-22T06:38:33
10738,publish,city-template,villa-cleaning-al-daayen,شركة تنظيف فلل في الظعاين,https://www.rukn-eltatawer.com/qa/villa-cleaning-al-daayen/,2026-09-16T02:31:10,2026-09-22T06:38:37
10722,publish,city-template,home-cleaning-al-daayen,شركة تنظيف منازل في الظعاين,https://www.rukn-eltatawer.com/qa/home-cleaning-al-daayen/,2026-09-16T02:31:10,2026-09-22T06:38:45
12060,publish,city-template,garden-cleaning-al-shahaniya,شركة تنظيف وتزيين الحدائق في الشحانية,https://www.rukn-eltatawer.com/qa/garden-cleaning-al-shahaniya/,2026-09-16T02:31:09,2026-09-22T06:38:50
12058,publish,city-template,garden-cleaning-al-shamal,شركة تنظيف وتزيين الحدائق في الشمال,https://www.rukn-eltatawer.com/qa/garden-cleaning-al-shamal/,2026-09-16T02:31:09,2026-09-22T06:39:07
10938,publish,city-template,building-maintenance-al-daayen,شركة صيانة مباني في الظعاين,https://www.rukn-eltatawer.com/qa/building-maintenance-al-daayen/,2026-09-16T02:31:09,2026-09-22T06:39:17
10923,publish,city-template,chimney-cleaning-al-shahaniya,شركة تنظيف المداخن والشفاطات في الشحانية,https://www.rukn-eltatawer.com/qa/chimney-cleaning-al-shahaniya/,2026-09-16T02:31:09,2026-09-22T06:39:24
10921,publish,city-template,chimney-cleaning-al-shamal,شركة تنظيف المداخن والشفاطات في الشمال,https://www.rukn-eltatawer.com/qa/chimney-cleaning-al-shamal/,2026-09-16T02:31:09,2026-09-22T06:39:27
10907,publish,city-template,deep-cleaning-al-shahaniya,شركة تنظيف وتعقيم شامل في الشحانية,https://www.rukn-eltatawer.com/qa/deep-cleaning-al-shahaniya/,2026-09-16T02:31:09,2026-09-22T06:39:31
10905,publish,city-template,deep-cleaning-al-shamal,شركة تنظيف وتعقيم شامل في الشمال,https://www.rukn-eltatawer.com/qa/deep-cleaning-al-shamal/,2026-09-16T02:31:09,2026-09-22T06:39:34
10899,publish,city-template,garage-cleaning-al-shahaniya,شركة تنظيف كراجات ومواقف سيارات في الشحانية,https://www.rukn-eltatawer.com/qa/garage-cleaning-al-shahaniya/,2026-09-16T02:31:09,2026-09-22T06:39:41
10897,publish,city-template,garage-cleaning-al-shamal,شركة تنظيف كراجات ومواقف سيارات في الشمال,https://www.rukn-eltatawer.com/qa/garage-cleaning-al-shamal/,2026-09-16T02:31:09,2026-09-22T06:39:45
10891,publish,city-template,stone-facade-cleaning-al-shahaniya,شركة تنظيف واجهات حجرية في الشحانية,https://www.rukn-eltatawer.com/qa/stone-facade-cleaning-al-shahaniya/,2026-09-16T02:31:09,2026-09-22T06:39:50
10889,publish,city-template,stone-facade-cleaning-al-shamal,شركة تنظيف واجهات حجرية في الشمال,https://www.rukn-eltatawer.com/qa/stone-facade-cleaning-al-shamal/,2026-09-16T02:31:09,2026-09-22T06:39:55
10883,publish,city-template,glass-facade-cleaning-al-shahaniya,شركة تنظيف واجهات زجاجية في الشحانية,https://www.rukn-eltatawer.com/qa/glass-facade-cleaning-al-shahaniya/,2026-09-16T02:31:09,2026-09-22T06:39:58
10881,publish,city-template,glass-facade-cleaning-al-shamal,شركة تنظيف واجهات زجاجية في الشمال,https://www.rukn-eltatawer.com/qa/glass-facade-cleaning-al-shamal/,2026-09-16T02:31:09,2026-09-22T06:40:02
10875,publish,city-template,marble-polishing-al-shahaniya,شركة تنظيف أرضيات رخام وجلي رخام في الشحانية,https://www.rukn-eltatawer.com/qa/marble-polishing-al-shahaniya/,2026-09-16T02:31:09,2026-09-22T06:40:13
10873,publish,city-template,marble-polishing-al-shamal,شركة تنظيف أرضيات رخام وجلي رخام في الشمال,https://www.rukn-eltatawer.com/qa/marble-polishing-al-shamal/,2026-09-16T02:31:09,2026-09-22T06:40:16
10867,publish,city-template,mattress-cleaning-al-shahaniya,شركة تنظيف مراتب في الشحانية,https://www.rukn-eltatawer.com/qa/mattress-cleaning-al-shahaniya/,2026-09-16T02:31:09,2026-09-22T06:40:21
10865,publish,city-template,mattress-cleaning-al-shamal,شركة تنظيف مراتب في الشمال,https://www.rukn-eltatawer.com/qa/mattress-cleaning-al-shamal/,2026-09-16T02:31:09,2026-09-22T06:40:26
10859,publish,city-template,curtain-cleaning-al-shahaniya,شركة تنظيف ستائر في الشحانية,https://www.rukn-eltatawer.com/qa/curtain-cleaning-al-shahaniya/,2026-09-16T02:31:09,2026-09-22T06:40:31
10857,publish,city-template,curtain-cleaning-al-shamal,شركة تنظيف ستائر في الشمال,https://www.rukn-eltatawer.com/qa/curtain-cleaning-al-shamal/,2026-09-16T02:31:09,2026-09-22T06:40:46
10851,publish,city-template,sofa-cleaning-al-shahaniya,شركة تنظيف كنب في الشحانية,https://www.rukn-eltatawer.com/qa/sofa-cleaning-al-shahaniya/,2026-09-16T02:31:09,2026-09-22T06:40:54
10849,publish,city-template,sofa-cleaning-al-shamal,شركة تنظيف كنب في الشمال,https://www.rukn-eltatawer.com/qa/sofa-cleaning-al-shamal/,2026-09-16T02:31:09,2026-09-22T06:40:59
10843,publish,city-template,moquette-cleaning-al-shahaniya,شركة تنظيف موكيت في الشحانية,https://www.rukn-eltatawer.com/qa/moquette-cleaning-al-shahaniya/,2026-09-16T02:31:09,2026-09-22T06:41:04
10841,publish,city-template,moquette-cleaning-al-shamal,شركة تنظيف موكيت في الشمال,https://www.rukn-eltatawer.com/qa/moquette-cleaning-al-shamal/,2026-09-16T02:31:09,2026-09-22T06:41:08
10818,publish,city-template,water-tank-cleaning-al-daayen,شركة تنظيف خزانات مياه في الظعاين,https://www.rukn-eltatawer.com/qa/water-tank-cleaning-al-daayen/,2026-09-16T02:31:09,2026-09-22T06:41:16
10810,publish,city-template,bathroom-cleaning-al-daayen,شركة تنظيف حمامات في الظعاين,https://www.rukn-eltatawer.com/qa/bathroom-cleaning-al-daayen/,2026-09-16T02:31:09,2026-09-22T06:41:25
10802,publish,city-template,kitchen-cleaning-al-daayen,شركة تنظيف مطابخ في الظعاين,https://www.rukn-eltatawer.com/qa/kitchen-cleaning-al-daayen/,2026-09-16T02:31:09,2026-09-22T06:41:33
10794,publish,city-template,pool-cleaning-al-daayen,شركة تنظيف مسابح في الظعاين,https://www.rukn-eltatawer.com/qa/pool-cleaning-al-daayen/,2026-09-16T02:31:09,2026-09-22T06:41:40
10786,publish,city-template,mall-cleaning-al-daayen,شركة تنظيف محلات تجارية ومولات في الظعاين,https://www.rukn-eltatawer.com/qa/mall-cleaning-al-daayen/,2026-09-16T02:31:09,2026-09-22T06:41:46
10762,publish,city-template,majlis-cleaning-al-daayen,شركة تنظيف مجالس في الظعاين,https://www.rukn-eltatawer.com/qa/majlis-cleaning-al-daayen/,2026-09-16T02:31:09,2026-09-22T06:41:51
10754,publish,city-template,office-cleaning-al-daayen,شركة تنظيف مكاتب في الظعاين,https://www.rukn-eltatawer.com/qa/office-cleaning-al-daayen/,2026-09-16T02:31:09,2026-09-22T06:42:21
10746,publish,city-template,palace-cleaning-al-daayen,شركة تنظيف قصور في الظعاين,https://www.rukn-eltatawer.com/qa/palace-cleaning-al-daayen/,2026-09-16T02:31:09,2026-09-22T06:42:30
10739,publish,city-template,villa-cleaning-al-shahaniya,شركة تنظيف فلل في الشحانية,https://www.rukn-eltatawer.com/qa/villa-cleaning-al-shahaniya/,2026-09-16T02:31:09,2026-09-22T06:42:44
10730,publish,city-template,apartment-cleaning-al-daayen,شركة تنظيف شقق في الظعاين,https://www.rukn-eltatawer.com/qa/apartment-cleaning-al-daayen/,2026-09-16T02:31:09,2026-09-22T06:42:58
10723,publish,city-template,home-cleaning-al-shahaniya,شركة تنظيف منازل في الشحانية,https://www.rukn-eltatawer.com/qa/home-cleaning-al-shahaniya/,2026-09-16T02:31:09,2026-09-22T06:49:41
10721,publish,city-template,home-cleaning-al-shamal,شركة تنظيف منازل في الشمال,https://www.rukn-eltatawer.com/qa/home-cleaning-al-shamal/,2026-09-16T02:31:09,2026-09-22T06:49:43
12835,publish,city-template,commercial-refrigeration-maintenance-al-daayen,شركة صيانة ثلاجات وتبريد تجاري في الظعاين,https://www.rukn-eltatawer.com/qa/commercial-refrigeration-maintenance-al-daayen/,2026-09-16T02:31:08,2026-09-22T06:49:46
12755,publish,city-template,central-heater-installation-maintenance-al-daayen,شركة تركيب وصيانة سخانات مركزية في الظعاين,https://www.rukn-eltatawer.com/qa/central-heater-installation-maintenance-al-daayen/,2026-09-16T02:31:08,2026-09-22T06:49:48
12747,publish,city-template,water-pump-maintenance-al-daayen,شركة صيانة مضخات مياه في الظعاين,https://www.rukn-eltatawer.com/qa/water-pump-maintenance-al-daayen/,2026-09-16T02:31:08,2026-09-22T06:49:50
12659,publish,city-template,electric-panel-maintenance-al-daayen,شركة صيانة لوحات كهرباء في الظعاين,https://www.rukn-eltatawer.com/qa/electric-panel-maintenance-al-daayen/,2026-09-16T02:31:08,2026-09-22T06:49:52
12643,publish,city-template,post-leak-repaint-maintenance-al-daayen,شركة صيانة ودهان بعد التسريبات في الظعاين,https://www.rukn-eltatawer.com/qa/post-leak-repaint-maintenance-al-daayen/,2026-09-16T02:31:08,2026-09-22T06:49:54
11748,publish,city-template,septic-tank-emptying-al-shahaniya,شركة شفط بيارات في الشحانية,https://www.rukn-eltatawer.com/qa/septic-tank-emptying-al-shahaniya/,2026-09-16T02:31:08,2026-09-22T06:49:56
11746,publish,city-template,septic-tank-emptying-al-shamal,شركة شفط بيارات في الشمال,https://www.rukn-eltatawer.com/qa/septic-tank-emptying-al-shamal/,2026-09-16T02:31:08,2026-09-22T06:49:57
11715,publish,city-template,building-renovation-al-daayen,شركة ترميم وصيانة مباني في الظعاين,https://www.rukn-eltatawer.com/qa/building-renovation-al-daayen/,2026-09-16T02:31:08,2026-09-22T06:49:59
11692,publish,city-template,tank-lining-maintenance-al-shahaniya,شركة تبطين وصيانة خزانات مياه في الشحانية,https://www.rukn-eltatawer.com/qa/tank-lining-maintenance-al-shahaniya/,2026-09-16T02:31:08,2026-09-22T06:50:01
11690,publish,city-template,tank-lining-maintenance-al-shamal,شركة تبطين وصيانة خزانات مياه في الشمال,https://www.rukn-eltatawer.com/qa/tank-lining-maintenance-al-shamal/,2026-09-16T02:31:08,2026-09-22T06:50:03
11130,publish,city-template,air-purification-al-daayen,شركة تركيب وصيانة أنظمة تنقية الهواء في الظعاين,https://www.rukn-eltatawer.com/qa/air-purification-al-daayen/,2026-09-16T02:31:08,2026-09-22T06:50:05
11123,publish,city-template,tank-water-chiller-al-shahaniya,شركة تركيب وصيانة أجهزة تبريد مياه الخزانات في الشحانية,https://www.rukn-eltatawer.com/qa/tank-water-chiller-al-shahaniya/,2026-09-16T02:31:08,2026-09-22T06:50:06
11121,publish,city-template,tank-water-chiller-al-shamal,شركة تركيب وصيانة أجهزة تبريد مياه الخزانات في الشمال,https://www.rukn-eltatawer.com/qa/tank-water-chiller-al-shamal/,2026-09-16T02:31:08,2026-09-22T06:50:08
11114,publish,city-template,water-filters-al-daayen,شركة تركيب وصيانة فلاتر مياه في الظعاين,https://www.rukn-eltatawer.com/qa/water-filters-al-daayen/,2026-09-16T02:31:08,2026-09-22T06:50:10
11106,publish,city-template,ro-plants-al-daayen,شركة تركيب وصيانة محطات تحلية المياه في الظعاين,https://www.rukn-eltatawer.com/qa/ro-plants-al-daayen/,2026-09-16T02:31:08,2026-09-22T06:50:12
11098,publish,city-template,water-pumps-al-daayen,شركة تركيب وصيانة مضخات مياه وصرف صحي في الظعاين,https://www.rukn-eltatawer.com/qa/water-pumps-al-daayen/,2026-09-16T02:31:08,2026-09-22T06:50:13
11090,publish,city-template,kitchen-hoods-al-daayen,شركة تركيب وصيانة شفاطات مطابخ في الظعاين,https://www.rukn-eltatawer.com/qa/kitchen-hoods-al-daayen/,2026-09-16T02:31:08,2026-09-22T06:50:15
11082,publish,city-template,vacuum-maintenance-al-daayen,شركة صيانة مكانس كهربائية في الظعاين,https://www.rukn-eltatawer.com/qa/vacuum-maintenance-al-daayen/,2026-09-16T02:31:08,2026-09-22T06:50:17
11074,publish,city-template,water-cooler-maintenance-al-daayen,شركة صيانة مبردات مياه في الظعاين,https://www.rukn-eltatawer.com/qa/water-cooler-maintenance-al-daayen/,2026-09-16T02:31:08,2026-09-22T06:50:19
11066,publish,city-template,water-heater-maintenance-al-daayen,شركة صيانة سخانات في الظعاين,https://www.rukn-eltatawer.com/qa/water-heater-maintenance-al-daayen/,2026-09-16T02:31:08,2026-09-22T06:50:21
10835,publish,city-template,carpet-cleaning-al-shahaniya,شركة تنظيف سجاد في الشحانية,https://www.rukn-eltatawer.com/qa/carpet-cleaning-al-shahaniya/,2026-09-16T02:31:08,2026-09-22T06:50:22
10833,publish,city-template,carpet-cleaning-al-shamal,شركة تنظيف سجاد في الشمال,https://www.rukn-eltatawer.com/qa/carpet-cleaning-al-shamal/,2026-09-16T02:31:08,2026-09-22T06:50:24
10827,publish,city-template,diesel-tank-cleaning-al-shahaniya,شركة تنظيف خزانات ديزل في الشحانية,https://www.rukn-eltatawer.com/qa/diesel-tank-cleaning-al-shahaniya/,2026-09-16T02:31:08,2026-09-22T06:50:26
10825,publish,city-template,diesel-tank-cleaning-al-shamal,شركة تنظيف خزانات ديزل في الشمال,https://www.rukn-eltatawer.com/qa/diesel-tank-cleaning-al-shamal/,2026-09-16T02:31:08,2026-09-22T06:50:28
10819,publish,city-template,water-tank-cleaning-al-shahaniya,شركة تنظيف خزانات مياه في الشحانية,https://www.rukn-eltatawer.com/qa/water-tank-cleaning-al-shahaniya/,2026-09-16T02:31:08,2026-09-22T06:50:30
10817,publish,city-template,water-tank-cleaning-al-shamal,شركة تنظيف خزانات مياه في الشمال,https://www.rukn-eltatawer.com/qa/water-tank-cleaning-al-shamal/,2026-09-16T02:31:08,2026-09-22T06:50:32
10811,publish,city-template,bathroom-cleaning-al-shahaniya,شركة تنظيف حمامات في الشحانية,https://www.rukn-eltatawer.com/qa/bathroom-cleaning-al-shahaniya/,2026-09-16T02:31:08,2026-09-22T06:50:33
10809,publish,city-template,bathroom-cleaning-al-shamal,شركة تنظيف حمامات في الشمال,https://www.rukn-eltatawer.com/qa/bathroom-cleaning-al-shamal/,2026-09-16T02:31:08,2026-09-22T06:50:35
10803,publish,city-template,kitchen-cleaning-al-shahaniya,شركة تنظيف مطابخ في الشحانية,https://www.rukn-eltatawer.com/qa/kitchen-cleaning-al-shahaniya/,2026-09-16T02:31:08,2026-09-22T06:50:38
10801,publish,city-template,kitchen-cleaning-al-shamal,شركة تنظيف مطابخ في الشمال,https://www.rukn-eltatawer.com/qa/kitchen-cleaning-al-shamal/,2026-09-16T02:31:08,2026-09-22T06:50:40
10795,publish,city-template,pool-cleaning-al-shahaniya,شركة تنظيف مسابح في الشحانية,https://www.rukn-eltatawer.com/qa/pool-cleaning-al-shahaniya/,2026-09-16T02:31:08,2026-09-22T06:50:42
10793,publish,city-template,pool-cleaning-al-shamal,شركة تنظيف مسابح في الشمال,https://www.rukn-eltatawer.com/qa/pool-cleaning-al-shamal/,2026-09-16T02:31:08,2026-09-22T06:50:44
10787,publish,city-template,mall-cleaning-al-shahaniya,شركة تنظيف محلات تجارية ومولات في الشحانية,https://www.rukn-eltatawer.com/qa/mall-cleaning-al-shahaniya/,2026-09-16T02:31:08,2026-09-22T06:50:46
10785,publish,city-template,mall-cleaning-al-shamal,شركة تنظيف محلات تجارية ومولات في الشمال,https://www.rukn-eltatawer.com/qa/mall-cleaning-al-shamal/,2026-09-16T02:31:08,2026-09-22T06:50:48
10737,publish,city-template,villa-cleaning-al-shamal,شركة تنظيف فلل في الشمال,https://www.rukn-eltatawer.com/qa/villa-cleaning-al-shamal/,2026-09-16T02:31:08,2026-09-22T06:50:50
12836,publish,city-template,commercial-refrigeration-maintenance-al-shahaniya,شركة صيانة ثلاجات وتبريد تجاري في الشحانية,https://www.rukn-eltatawer.com/qa/commercial-refrigeration-maintenance-al-shahaniya/,2026-09-16T02:31:07,2026-09-22T06:50:52
12834,publish,city-template,commercial-refrigeration-maintenance-al-shamal,شركة صيانة ثلاجات وتبريد تجاري في الشمال,https://www.rukn-eltatawer.com/qa/commercial-refrigeration-maintenance-al-shamal/,2026-09-16T02:31:07,2026-09-22T06:50:54
12756,publish,city-template,central-heater-installation-maintenance-al-shahaniya,شركة تركيب وصيانة سخانات مركزية في الشحانية,https://www.rukn-eltatawer.com/qa/central-heater-installation-maintenance-al-shahaniya/,2026-09-16T02:31:07,2026-09-22T06:50:55
12754,publish,city-template,central-heater-installation-maintenance-al-shamal,شركة تركيب وصيانة سخانات مركزية في الشمال,https://www.rukn-eltatawer.com/qa/central-heater-installation-maintenance-al-shamal/,2026-09-16T02:31:07,2026-09-22T06:50:57
12748,publish,city-template,water-pump-maintenance-al-shahaniya,شركة صيانة مضخات مياه في الشحانية,https://www.rukn-eltatawer.com/qa/water-pump-maintenance-al-shahaniya/,2026-09-16T02:31:07,2026-09-22T06:50:59
12746,publish,city-template,water-pump-maintenance-al-shamal,شركة صيانة مضخات مياه في الشمال,https://www.rukn-eltatawer.com/qa/water-pump-maintenance-al-shamal/,2026-09-16T02:31:07,2026-09-22T06:51:01
12660,publish,city-template,electric-panel-maintenance-al-shahaniya,شركة صيانة لوحات كهرباء في الشحانية,https://www.rukn-eltatawer.com/qa/electric-panel-maintenance-al-shahaniya/,2026-09-16T02:31:07,2026-09-22T06:51:03
12658,publish,city-template,electric-panel-maintenance-al-shamal,شركة صيانة لوحات كهرباء في الشمال,https://www.rukn-eltatawer.com/qa/electric-panel-maintenance-al-shamal/,2026-09-16T02:31:07,2026-09-22T06:51:05
12644,publish,city-template,post-leak-repaint-maintenance-al-shahaniya,شركة صيانة ودهان بعد التسريبات في الشحانية,https://www.rukn-eltatawer.com/qa/post-leak-repaint-maintenance-al-shahaniya/,2026-09-16T02:31:07,2026-09-22T06:51:07
12642,publish,city-template,post-leak-repaint-maintenance-al-shamal,شركة صيانة ودهان بعد التسريبات في الشمال,https://www.rukn-eltatawer.com/qa/post-leak-repaint-maintenance-al-shamal/,2026-09-16T02:31:07,2026-09-22T06:51:09
11716,publish,city-template,building-renovation-al-shahaniya,شركة ترميم وصيانة مباني في الشحانية,https://www.rukn-eltatawer.com/qa/building-renovation-al-shahaniya/,2026-09-16T02:31:07,2026-09-22T06:51:11
11714,publish,city-template,building-renovation-al-shamal,شركة ترميم وصيانة مباني في الشمال,https://www.rukn-eltatawer.com/qa/building-renovation-al-shamal/,2026-09-16T02:31:07,2026-09-22T06:51:14
11131,publish,city-template,air-purification-al-shahaniya,شركة تركيب وصيانة أنظمة تنقية الهواء في الشحانية,https://www.rukn-eltatawer.com/qa/air-purification-al-shahaniya/,2026-09-16T02:31:07,2026-09-22T06:51:15
11129,publish,city-template,air-purification-al-shamal,شركة تركيب وصيانة أنظمة تنقية الهواء في الشمال,https://www.rukn-eltatawer.com/qa/air-purification-al-shamal/,2026-09-16T02:31:07,2026-09-22T06:51:18
11115,publish,city-template,water-filters-al-shahaniya,شركة تركيب وصيانة فلاتر مياه في الشحانية,https://www.rukn-eltatawer.com/qa/water-filters-al-shahaniya/,2026-09-16T02:31:07,2026-09-22T06:51:20
11113,publish,city-template,water-filters-al-shamal,شركة تركيب وصيانة فلاتر مياه في الشمال,https://www.rukn-eltatawer.com/qa/water-filters-al-shamal/,2026-09-16T02:31:07,2026-09-22T06:51:22
11107,publish,city-template,ro-plants-al-shahaniya,شركة تركيب وصيانة محطات تحلية المياه في الشحانية,https://www.rukn-eltatawer.com/qa/ro-plants-al-shahaniya/,2026-09-16T02:31:07,2026-09-22T06:51:24
11105,publish,city-template,ro-plants-al-shamal,شركة تركيب وصيانة محطات تحلية المياه في الشمال,https://www.rukn-eltatawer.com/qa/ro-plants-al-shamal/,2026-09-16T02:31:07,2026-09-22T06:51:26
11099,publish,city-template,water-pumps-al-shahaniya,شركة تركيب وصيانة مضخات مياه وصرف صحي في الشحانية,https://www.rukn-eltatawer.com/qa/water-pumps-al-shahaniya/,2026-09-16T02:31:07,2026-09-22T06:51:27
11097,publish,city-template,water-pumps-al-shamal,شركة تركيب وصيانة مضخات مياه وصرف صحي في الشمال,https://www.rukn-eltatawer.com/qa/water-pumps-al-shamal/,2026-09-16T02:31:07,2026-09-22T06:51:29
11058,publish,city-template,microwave-maintenance-al-daayen,شركة صيانة ميكروويف في الظعاين,https://www.rukn-eltatawer.com/qa/microwave-maintenance-al-daayen/,2026-09-16T02:31:07,2026-09-22T06:51:32
11050,publish,city-template,dryer-maintenance-al-daayen,شركة صيانة نشافات في الظعاين,https://www.rukn-eltatawer.com/qa/dryer-maintenance-al-daayen/,2026-09-16T02:31:07,2026-09-22T06:51:34
11042,publish,city-template,washer-maintenance-al-daayen,شركة صيانة غسالات في الظعاين,https://www.rukn-eltatawer.com/qa/washer-maintenance-al-daayen/,2026-09-16T02:31:07,2026-09-22T06:51:37
11034,publish,city-template,fridge-maintenance-al-daayen,شركة صيانة ثلاجات في الظعاين,https://www.rukn-eltatawer.com/qa/fridge-maintenance-al-daayen/,2026-09-16T02:31:07,2026-09-22T06:51:40
11026,publish,city-template,appliance-maintenance-al-daayen,شركة صيانة الأجهزة الكهربائية في الظعاين,https://www.rukn-eltatawer.com/qa/appliance-maintenance-al-daayen/,2026-09-16T02:31:07,2026-09-22T06:51:42
11018,publish,city-template,stove-maintenance-al-daayen,شركة صيانة بوتاجازات في الظعاين,https://www.rukn-eltatawer.com/qa/stove-maintenance-al-daayen/,2026-09-16T02:31:07,2026-09-22T06:51:44
11010,publish,city-template,oven-maintenance-al-daayen,شركة صيانة أفران في الظعاين,https://www.rukn-eltatawer.com/qa/oven-maintenance-al-daayen/,2026-09-16T02:31:07,2026-09-22T06:51:47
11002,publish,city-template,automatic-doors-maintenance-al-daayen,شركة صيانة أبواب أوتوماتيكية في الظعاين,https://www.rukn-eltatawer.com/qa/automatic-doors-maintenance-al-daayen/,2026-09-16T02:31:07,2026-09-22T06:51:49
10994,publish,city-template,cctv-maintenance-al-daayen,شركة صيانة كاميرات مراقبة في الظعاين,https://www.rukn-eltatawer.com/qa/cctv-maintenance-al-daayen/,2026-09-16T02:31:07,2026-09-22T06:51:52
10763,publish,city-template,majlis-cleaning-al-shahaniya,شركة تنظيف مجالس في الشحانية,https://www.rukn-eltatawer.com/qa/majlis-cleaning-al-shahaniya/,2026-09-16T02:31:07,2026-09-22T06:51:54
10761,publish,city-template,majlis-cleaning-al-shamal,شركة تنظيف مجالس في الشمال,https://www.rukn-eltatawer.com/qa/majlis-cleaning-al-shamal/,2026-09-16T02:31:07,2026-09-22T06:51:56
10755,publish,city-template,office-cleaning-al-shahaniya,شركة تنظيف مكاتب في الشحانية,https://www.rukn-eltatawer.com/qa/office-cleaning-al-shahaniya/,2026-09-16T02:31:07,2026-09-22T06:51:59
10753,publish,city-template,office-cleaning-al-shamal,شركة تنظيف مكاتب في الشمال,https://www.rukn-eltatawer.com/qa/office-cleaning-al-shamal/,2026-09-16T02:31:07,2026-09-22T06:52:01
10747,publish,city-template,palace-cleaning-al-shahaniya,شركة تنظيف قصور في الشحانية,https://www.rukn-eltatawer.com/qa/palace-cleaning-al-shahaniya/,2026-09-16T02:31:07,2026-09-22T06:52:04
10745,publish,city-template,palace-cleaning-al-shamal,شركة تنظيف قصور في الشمال,https://www.rukn-eltatawer.com/qa/palace-cleaning-al-shamal/,2026-09-16T02:31:07,2026-09-22T06:52:06
10731,publish,city-template,apartment-cleaning-al-shahaniya,شركة تنظيف شقق في الشحانية,https://www.rukn-eltatawer.com/qa/apartment-cleaning-al-shahaniya/,2026-09-16T02:31:07,2026-09-22T06:52:09
10729,publish,city-template,apartment-cleaning-al-shamal,شركة تنظيف شقق في الشمال,https://www.rukn-eltatawer.com/qa/apartment-cleaning-al-shamal/,2026-09-16T02:31:07,2026-09-22T06:52:11
11091,publish,city-template,kitchen-hoods-al-shahaniya,شركة تركيب وصيانة شفاطات مطابخ في الشحانية,https://www.rukn-eltatawer.com/qa/kitchen-hoods-al-shahaniya/,2026-09-16T02:31:06,2026-09-22T06:52:14
11089,publish,city-template,kitchen-hoods-al-shamal,شركة تركيب وصيانة شفاطات مطابخ في الشمال,https://www.rukn-eltatawer.com/qa/kitchen-hoods-al-shamal/,2026-09-16T02:31:06,2026-09-22T06:52:16
11083,publish,city-template,vacuum-maintenance-al-shahaniya,شركة صيانة مكانس كهربائية في الشحانية,https://www.rukn-eltatawer.com/qa/vacuum-maintenance-al-shahaniya/,2026-09-16T02:31:06,2026-09-22T06:52:19
11081,publish,city-template,vacuum-maintenance-al-shamal,شركة صيانة مكانس كهربائية في الشمال,https://www.rukn-eltatawer.com/qa/vacuum-maintenance-al-shamal/,2026-09-16T02:31:06,2026-09-22T06:52:21
11075,publish,city-template,water-cooler-maintenance-al-shahaniya,شركة صيانة مبردات مياه في الشحانية,https://www.rukn-eltatawer.com/qa/water-cooler-maintenance-al-shahaniya/,2026-09-16T02:31:06,2026-09-22T06:52:24
11073,publish,city-template,water-cooler-maintenance-al-shamal,شركة صيانة مبردات مياه في الشمال,https://www.rukn-eltatawer.com/qa/water-cooler-maintenance-al-shamal/,2026-09-16T02:31:06,2026-09-22T06:52:26
11067,publish,city-template,water-heater-maintenance-al-shahaniya,شركة صيانة سخانات في الشحانية,https://www.rukn-eltatawer.com/qa/water-heater-maintenance-al-shahaniya/,2026-09-16T02:31:06,2026-09-22T06:52:28
11065,publish,city-template,water-heater-maintenance-al-shamal,شركة صيانة سخانات في الشمال,https://www.rukn-eltatawer.com/qa/water-heater-maintenance-al-shamal/,2026-09-16T02:31:06,2026-09-22T06:52:31
11059,publish,city-template,microwave-maintenance-al-shahaniya,شركة صيانة ميكروويف في الشحانية,https://www.rukn-eltatawer.com/qa/microwave-maintenance-al-shahaniya/,2026-09-16T02:31:06,2026-09-22T06:52:34
11057,publish,city-template,microwave-maintenance-al-shamal,شركة صيانة ميكروويف في الشمال,https://www.rukn-eltatawer.com/qa/microwave-maintenance-al-shamal/,2026-09-16T02:31:06,2026-09-22T06:52:36
11051,publish,city-template,dryer-maintenance-al-shahaniya,شركة صيانة نشافات في الشحانية,https://www.rukn-eltatawer.com/qa/dryer-maintenance-al-shahaniya/,2026-09-16T02:31:06,2026-09-22T06:52:38
11049,publish,city-template,dryer-maintenance-al-shamal,شركة صيانة نشافات في الشمال,https://www.rukn-eltatawer.com/qa/dryer-maintenance-al-shamal/,2026-09-16T02:31:06,2026-09-22T06:52:41
11043,publish,city-template,washer-maintenance-al-shahaniya,شركة صيانة غسالات في الشحانية,https://www.rukn-eltatawer.com/qa/washer-maintenance-al-shahaniya/,2026-09-16T02:31:06,2026-09-22T06:52:43
11041,publish,city-template,washer-maintenance-al-shamal,شركة صيانة غسالات في الشمال,https://www.rukn-eltatawer.com/qa/washer-maintenance-al-shamal/,2026-09-16T02:31:06,2026-09-22T06:52:46
11035,publish,city-template,fridge-maintenance-al-shahaniya,شركة صيانة ثلاجات في الشحانية,https://www.rukn-eltatawer.com/qa/fridge-maintenance-al-shahaniya/,2026-09-16T02:31:06,2026-09-22T06:52:48
11033,publish,city-template,fridge-maintenance-al-shamal,شركة صيانة ثلاجات في الشمال,https://www.rukn-eltatawer.com/qa/fridge-maintenance-al-shamal/,2026-09-16T02:31:06,2026-09-22T06:52:50
11027,publish,city-template,appliance-maintenance-al-shahaniya,شركة صيانة الأجهزة الكهربائية في الشحانية,https://www.rukn-eltatawer.com/qa/appliance-maintenance-al-shahaniya/,2026-09-16T02:31:06,2026-09-22T06:52:53
11025,publish,city-template,appliance-maintenance-al-shamal,شركة صيانة الأجهزة الكهربائية في الشمال,https://www.rukn-eltatawer.com/qa/appliance-maintenance-al-shamal/,2026-09-16T02:31:06,2026-09-22T06:52:55
11019,publish,city-template,stove-maintenance-al-shahaniya,شركة صيانة بوتاجازات في الشحانية,https://www.rukn-eltatawer.com/qa/stove-maintenance-al-shahaniya/,2026-09-16T02:31:06,2026-09-22T06:52:58
11017,publish,city-template,stove-maintenance-al-shamal,شركة صيانة بوتاجازات في الشمال,https://www.rukn-eltatawer.com/qa/stove-maintenance-al-shamal/,2026-09-16T02:31:06,2026-09-22T06:53:00
11011,publish,city-template,oven-maintenance-al-shahaniya,شركة صيانة أفران في الشحانية,https://www.rukn-eltatawer.com/qa/oven-maintenance-al-shahaniya/,2026-09-16T02:31:06,2026-09-22T06:53:03
11009,publish,city-template,oven-maintenance-al-shamal,شركة صيانة أفران في الشمال,https://www.rukn-eltatawer.com/qa/oven-maintenance-al-shamal/,2026-09-16T02:31:06,2026-09-22T06:53:05
11003,publish,city-template,automatic-doors-maintenance-al-shahaniya,شركة صيانة أبواب أوتوماتيكية في الشحانية,https://www.rukn-eltatawer.com/qa/automatic-doors-maintenance-al-shahaniya/,2026-09-16T02:31:06,2026-09-22T06:53:08
11001,publish,city-template,automatic-doors-maintenance-al-shamal,شركة صيانة أبواب أوتوماتيكية في الشمال,https://www.rukn-eltatawer.com/qa/automatic-doors-maintenance-al-shamal/,2026-09-16T02:31:06,2026-09-22T06:53:10
10995,publish,city-template,cctv-maintenance-al-shahaniya,شركة صيانة كاميرات مراقبة في الشحانية,https://www.rukn-eltatawer.com/qa/cctv-maintenance-al-shahaniya/,2026-09-16T02:31:06,2026-09-22T06:53:13
10993,publish,city-template,cctv-maintenance-al-shamal,شركة صيانة كاميرات مراقبة في الشمال,https://www.rukn-eltatawer.com/qa/cctv-maintenance-al-shamal/,2026-09-16T02:31:06,2026-09-22T06:53:16
10987,publish,city-template,elevator-maintenance-al-shahaniya,شركة صيانة مصاعد في الشحانية,https://www.rukn-eltatawer.com/qa/elevator-maintenance-al-shahaniya/,2026-09-16T02:31:06,2026-09-22T06:53:18
10986,publish,city-template,elevator-maintenance-al-daayen,شركة صيانة مصاعد في الظعاين,https://www.rukn-eltatawer.com/qa/elevator-maintenance-al-daayen/,2026-09-16T02:31:06,2026-09-22T06:53:20
10985,publish,city-template,elevator-maintenance-al-shamal,شركة صيانة مصاعد في الشمال,https://www.rukn-eltatawer.com/qa/elevator-maintenance-al-shamal/,2026-09-16T02:31:06,2026-09-22T06:53:23
10979,publish,city-template,pool-maintenance-al-shahaniya,شركة صيانة مسابح في الشحانية,https://www.rukn-eltatawer.com/qa/pool-maintenance-al-shahaniya/,2026-09-16T02:31:06,2026-09-22T06:53:25
10978,publish,city-template,pool-maintenance-al-daayen,شركة صيانة مسابح في الظعاين,https://www.rukn-eltatawer.com/qa/pool-maintenance-al-daayen/,2026-09-16T02:31:06,2026-09-22T06:53:27
10977,publish,city-template,pool-maintenance-al-shamal,شركة صيانة مسابح في الشمال,https://www.rukn-eltatawer.com/qa/pool-maintenance-al-shamal/,2026-09-16T02:31:06,2026-09-22T06:53:30
10946,publish,city-template,electrical-maintenance-al-daayen,شركة صيانة كهرباء في الظعاين,https://www.rukn-eltatawer.com/qa/electrical-maintenance-al-daayen/,2026-09-16T02:31:06,2026-09-22T06:53:32
10939,publish,city-template,building-maintenance-al-shahaniya,شركة صيانة مباني في الشحانية,https://www.rukn-eltatawer.com/qa/building-maintenance-al-shahaniya/,2026-09-16T02:31:06,2026-09-22T06:53:36
10937,publish,city-template,building-maintenance-al-shamal,شركة صيانة مباني في الشمال,https://www.rukn-eltatawer.com/qa/building-maintenance-al-shamal/,2026-09-16T02:31:06,2026-09-22T06:53:39
10931,publish,city-template,general-maintenance-al-shahaniya,شركة صيانة عامة في الشحانية,https://www.rukn-eltatawer.com/qa/general-maintenance-al-shahaniya/,2026-09-16T02:31:06,2026-09-22T06:53:42
10929,publish,city-template,general-maintenance-al-shamal,شركة صيانة عامة في الشمال,https://www.rukn-eltatawer.com/qa/general-maintenance-al-shamal/,2026-09-16T02:31:06,2026-09-22T06:53:45
12821,publish,city-template,cooling-fault-detection-doha,شركة كشف أعطال تبريد في الدوحة,https://www.rukn-eltatawer.com/qa/cooling-fault-detection-doha/,2026-09-16T02:31:05,2026-09-22T06:53:52
12725,publish,city-template,24h-emergency-electrician-doha,شركة كهربائي طوارئ 24 ساعة في الدوحة,https://www.rukn-eltatawer.com/qa/24h-emergency-electrician-doha/,2026-09-16T02:31:05,2026-09-22T06:53:55
12717,publish,city-template,sanitary-fixtures-installation-doha,شركة تركيب أدوات صحية في الدوحة,https://www.rukn-eltatawer.com/qa/sanitary-fixtures-installation-doha/,2026-09-16T02:31:05,2026-09-22T06:53:58
12701,publish,city-template,water-heater-installation-doha,شركة تركيب سخانات مياه في الدوحة,https://www.rukn-eltatawer.com/qa/water-heater-installation-doha/,2026-09-16T02:31:05,2026-09-22T06:54:01
12677,publish,city-template,indoor-outdoor-lighting-installation-doha,شركة تركيب إنارة داخلية وخارجية في الدوحة,https://www.rukn-eltatawer.com/qa/indoor-outdoor-lighting-installation-doha/,2026-09-16T02:31:05,2026-09-22T06:54:05
12669,publish,city-template,electrical-fault-detection-doha,شركة كشف أعطال كهرباء في الدوحة,https://www.rukn-eltatawer.com/qa/electrical-fault-detection-doha/,2026-09-16T02:31:05,2026-09-22T06:54:07
12661,publish,city-template,new-electrical-wiring-doha,شركة تمديدات كهربائية جديدة في الدوحة,https://www.rukn-eltatawer.com/qa/new-electrical-wiring-doha/,2026-09-16T02:31:05,2026-09-22T06:54:10
12645,publish,city-template,home-electrician-elec-doha,شركة كهربائي منازل في الدوحة,https://www.rukn-eltatawer.com/qa/home-electrician-elec-doha/,2026-09-16T02:31:05,2026-09-22T06:54:13
12629,publish,city-template,wood-doors-windows-painting-doha,شركة دهان أبواب وشبابيك خشبية في الدوحة,https://www.rukn-eltatawer.com/qa/wood-doors-windows-painting-doha/,2026-09-16T02:31:05,2026-09-22T06:54:16
12621,publish,city-template,decorative-wall-effects-doha,شركة دهانات ديكورية وتأثيرات جدارية في الدوحة,https://www.rukn-eltatawer.com/qa/decorative-wall-effects-doha/,2026-09-16T02:31:05,2026-09-22T06:54:19
12613,publish,city-template,electric-spray-painting-doha,شركة رش بويات كهربائي في الدوحة,https://www.rukn-eltatawer.com/qa/electric-spray-painting-doha/,2026-09-16T02:31:05,2026-09-22T06:54:21
12605,publish,city-template,paint-removal-surface-prep-doha,شركة إزالة دهان قديم وتحضير أسطح في الدوحة,https://www.rukn-eltatawer.com/qa/paint-removal-surface-prep-doha/,2026-09-16T02:31:05,2026-09-22T06:54:24
12597,publish,city-template,office-painting-doha,شركة دهان مكاتب وشركات في الدوحة,https://www.rukn-eltatawer.com/qa/office-painting-doha/,2026-09-16T02:31:05,2026-09-22T06:54:27
12589,publish,city-template,new-villa-finishing-painting-doha,شركة تشطيب ودهان فلل جديدة في الدوحة,https://www.rukn-eltatawer.com/qa/new-villa-finishing-painting-doha/,2026-09-16T02:31:05,2026-09-22T06:54:30
12573,publish,city-template,premium-paint-finishing-doha,شركة دهان بويات عالية الجودة في الدوحة,https://www.rukn-eltatawer.com/qa/premium-paint-finishing-doha/,2026-09-16T02:31:05,2026-09-22T06:54:34
12565,publish,city-template,gypsum-board-decor-doha,شركة ديكورات جبس بورد في الدوحة,https://www.rukn-eltatawer.com/qa/gypsum-board-decor-doha/,2026-09-16T02:31:05,2026-09-22T06:54:36
12557,publish,city-template,wallpaper-installation-doha,شركة تركيب ورق حائط في الدوحة,https://www.rukn-eltatawer.com/qa/wallpaper-installation-doha/,2026-09-16T02:31:05,2026-09-22T06:54:41
12549,publish,city-template,exterior-facade-painting-doha,شركة دهان واجهات خارجية في الدوحة,https://www.rukn-eltatawer.com/qa/exterior-facade-painting-doha/,2026-09-16T02:31:05,2026-09-22T06:54:45
12541,publish,city-template,villa-painting-doha,شركة دهان فلل في الدوحة,https://www.rukn-eltatawer.com/qa/villa-painting-doha/,2026-09-16T02:31:05,2026-09-22T06:54:49
12533,publish,city-template,apartment-painting-doha,شركة دهان شقق في الدوحة,https://www.rukn-eltatawer.com/qa/apartment-painting-doha/,2026-09-16T02:31:05,2026-09-22T06:54:53
12453,publish,city-template,home-audio-tech-doha,فني أنظمة صوت منزلية في الدوحة,https://www.rukn-eltatawer.com/qa/home-audio-tech-doha/,2026-09-16T02:31:05,2026-09-22T06:54:56
12445,publish,city-template,cctv-tech-doha,فني تركيب كاميرات مراقبة في الدوحة,https://www.rukn-eltatawer.com/qa/cctv-tech-doha/,2026-09-16T02:31:05,2026-09-22T06:55:00
12429,publish,city-template,satellite-tech-doha,فني تركيب أقمار صناعية في الدوحة,https://www.rukn-eltatawer.com/qa/satellite-tech-doha/,2026-09-16T02:31:05,2026-09-22T06:55:04
12421,publish,city-template,sat-dish-tech-doha,فني تركيب دش في الدوحة,https://www.rukn-eltatawer.com/qa/sat-dish-tech-doha/,2026-09-16T02:31:05,2026-09-22T06:55:08
12413,publish,city-template,gypsum-tech-doha,فني جبس بورد في الدوحة,https://www.rukn-eltatawer.com/qa/gypsum-tech-doha/,2026-09-16T02:31:05,2026-09-22T06:55:13
12405,publish,city-template,painter-doha,عامل دهانات في الدوحة,https://www.rukn-eltatawer.com/qa/painter-doha/,2026-09-16T02:31:05,2026-09-22T06:55:17
12397,publish,city-template,blacksmith-doors-windows-doha,حداد أبواب ونوافذ في الدوحة,https://www.rukn-eltatawer.com/qa/blacksmith-doors-windows-doha/,2026-09-16T02:31:05,2026-09-22T06:55:21
12389,publish,city-template,carpenter-doha,نجار أثاث في الدوحة,https://www.rukn-eltatawer.com/qa/carpenter-doha/,2026-09-16T02:31:05,2026-09-22T06:55:26
12381,publish,city-template,home-electrician-doha,كهربائي منازل في الدوحة,https://www.rukn-eltatawer.com/qa/home-electrician-doha/,2026-09-16T02:31:05,2026-09-22T06:55:30
12365,publish,city-template,ozone-disinfection-doha,شركة التعقيم بالأوزون في الدوحة,https://www.rukn-eltatawer.com/qa/ozone-disinfection-doha/,2026-09-16T02:31:05,2026-09-22T06:55:34
12357,publish,city-template,chlorine-disinfection-doha,شركة التعقيم بالكلور في الدوحة,https://www.rukn-eltatawer.com/qa/chlorine-disinfection-doha/,2026-09-16T02:31:05,2026-09-22T06:55:38
12349,publish,city-template,steam-disinfection-doha,شركة التعقيم بالبخار في الدوحة,https://www.rukn-eltatawer.com/qa/steam-disinfection-doha/,2026-09-16T02:31:05,2026-09-22T06:55:42
12341,publish,city-template,bird-sound-device-doha,شركة تركيب أجهزة صوتية لطرد الطيور في الدوحة,https://www.rukn-eltatawer.com/qa/bird-sound-device-doha/,2026-09-16T02:31:05,2026-09-22T06:55:47
12333,publish,city-template,pigeon-spikes-installation-doha,شركة تركيب مسامير طاردة للحمام في الدوحة,https://www.rukn-eltatawer.com/qa/pigeon-spikes-installation-doha/,2026-09-16T02:31:05,2026-09-22T06:55:53
12325,publish,city-template,pigeon-net-installation-doha,شركة تركيب شبك طارد للحمام في الدوحة,https://www.rukn-eltatawer.com/qa/pigeon-net-installation-doha/,2026-09-16T02:31:05,2026-09-22T06:55:57
12317,publish,city-template,mosquito-fly-control-doha,شركة مكافحة البعوض والذباب في الدوحة,https://www.rukn-eltatawer.com/qa/mosquito-fly-control-doha/,2026-09-16T02:31:05,2026-09-22T06:56:02
12309,publish,city-template,bird-control-doha,شركة مكافحة الطيور في الدوحة,https://www.rukn-eltatawer.com/qa/bird-control-doha/,2026-09-16T02:31:05,2026-09-22T06:56:07
12301,publish,city-template,lizard-control-doha,شركة مكافحة الوزغ (البرص) في الدوحة,https://www.rukn-eltatawer.com/qa/lizard-control-doha/,2026-09-16T02:31:05,2026-09-22T06:56:12
10947,publish,city-template,electrical-maintenance-al-shahaniya,شركة صيانة كهرباء في الشحانية,https://www.rukn-eltatawer.com/qa/electrical-maintenance-al-shahaniya/,2026-09-16T02:31:05,2026-09-22T06:56:17
10945,publish,city-template,electrical-maintenance-al-shamal,شركة صيانة كهرباء في الشمال,https://www.rukn-eltatawer.com/qa/electrical-maintenance-al-shamal/,2026-09-16T02:31:05,2026-09-22T06:56:21
12293,publish,city-template,flea-control-doha,شركة مكافحة البراغيث في الدوحة,https://www.rukn-eltatawer.com/qa/flea-control-doha/,2026-09-16T02:31:04,2026-09-22T06:56:25
12285,publish,city-template,scorpion-control-doha,شركة مكافحة العقارب في الدوحة,https://www.rukn-eltatawer.com/qa/scorpion-control-doha/,2026-09-16T02:31:04,2026-09-22T06:56:29
12277,publish,city-template,snake-control-doha,شركة مكافحة الأفاعي في الدوحة,https://www.rukn-eltatawer.com/qa/snake-control-doha/,2026-09-16T02:31:04,2026-09-22T06:56:33
12269,publish,city-template,rodent-control-doha,شركة مكافحة الفئران والقوارض في الدوحة,https://www.rukn-eltatawer.com/qa/rodent-control-doha/,2026-09-16T02:31:04,2026-09-22T06:56:38
12261,publish,city-template,bed-bug-control-doha,شركة مكافحة بق الفراش في الدوحة,https://www.rukn-eltatawer.com/qa/bed-bug-control-doha/,2026-09-16T02:31:04,2026-09-22T06:56:43
12245,publish,city-template,ant-control-doha,شركة مكافحة النمل الأسود والأحمر في الدوحة,https://www.rukn-eltatawer.com/qa/ant-control-doha/,2026-09-16T02:31:04,2026-09-22T06:56:47
12205,publish,city-template,solar-water-heaters-doha,شركة تركيب سخانات طاقة شمسية في الدوحة,https://www.rukn-eltatawer.com/qa/solar-water-heaters-doha/,2026-09-16T02:31:04,2026-09-22T06:56:55
12197,publish,city-template,solar-systems-installation-doha,شركة تركيب أنظمة طاقة شمسية في الدوحة,https://www.rukn-eltatawer.com/qa/solar-systems-installation-doha/,2026-09-16T02:31:04,2026-09-22T06:56:59
12189,publish,city-template,furniture-storage-doha,شركة تخزين أثاث في الدوحة,https://www.rukn-eltatawer.com/qa/furniture-storage-doha/,2026-09-16T02:31:04,2026-09-22T06:57:04
12181,publish,city-template,furniture-assembly-doha,شركة تركيب وفك الأثاث في الدوحة,https://www.rukn-eltatawer.com/qa/furniture-assembly-doha/,2026-09-16T02:31:04,2026-09-22T06:57:10
12173,publish,city-template,furniture-packaging-doha,شركة تغليف أثاث احترافي في الدوحة,https://www.rukn-eltatawer.com/qa/furniture-packaging-doha/,2026-09-16T02:31:04,2026-09-22T06:57:15
12157,publish,city-template,furniture-moving-packaging-doha,شركة نقل عفش مع التغليف في الدوحة,https://www.rukn-eltatawer.com/qa/furniture-moving-packaging-doha/,2026-09-16T02:31:04,2026-09-22T06:57:19
12149,publish,city-template,outdoor-moving-doha,شركة نقل أثاث خارجي في الدوحة,https://www.rukn-eltatawer.com/qa/outdoor-moving-doha/,2026-09-16T02:31:04,2026-09-22T06:57:24
12141,publish,city-template,indoor-moving-doha,شركة نقل أثاث داخلي في الدوحة,https://www.rukn-eltatawer.com/qa/indoor-moving-doha/,2026-09-16T02:31:04,2026-09-22T06:57:29
12133,publish,city-template,wall-fountain-doha,شركة تركيب نوافير جدارية في الدوحة,https://www.rukn-eltatawer.com/qa/wall-fountain-doha/,2026-09-16T02:31:04,2026-09-22T06:57:33
12125,publish,city-template,artificial-waterfall-doha,شركة تركيب شلالات اصطناعية في الدوحة,https://www.rukn-eltatawer.com/qa/artificial-waterfall-doha/,2026-09-16T02:31:04,2026-09-22T06:57:38
12117,publish,city-template,stone-pathway-doha,شركة إنشاء ممرات حجرية في الدوحة,https://www.rukn-eltatawer.com/qa/stone-pathway-doha/,2026-09-16T02:31:04,2026-09-22T06:57:43
12109,publish,city-template,wooden-arbor-installation-doha,شركة تركيب عرائش خشبية في الدوحة,https://www.rukn-eltatawer.com/qa/wooden-arbor-installation-doha/,2026-09-16T02:31:04,2026-09-22T06:57:47
12101,publish,city-template,pergola-installation-doha,شركة تركيب برجولات في الدوحة,https://www.rukn-eltatawer.com/qa/pergola-installation-doha/,2026-09-16T02:31:04,2026-09-22T06:57:51
12093,publish,city-template,garden-seating-doha,شركة إنشاء جلسات حدائق في الدوحة,https://www.rukn-eltatawer.com/qa/garden-seating-doha/,2026-09-16T02:31:04,2026-09-22T06:57:59
12085,publish,city-template,wall-grass-doha,شركة تركيب عشب جداري في الدوحة,https://www.rukn-eltatawer.com/qa/wall-grass-doha/,2026-09-16T02:31:04,2026-09-22T06:58:05
12077,publish,city-template,artificial-grass-grdn-doha,شركة تركيب عشب صناعي في الدوحة,https://www.rukn-eltatawer.com/qa/artificial-grass-grdn-doha/,2026-09-16T02:31:04,2026-09-22T06:58:10
12069,publish,city-template,automatic-irrigation-doha,شركة تركيب شبكات ري أوتوماتيكية في الدوحة,https://www.rukn-eltatawer.com/qa/automatic-irrigation-doha/,2026-09-16T02:31:04,2026-09-22T06:58:15
12061,publish,city-template,modern-irrigation-doha,شركة تركيب شبكات ري حديثة في الدوحة,https://www.rukn-eltatawer.com/qa/modern-irrigation-doha/,2026-09-16T02:31:04,2026-09-22T06:58:20
12045,publish,city-template,palm-tree-planting-doha,شركة زرع نخيل وأشجار في الدوحة,https://www.rukn-eltatawer.com/qa/palm-tree-planting-doha/,2026-09-16T02:31:04,2026-09-22T06:58:24
12037,publish,city-template,natural-grass-cutting-doha,شركة قص عشب طبيعي في الدوحة,https://www.rukn-eltatawer.com/qa/natural-grass-cutting-doha/,2026-09-16T02:31:04,2026-09-22T06:58:28
12029,publish,city-template,roof-garden-design-doha,شركة تصميم حدائق أسطح في الدوحة,https://www.rukn-eltatawer.com/qa/roof-garden-design-doha/,2026-09-16T02:31:04,2026-09-22T06:58:32
12021,publish,city-template,indoor-garden-design-doha,شركة تصميم حدائق داخلية في الدوحة,https://www.rukn-eltatawer.com/qa/indoor-garden-design-doha/,2026-09-16T02:31:04,2026-09-22T06:58:38
12013,publish,city-template,landscaping-doha,شركة تنسيق حدائق في الدوحة,https://www.rukn-eltatawer.com/qa/landscaping-doha/,2026-09-16T02:31:04,2026-09-22T06:58:42
12005,publish,city-template,decor-design-doha,شركة تصميم وتنفيذ ديكورات في الدوحة,https://www.rukn-eltatawer.com/qa/decor-design-doha/,2026-09-16T02:31:04,2026-09-22T06:58:48
11997,publish,city-template,exterior-painting-doha,شركة دهانات خارجية في الدوحة,https://www.rukn-eltatawer.com/qa/exterior-painting-doha/,2026-09-16T02:31:04,2026-09-22T06:58:52
11989,publish,city-template,interior-painting-doha,شركة دهانات داخلية في الدوحة,https://www.rukn-eltatawer.com/qa/interior-painting-doha/,2026-09-16T02:31:04,2026-09-22T06:58:59
11981,publish,city-template,block-fences-doha,شركة بناء أسوار طابوق في الدوحة,https://www.rukn-eltatawer.com/qa/block-fences-doha/,2026-09-16T02:31:04,2026-09-22T06:59:04
11973,publish,city-template,outdoor-majlis-doha,شركة بناء مجالس خارجية في الدوحة,https://www.rukn-eltatawer.com/qa/outdoor-majlis-doha/,2026-09-16T02:31:04,2026-09-22T06:59:11
11965,publish,city-template,outdoor-kitchens-doha,شركة بناء مطابخ خارجية في الدوحة,https://www.rukn-eltatawer.com/qa/outdoor-kitchens-doha/,2026-09-16T02:31:04,2026-09-22T06:59:16
11957,publish,city-template,outdoor-bathrooms-doha,شركة بناء حمامات خارجية في الدوحة,https://www.rukn-eltatawer.com/qa/outdoor-bathrooms-doha/,2026-09-16T02:31:04,2026-09-22T06:59:21
11949,publish,city-template,majlis-building-doha,شركة بناء استراحات في الدوحة,https://www.rukn-eltatawer.com/qa/majlis-building-doha/,2026-09-16T02:31:04,2026-09-22T06:59:30
12822,publish,city-template,cooling-fault-detection-al-rayyan,شركة كشف أعطال تبريد في الريان,https://www.rukn-eltatawer.com/qa/cooling-fault-detection-al-rayyan/,2026-09-16T02:31:03,2026-09-22T06:59:34
12726,publish,city-template,24h-emergency-electrician-al-rayyan,شركة كهربائي طوارئ 24 ساعة في الريان,https://www.rukn-eltatawer.com/qa/24h-emergency-electrician-al-rayyan/,2026-09-16T02:31:03,2026-09-22T06:59:38
12718,publish,city-template,sanitary-fixtures-installation-al-rayyan,شركة تركيب أدوات صحية في الريان,https://www.rukn-eltatawer.com/qa/sanitary-fixtures-installation-al-rayyan/,2026-09-16T02:31:03,2026-09-22T06:59:44
12702,publish,city-template,water-heater-installation-al-rayyan,شركة تركيب سخانات مياه في الريان,https://www.rukn-eltatawer.com/qa/water-heater-installation-al-rayyan/,2026-09-16T02:31:03,2026-09-22T06:59:49
12678,publish,city-template,indoor-outdoor-lighting-installation-al-rayyan,شركة تركيب إنارة داخلية وخارجية في الريان,https://www.rukn-eltatawer.com/qa/indoor-outdoor-lighting-installation-al-rayyan/,2026-09-16T02:31:03,2026-09-22T06:59:58
12670,publish,city-template,electrical-fault-detection-al-rayyan,شركة كشف أعطال كهرباء في الريان,https://www.rukn-eltatawer.com/qa/electrical-fault-detection-al-rayyan/,2026-09-16T02:31:03,2026-09-22T07:00:02
12662,publish,city-template,new-electrical-wiring-al-rayyan,شركة تمديدات كهربائية جديدة في الريان,https://www.rukn-eltatawer.com/qa/new-electrical-wiring-al-rayyan/,2026-09-16T02:31:03,2026-09-22T07:00:08
12646,publish,city-template,home-electrician-elec-al-rayyan,شركة كهربائي منازل في الريان,https://www.rukn-eltatawer.com/qa/home-electrician-elec-al-rayyan/,2026-09-16T02:31:03,2026-09-22T07:00:13
12630,publish,city-template,wood-doors-windows-painting-al-rayyan,شركة دهان أبواب وشبابيك خشبية في الريان,https://www.rukn-eltatawer.com/qa/wood-doors-windows-painting-al-rayyan/,2026-09-16T02:31:03,2026-09-22T07:00:21
11941,publish,city-template,annex-building-doha,شركة بناء ملاحق في الدوحة,https://www.rukn-eltatawer.com/qa/annex-building-doha/,2026-09-16T02:31:03,2026-09-22T07:00:25
11933,publish,city-template,grass-wall-doha,شركة تركيب عشب جداري في الدوحة,https://www.rukn-eltatawer.com/qa/grass-wall-doha/,2026-09-16T02:31:03,2026-09-22T07:00:30
11925,publish,city-template,artificial-grass-doha,شركة تركيب عشب صناعي في الدوحة,https://www.rukn-eltatawer.com/qa/artificial-grass-doha/,2026-09-16T02:31:03,2026-09-22T07:00:43
11917,publish,city-template,shades-sails-doha,شركة تركيب مظلات وسواتر في الدوحة,https://www.rukn-eltatawer.com/qa/shades-sails-doha/,2026-09-16T02:31:03,2026-09-22T07:00:48
11909,publish,city-template,windows-installation-doha,شركة تركيب شبابيك في الدوحة,https://www.rukn-eltatawer.com/qa/windows-installation-doha/,2026-09-16T02:31:03,2026-09-22T07:00:59
11901,publish,city-template,doors-installation-doha,شركة تركيب أبواب في الدوحة,https://www.rukn-eltatawer.com/qa/doors-installation-doha/,2026-09-16T02:31:03,2026-09-22T07:01:03
11893,publish,city-template,kitchen-installation-doha,شركة تركيب مطابخ في الدوحة,https://www.rukn-eltatawer.com/qa/kitchen-installation-doha/,2026-09-16T02:31:03,2026-09-22T07:01:14
11885,publish,city-template,glass-alumetal-doha,شركة تركيب زجاج وألوميتال في الدوحة,https://www.rukn-eltatawer.com/qa/glass-alumetal-doha/,2026-09-16T02:31:03,2026-09-22T07:01:23
11877,publish,city-template,glass-aluminium-partitions-doha,شركة تركيب فواصل زجاجية وألومنيوم في الدوحة,https://www.rukn-eltatawer.com/qa/glass-aluminium-partitions-doha/,2026-09-16T02:31:03,2026-09-22T07:01:29
11869,publish,city-template,suspended-ceiling-doha,شركة تركيب أسقف مستعارة في الدوحة,https://www.rukn-eltatawer.com/qa/suspended-ceiling-doha/,2026-09-16T02:31:03,2026-09-22T07:01:35
11861,publish,city-template,floor-carpeting-doha,شركة تركيب سجاد أرضيات في الدوحة,https://www.rukn-eltatawer.com/qa/floor-carpeting-doha/,2026-09-16T02:31:03,2026-09-22T07:01:41
11853,publish,city-template,wallpaper-doha,شركة تركيب ورق جدران في الدوحة,https://www.rukn-eltatawer.com/qa/wallpaper-doha/,2026-09-16T02:31:03,2026-09-22T07:01:46
11845,publish,city-template,false-ceiling-doha,شركة تركيب أسقف جبسية / فورسيلنج في الدوحة,https://www.rukn-eltatawer.com/qa/false-ceiling-doha/,2026-09-16T02:31:03,2026-09-22T07:01:52
11837,publish,city-template,gypsum-board-doha,شركة تركيب جبس بورد في الدوحة,https://www.rukn-eltatawer.com/qa/gypsum-board-doha/,2026-09-16T02:31:03,2026-09-22T07:01:58
11829,publish,city-template,wall-foam-doha,شركة تركيب فوم للجدران في الدوحة,https://www.rukn-eltatawer.com/qa/wall-foam-doha/,2026-09-16T02:31:03,2026-09-22T07:02:31
11821,publish,city-template,marble-granite-doha,شركة تركيب رخام وجرانيت في الدوحة,https://www.rukn-eltatawer.com/qa/marble-granite-doha/,2026-09-16T02:31:03,2026-09-22T07:10:42
11813,publish,city-template,stone-doha,شركة تركيب حجر طبيعي وصناعي في الدوحة,https://www.rukn-eltatawer.com/qa/stone-doha/,2026-09-16T02:31:03,2026-09-22T07:10:46
11805,publish,city-template,vinyl-flooring-doha,شركة تركيب أرضيات فينيل في الدوحة,https://www.rukn-eltatawer.com/qa/vinyl-flooring-doha/,2026-09-16T02:31:03,2026-09-22T07:10:49
11797,publish,city-template,parquet-doha,شركة تركيب باركيه وأرضيات خشب في الدوحة,https://www.rukn-eltatawer.com/qa/parquet-doha/,2026-09-16T02:31:03,2026-09-22T07:10:53
11789,publish,city-template,ceramic-porcelain-doha,شركة تركيب سيراميك وبورسلين في الدوحة,https://www.rukn-eltatawer.com/qa/ceramic-porcelain-doha/,2026-09-16T02:31:03,2026-09-22T07:10:55
11781,publish,city-template,plastering-doha,شركة تركيب بلاستر في الدوحة,https://www.rukn-eltatawer.com/qa/plastering-doha/,2026-09-16T02:31:03,2026-09-22T07:10:57
11773,publish,city-template,brickwork-doha,شركة تركيب طابوق في الدوحة,https://www.rukn-eltatawer.com/qa/brickwork-doha/,2026-09-16T02:31:03,2026-09-22T07:10:59
11765,publish,city-template,kerbstone-doha,شركة تركيب كربستون في الدوحة,https://www.rukn-eltatawer.com/qa/kerbstone-doha/,2026-09-16T02:31:03,2026-09-22T07:11:00
11757,publish,city-template,interlock-doha,شركة تركيب انترلوك في الدوحة,https://www.rukn-eltatawer.com/qa/interlock-doha/,2026-09-16T02:31:03,2026-09-22T07:11:03
11733,publish,city-template,crack-repair-doha,شركة إصلاح تشققات الأسقف والجدران في الدوحة,https://www.rukn-eltatawer.com/qa/crack-repair-doha/,2026-09-16T02:31:03,2026-09-22T07:11:05
11725,publish,city-template,villa-inspection-doha,شركة فحص فلل ومباني قبل الشراء في الدوحة,https://www.rukn-eltatawer.com/qa/villa-inspection-doha/,2026-09-16T02:31:03,2026-09-22T07:11:07
11717,publish,city-template,old-house-renovation-doha,شركة ترميم منازل قديمة في الدوحة,https://www.rukn-eltatawer.com/qa/old-house-renovation-doha/,2026-09-16T02:31:03,2026-09-22T07:11:08
11701,publish,city-template,kitchen-renovation-doha,شركة ترميم مطابخ في الدوحة,https://www.rukn-eltatawer.com/qa/kitchen-renovation-doha/,2026-09-16T02:31:03,2026-09-22T07:11:10
11693,publish,city-template,bathroom-renovation-doha,شركة ترميم حمامات في الدوحة,https://www.rukn-eltatawer.com/qa/bathroom-renovation-doha/,2026-09-16T02:31:03,2026-09-22T07:11:12
11677,publish,city-template,humidity-treatment-doha,شركة معالجة الرطوبة والعفن في الدوحة,https://www.rukn-eltatawer.com/qa/humidity-treatment-doha/,2026-09-16T02:31:03,2026-09-22T07:11:14
12622,publish,city-template,decorative-wall-effects-al-rayyan,شركة دهانات ديكورية وتأثيرات جدارية في الريان,https://www.rukn-eltatawer.com/qa/decorative-wall-effects-al-rayyan/,2026-09-16T02:31:02,2026-09-22T07:11:16
12614,publish,city-template,electric-spray-painting-al-rayyan,شركة رش بويات كهربائي في الريان,https://www.rukn-eltatawer.com/qa/electric-spray-painting-al-rayyan/,2026-09-16T02:31:02,2026-09-22T07:11:18
12606,publish,city-template,paint-removal-surface-prep-al-rayyan,شركة إزالة دهان قديم وتحضير أسطح في الريان,https://www.rukn-eltatawer.com/qa/paint-removal-surface-prep-al-rayyan/,2026-09-16T02:31:02,2026-09-22T07:11:20
12598,publish,city-template,office-painting-al-rayyan,شركة دهان مكاتب وشركات في الريان,https://www.rukn-eltatawer.com/qa/office-painting-al-rayyan/,2026-09-16T02:31:02,2026-09-22T07:11:22
12590,publish,city-template,new-villa-finishing-painting-al-rayyan,شركة تشطيب ودهان فلل جديدة في الريان,https://www.rukn-eltatawer.com/qa/new-villa-finishing-painting-al-rayyan/,2026-09-16T02:31:02,2026-09-22T07:11:24
12574,publish,city-template,premium-paint-finishing-al-rayyan,شركة دهان بويات عالية الجودة في الريان,https://www.rukn-eltatawer.com/qa/premium-paint-finishing-al-rayyan/,2026-09-16T02:31:02,2026-09-22T07:11:25
12566,publish,city-template,gypsum-board-decor-al-rayyan,شركة ديكورات جبس بورد في الريان,https://www.rukn-eltatawer.com/qa/gypsum-board-decor-al-rayyan/,2026-09-16T02:31:02,2026-09-22T07:11:27
12558,publish,city-template,wallpaper-installation-al-rayyan,شركة تركيب ورق حائط في الريان,https://www.rukn-eltatawer.com/qa/wallpaper-installation-al-rayyan/,2026-09-16T02:31:02,2026-09-22T07:11:29
12550,publish,city-template,exterior-facade-painting-al-rayyan,شركة دهان واجهات خارجية في الريان,https://www.rukn-eltatawer.com/qa/exterior-facade-painting-al-rayyan/,2026-09-16T02:31:02,2026-09-22T07:11:31
12542,publish,city-template,villa-painting-al-rayyan,شركة دهان فلل في الريان,https://www.rukn-eltatawer.com/qa/villa-painting-al-rayyan/,2026-09-16T02:31:02,2026-09-22T07:11:33
12534,publish,city-template,apartment-painting-al-rayyan,شركة دهان شقق في الريان,https://www.rukn-eltatawer.com/qa/apartment-painting-al-rayyan/,2026-09-16T02:31:02,2026-09-22T07:11:35
12454,publish,city-template,home-audio-tech-al-rayyan,فني أنظمة صوت منزلية في الريان,https://www.rukn-eltatawer.com/qa/home-audio-tech-al-rayyan/,2026-09-16T02:31:02,2026-09-22T07:11:37
12446,publish,city-template,cctv-tech-al-rayyan,فني تركيب كاميرات مراقبة في الريان,https://www.rukn-eltatawer.com/qa/cctv-tech-al-rayyan/,2026-09-16T02:31:02,2026-09-22T07:11:39
12430,publish,city-template,satellite-tech-al-rayyan,فني تركيب أقمار صناعية في الريان,https://www.rukn-eltatawer.com/qa/satellite-tech-al-rayyan/,2026-09-16T02:31:02,2026-09-22T07:11:41
12422,publish,city-template,sat-dish-tech-al-rayyan,فني تركيب دش في الريان,https://www.rukn-eltatawer.com/qa/sat-dish-tech-al-rayyan/,2026-09-16T02:31:02,2026-09-22T07:11:43
12414,publish,city-template,gypsum-tech-al-rayyan,فني جبس بورد في الريان,https://www.rukn-eltatawer.com/qa/gypsum-tech-al-rayyan/,2026-09-16T02:31:02,2026-09-22T07:11:45
12406,publish,city-template,painter-al-rayyan,عامل دهانات في الريان,https://www.rukn-eltatawer.com/qa/painter-al-rayyan/,2026-09-16T02:31:02,2026-09-22T07:11:47
12398,publish,city-template,blacksmith-doors-windows-al-rayyan,حداد أبواب ونوافذ في الريان,https://www.rukn-eltatawer.com/qa/blacksmith-doors-windows-al-rayyan/,2026-09-16T02:31:02,2026-09-22T07:11:50
12390,publish,city-template,carpenter-al-rayyan,نجار أثاث في الريان,https://www.rukn-eltatawer.com/qa/carpenter-al-rayyan/,2026-09-16T02:31:02,2026-09-22T07:11:52
12382,publish,city-template,home-electrician-al-rayyan,كهربائي منازل في الريان,https://www.rukn-eltatawer.com/qa/home-electrician-al-rayyan/,2026-09-16T02:31:02,2026-09-22T07:11:54
12366,publish,city-template,ozone-disinfection-al-rayyan,شركة التعقيم بالأوزون في الريان,https://www.rukn-eltatawer.com/qa/ozone-disinfection-al-rayyan/,2026-09-16T02:31:02,2026-09-22T07:11:57
12358,publish,city-template,chlorine-disinfection-al-rayyan,شركة التعقيم بالكلور في الريان,https://www.rukn-eltatawer.com/qa/chlorine-disinfection-al-rayyan/,2026-09-16T02:31:02,2026-09-22T07:11:59
12350,publish,city-template,steam-disinfection-al-rayyan,شركة التعقيم بالبخار في الريان,https://www.rukn-eltatawer.com/qa/steam-disinfection-al-rayyan/,2026-09-16T02:31:02,2026-09-22T07:12:01
12342,publish,city-template,bird-sound-device-al-rayyan,شركة تركيب أجهزة صوتية لطرد الطيور في الريان,https://www.rukn-eltatawer.com/qa/bird-sound-device-al-rayyan/,2026-09-16T02:31:02,2026-09-22T07:12:04
12334,publish,city-template,pigeon-spikes-installation-al-rayyan,شركة تركيب مسامير طاردة للحمام في الريان,https://www.rukn-eltatawer.com/qa/pigeon-spikes-installation-al-rayyan/,2026-09-16T02:31:02,2026-09-22T07:12:06
12326,publish,city-template,pigeon-net-installation-al-rayyan,شركة تركيب شبك طارد للحمام في الريان,https://www.rukn-eltatawer.com/qa/pigeon-net-installation-al-rayyan/,2026-09-16T02:31:02,2026-09-22T07:12:13
12318,publish,city-template,mosquito-fly-control-al-rayyan,شركة مكافحة البعوض والذباب في الريان,https://www.rukn-eltatawer.com/qa/mosquito-fly-control-al-rayyan/,2026-09-16T02:31:02,2026-09-22T07:12:16
12310,publish,city-template,bird-control-al-rayyan,شركة مكافحة الطيور في الريان,https://www.rukn-eltatawer.com/qa/bird-control-al-rayyan/,2026-09-16T02:31:02,2026-09-22T07:12:18
12302,publish,city-template,lizard-control-al-rayyan,شركة مكافحة الوزغ (البرص) في الريان,https://www.rukn-eltatawer.com/qa/lizard-control-al-rayyan/,2026-09-16T02:31:02,2026-09-22T07:12:20
12294,publish,city-template,flea-control-al-rayyan,شركة مكافحة البراغيث في الريان,https://www.rukn-eltatawer.com/qa/flea-control-al-rayyan/,2026-09-16T02:31:02,2026-09-22T07:12:23
12286,publish,city-template,scorpion-control-al-rayyan,شركة مكافحة العقارب في الريان,https://www.rukn-eltatawer.com/qa/scorpion-control-al-rayyan/,2026-09-16T02:31:02,2026-09-22T07:12:26
12278,publish,city-template,snake-control-al-rayyan,شركة مكافحة الأفاعي في الريان,https://www.rukn-eltatawer.com/qa/snake-control-al-rayyan/,2026-09-16T02:31:02,2026-09-22T07:12:28
12270,publish,city-template,rodent-control-al-rayyan,شركة مكافحة الفئران والقوارض في الريان,https://www.rukn-eltatawer.com/qa/rodent-control-al-rayyan/,2026-09-16T02:31:02,2026-09-22T07:12:30
12262,publish,city-template,bed-bug-control-al-rayyan,شركة مكافحة بق الفراش في الريان,https://www.rukn-eltatawer.com/qa/bed-bug-control-al-rayyan/,2026-09-16T02:31:02,2026-09-22T07:12:32
12246,publish,city-template,ant-control-al-rayyan,شركة مكافحة النمل الأسود والأحمر في الريان,https://www.rukn-eltatawer.com/qa/ant-control-al-rayyan/,2026-09-16T02:31:02,2026-09-22T07:12:35
12206,publish,city-template,solar-water-heaters-al-rayyan,شركة تركيب سخانات طاقة شمسية في الريان,https://www.rukn-eltatawer.com/qa/solar-water-heaters-al-rayyan/,2026-09-16T02:31:02,2026-09-22T07:12:37
12198,publish,city-template,solar-systems-installation-al-rayyan,شركة تركيب أنظمة طاقة شمسية في الريان,https://www.rukn-eltatawer.com/qa/solar-systems-installation-al-rayyan/,2026-09-16T02:31:01,2026-09-22T07:12:40
12190,publish,city-template,furniture-storage-al-rayyan,شركة تخزين أثاث في الريان,https://www.rukn-eltatawer.com/qa/furniture-storage-al-rayyan/,2026-09-16T02:31:01,2026-09-22T07:12:42
12182,publish,city-template,furniture-assembly-al-rayyan,شركة تركيب وفك الأثاث في الريان,https://www.rukn-eltatawer.com/qa/furniture-assembly-al-rayyan/,2026-09-16T02:31:01,2026-09-22T07:12:44
12174,publish,city-template,furniture-packaging-al-rayyan,شركة تغليف أثاث احترافي في الريان,https://www.rukn-eltatawer.com/qa/furniture-packaging-al-rayyan/,2026-09-16T02:31:01,2026-09-22T07:12:47
12158,publish,city-template,furniture-moving-packaging-al-rayyan,شركة نقل عفش مع التغليف في الريان,https://www.rukn-eltatawer.com/qa/furniture-moving-packaging-al-rayyan/,2026-09-16T02:31:01,2026-09-22T07:12:50
12150,publish,city-template,outdoor-moving-al-rayyan,شركة نقل أثاث خارجي في الريان,https://www.rukn-eltatawer.com/qa/outdoor-moving-al-rayyan/,2026-09-16T02:31:01,2026-09-22T07:12:53
12142,publish,city-template,indoor-moving-al-rayyan,شركة نقل أثاث داخلي في الريان,https://www.rukn-eltatawer.com/qa/indoor-moving-al-rayyan/,2026-09-16T02:31:01,2026-09-22T07:12:55
12134,publish,city-template,wall-fountain-al-rayyan,شركة تركيب نوافير جدارية في الريان,https://www.rukn-eltatawer.com/qa/wall-fountain-al-rayyan/,2026-09-16T02:31:01,2026-09-22T07:12:59
12126,publish,city-template,artificial-waterfall-al-rayyan,شركة تركيب شلالات اصطناعية في الريان,https://www.rukn-eltatawer.com/qa/artificial-waterfall-al-rayyan/,2026-09-16T02:31:01,2026-09-22T07:13:02
12118,publish,city-template,stone-pathway-al-rayyan,شركة إنشاء ممرات حجرية في الريان,https://www.rukn-eltatawer.com/qa/stone-pathway-al-rayyan/,2026-09-16T02:31:01,2026-09-22T07:13:04
12110,publish,city-template,wooden-arbor-installation-al-rayyan,شركة تركيب عرائش خشبية في الريان,https://www.rukn-eltatawer.com/qa/wooden-arbor-installation-al-rayyan/,2026-09-16T02:31:01,2026-09-22T07:13:07
12102,publish,city-template,pergola-installation-al-rayyan,شركة تركيب برجولات في الريان,https://www.rukn-eltatawer.com/qa/pergola-installation-al-rayyan/,2026-09-16T02:31:01,2026-09-22T07:13:10
12094,publish,city-template,garden-seating-al-rayyan,شركة إنشاء جلسات حدائق في الريان,https://www.rukn-eltatawer.com/qa/garden-seating-al-rayyan/,2026-09-16T02:31:01,2026-09-22T07:13:13
12086,publish,city-template,wall-grass-al-rayyan,شركة تركيب عشب جداري في الريان,https://www.rukn-eltatawer.com/qa/wall-grass-al-rayyan/,2026-09-16T02:31:01,2026-09-22T07:13:16
12078,publish,city-template,artificial-grass-grdn-al-rayyan,شركة تركيب عشب صناعي في الريان,https://www.rukn-eltatawer.com/qa/artificial-grass-grdn-al-rayyan/,2026-09-16T02:31:01,2026-09-22T07:13:23
12070,publish,city-template,automatic-irrigation-al-rayyan,شركة تركيب شبكات ري أوتوماتيكية في الريان,https://www.rukn-eltatawer.com/qa/automatic-irrigation-al-rayyan/,2026-09-16T02:31:01,2026-09-22T07:13:26
12062,publish,city-template,modern-irrigation-al-rayyan,شركة تركيب شبكات ري حديثة في الريان,https://www.rukn-eltatawer.com/qa/modern-irrigation-al-rayyan/,2026-09-16T02:31:01,2026-09-22T07:13:29
12046,publish,city-template,palm-tree-planting-al-rayyan,شركة زرع نخيل وأشجار في الريان,https://www.rukn-eltatawer.com/qa/palm-tree-planting-al-rayyan/,2026-09-16T02:31:01,2026-09-22T07:13:32
12038,publish,city-template,natural-grass-cutting-al-rayyan,شركة قص عشب طبيعي في الريان,https://www.rukn-eltatawer.com/qa/natural-grass-cutting-al-rayyan/,2026-09-16T02:31:01,2026-09-22T07:13:34
12030,publish,city-template,roof-garden-design-al-rayyan,شركة تصميم حدائق أسطح في الريان,https://www.rukn-eltatawer.com/qa/roof-garden-design-al-rayyan/,2026-09-16T02:31:01,2026-09-22T07:13:37
12022,publish,city-template,indoor-garden-design-al-rayyan,شركة تصميم حدائق داخلية في الريان,https://www.rukn-eltatawer.com/qa/indoor-garden-design-al-rayyan/,2026-09-16T02:31:01,2026-09-22T07:13:40
12014,publish,city-template,landscaping-al-rayyan,شركة تنسيق حدائق في الريان,https://www.rukn-eltatawer.com/qa/landscaping-al-rayyan/,2026-09-16T02:31:01,2026-09-22T07:13:43
12006,publish,city-template,decor-design-al-rayyan,شركة تصميم وتنفيذ ديكورات في الريان,https://www.rukn-eltatawer.com/qa/decor-design-al-rayyan/,2026-09-16T02:31:01,2026-09-22T07:13:46
11998,publish,city-template,exterior-painting-al-rayyan,شركة دهانات خارجية في الريان,https://www.rukn-eltatawer.com/qa/exterior-painting-al-rayyan/,2026-09-16T02:31:01,2026-09-22T07:13:49
11990,publish,city-template,interior-painting-al-rayyan,شركة دهانات داخلية في الريان,https://www.rukn-eltatawer.com/qa/interior-painting-al-rayyan/,2026-09-16T02:31:01,2026-09-22T07:13:52
11982,publish,city-template,block-fences-al-rayyan,شركة بناء أسوار طابوق في الريان,https://www.rukn-eltatawer.com/qa/block-fences-al-rayyan/,2026-09-16T02:31:01,2026-09-22T07:13:55
11974,publish,city-template,outdoor-majlis-al-rayyan,شركة بناء مجالس خارجية في الريان,https://www.rukn-eltatawer.com/qa/outdoor-majlis-al-rayyan/,2026-09-16T02:31:01,2026-09-22T07:14:00
11966,publish,city-template,outdoor-kitchens-al-rayyan,شركة بناء مطابخ خارجية في الريان,https://www.rukn-eltatawer.com/qa/outdoor-kitchens-al-rayyan/,2026-09-16T02:31:01,2026-09-22T07:14:04
11958,publish,city-template,outdoor-bathrooms-al-rayyan,شركة بناء حمامات خارجية في الريان,https://www.rukn-eltatawer.com/qa/outdoor-bathrooms-al-rayyan/,2026-09-16T02:31:01,2026-09-22T07:14:08
11950,publish,city-template,majlis-building-al-rayyan,شركة بناء استراحات في الريان,https://www.rukn-eltatawer.com/qa/majlis-building-al-rayyan/,2026-09-16T02:31:01,2026-09-22T07:14:12
11942,publish,city-template,annex-building-al-rayyan,شركة بناء ملاحق في الريان,https://www.rukn-eltatawer.com/qa/annex-building-al-rayyan/,2026-09-16T02:31:01,2026-09-22T07:14:16
11934,publish,city-template,grass-wall-al-rayyan,شركة تركيب عشب جداري في الريان,https://www.rukn-eltatawer.com/qa/grass-wall-al-rayyan/,2026-09-16T02:31:01,2026-09-22T07:14:20
11926,publish,city-template,artificial-grass-al-rayyan,شركة تركيب عشب صناعي في الريان,https://www.rukn-eltatawer.com/qa/artificial-grass-al-rayyan/,2026-09-16T02:31:01,2026-09-22T07:14:24
11918,publish,city-template,shades-sails-al-rayyan,شركة تركيب مظلات وسواتر في الريان,https://www.rukn-eltatawer.com/qa/shades-sails-al-rayyan/,2026-09-16T02:31:01,2026-09-22T07:14:28
11910,publish,city-template,windows-installation-al-rayyan,شركة تركيب شبابيك في الريان,https://www.rukn-eltatawer.com/qa/windows-installation-al-rayyan/,2026-09-16T02:31:01,2026-09-22T07:14:31
12823,publish,city-template,cooling-fault-detection-al-wakrah,شركة كشف أعطال تبريد في الوكرة,https://www.rukn-eltatawer.com/qa/cooling-fault-detection-al-wakrah/,2026-09-16T02:31:00,2026-09-22T07:14:36
12727,publish,city-template,24h-emergency-electrician-al-wakrah,شركة كهربائي طوارئ 24 ساعة في الوكرة,https://www.rukn-eltatawer.com/qa/24h-emergency-electrician-al-wakrah/,2026-09-16T02:31:00,2026-09-22T07:14:39
12719,publish,city-template,sanitary-fixtures-installation-al-wakrah,شركة تركيب أدوات صحية في الوكرة,https://www.rukn-eltatawer.com/qa/sanitary-fixtures-installation-al-wakrah/,2026-09-16T02:31:00,2026-09-22T07:14:43
12703,publish,city-template,water-heater-installation-al-wakrah,شركة تركيب سخانات مياه في الوكرة,https://www.rukn-eltatawer.com/qa/water-heater-installation-al-wakrah/,2026-09-16T02:31:00,2026-09-22T07:14:47
12679,publish,city-template,indoor-outdoor-lighting-installation-al-wakrah,شركة تركيب إنارة داخلية وخارجية في الوكرة,https://www.rukn-eltatawer.com/qa/indoor-outdoor-lighting-installation-al-wakrah/,2026-09-16T02:31:00,2026-09-22T07:14:50
12671,publish,city-template,electrical-fault-detection-al-wakrah,شركة كشف أعطال كهرباء في الوكرة,https://www.rukn-eltatawer.com/qa/electrical-fault-detection-al-wakrah/,2026-09-16T02:31:00,2026-09-22T07:14:54
12663,publish,city-template,new-electrical-wiring-al-wakrah,شركة تمديدات كهربائية جديدة في الوكرة,https://www.rukn-eltatawer.com/qa/new-electrical-wiring-al-wakrah/,2026-09-16T02:31:00,2026-09-22T07:14:57
12647,publish,city-template,home-electrician-elec-al-wakrah,شركة كهربائي منازل في الوكرة,https://www.rukn-eltatawer.com/qa/home-electrician-elec-al-wakrah/,2026-09-16T02:31:00,2026-09-22T07:15:02
12631,publish,city-template,wood-doors-windows-painting-al-wakrah,شركة دهان أبواب وشبابيك خشبية في الوكرة,https://www.rukn-eltatawer.com/qa/wood-doors-windows-painting-al-wakrah/,2026-09-16T02:31:00,2026-09-22T07:15:07
12623,publish,city-template,decorative-wall-effects-al-wakrah,شركة دهانات ديكورية وتأثيرات جدارية في الوكرة,https://www.rukn-eltatawer.com/qa/decorative-wall-effects-al-wakrah/,2026-09-16T02:31:00,2026-09-22T07:15:11
12615,publish,city-template,electric-spray-painting-al-wakrah,شركة رش بويات كهربائي في الوكرة,https://www.rukn-eltatawer.com/qa/electric-spray-painting-al-wakrah/,2026-09-16T02:31:00,2026-09-22T07:15:15
12607,publish,city-template,paint-removal-surface-prep-al-wakrah,شركة إزالة دهان قديم وتحضير أسطح في الوكرة,https://www.rukn-eltatawer.com/qa/paint-removal-surface-prep-al-wakrah/,2026-09-16T02:31:00,2026-09-22T07:15:19
12599,publish,city-template,office-painting-al-wakrah,شركة دهان مكاتب وشركات في الوكرة,https://www.rukn-eltatawer.com/qa/office-painting-al-wakrah/,2026-09-16T02:31:00,2026-09-22T07:15:24
11902,publish,city-template,doors-installation-al-rayyan,شركة تركيب أبواب في الريان,https://www.rukn-eltatawer.com/qa/doors-installation-al-rayyan/,2026-09-16T02:31:00,2026-09-22T07:15:28
11894,publish,city-template,kitchen-installation-al-rayyan,شركة تركيب مطابخ في الريان,https://www.rukn-eltatawer.com/qa/kitchen-installation-al-rayyan/,2026-09-16T02:31:00,2026-09-22T07:15:33
11886,publish,city-template,glass-alumetal-al-rayyan,شركة تركيب زجاج وألوميتال في الريان,https://www.rukn-eltatawer.com/qa/glass-alumetal-al-rayyan/,2026-09-16T02:31:00,2026-09-22T07:15:37
11878,publish,city-template,glass-aluminium-partitions-al-rayyan,شركة تركيب فواصل زجاجية وألومنيوم في الريان,https://www.rukn-eltatawer.com/qa/glass-aluminium-partitions-al-rayyan/,2026-09-16T02:31:00,2026-09-22T07:15:41
11870,publish,city-template,suspended-ceiling-al-rayyan,شركة تركيب أسقف مستعارة في الريان,https://www.rukn-eltatawer.com/qa/suspended-ceiling-al-rayyan/,2026-09-16T02:31:00,2026-09-22T07:15:45
11862,publish,city-template,floor-carpeting-al-rayyan,شركة تركيب سجاد أرضيات في الريان,https://www.rukn-eltatawer.com/qa/floor-carpeting-al-rayyan/,2026-09-16T02:31:00,2026-09-22T07:15:49
11854,publish,city-template,wallpaper-al-rayyan,شركة تركيب ورق جدران في الريان,https://www.rukn-eltatawer.com/qa/wallpaper-al-rayyan/,2026-09-16T02:31:00,2026-09-22T07:15:54
11846,publish,city-template,false-ceiling-al-rayyan,شركة تركيب أسقف جبسية / فورسيلنج في الريان,https://www.rukn-eltatawer.com/qa/false-ceiling-al-rayyan/,2026-09-16T02:31:00,2026-09-22T07:15:58
11838,publish,city-template,gypsum-board-al-rayyan,شركة تركيب جبس بورد في الريان,https://www.rukn-eltatawer.com/qa/gypsum-board-al-rayyan/,2026-09-16T02:31:00,2026-09-22T07:16:01
11830,publish,city-template,wall-foam-al-rayyan,شركة تركيب فوم للجدران في الريان,https://www.rukn-eltatawer.com/qa/wall-foam-al-rayyan/,2026-09-16T02:31:00,2026-09-22T07:16:06
11822,publish,city-template,marble-granite-al-rayyan,شركة تركيب رخام وجرانيت في الريان,https://www.rukn-eltatawer.com/qa/marble-granite-al-rayyan/,2026-09-16T02:31:00,2026-09-22T07:16:10
11814,publish,city-template,stone-al-rayyan,شركة تركيب حجر طبيعي وصناعي في الريان,https://www.rukn-eltatawer.com/qa/stone-al-rayyan/,2026-09-16T02:31:00,2026-09-22T07:16:14
11806,publish,city-template,vinyl-flooring-al-rayyan,شركة تركيب أرضيات فينيل في الريان,https://www.rukn-eltatawer.com/qa/vinyl-flooring-al-rayyan/,2026-09-16T02:31:00,2026-09-22T07:16:18
11798,publish,city-template,parquet-al-rayyan,شركة تركيب باركيه وأرضيات خشب في الريان,https://www.rukn-eltatawer.com/qa/parquet-al-rayyan/,2026-09-16T02:31:00,2026-09-22T07:16:23
11790,publish,city-template,ceramic-porcelain-al-rayyan,شركة تركيب سيراميك وبورسلين في الريان,https://www.rukn-eltatawer.com/qa/ceramic-porcelain-al-rayyan/,2026-09-16T02:31:00,2026-09-22T07:16:27
11782,publish,city-template,plastering-al-rayyan,شركة تركيب بلاستر في الريان,https://www.rukn-eltatawer.com/qa/plastering-al-rayyan/,2026-09-16T02:31:00,2026-09-22T07:16:31
11774,publish,city-template,brickwork-al-rayyan,شركة تركيب طابوق في الريان,https://www.rukn-eltatawer.com/qa/brickwork-al-rayyan/,2026-09-16T02:31:00,2026-09-22T07:16:35
11766,publish,city-template,kerbstone-al-rayyan,شركة تركيب كربستون في الريان,https://www.rukn-eltatawer.com/qa/kerbstone-al-rayyan/,2026-09-16T02:31:00,2026-09-22T07:16:39
11758,publish,city-template,interlock-al-rayyan,شركة تركيب انترلوك في الريان,https://www.rukn-eltatawer.com/qa/interlock-al-rayyan/,2026-09-16T02:31:00,2026-09-22T07:16:44
11734,publish,city-template,crack-repair-al-rayyan,شركة إصلاح تشققات الأسقف والجدران في الريان,https://www.rukn-eltatawer.com/qa/crack-repair-al-rayyan/,2026-09-16T02:31:00,2026-09-22T07:16:48
11726,publish,city-template,villa-inspection-al-rayyan,شركة فحص فلل ومباني قبل الشراء في الريان,https://www.rukn-eltatawer.com/qa/villa-inspection-al-rayyan/,2026-09-16T02:31:00,2026-09-22T07:16:53
11718,publish,city-template,old-house-renovation-al-rayyan,شركة ترميم منازل قديمة في الريان,https://www.rukn-eltatawer.com/qa/old-house-renovation-al-rayyan/,2026-09-16T02:31:00,2026-09-22T07:16:57
11702,publish,city-template,kitchen-renovation-al-rayyan,شركة ترميم مطابخ في الريان,https://www.rukn-eltatawer.com/qa/kitchen-renovation-al-rayyan/,2026-09-16T02:31:00,2026-09-22T07:17:02
11694,publish,city-template,bathroom-renovation-al-rayyan,شركة ترميم حمامات في الريان,https://www.rukn-eltatawer.com/qa/bathroom-renovation-al-rayyan/,2026-09-16T02:31:00,2026-09-22T07:17:06
11678,publish,city-template,humidity-treatment-al-rayyan,شركة معالجة الرطوبة والعفن في الريان,https://www.rukn-eltatawer.com/qa/humidity-treatment-al-rayyan/,2026-09-16T02:31:00,2026-09-22T07:17:12
12591,publish,city-template,new-villa-finishing-painting-al-wakrah,شركة تشطيب ودهان فلل جديدة في الوكرة,https://www.rukn-eltatawer.com/qa/new-villa-finishing-painting-al-wakrah/,2026-09-16T02:30:59,2026-09-22T07:17:18
12575,publish,city-template,premium-paint-finishing-al-wakrah,شركة دهان بويات عالية الجودة في الوكرة,https://www.rukn-eltatawer.com/qa/premium-paint-finishing-al-wakrah/,2026-09-16T02:30:59,2026-09-22T07:17:25
12567,publish,city-template,gypsum-board-decor-al-wakrah,شركة ديكورات جبس بورد في الوكرة,https://www.rukn-eltatawer.com/qa/gypsum-board-decor-al-wakrah/,2026-09-16T02:30:59,2026-09-22T07:17:29
12559,publish,city-template,wallpaper-installation-al-wakrah,شركة تركيب ورق حائط في الوكرة,https://www.rukn-eltatawer.com/qa/wallpaper-installation-al-wakrah/,2026-09-16T02:30:59,2026-09-22T07:17:34
12551,publish,city-template,exterior-facade-painting-al-wakrah,شركة دهان واجهات خارجية في الوكرة,https://www.rukn-eltatawer.com/qa/exterior-facade-painting-al-wakrah/,2026-09-16T02:30:59,2026-09-22T07:17:38
12543,publish,city-template,villa-painting-al-wakrah,شركة دهان فلل في الوكرة,https://www.rukn-eltatawer.com/qa/villa-painting-al-wakrah/,2026-09-16T02:30:59,2026-09-22T07:17:43
12535,publish,city-template,apartment-painting-al-wakrah,شركة دهان شقق في الوكرة,https://www.rukn-eltatawer.com/qa/apartment-painting-al-wakrah/,2026-09-16T02:30:59,2026-09-22T07:17:48
12455,publish,city-template,home-audio-tech-al-wakrah,فني أنظمة صوت منزلية في الوكرة,https://www.rukn-eltatawer.com/qa/home-audio-tech-al-wakrah/,2026-09-16T02:30:59,2026-09-22T07:17:52
12447,publish,city-template,cctv-tech-al-wakrah,فني تركيب كاميرات مراقبة في الوكرة,https://www.rukn-eltatawer.com/qa/cctv-tech-al-wakrah/,2026-09-16T02:30:59,2026-09-22T07:17:56
12431,publish,city-template,satellite-tech-al-wakrah,فني تركيب أقمار صناعية في الوكرة,https://www.rukn-eltatawer.com/qa/satellite-tech-al-wakrah/,2026-09-16T02:30:59,2026-09-22T07:18:01
12423,publish,city-template,sat-dish-tech-al-wakrah,فني تركيب دش في الوكرة,https://www.rukn-eltatawer.com/qa/sat-dish-tech-al-wakrah/,2026-09-16T02:30:59,2026-09-22T07:18:05
12415,publish,city-template,gypsum-tech-al-wakrah,فني جبس بورد في الوكرة,https://www.rukn-eltatawer.com/qa/gypsum-tech-al-wakrah/,2026-09-16T02:30:59,2026-09-22T07:18:10
12407,publish,city-template,painter-al-wakrah,عامل دهانات في الوكرة,https://www.rukn-eltatawer.com/qa/painter-al-wakrah/,2026-09-16T02:30:59,2026-09-22T07:18:14
12399,publish,city-template,blacksmith-doors-windows-al-wakrah,حداد أبواب ونوافذ في الوكرة,https://www.rukn-eltatawer.com/qa/blacksmith-doors-windows-al-wakrah/,2026-09-16T02:30:59,2026-09-22T07:18:19
12391,publish,city-template,carpenter-al-wakrah,نجار أثاث في الوكرة,https://www.rukn-eltatawer.com/qa/carpenter-al-wakrah/,2026-09-16T02:30:59,2026-09-22T07:18:24
10334,publish,national,shrkh-tnzyf-mnazl-fy-qtr-2,شركة تنظيف منازل في قطر,https://www.rukn-eltatawer.com/qa/shrkh-tnzyf-mnazl-fy-qtr-2/,2026-09-15T14:58:06,2026-09-22T05:11:57
10357,publish,national,shrkh-mkafhh-srasyr-fy-qtr,شركة مكافحة صراصير في قطر,https://www.rukn-eltatawer.com/qa/shrkh-mkafhh-srasyr-fy-qtr/,2026-09-15T14:58:01,2026-09-22T05:11:55
11682,publish,city-template,humidity-treatment-al-shamal,شركة معالجة الرطوبة والعفن في الشمال,https://www.rukn-eltatawer.com/qa/humidity-treatment-al-shamal/,2026-09-13T14:04:10,2026-09-22T07:18:28
11684,publish,city-template,humidity-treatment-al-shahaniya,شركة معالجة الرطوبة والعفن في الشحانية,https://www.rukn-eltatawer.com/qa/humidity-treatment-al-shahaniya/,2026-09-13T13:54:10,2026-09-22T07:18:33
11698,publish,city-template,bathroom-renovation-al-shamal,شركة ترميم حمامات في الشمال,https://www.rukn-eltatawer.com/qa/bathroom-renovation-al-shamal/,2026-09-13T13:44:10,2026-09-22T07:18:38
11700,publish,city-template,bathroom-renovation-al-shahaniya,شركة ترميم حمامات في الشحانية,https://www.rukn-eltatawer.com/qa/bathroom-renovation-al-shahaniya/,2026-09-13T13:34:10,2026-09-22T07:18:43
11706,publish,city-template,kitchen-renovation-al-shamal,شركة ترميم مطابخ في الشمال,https://www.rukn-eltatawer.com/qa/kitchen-renovation-al-shamal/,2026-09-13T13:24:10,2026-09-22T07:18:46
11708,publish,city-template,kitchen-renovation-al-shahaniya,شركة ترميم مطابخ في الشحانية,https://www.rukn-eltatawer.com/qa/kitchen-renovation-al-shahaniya/,2026-09-13T13:14:10,2026-09-22T07:18:55
11722,publish,city-template,old-house-renovation-al-shamal,شركة ترميم منازل قديمة في الشمال,https://www.rukn-eltatawer.com/qa/old-house-renovation-al-shamal/,2026-09-13T13:04:10,2026-09-22T07:19:00
11724,publish,city-template,old-house-renovation-al-shahaniya,شركة ترميم منازل قديمة في الشحانية,https://www.rukn-eltatawer.com/qa/old-house-renovation-al-shahaniya/,2026-09-13T12:54:10,2026-09-22T07:19:03
11730,publish,city-template,villa-inspection-al-shamal,شركة فحص فلل ومباني قبل الشراء في الشمال,https://www.rukn-eltatawer.com/qa/villa-inspection-al-shamal/,2026-09-13T12:44:10,2026-09-22T07:19:07
11732,publish,city-template,villa-inspection-al-shahaniya,شركة فحص فلل ومباني قبل الشراء في الشحانية,https://www.rukn-eltatawer.com/qa/villa-inspection-al-shahaniya/,2026-09-13T12:34:10,2026-09-22T07:19:13
11738,publish,city-template,crack-repair-al-shamal,شركة إصلاح تشققات الأسقف والجدران في الشمال,https://www.rukn-eltatawer.com/qa/crack-repair-al-shamal/,2026-09-13T12:24:10,2026-09-22T07:19:23
11740,publish,city-template,crack-repair-al-shahaniya,شركة إصلاح تشققات الأسقف والجدران في الشحانية,https://www.rukn-eltatawer.com/qa/crack-repair-al-shahaniya/,2026-09-13T12:14:10,2026-09-22T07:19:31
11762,publish,city-template,interlock-al-shamal,شركة تركيب انترلوك في الشمال,https://www.rukn-eltatawer.com/qa/interlock-al-shamal/,2026-09-13T12:04:10,2026-09-22T07:19:36
11764,publish,city-template,interlock-al-shahaniya,شركة تركيب انترلوك في الشحانية,https://www.rukn-eltatawer.com/qa/interlock-al-shahaniya/,2026-09-13T11:54:10,2026-09-22T07:19:40
11770,publish,city-template,kerbstone-al-shamal,شركة تركيب كربستون في الشمال,https://www.rukn-eltatawer.com/qa/kerbstone-al-shamal/,2026-09-13T11:44:10,2026-09-22T07:19:48
11772,publish,city-template,kerbstone-al-shahaniya,شركة تركيب كربستون في الشحانية,https://www.rukn-eltatawer.com/qa/kerbstone-al-shahaniya/,2026-09-13T11:34:10,2026-09-22T07:19:53
11778,publish,city-template,brickwork-al-shamal,شركة تركيب طابوق في الشمال,https://www.rukn-eltatawer.com/qa/brickwork-al-shamal/,2026-09-13T11:24:10,2026-09-22T07:19:56
11780,publish,city-template,brickwork-al-shahaniya,شركة تركيب طابوق في الشحانية,https://www.rukn-eltatawer.com/qa/brickwork-al-shahaniya/,2026-09-13T11:14:10,2026-09-22T07:20:00
11786,publish,city-template,plastering-al-shamal,شركة تركيب بلاستر في الشمال,https://www.rukn-eltatawer.com/qa/plastering-al-shamal/,2026-09-13T11:04:10,2026-09-22T07:20:04
11788,publish,city-template,plastering-al-shahaniya,شركة تركيب بلاستر في الشحانية,https://www.rukn-eltatawer.com/qa/plastering-al-shahaniya/,2026-09-13T10:54:10,2026-09-22T07:20:09
11794,publish,city-template,ceramic-porcelain-al-shamal,شركة تركيب سيراميك وبورسلين في الشمال,https://www.rukn-eltatawer.com/qa/ceramic-porcelain-al-shamal/,2026-09-13T10:44:10,2026-09-22T07:20:13
11796,publish,city-template,ceramic-porcelain-al-shahaniya,شركة تركيب سيراميك وبورسلين في الشحانية,https://www.rukn-eltatawer.com/qa/ceramic-porcelain-al-shahaniya/,2026-09-13T10:34:10,2026-09-22T07:20:18
11802,publish,city-template,parquet-al-shamal,شركة تركيب باركيه وأرضيات خشب في الشمال,https://www.rukn-eltatawer.com/qa/parquet-al-shamal/,2026-09-13T10:24:10,2026-09-22T07:20:22
11804,publish,city-template,parquet-al-shahaniya,شركة تركيب باركيه وأرضيات خشب في الشحانية,https://www.rukn-eltatawer.com/qa/parquet-al-shahaniya/,2026-09-13T10:14:10,2026-09-22T07:20:28
11810,publish,city-template,vinyl-flooring-al-shamal,شركة تركيب أرضيات فينيل في الشمال,https://www.rukn-eltatawer.com/qa/vinyl-flooring-al-shamal/,2026-09-13T10:04:10,2026-09-22T07:20:31
11812,publish,city-template,vinyl-flooring-al-shahaniya,شركة تركيب أرضيات فينيل في الشحانية,https://www.rukn-eltatawer.com/qa/vinyl-flooring-al-shahaniya/,2026-09-13T09:54:10,2026-09-22T07:20:44
11818,publish,city-template,stone-al-shamal,شركة تركيب حجر طبيعي وصناعي في الشمال,https://www.rukn-eltatawer.com/qa/stone-al-shamal/,2026-09-13T09:44:10,2026-09-22T07:20:47
11820,publish,city-template,stone-al-shahaniya,شركة تركيب حجر طبيعي وصناعي في الشحانية,https://www.rukn-eltatawer.com/qa/stone-al-shahaniya/,2026-09-13T09:34:10,2026-09-22T07:20:52
11826,publish,city-template,marble-granite-al-shamal,شركة تركيب رخام وجرانيت في الشمال,https://www.rukn-eltatawer.com/qa/marble-granite-al-shamal/,2026-09-13T09:24:10,2026-09-22T07:20:56
11828,publish,city-template,marble-granite-al-shahaniya,شركة تركيب رخام وجرانيت في الشحانية,https://www.rukn-eltatawer.com/qa/marble-granite-al-shahaniya/,2026-09-13T09:14:10,2026-09-22T07:21:07
11834,publish,city-template,wall-foam-al-shamal,شركة تركيب فوم للجدران في الشمال,https://www.rukn-eltatawer.com/qa/wall-foam-al-shamal/,2026-09-13T09:04:10,2026-09-22T07:21:10
11836,publish,city-template,wall-foam-al-shahaniya,شركة تركيب فوم للجدران في الشحانية,https://www.rukn-eltatawer.com/qa/wall-foam-al-shahaniya/,2026-09-13T08:54:10,2026-09-22T07:21:17
11842,publish,city-template,gypsum-board-al-shamal,شركة تركيب جبس بورد في الشمال,https://www.rukn-eltatawer.com/qa/gypsum-board-al-shamal/,2026-09-13T08:44:10,2026-09-22T07:21:22
11844,publish,city-template,gypsum-board-al-shahaniya,شركة تركيب جبس بورد في الشحانية,https://www.rukn-eltatawer.com/qa/gypsum-board-al-shahaniya/,2026-09-13T08:34:10,2026-09-22T07:21:26
11850,publish,city-template,false-ceiling-al-shamal,شركة تركيب أسقف جبسية / فورسيلنج في الشمال,https://www.rukn-eltatawer.com/qa/false-ceiling-al-shamal/,2026-09-13T08:24:10,2026-09-22T07:21:31
11852,publish,city-template,false-ceiling-al-shahaniya,شركة تركيب أسقف جبسية / فورسيلنج في الشحانية,https://www.rukn-eltatawer.com/qa/false-ceiling-al-shahaniya/,2026-09-13T08:14:10,2026-09-22T07:21:39
11858,publish,city-template,wallpaper-al-shamal,شركة تركيب ورق جدران في الشمال,https://www.rukn-eltatawer.com/qa/wallpaper-al-shamal/,2026-09-13T08:04:10,2026-09-22T07:21:43
11860,publish,city-template,wallpaper-al-shahaniya,شركة تركيب ورق جدران في الشحانية,https://www.rukn-eltatawer.com/qa/wallpaper-al-shahaniya/,2026-09-13T07:54:10,2026-09-22T07:21:51
11866,publish,city-template,floor-carpeting-al-shamal,شركة تركيب سجاد أرضيات في الشمال,https://www.rukn-eltatawer.com/qa/floor-carpeting-al-shamal/,2026-09-13T07:44:10,2026-09-22T07:21:58
11868,publish,city-template,floor-carpeting-al-shahaniya,شركة تركيب سجاد أرضيات في الشحانية,https://www.rukn-eltatawer.com/qa/floor-carpeting-al-shahaniya/,2026-09-13T07:34:10,2026-09-22T07:22:04
11874,publish,city-template,suspended-ceiling-al-shamal,شركة تركيب أسقف مستعارة في الشمال,https://www.rukn-eltatawer.com/qa/suspended-ceiling-al-shamal/,2026-09-13T07:24:10,2026-09-22T07:22:09
11876,publish,city-template,suspended-ceiling-al-shahaniya,شركة تركيب أسقف مستعارة في الشحانية,https://www.rukn-eltatawer.com/qa/suspended-ceiling-al-shahaniya/,2026-09-13T07:14:10,2026-09-22T07:22:15
11882,publish,city-template,glass-aluminium-partitions-al-shamal,شركة تركيب فواصل زجاجية وألومنيوم في الشمال,https://www.rukn-eltatawer.com/qa/glass-aluminium-partitions-al-shamal/,2026-09-13T07:04:10,2026-09-22T07:22:22
11884,publish,city-template,glass-aluminium-partitions-al-shahaniya,شركة تركيب فواصل زجاجية وألومنيوم في الشحانية,https://www.rukn-eltatawer.com/qa/glass-aluminium-partitions-al-shahaniya/,2026-09-13T06:54:10,2026-09-22T07:22:27
11890,publish,city-template,glass-alumetal-al-shamal,شركة تركيب زجاج وألوميتال في الشمال,https://www.rukn-eltatawer.com/qa/glass-alumetal-al-shamal/,2026-09-13T06:44:10,2026-09-22T07:22:32
11892,publish,city-template,glass-alumetal-al-shahaniya,شركة تركيب زجاج وألوميتال في الشحانية,https://www.rukn-eltatawer.com/qa/glass-alumetal-al-shahaniya/,2026-09-13T06:34:10,2026-09-22T07:22:39
11898,publish,city-template,kitchen-installation-al-shamal,شركة تركيب مطابخ في الشمال,https://www.rukn-eltatawer.com/qa/kitchen-installation-al-shamal/,2026-09-13T06:24:10,2026-09-22T07:22:44
11900,publish,city-template,kitchen-installation-al-shahaniya,شركة تركيب مطابخ في الشحانية,https://www.rukn-eltatawer.com/qa/kitchen-installation-al-shahaniya/,2026-09-13T06:14:10,2026-09-22T07:22:50
11906,publish,city-template,doors-installation-al-shamal,شركة تركيب أبواب في الشمال,https://www.rukn-eltatawer.com/qa/doors-installation-al-shamal/,2026-09-13T06:04:10,2026-09-22T07:22:57
11908,publish,city-template,doors-installation-al-shahaniya,شركة تركيب أبواب في الشحانية,https://www.rukn-eltatawer.com/qa/doors-installation-al-shahaniya/,2026-09-13T05:54:10,2026-09-22T07:23:03
11914,publish,city-template,windows-installation-al-shamal,شركة تركيب شبابيك في الشمال,https://www.rukn-eltatawer.com/qa/windows-installation-al-shamal/,2026-09-13T05:44:10,2026-09-22T07:23:08
11916,publish,city-template,windows-installation-al-shahaniya,شركة تركيب شبابيك في الشحانية,https://www.rukn-eltatawer.com/qa/windows-installation-al-shahaniya/,2026-09-13T05:34:10,2026-09-22T07:23:14
11922,publish,city-template,shades-sails-al-shamal,شركة تركيب مظلات وسواتر في الشمال,https://www.rukn-eltatawer.com/qa/shades-sails-al-shamal/,2026-09-13T05:24:10,2026-09-22T07:23:46
11924,publish,city-template,shades-sails-al-shahaniya,شركة تركيب مظلات وسواتر في الشحانية,https://www.rukn-eltatawer.com/qa/shades-sails-al-shahaniya/,2026-09-13T05:14:10,2026-09-22T07:28:41
11930,publish,city-template,artificial-grass-al-shamal,شركة تركيب عشب صناعي في الشمال,https://www.rukn-eltatawer.com/qa/artificial-grass-al-shamal/,2026-09-13T05:04:10,2026-09-22T07:28:49
11932,publish,city-template,artificial-grass-al-shahaniya,شركة تركيب عشب صناعي في الشحانية,https://www.rukn-eltatawer.com/qa/artificial-grass-al-shahaniya/,2026-09-13T04:54:10,2026-09-22T07:28:54
11938,publish,city-template,grass-wall-al-shamal,شركة تركيب عشب جداري في الشمال,https://www.rukn-eltatawer.com/qa/grass-wall-al-shamal/,2026-09-13T04:44:10,2026-09-22T07:28:58
11940,publish,city-template,grass-wall-al-shahaniya,شركة تركيب عشب جداري في الشحانية,https://www.rukn-eltatawer.com/qa/grass-wall-al-shahaniya/,2026-09-13T04:34:10,2026-09-22T07:29:02
11946,publish,city-template,annex-building-al-shamal,شركة بناء ملاحق في الشمال,https://www.rukn-eltatawer.com/qa/annex-building-al-shamal/,2026-09-13T04:24:10,2026-09-22T07:29:06
11948,publish,city-template,annex-building-al-shahaniya,شركة بناء ملاحق في الشحانية,https://www.rukn-eltatawer.com/qa/annex-building-al-shahaniya/,2026-09-13T04:14:10,2026-09-22T07:29:11
11954,publish,city-template,majlis-building-al-shamal,شركة بناء استراحات في الشمال,https://www.rukn-eltatawer.com/qa/majlis-building-al-shamal/,2026-09-13T04:04:10,2026-09-22T07:29:17
11956,publish,city-template,majlis-building-al-shahaniya,شركة بناء استراحات في الشحانية,https://www.rukn-eltatawer.com/qa/majlis-building-al-shahaniya/,2026-09-13T03:54:10,2026-09-22T07:29:22
11962,publish,city-template,outdoor-bathrooms-al-shamal,شركة بناء حمامات خارجية في الشمال,https://www.rukn-eltatawer.com/qa/outdoor-bathrooms-al-shamal/,2026-09-13T03:44:10,2026-09-22T07:29:27
11964,publish,city-template,outdoor-bathrooms-al-shahaniya,شركة بناء حمامات خارجية في الشحانية,https://www.rukn-eltatawer.com/qa/outdoor-bathrooms-al-shahaniya/,2026-09-13T03:34:10,2026-09-22T07:29:32
11970,publish,city-template,outdoor-kitchens-al-shamal,شركة بناء مطابخ خارجية في الشمال,https://www.rukn-eltatawer.com/qa/outdoor-kitchens-al-shamal/,2026-09-13T03:24:10,2026-09-22T07:29:38
11972,publish,city-template,outdoor-kitchens-al-shahaniya,شركة بناء مطابخ خارجية في الشحانية,https://www.rukn-eltatawer.com/qa/outdoor-kitchens-al-shahaniya/,2026-09-13T03:14:10,2026-09-22T07:29:43
11978,publish,city-template,outdoor-majlis-al-shamal,شركة بناء مجالس خارجية في الشمال,https://www.rukn-eltatawer.com/qa/outdoor-majlis-al-shamal/,2026-09-13T03:04:10,2026-09-22T07:29:49
11980,publish,city-template,outdoor-majlis-al-shahaniya,شركة بناء مجالس خارجية في الشحانية,https://www.rukn-eltatawer.com/qa/outdoor-majlis-al-shahaniya/,2026-09-13T02:54:10,2026-09-22T07:29:55
11986,publish,city-template,block-fences-al-shamal,شركة بناء أسوار طابوق في الشمال,https://www.rukn-eltatawer.com/qa/block-fences-al-shamal/,2026-09-13T02:44:10,2026-09-22T07:30:01
11988,publish,city-template,block-fences-al-shahaniya,شركة بناء أسوار طابوق في الشحانية,https://www.rukn-eltatawer.com/qa/block-fences-al-shahaniya/,2026-09-13T02:34:10,2026-09-22T07:30:08
11994,publish,city-template,interior-painting-al-shamal,شركة دهانات داخلية في الشمال,https://www.rukn-eltatawer.com/qa/interior-painting-al-shamal/,2026-09-13T02:24:10,2026-09-22T07:30:13
11996,publish,city-template,interior-painting-al-shahaniya,شركة دهانات داخلية في الشحانية,https://www.rukn-eltatawer.com/qa/interior-painting-al-shahaniya/,2026-09-13T02:14:10,2026-09-22T07:30:19
12002,publish,city-template,exterior-painting-al-shamal,شركة دهانات خارجية في الشمال,https://www.rukn-eltatawer.com/qa/exterior-painting-al-shamal/,2026-09-13T02:04:10,2026-09-22T07:30:24
12004,publish,city-template,exterior-painting-al-shahaniya,شركة دهانات خارجية في الشحانية,https://www.rukn-eltatawer.com/qa/exterior-painting-al-shahaniya/,2026-09-13T01:54:10,2026-09-22T07:30:31
12010,publish,city-template,decor-design-al-shamal,شركة تصميم وتنفيذ ديكورات في الشمال,https://www.rukn-eltatawer.com/qa/decor-design-al-shamal/,2026-09-13T01:44:10,2026-09-22T07:30:38
12012,publish,city-template,decor-design-al-shahaniya,شركة تصميم وتنفيذ ديكورات في الشحانية,https://www.rukn-eltatawer.com/qa/decor-design-al-shahaniya/,2026-09-13T01:34:10,2026-09-22T07:30:45
12018,publish,city-template,landscaping-al-shamal,شركة تنسيق حدائق في الشمال,https://www.rukn-eltatawer.com/qa/landscaping-al-shamal/,2026-09-13T01:24:10,2026-09-22T07:30:52
12020,publish,city-template,landscaping-al-shahaniya,شركة تنسيق حدائق في الشحانية,https://www.rukn-eltatawer.com/qa/landscaping-al-shahaniya/,2026-09-13T01:14:10,2026-09-22T07:30:59
12026,publish,city-template,indoor-garden-design-al-shamal,شركة تصميم حدائق داخلية في الشمال,https://www.rukn-eltatawer.com/qa/indoor-garden-design-al-shamal/,2026-09-13T01:04:10,2026-09-22T07:33:09
12028,publish,city-template,indoor-garden-design-al-shahaniya,شركة تصميم حدائق داخلية في الشحانية,https://www.rukn-eltatawer.com/qa/indoor-garden-design-al-shahaniya/,2026-09-13T00:54:10,2026-09-22T07:33:33
12034,publish,city-template,roof-garden-design-al-shamal,شركة تصميم حدائق أسطح في الشمال,https://www.rukn-eltatawer.com/qa/roof-garden-design-al-shamal/,2026-09-13T00:44:10,2026-09-22T07:33:37
12036,publish,city-template,roof-garden-design-al-shahaniya,شركة تصميم حدائق أسطح في الشحانية,https://www.rukn-eltatawer.com/qa/roof-garden-design-al-shahaniya/,2026-09-13T00:34:10,2026-09-22T07:33:41
12042,publish,city-template,natural-grass-cutting-al-shamal,شركة قص عشب طبيعي في الشمال,https://www.rukn-eltatawer.com/qa/natural-grass-cutting-al-shamal/,2026-09-13T00:24:10,2026-09-22T07:33:44
12044,publish,city-template,natural-grass-cutting-al-shahaniya,شركة قص عشب طبيعي في الشحانية,https://www.rukn-eltatawer.com/qa/natural-grass-cutting-al-shahaniya/,2026-09-13T00:14:10,2026-09-22T07:33:48
12050,publish,city-template,palm-tree-planting-al-shamal,شركة زرع نخيل وأشجار في الشمال,https://www.rukn-eltatawer.com/qa/palm-tree-planting-al-shamal/,2026-09-13T00:04:10,2026-09-22T07:33:53
12052,publish,city-template,palm-tree-planting-al-shahaniya,شركة زرع نخيل وأشجار في الشحانية,https://www.rukn-eltatawer.com/qa/palm-tree-planting-al-shahaniya/,2026-09-12T23:54:10,2026-09-22T07:33:57
12066,publish,city-template,modern-irrigation-al-shamal,شركة تركيب شبكات ري حديثة في الشمال,https://www.rukn-eltatawer.com/qa/modern-irrigation-al-shamal/,2026-09-12T23:44:10,2026-09-22T07:34:01
12068,publish,city-template,modern-irrigation-al-shahaniya,شركة تركيب شبكات ري حديثة في الشحانية,https://www.rukn-eltatawer.com/qa/modern-irrigation-al-shahaniya/,2026-09-12T23:34:10,2026-09-22T07:34:04
12074,publish,city-template,automatic-irrigation-al-shamal,شركة تركيب شبكات ري أوتوماتيكية في الشمال,https://www.rukn-eltatawer.com/qa/automatic-irrigation-al-shamal/,2026-09-12T23:24:10,2026-09-22T07:34:08
12076,publish,city-template,automatic-irrigation-al-shahaniya,شركة تركيب شبكات ري أوتوماتيكية في الشحانية,https://www.rukn-eltatawer.com/qa/automatic-irrigation-al-shahaniya/,2026-09-12T23:14:10,2026-09-22T07:34:13
12082,publish,city-template,artificial-grass-grdn-al-shamal,شركة تركيب عشب صناعي في الشمال,https://www.rukn-eltatawer.com/qa/artificial-grass-grdn-al-shamal/,2026-09-12T23:04:10,2026-09-22T07:34:17
12084,publish,city-template,artificial-grass-grdn-al-shahaniya,شركة تركيب عشب صناعي في الشحانية,https://www.rukn-eltatawer.com/qa/artificial-grass-grdn-al-shahaniya/,2026-09-12T22:54:10,2026-09-22T07:34:21
12090,publish,city-template,wall-grass-al-shamal,شركة تركيب عشب جداري في الشمال,https://www.rukn-eltatawer.com/qa/wall-grass-al-shamal/,2026-09-12T22:44:10,2026-09-22T07:34:26
12092,publish,city-template,wall-grass-al-shahaniya,شركة تركيب عشب جداري في الشحانية,https://www.rukn-eltatawer.com/qa/wall-grass-al-shahaniya/,2026-09-12T22:34:10,2026-09-22T07:34:30
12098,publish,city-template,garden-seating-al-shamal,شركة إنشاء جلسات حدائق في الشمال,https://www.rukn-eltatawer.com/qa/garden-seating-al-shamal/,2026-09-12T22:24:10,2026-09-22T07:34:34
12100,publish,city-template,garden-seating-al-shahaniya,شركة إنشاء جلسات حدائق في الشحانية,https://www.rukn-eltatawer.com/qa/garden-seating-al-shahaniya/,2026-09-12T22:14:10,2026-09-22T07:34:39
12106,publish,city-template,pergola-installation-al-shamal,شركة تركيب برجولات في الشمال,https://www.rukn-eltatawer.com/qa/pergola-installation-al-shamal/,2026-09-12T22:04:10,2026-09-22T07:34:43
12108,publish,city-template,pergola-installation-al-shahaniya,شركة تركيب برجولات في الشحانية,https://www.rukn-eltatawer.com/qa/pergola-installation-al-shahaniya/,2026-09-12T21:54:10,2026-09-22T07:34:48
12114,publish,city-template,wooden-arbor-installation-al-shamal,شركة تركيب عرائش خشبية في الشمال,https://www.rukn-eltatawer.com/qa/wooden-arbor-installation-al-shamal/,2026-09-12T21:44:10,2026-09-22T07:34:53
12116,publish,city-template,wooden-arbor-installation-al-shahaniya,شركة تركيب عرائش خشبية في الشحانية,https://www.rukn-eltatawer.com/qa/wooden-arbor-installation-al-shahaniya/,2026-09-12T21:34:10,2026-09-22T07:34:57
12122,publish,city-template,stone-pathway-al-shamal,شركة إنشاء ممرات حجرية في الشمال,https://www.rukn-eltatawer.com/qa/stone-pathway-al-shamal/,2026-09-12T21:24:10,2026-09-22T07:35:01
12124,publish,city-template,stone-pathway-al-shahaniya,شركة إنشاء ممرات حجرية في الشحانية,https://www.rukn-eltatawer.com/qa/stone-pathway-al-shahaniya/,2026-09-12T21:14:10,2026-09-22T07:35:07
12130,publish,city-template,artificial-waterfall-al-shamal,شركة تركيب شلالات اصطناعية في الشمال,https://www.rukn-eltatawer.com/qa/artificial-waterfall-al-shamal/,2026-09-12T21:04:10,2026-09-22T07:35:12
12132,publish,city-template,artificial-waterfall-al-shahaniya,شركة تركيب شلالات اصطناعية في الشحانية,https://www.rukn-eltatawer.com/qa/artificial-waterfall-al-shahaniya/,2026-09-12T20:54:10,2026-09-22T07:35:16
12138,publish,city-template,wall-fountain-al-shamal,شركة تركيب نوافير جدارية في الشمال,https://www.rukn-eltatawer.com/qa/wall-fountain-al-shamal/,2026-09-12T20:44:10,2026-09-22T07:35:21
12140,publish,city-template,wall-fountain-al-shahaniya,شركة تركيب نوافير جدارية في الشحانية,https://www.rukn-eltatawer.com/qa/wall-fountain-al-shahaniya/,2026-09-12T20:34:10,2026-09-22T07:35:25
12146,publish,city-template,indoor-moving-al-shamal,شركة نقل أثاث داخلي في الشمال,https://www.rukn-eltatawer.com/qa/indoor-moving-al-shamal/,2026-09-12T20:24:10,2026-09-22T07:35:30
12148,publish,city-template,indoor-moving-al-shahaniya,شركة نقل أثاث داخلي في الشحانية,https://www.rukn-eltatawer.com/qa/indoor-moving-al-shahaniya/,2026-09-12T20:14:10,2026-09-22T07:35:35
12154,publish,city-template,outdoor-moving-al-shamal,شركة نقل أثاث خارجي في الشمال,https://www.rukn-eltatawer.com/qa/outdoor-moving-al-shamal/,2026-09-12T20:04:10,2026-09-22T07:35:39
12156,publish,city-template,outdoor-moving-al-shahaniya,شركة نقل أثاث خارجي في الشحانية,https://www.rukn-eltatawer.com/qa/outdoor-moving-al-shahaniya/,2026-09-12T19:54:10,2026-09-22T07:35:44
12162,publish,city-template,furniture-moving-packaging-al-shamal,شركة نقل عفش مع التغليف في الشمال,https://www.rukn-eltatawer.com/qa/furniture-moving-packaging-al-shamal/,2026-09-12T19:44:10,2026-09-22T07:35:50
12164,publish,city-template,furniture-moving-packaging-al-shahaniya,شركة نقل عفش مع التغليف في الشحانية,https://www.rukn-eltatawer.com/qa/furniture-moving-packaging-al-shahaniya/,2026-09-12T19:34:10,2026-09-22T07:35:55
12178,publish,city-template,furniture-packaging-al-shamal,شركة تغليف أثاث احترافي في الشمال,https://www.rukn-eltatawer.com/qa/furniture-packaging-al-shamal/,2026-09-12T19:04:10,2026-09-22T07:36:02
12180,publish,city-template,furniture-packaging-al-shahaniya,شركة تغليف أثاث احترافي في الشحانية,https://www.rukn-eltatawer.com/qa/furniture-packaging-al-shahaniya/,2026-09-12T18:54:10,2026-09-22T07:36:08
12186,publish,city-template,furniture-assembly-al-shamal,شركة تركيب وفك الأثاث في الشمال,https://www.rukn-eltatawer.com/qa/furniture-assembly-al-shamal/,2026-09-12T18:44:10,2026-09-22T07:36:14
12188,publish,city-template,furniture-assembly-al-shahaniya,شركة تركيب وفك الأثاث في الشحانية,https://www.rukn-eltatawer.com/qa/furniture-assembly-al-shahaniya/,2026-09-12T18:34:10,2026-09-22T07:36:19
12194,publish,city-template,furniture-storage-al-shamal,شركة تخزين أثاث في الشمال,https://www.rukn-eltatawer.com/qa/furniture-storage-al-shamal/,2026-09-12T18:24:10,2026-09-22T07:36:25
12196,publish,city-template,furniture-storage-al-shahaniya,شركة تخزين أثاث في الشحانية,https://www.rukn-eltatawer.com/qa/furniture-storage-al-shahaniya/,2026-09-12T18:14:10,2026-09-22T07:36:30
12202,publish,city-template,solar-systems-installation-al-shamal,شركة تركيب أنظمة طاقة شمسية في الشمال,https://www.rukn-eltatawer.com/qa/solar-systems-installation-al-shamal/,2026-09-12T18:04:10,2026-09-22T07:36:35
12204,publish,city-template,solar-systems-installation-al-shahaniya,شركة تركيب أنظمة طاقة شمسية في الشحانية,https://www.rukn-eltatawer.com/qa/solar-systems-installation-al-shahaniya/,2026-09-12T17:54:10,2026-09-22T07:36:41
12210,publish,city-template,solar-water-heaters-al-shamal,شركة تركيب سخانات طاقة شمسية في الشمال,https://www.rukn-eltatawer.com/qa/solar-water-heaters-al-shamal/,2026-09-12T17:44:10,2026-09-22T07:36:48
12212,publish,city-template,solar-water-heaters-al-shahaniya,شركة تركيب سخانات طاقة شمسية في الشحانية,https://www.rukn-eltatawer.com/qa/solar-water-heaters-al-shahaniya/,2026-09-12T17:34:10,2026-09-22T07:36:55
12250,publish,city-template,ant-control-al-shamal,شركة مكافحة النمل الأسود والأحمر في الشمال,https://www.rukn-eltatawer.com/qa/ant-control-al-shamal/,2026-09-12T17:24:10,2026-09-22T07:37:02
12252,publish,city-template,ant-control-al-shahaniya,شركة مكافحة النمل الأسود والأحمر في الشحانية,https://www.rukn-eltatawer.com/qa/ant-control-al-shahaniya/,2026-09-12T17:14:10,2026-09-22T07:37:07
12266,publish,city-template,bed-bug-control-al-shamal,شركة مكافحة بق الفراش في الشمال,https://www.rukn-eltatawer.com/qa/bed-bug-control-al-shamal/,2026-09-12T17:04:10,2026-09-22T07:37:14
12268,publish,city-template,bed-bug-control-al-shahaniya,شركة مكافحة بق الفراش في الشحانية,https://www.rukn-eltatawer.com/qa/bed-bug-control-al-shahaniya/,2026-09-12T16:54:10,2026-09-22T07:37:21
12274,publish,city-template,rodent-control-al-shamal,شركة مكافحة الفئران والقوارض في الشمال,https://www.rukn-eltatawer.com/qa/rodent-control-al-shamal/,2026-09-12T16:44:10,2026-09-22T07:37:27
12276,publish,city-template,rodent-control-al-shahaniya,شركة مكافحة الفئران والقوارض في الشحانية,https://www.rukn-eltatawer.com/qa/rodent-control-al-shahaniya/,2026-09-12T16:34:10,2026-09-22T07:37:32
12282,publish,city-template,snake-control-al-shamal,شركة مكافحة الأفاعي في الشمال,https://www.rukn-eltatawer.com/qa/snake-control-al-shamal/,2026-09-12T16:24:10,2026-09-22T07:37:38
12284,publish,city-template,snake-control-al-shahaniya,شركة مكافحة الأفاعي في الشحانية,https://www.rukn-eltatawer.com/qa/snake-control-al-shahaniya/,2026-09-12T16:14:10,2026-09-22T07:37:43
12290,publish,city-template,scorpion-control-al-shamal,شركة مكافحة العقارب في الشمال,https://www.rukn-eltatawer.com/qa/scorpion-control-al-shamal/,2026-09-12T16:04:10,2026-09-22T07:37:49
12292,publish,city-template,scorpion-control-al-shahaniya,شركة مكافحة العقارب في الشحانية,https://www.rukn-eltatawer.com/qa/scorpion-control-al-shahaniya/,2026-09-12T15:54:10,2026-09-22T07:37:53
12298,publish,city-template,flea-control-al-shamal,شركة مكافحة البراغيث في الشمال,https://www.rukn-eltatawer.com/qa/flea-control-al-shamal/,2026-09-12T15:44:10,2026-09-22T07:37:59
12300,publish,city-template,flea-control-al-shahaniya,شركة مكافحة البراغيث في الشحانية,https://www.rukn-eltatawer.com/qa/flea-control-al-shahaniya/,2026-09-12T15:34:10,2026-09-22T07:38:06
12306,publish,city-template,lizard-control-al-shamal,شركة مكافحة الوزغ (البرص) في الشمال,https://www.rukn-eltatawer.com/qa/lizard-control-al-shamal/,2026-09-12T15:24:10,2026-09-22T07:38:16
12308,publish,city-template,lizard-control-al-shahaniya,شركة مكافحة الوزغ (البرص) في الشحانية,https://www.rukn-eltatawer.com/qa/lizard-control-al-shahaniya/,2026-09-12T15:14:10,2026-09-22T07:38:23
12314,publish,city-template,bird-control-al-shamal,شركة مكافحة الطيور في الشمال,https://www.rukn-eltatawer.com/qa/bird-control-al-shamal/,2026-09-12T15:04:10,2026-09-22T07:38:35
12316,publish,city-template,bird-control-al-shahaniya,شركة مكافحة الطيور في الشحانية,https://www.rukn-eltatawer.com/qa/bird-control-al-shahaniya/,2026-09-12T14:54:10,2026-09-22T07:38:43
12322,publish,city-template,mosquito-fly-control-al-shamal,شركة مكافحة البعوض والذباب في الشمال,https://www.rukn-eltatawer.com/qa/mosquito-fly-control-al-shamal/,2026-09-12T14:44:10,2026-09-22T07:38:48
12324,publish,city-template,mosquito-fly-control-al-shahaniya,شركة مكافحة البعوض والذباب في الشحانية,https://www.rukn-eltatawer.com/qa/mosquito-fly-control-al-shahaniya/,2026-09-12T14:34:10,2026-09-22T07:38:56
12330,publish,city-template,pigeon-net-installation-al-shamal,شركة تركيب شبك طارد للحمام في الشمال,https://www.rukn-eltatawer.com/qa/pigeon-net-installation-al-shamal/,2026-09-12T14:24:10,2026-09-22T07:39:04
12332,publish,city-template,pigeon-net-installation-al-shahaniya,شركة تركيب شبك طارد للحمام في الشحانية,https://www.rukn-eltatawer.com/qa/pigeon-net-installation-al-shahaniya/,2026-09-12T14:14:10,2026-09-22T07:39:09
12338,publish,city-template,pigeon-spikes-installation-al-shamal,شركة تركيب مسامير طاردة للحمام في الشمال,https://www.rukn-eltatawer.com/qa/pigeon-spikes-installation-al-shamal/,2026-09-12T14:04:10,2026-09-22T07:39:17
12340,publish,city-template,pigeon-spikes-installation-al-shahaniya,شركة تركيب مسامير طاردة للحمام في الشحانية,https://www.rukn-eltatawer.com/qa/pigeon-spikes-installation-al-shahaniya/,2026-09-12T13:54:10,2026-09-22T07:39:25
12346,publish,city-template,bird-sound-device-al-shamal,شركة تركيب أجهزة صوتية لطرد الطيور في الشمال,https://www.rukn-eltatawer.com/qa/bird-sound-device-al-shamal/,2026-09-12T13:44:10,2026-09-22T07:39:33
12348,publish,city-template,bird-sound-device-al-shahaniya,شركة تركيب أجهزة صوتية لطرد الطيور في الشحانية,https://www.rukn-eltatawer.com/qa/bird-sound-device-al-shahaniya/,2026-09-12T13:34:10,2026-09-22T07:39:40
12354,publish,city-template,steam-disinfection-al-shamal,شركة التعقيم بالبخار في الشمال,https://www.rukn-eltatawer.com/qa/steam-disinfection-al-shamal/,2026-09-12T13:24:10,2026-09-22T07:39:47
12356,publish,city-template,steam-disinfection-al-shahaniya,شركة التعقيم بالبخار في الشحانية,https://www.rukn-eltatawer.com/qa/steam-disinfection-al-shahaniya/,2026-09-12T13:14:10,2026-09-22T07:39:51
12362,publish,city-template,chlorine-disinfection-al-shamal,شركة التعقيم بالكلور في الشمال,https://www.rukn-eltatawer.com/qa/chlorine-disinfection-al-shamal/,2026-09-12T13:04:10,2026-09-22T07:39:57
12364,publish,city-template,chlorine-disinfection-al-shahaniya,شركة التعقيم بالكلور في الشحانية,https://www.rukn-eltatawer.com/qa/chlorine-disinfection-al-shahaniya/,2026-09-12T12:54:10,2026-09-22T07:40:12
12370,publish,city-template,ozone-disinfection-al-shamal,شركة التعقيم بالأوزون في الشمال,https://www.rukn-eltatawer.com/qa/ozone-disinfection-al-shamal/,2026-09-12T12:44:10,2026-09-22T07:40:20
12372,publish,city-template,ozone-disinfection-al-shahaniya,شركة التعقيم بالأوزون في الشحانية,https://www.rukn-eltatawer.com/qa/ozone-disinfection-al-shahaniya/,2026-09-12T12:34:10,2026-09-22T07:40:27
12386,publish,city-template,home-electrician-al-shamal,كهربائي منازل في الشمال,https://www.rukn-eltatawer.com/qa/home-electrician-al-shamal/,2026-09-12T12:24:10,2026-09-22T07:40:33
12388,publish,city-template,home-electrician-al-shahaniya,كهربائي منازل في الشحانية,https://www.rukn-eltatawer.com/qa/home-electrician-al-shahaniya/,2026-09-12T12:14:10,2026-09-22T07:41:16
12394,publish,city-template,carpenter-al-shamal,نجار أثاث في الشمال,https://www.rukn-eltatawer.com/qa/carpenter-al-shamal/,2026-09-12T12:04:10,2026-09-22T07:41:31
12396,publish,city-template,carpenter-al-shahaniya,نجار أثاث في الشحانية,https://www.rukn-eltatawer.com/qa/carpenter-al-shahaniya/,2026-09-12T11:54:10,2026-09-22T07:41:44
12402,publish,city-template,blacksmith-doors-windows-al-shamal,حداد أبواب ونوافذ في الشمال,https://www.rukn-eltatawer.com/qa/blacksmith-doors-windows-al-shamal/,2026-09-12T11:44:10,2026-09-22T07:41:53
12404,publish,city-template,blacksmith-doors-windows-al-shahaniya,حداد أبواب ونوافذ في الشحانية,https://www.rukn-eltatawer.com/qa/blacksmith-doors-windows-al-shahaniya/,2026-09-12T11:34:10,2026-09-22T07:42:00
12410,publish,city-template,painter-al-shamal,عامل دهانات في الشمال,https://www.rukn-eltatawer.com/qa/painter-al-shamal/,2026-09-12T11:24:10,2026-09-22T07:42:07
12412,publish,city-template,painter-al-shahaniya,عامل دهانات في الشحانية,https://www.rukn-eltatawer.com/qa/painter-al-shahaniya/,2026-09-12T11:14:10,2026-09-22T07:42:14
12418,publish,city-template,gypsum-tech-al-shamal,فني جبس بورد في الشمال,https://www.rukn-eltatawer.com/qa/gypsum-tech-al-shamal/,2026-09-12T11:04:10,2026-09-22T07:42:19
12420,publish,city-template,gypsum-tech-al-shahaniya,فني جبس بورد في الشحانية,https://www.rukn-eltatawer.com/qa/gypsum-tech-al-shahaniya/,2026-09-12T10:54:10,2026-09-22T07:42:25
12426,publish,city-template,sat-dish-tech-al-shamal,فني تركيب دش في الشمال,https://www.rukn-eltatawer.com/qa/sat-dish-tech-al-shamal/,2026-09-12T10:44:10,2026-09-22T07:42:31
12428,publish,city-template,sat-dish-tech-al-shahaniya,فني تركيب دش في الشحانية,https://www.rukn-eltatawer.com/qa/sat-dish-tech-al-shahaniya/,2026-09-12T10:34:10,2026-09-22T07:42:37
12434,publish,city-template,satellite-tech-al-shamal,فني تركيب أقمار صناعية في الشمال,https://www.rukn-eltatawer.com/qa/satellite-tech-al-shamal/,2026-09-12T10:24:10,2026-09-22T07:42:44
12436,publish,city-template,satellite-tech-al-shahaniya,فني تركيب أقمار صناعية في الشحانية,https://www.rukn-eltatawer.com/qa/satellite-tech-al-shahaniya/,2026-09-12T10:14:10,2026-09-22T07:42:49
12450,publish,city-template,cctv-tech-al-shamal,فني تركيب كاميرات مراقبة في الشمال,https://www.rukn-eltatawer.com/qa/cctv-tech-al-shamal/,2026-09-12T10:04:10,2026-09-22T07:42:57
12452,publish,city-template,cctv-tech-al-shahaniya,فني تركيب كاميرات مراقبة في الشحانية,https://www.rukn-eltatawer.com/qa/cctv-tech-al-shahaniya/,2026-09-12T09:54:10,2026-09-22T07:44:21
12458,publish,city-template,home-audio-tech-al-shamal,فني أنظمة صوت منزلية في الشمال,https://www.rukn-eltatawer.com/qa/home-audio-tech-al-shamal/,2026-09-12T09:44:10,2026-09-22T07:44:33
12460,publish,city-template,home-audio-tech-al-shahaniya,فني أنظمة صوت منزلية في الشحانية,https://www.rukn-eltatawer.com/qa/home-audio-tech-al-shahaniya/,2026-09-12T09:34:10,2026-09-22T07:44:39
12538,publish,city-template,apartment-painting-al-shamal,شركة دهان شقق في الشمال,https://www.rukn-eltatawer.com/qa/apartment-painting-al-shamal/,2026-09-12T09:24:10,2026-09-22T07:44:45
12540,publish,city-template,apartment-painting-al-shahaniya,شركة دهان شقق في الشحانية,https://www.rukn-eltatawer.com/qa/apartment-painting-al-shahaniya/,2026-09-12T09:14:10,2026-09-22T07:44:51
12546,publish,city-template,villa-painting-al-shamal,شركة دهان فلل في الشمال,https://www.rukn-eltatawer.com/qa/villa-painting-al-shamal/,2026-09-12T09:04:10,2026-09-22T07:48:05
12548,publish,city-template,villa-painting-al-shahaniya,شركة دهان فلل في الشحانية,https://www.rukn-eltatawer.com/qa/villa-painting-al-shahaniya/,2026-09-12T08:54:10,2026-09-22T07:48:10
12554,publish,city-template,exterior-facade-painting-al-shamal,شركة دهان واجهات خارجية في الشمال,https://www.rukn-eltatawer.com/qa/exterior-facade-painting-al-shamal/,2026-09-12T08:44:10,2026-09-22T07:48:15
12556,publish,city-template,exterior-facade-painting-al-shahaniya,شركة دهان واجهات خارجية في الشحانية,https://www.rukn-eltatawer.com/qa/exterior-facade-painting-al-shahaniya/,2026-09-12T08:34:10,2026-09-22T07:48:19
12562,publish,city-template,wallpaper-installation-al-shamal,شركة تركيب ورق حائط في الشمال,https://www.rukn-eltatawer.com/qa/wallpaper-installation-al-shamal/,2026-09-12T08:24:10,2026-09-22T07:48:25
12564,publish,city-template,wallpaper-installation-al-shahaniya,شركة تركيب ورق حائط في الشحانية,https://www.rukn-eltatawer.com/qa/wallpaper-installation-al-shahaniya/,2026-09-12T08:14:10,2026-09-22T07:48:29
12570,publish,city-template,gypsum-board-decor-al-shamal,شركة ديكورات جبس بورد في الشمال,https://www.rukn-eltatawer.com/qa/gypsum-board-decor-al-shamal/,2026-09-12T08:04:10,2026-09-22T07:48:34
12572,publish,city-template,gypsum-board-decor-al-shahaniya,شركة ديكورات جبس بورد في الشحانية,https://www.rukn-eltatawer.com/qa/gypsum-board-decor-al-shahaniya/,2026-09-12T07:54:10,2026-09-22T07:48:38
12578,publish,city-template,premium-paint-finishing-al-shamal,شركة دهان بويات عالية الجودة في الشمال,https://www.rukn-eltatawer.com/qa/premium-paint-finishing-al-shamal/,2026-09-12T07:44:10,2026-09-22T07:48:42
12580,publish,city-template,premium-paint-finishing-al-shahaniya,شركة دهان بويات عالية الجودة في الشحانية,https://www.rukn-eltatawer.com/qa/premium-paint-finishing-al-shahaniya/,2026-09-12T07:34:10,2026-09-22T07:48:49
12594,publish,city-template,new-villa-finishing-painting-al-shamal,شركة تشطيب ودهان فلل جديدة في الشمال,https://www.rukn-eltatawer.com/qa/new-villa-finishing-painting-al-shamal/,2026-09-12T07:24:10,2026-09-22T07:48:54
12596,publish,city-template,new-villa-finishing-painting-al-shahaniya,شركة تشطيب ودهان فلل جديدة في الشحانية,https://www.rukn-eltatawer.com/qa/new-villa-finishing-painting-al-shahaniya/,2026-09-12T07:14:10,2026-09-22T07:49:00
12602,publish,city-template,office-painting-al-shamal,شركة دهان مكاتب وشركات في الشمال,https://www.rukn-eltatawer.com/qa/office-painting-al-shamal/,2026-09-12T07:04:10,2026-09-22T07:49:06
12604,publish,city-template,office-painting-al-shahaniya,شركة دهان مكاتب وشركات في الشحانية,https://www.rukn-eltatawer.com/qa/office-painting-al-shahaniya/,2026-09-12T06:54:10,2026-09-22T07:49:09
12610,publish,city-template,paint-removal-surface-prep-al-shamal,شركة إزالة دهان قديم وتحضير أسطح في الشمال,https://www.rukn-eltatawer.com/qa/paint-removal-surface-prep-al-shamal/,2026-09-12T06:44:10,2026-09-22T07:49:15
12612,publish,city-template,paint-removal-surface-prep-al-shahaniya,شركة إزالة دهان قديم وتحضير أسطح في الشحانية,https://www.rukn-eltatawer.com/qa/paint-removal-surface-prep-al-shahaniya/,2026-09-12T06:34:10,2026-09-22T07:49:20
12618,publish,city-template,electric-spray-painting-al-shamal,شركة رش بويات كهربائي في الشمال,https://www.rukn-eltatawer.com/qa/electric-spray-painting-al-shamal/,2026-09-12T06:24:10,2026-09-22T07:49:25
12620,publish,city-template,electric-spray-painting-al-shahaniya,شركة رش بويات كهربائي في الشحانية,https://www.rukn-eltatawer.com/qa/electric-spray-painting-al-shahaniya/,2026-09-12T06:14:10,2026-09-22T07:49:30
12626,publish,city-template,decorative-wall-effects-al-shamal,شركة دهانات ديكورية وتأثيرات جدارية في الشمال,https://www.rukn-eltatawer.com/qa/decorative-wall-effects-al-shamal/,2026-09-12T06:04:10,2026-09-22T07:49:34
12628,publish,city-template,decorative-wall-effects-al-shahaniya,شركة دهانات ديكورية وتأثيرات جدارية في الشحانية,https://www.rukn-eltatawer.com/qa/decorative-wall-effects-al-shahaniya/,2026-09-12T05:54:10,2026-09-22T07:49:38
12634,publish,city-template,wood-doors-windows-painting-al-shamal,شركة دهان أبواب وشبابيك خشبية في الشمال,https://www.rukn-eltatawer.com/qa/wood-doors-windows-painting-al-shamal/,2026-09-12T05:44:10,2026-09-22T07:49:43
12636,publish,city-template,wood-doors-windows-painting-al-shahaniya,شركة دهان أبواب وشبابيك خشبية في الشحانية,https://www.rukn-eltatawer.com/qa/wood-doors-windows-painting-al-shahaniya/,2026-09-12T05:34:10,2026-09-22T07:49:48
12650,publish,city-template,home-electrician-elec-al-shamal,شركة كهربائي منازل في الشمال,https://www.rukn-eltatawer.com/qa/home-electrician-elec-al-shamal/,2026-09-12T05:24:10,2026-09-22T07:49:52
12652,publish,city-template,home-electrician-elec-al-shahaniya,شركة كهربائي منازل في الشحانية,https://www.rukn-eltatawer.com/qa/home-electrician-elec-al-shahaniya/,2026-09-12T05:14:10,2026-09-22T07:49:57
12666,publish,city-template,new-electrical-wiring-al-shamal,شركة تمديدات كهربائية جديدة في الشمال,https://www.rukn-eltatawer.com/qa/new-electrical-wiring-al-shamal/,2026-09-12T05:04:10,2026-09-22T07:50:02
12668,publish,city-template,new-electrical-wiring-al-shahaniya,شركة تمديدات كهربائية جديدة في الشحانية,https://www.rukn-eltatawer.com/qa/new-electrical-wiring-al-shahaniya/,2026-09-12T04:54:10,2026-09-22T07:58:10
12674,publish,city-template,electrical-fault-detection-al-shamal,شركة كشف أعطال كهرباء في الشمال,https://www.rukn-eltatawer.com/qa/electrical-fault-detection-al-shamal/,2026-09-12T04:44:10,2026-09-22T07:58:14
12676,publish,city-template,electrical-fault-detection-al-shahaniya,شركة كشف أعطال كهرباء في الشحانية,https://www.rukn-eltatawer.com/qa/electrical-fault-detection-al-shahaniya/,2026-09-12T04:34:10,2026-09-22T07:58:16
12682,publish,city-template,indoor-outdoor-lighting-installation-al-shamal,شركة تركيب إنارة داخلية وخارجية في الشمال,https://www.rukn-eltatawer.com/qa/indoor-outdoor-lighting-installation-al-shamal/,2026-09-12T04:24:10,2026-09-22T07:58:19
12684,publish,city-template,indoor-outdoor-lighting-installation-al-shahaniya,شركة تركيب إنارة داخلية وخارجية في الشحانية,https://www.rukn-eltatawer.com/qa/indoor-outdoor-lighting-installation-al-shahaniya/,2026-09-12T04:14:10,2026-09-22T07:58:22
12706,publish,city-template,water-heater-installation-al-shamal,شركة تركيب سخانات مياه في الشمال,https://www.rukn-eltatawer.com/qa/water-heater-installation-al-shamal/,2026-09-12T04:04:10,2026-09-22T07:58:23
12708,publish,city-template,water-heater-installation-al-shahaniya,شركة تركيب سخانات مياه في الشحانية,https://www.rukn-eltatawer.com/qa/water-heater-installation-al-shahaniya/,2026-09-12T03:54:10,2026-09-22T07:58:25
12722,publish,city-template,sanitary-fixtures-installation-al-shamal,شركة تركيب أدوات صحية في الشمال,https://www.rukn-eltatawer.com/qa/sanitary-fixtures-installation-al-shamal/,2026-09-12T03:44:10,2026-09-22T07:58:27
12724,publish,city-template,sanitary-fixtures-installation-al-shahaniya,شركة تركيب أدوات صحية في الشحانية,https://www.rukn-eltatawer.com/qa/sanitary-fixtures-installation-al-shahaniya/,2026-09-12T03:34:10,2026-09-22T07:58:29
12730,publish,city-template,24h-emergency-electrician-al-shamal,شركة كهربائي طوارئ 24 ساعة في الشمال,https://www.rukn-eltatawer.com/qa/24h-emergency-electrician-al-shamal/,2026-09-12T03:24:10,2026-09-22T07:58:31
12732,publish,city-template,24h-emergency-electrician-al-shahaniya,شركة كهربائي طوارئ 24 ساعة في الشحانية,https://www.rukn-eltatawer.com/qa/24h-emergency-electrician-al-shahaniya/,2026-09-12T03:14:10,2026-09-22T07:58:33
12826,publish,city-template,cooling-fault-detection-al-shamal,شركة كشف أعطال تبريد في الشمال,https://www.rukn-eltatawer.com/qa/cooling-fault-detection-al-shamal/,2026-09-12T03:04:10,2026-09-22T07:58:35
12828,publish,city-template,cooling-fault-detection-al-shahaniya,شركة كشف أعطال تبريد في الشحانية,https://www.rukn-eltatawer.com/qa/cooling-fault-detection-al-shahaniya/,2026-09-12T02:54:10,2026-09-22T07:58:37
11683,publish,city-template,humidity-treatment-al-daayen,شركة معالجة الرطوبة والعفن في الظعاين,https://www.rukn-eltatawer.com/qa/humidity-treatment-al-daayen/,2026-09-12T02:44:10,2026-09-22T07:58:39
11699,publish,city-template,bathroom-renovation-al-daayen,شركة ترميم حمامات في الظعاين,https://www.rukn-eltatawer.com/qa/bathroom-renovation-al-daayen/,2026-09-12T02:34:10,2026-09-22T07:58:41
11707,publish,city-template,kitchen-renovation-al-daayen,شركة ترميم مطابخ في الظعاين,https://www.rukn-eltatawer.com/qa/kitchen-renovation-al-daayen/,2026-09-12T02:24:10,2026-09-22T07:58:43
11723,publish,city-template,old-house-renovation-al-daayen,شركة ترميم منازل قديمة في الظعاين,https://www.rukn-eltatawer.com/qa/old-house-renovation-al-daayen/,2026-09-12T02:14:10,2026-09-22T07:58:45
11731,publish,city-template,villa-inspection-al-daayen,شركة فحص فلل ومباني قبل الشراء في الظعاين,https://www.rukn-eltatawer.com/qa/villa-inspection-al-daayen/,2026-09-12T02:04:10,2026-09-22T07:58:46
11739,publish,city-template,crack-repair-al-daayen,شركة إصلاح تشققات الأسقف والجدران في الظعاين,https://www.rukn-eltatawer.com/qa/crack-repair-al-daayen/,2026-09-12T01:54:10,2026-09-22T07:58:48
11763,publish,city-template,interlock-al-daayen,شركة تركيب انترلوك في الظعاين,https://www.rukn-eltatawer.com/qa/interlock-al-daayen/,2026-09-12T01:44:10,2026-09-22T07:58:50
11771,publish,city-template,kerbstone-al-daayen,شركة تركيب كربستون في الظعاين,https://www.rukn-eltatawer.com/qa/kerbstone-al-daayen/,2026-09-12T01:34:10,2026-09-22T07:58:52
11779,publish,city-template,brickwork-al-daayen,شركة تركيب طابوق في الظعاين,https://www.rukn-eltatawer.com/qa/brickwork-al-daayen/,2026-09-12T01:24:10,2026-09-22T07:58:54
11787,publish,city-template,plastering-al-daayen,شركة تركيب بلاستر في الظعاين,https://www.rukn-eltatawer.com/qa/plastering-al-daayen/,2026-09-12T01:14:10,2026-09-22T07:58:55
11795,publish,city-template,ceramic-porcelain-al-daayen,شركة تركيب سيراميك وبورسلين في الظعاين,https://www.rukn-eltatawer.com/qa/ceramic-porcelain-al-daayen/,2026-09-12T01:04:10,2026-09-22T07:58:57
11803,publish,city-template,parquet-al-daayen,شركة تركيب باركيه وأرضيات خشب في الظعاين,https://www.rukn-eltatawer.com/qa/parquet-al-daayen/,2026-09-12T00:54:10,2026-09-22T07:58:59
11811,publish,city-template,vinyl-flooring-al-daayen,شركة تركيب أرضيات فينيل في الظعاين,https://www.rukn-eltatawer.com/qa/vinyl-flooring-al-daayen/,2026-09-12T00:44:10,2026-09-22T07:59:01
11819,publish,city-template,stone-al-daayen,شركة تركيب حجر طبيعي وصناعي في الظعاين,https://www.rukn-eltatawer.com/qa/stone-al-daayen/,2026-09-12T00:34:10,2026-09-22T07:59:03
11827,publish,city-template,marble-granite-al-daayen,شركة تركيب رخام وجرانيت في الظعاين,https://www.rukn-eltatawer.com/qa/marble-granite-al-daayen/,2026-09-12T00:24:10,2026-09-22T07:59:04
11835,publish,city-template,wall-foam-al-daayen,شركة تركيب فوم للجدران في الظعاين,https://www.rukn-eltatawer.com/qa/wall-foam-al-daayen/,2026-09-12T00:14:10,2026-09-22T07:59:06
11843,publish,city-template,gypsum-board-al-daayen,شركة تركيب جبس بورد في الظعاين,https://www.rukn-eltatawer.com/qa/gypsum-board-al-daayen/,2026-09-12T00:04:10,2026-09-22T07:59:08
11851,publish,city-template,false-ceiling-al-daayen,شركة تركيب أسقف جبسية / فورسيلنج في الظعاين,https://www.rukn-eltatawer.com/qa/false-ceiling-al-daayen/,2026-09-11T23:54:10,2026-09-22T07:59:10
11859,publish,city-template,wallpaper-al-daayen,شركة تركيب ورق جدران في الظعاين,https://www.rukn-eltatawer.com/qa/wallpaper-al-daayen/,2026-09-11T23:44:10,2026-09-22T07:59:12
11867,publish,city-template,floor-carpeting-al-daayen,شركة تركيب سجاد أرضيات في الظعاين,https://www.rukn-eltatawer.com/qa/floor-carpeting-al-daayen/,2026-09-11T23:34:10,2026-09-22T07:59:13
11875,publish,city-template,suspended-ceiling-al-daayen,شركة تركيب أسقف مستعارة في الظعاين,https://www.rukn-eltatawer.com/qa/suspended-ceiling-al-daayen/,2026-09-11T23:24:10,2026-09-22T07:59:15
11883,publish,city-template,glass-aluminium-partitions-al-daayen,شركة تركيب فواصل زجاجية وألومنيوم في الظعاين,https://www.rukn-eltatawer.com/qa/glass-aluminium-partitions-al-daayen/,2026-09-11T23:14:10,2026-09-22T07:59:17
11891,publish,city-template,glass-alumetal-al-daayen,شركة تركيب زجاج وألوميتال في الظعاين,https://www.rukn-eltatawer.com/qa/glass-alumetal-al-daayen/,2026-09-11T23:04:10,2026-09-22T07:59:19
11899,publish,city-template,kitchen-installation-al-daayen,شركة تركيب مطابخ في الظعاين,https://www.rukn-eltatawer.com/qa/kitchen-installation-al-daayen/,2026-09-11T22:54:10,2026-09-22T07:59:20
11907,publish,city-template,doors-installation-al-daayen,شركة تركيب أبواب في الظعاين,https://www.rukn-eltatawer.com/qa/doors-installation-al-daayen/,2026-09-11T22:44:10,2026-09-22T07:59:22
11915,publish,city-template,windows-installation-al-daayen,شركة تركيب شبابيك في الظعاين,https://www.rukn-eltatawer.com/qa/windows-installation-al-daayen/,2026-09-11T22:34:10,2026-09-22T07:59:24
11923,publish,city-template,shades-sails-al-daayen,شركة تركيب مظلات وسواتر في الظعاين,https://www.rukn-eltatawer.com/qa/shades-sails-al-daayen/,2026-09-11T22:24:10,2026-09-22T07:59:26
11931,publish,city-template,artificial-grass-al-daayen,شركة تركيب عشب صناعي في الظعاين,https://www.rukn-eltatawer.com/qa/artificial-grass-al-daayen/,2026-09-11T22:14:10,2026-09-22T07:59:28
11939,publish,city-template,grass-wall-al-daayen,شركة تركيب عشب جداري في الظعاين,https://www.rukn-eltatawer.com/qa/grass-wall-al-daayen/,2026-09-11T22:04:10,2026-09-22T07:59:29
11947,publish,city-template,annex-building-al-daayen,شركة بناء ملاحق في الظعاين,https://www.rukn-eltatawer.com/qa/annex-building-al-daayen/,2026-09-11T21:54:10,2026-09-22T07:59:31
11955,publish,city-template,majlis-building-al-daayen,شركة بناء استراحات في الظعاين,https://www.rukn-eltatawer.com/qa/majlis-building-al-daayen/,2026-09-11T21:44:10,2026-09-22T07:59:33
11963,publish,city-template,outdoor-bathrooms-al-daayen,شركة بناء حمامات خارجية في الظعاين,https://www.rukn-eltatawer.com/qa/outdoor-bathrooms-al-daayen/,2026-09-11T21:34:10,2026-09-22T07:59:35
11971,publish,city-template,outdoor-kitchens-al-daayen,شركة بناء مطابخ خارجية في الظعاين,https://www.rukn-eltatawer.com/qa/outdoor-kitchens-al-daayen/,2026-09-11T21:24:10,2026-09-22T07:59:37
11979,publish,city-template,outdoor-majlis-al-daayen,شركة بناء مجالس خارجية في الظعاين,https://www.rukn-eltatawer.com/qa/outdoor-majlis-al-daayen/,2026-09-11T21:14:10,2026-09-22T07:59:38
11987,publish,city-template,block-fences-al-daayen,شركة بناء أسوار طابوق في الظعاين,https://www.rukn-eltatawer.com/qa/block-fences-al-daayen/,2026-09-11T21:04:10,2026-09-22T07:59:40
11995,publish,city-template,interior-painting-al-daayen,شركة دهانات داخلية في الظعاين,https://www.rukn-eltatawer.com/qa/interior-painting-al-daayen/,2026-09-11T20:54:10,2026-09-22T07:59:42
12003,publish,city-template,exterior-painting-al-daayen,شركة دهانات خارجية في الظعاين,https://www.rukn-eltatawer.com/qa/exterior-painting-al-daayen/,2026-09-11T20:44:10,2026-09-22T07:59:44
12011,publish,city-template,decor-design-al-daayen,شركة تصميم وتنفيذ ديكورات في الظعاين,https://www.rukn-eltatawer.com/qa/decor-design-al-daayen/,2026-09-11T20:34:10,2026-09-22T07:59:46
12019,publish,city-template,landscaping-al-daayen,شركة تنسيق حدائق في الظعاين,https://www.rukn-eltatawer.com/qa/landscaping-al-daayen/,2026-09-11T20:24:10,2026-09-22T07:59:47
12027,publish,city-template,indoor-garden-design-al-daayen,شركة تصميم حدائق داخلية في الظعاين,https://www.rukn-eltatawer.com/qa/indoor-garden-design-al-daayen/,2026-09-11T20:14:10,2026-09-22T07:59:49
12035,publish,city-template,roof-garden-design-al-daayen,شركة تصميم حدائق أسطح في الظعاين,https://www.rukn-eltatawer.com/qa/roof-garden-design-al-daayen/,2026-09-11T20:04:10,2026-09-22T07:59:51
12043,publish,city-template,natural-grass-cutting-al-daayen,شركة قص عشب طبيعي في الظعاين,https://www.rukn-eltatawer.com/qa/natural-grass-cutting-al-daayen/,2026-09-11T19:54:10,2026-09-22T07:59:53
12051,publish,city-template,palm-tree-planting-al-daayen,شركة زرع نخيل وأشجار في الظعاين,https://www.rukn-eltatawer.com/qa/palm-tree-planting-al-daayen/,2026-09-11T19:44:10,2026-09-22T07:59:55
12067,publish,city-template,modern-irrigation-al-daayen,شركة تركيب شبكات ري حديثة في الظعاين,https://www.rukn-eltatawer.com/qa/modern-irrigation-al-daayen/,2026-09-11T19:34:10,2026-09-22T07:59:56
12075,publish,city-template,automatic-irrigation-al-daayen,شركة تركيب شبكات ري أوتوماتيكية في الظعاين,https://www.rukn-eltatawer.com/qa/automatic-irrigation-al-daayen/,2026-09-11T19:24:10,2026-09-22T07:59:58
12083,publish,city-template,artificial-grass-grdn-al-daayen,شركة تركيب عشب صناعي في الظعاين,https://www.rukn-eltatawer.com/qa/artificial-grass-grdn-al-daayen/,2026-09-11T19:14:10,2026-09-22T08:00:00
12091,publish,city-template,wall-grass-al-daayen,شركة تركيب عشب جداري في الظعاين,https://www.rukn-eltatawer.com/qa/wall-grass-al-daayen/,2026-09-11T19:04:10,2026-09-22T08:00:03
12099,publish,city-template,garden-seating-al-daayen,شركة إنشاء جلسات حدائق في الظعاين,https://www.rukn-eltatawer.com/qa/garden-seating-al-daayen/,2026-09-11T18:54:10,2026-09-22T08:00:05
12107,publish,city-template,pergola-installation-al-daayen,شركة تركيب برجولات في الظعاين,https://www.rukn-eltatawer.com/qa/pergola-installation-al-daayen/,2026-09-11T18:44:10,2026-09-22T08:00:07
12115,publish,city-template,wooden-arbor-installation-al-daayen,شركة تركيب عرائش خشبية في الظعاين,https://www.rukn-eltatawer.com/qa/wooden-arbor-installation-al-daayen/,2026-09-11T18:34:10,2026-09-22T08:00:09
12123,publish,city-template,stone-pathway-al-daayen,شركة إنشاء ممرات حجرية في الظعاين,https://www.rukn-eltatawer.com/qa/stone-pathway-al-daayen/,2026-09-11T18:24:10,2026-09-22T08:00:11
12131,publish,city-template,artificial-waterfall-al-daayen,شركة تركيب شلالات اصطناعية في الظعاين,https://www.rukn-eltatawer.com/qa/artificial-waterfall-al-daayen/,2026-09-11T18:14:10,2026-09-22T08:00:13
12139,publish,city-template,wall-fountain-al-daayen,شركة تركيب نوافير جدارية في الظعاين,https://www.rukn-eltatawer.com/qa/wall-fountain-al-daayen/,2026-09-11T18:04:10,2026-09-22T08:00:15
12147,publish,city-template,indoor-moving-al-daayen,شركة نقل أثاث داخلي في الظعاين,https://www.rukn-eltatawer.com/qa/indoor-moving-al-daayen/,2026-09-11T17:54:10,2026-09-22T08:00:17
12155,publish,city-template,outdoor-moving-al-daayen,شركة نقل أثاث خارجي في الظعاين,https://www.rukn-eltatawer.com/qa/outdoor-moving-al-daayen/,2026-09-11T17:44:10,2026-09-22T08:00:20
12163,publish,city-template,furniture-moving-packaging-al-daayen,شركة نقل عفش مع التغليف في الظعاين,https://www.rukn-eltatawer.com/qa/furniture-moving-packaging-al-daayen/,2026-09-11T17:34:10,2026-09-22T08:00:22
12179,publish,city-template,furniture-packaging-al-daayen,شركة تغليف أثاث احترافي في الظعاين,https://www.rukn-eltatawer.com/qa/furniture-packaging-al-daayen/,2026-09-11T17:14:10,2026-09-22T08:00:24
12187,publish,city-template,furniture-assembly-al-daayen,شركة تركيب وفك الأثاث في الظعاين,https://www.rukn-eltatawer.com/qa/furniture-assembly-al-daayen/,2026-09-11T17:04:10,2026-09-22T08:00:26
12195,publish,city-template,furniture-storage-al-daayen,شركة تخزين أثاث في الظعاين,https://www.rukn-eltatawer.com/qa/furniture-storage-al-daayen/,2026-09-11T16:54:10,2026-09-22T08:00:28
12203,publish,city-template,solar-systems-installation-al-daayen,شركة تركيب أنظمة طاقة شمسية في الظعاين,https://www.rukn-eltatawer.com/qa/solar-systems-installation-al-daayen/,2026-09-11T16:44:10,2026-09-22T08:00:30
12211,publish,city-template,solar-water-heaters-al-daayen,شركة تركيب سخانات طاقة شمسية في الظعاين,https://www.rukn-eltatawer.com/qa/solar-water-heaters-al-daayen/,2026-09-11T16:34:10,2026-09-22T08:00:32
12251,publish,city-template,ant-control-al-daayen,شركة مكافحة النمل الأسود والأحمر في الظعاين,https://www.rukn-eltatawer.com/qa/ant-control-al-daayen/,2026-09-11T16:24:10,2026-09-22T08:00:34
12267,publish,city-template,bed-bug-control-al-daayen,شركة مكافحة بق الفراش في الظعاين,https://www.rukn-eltatawer.com/qa/bed-bug-control-al-daayen/,2026-09-11T16:14:10,2026-09-22T08:00:36
12275,publish,city-template,rodent-control-al-daayen,شركة مكافحة الفئران والقوارض في الظعاين,https://www.rukn-eltatawer.com/qa/rodent-control-al-daayen/,2026-09-11T16:04:10,2026-09-22T08:00:38
12283,publish,city-template,snake-control-al-daayen,شركة مكافحة الأفاعي في الظعاين,https://www.rukn-eltatawer.com/qa/snake-control-al-daayen/,2026-09-11T15:54:10,2026-09-22T08:00:40
12291,publish,city-template,scorpion-control-al-daayen,شركة مكافحة العقارب في الظعاين,https://www.rukn-eltatawer.com/qa/scorpion-control-al-daayen/,2026-09-11T15:44:10,2026-09-22T08:00:43
12299,publish,city-template,flea-control-al-daayen,شركة مكافحة البراغيث في الظعاين,https://www.rukn-eltatawer.com/qa/flea-control-al-daayen/,2026-09-11T15:34:10,2026-09-22T08:00:45
12307,publish,city-template,lizard-control-al-daayen,شركة مكافحة الوزغ (البرص) في الظعاين,https://www.rukn-eltatawer.com/qa/lizard-control-al-daayen/,2026-09-11T15:24:10,2026-09-22T08:00:47
12315,publish,city-template,bird-control-al-daayen,شركة مكافحة الطيور في الظعاين,https://www.rukn-eltatawer.com/qa/bird-control-al-daayen/,2026-09-11T15:14:10,2026-09-22T08:00:49
12323,publish,city-template,mosquito-fly-control-al-daayen,شركة مكافحة البعوض والذباب في الظعاين,https://www.rukn-eltatawer.com/qa/mosquito-fly-control-al-daayen/,2026-09-11T15:04:10,2026-09-22T08:00:51
12331,publish,city-template,pigeon-net-installation-al-daayen,شركة تركيب شبك طارد للحمام في الظعاين,https://www.rukn-eltatawer.com/qa/pigeon-net-installation-al-daayen/,2026-09-11T14:54:10,2026-09-22T08:00:53
12339,publish,city-template,pigeon-spikes-installation-al-daayen,شركة تركيب مسامير طاردة للحمام في الظعاين,https://www.rukn-eltatawer.com/qa/pigeon-spikes-installation-al-daayen/,2026-09-11T14:44:10,2026-09-22T08:00:55
12347,publish,city-template,bird-sound-device-al-daayen,شركة تركيب أجهزة صوتية لطرد الطيور في الظعاين,https://www.rukn-eltatawer.com/qa/bird-sound-device-al-daayen/,2026-09-11T14:34:10,2026-09-22T08:00:57
12355,publish,city-template,steam-disinfection-al-daayen,شركة التعقيم بالبخار في الظعاين,https://www.rukn-eltatawer.com/qa/steam-disinfection-al-daayen/,2026-09-11T14:24:10,2026-09-22T08:01:00
12363,publish,city-template,chlorine-disinfection-al-daayen,شركة التعقيم بالكلور في الظعاين,https://www.rukn-eltatawer.com/qa/chlorine-disinfection-al-daayen/,2026-09-11T14:14:10,2026-09-22T08:01:02
12371,publish,city-template,ozone-disinfection-al-daayen,شركة التعقيم بالأوزون في الظعاين,https://www.rukn-eltatawer.com/qa/ozone-disinfection-al-daayen/,2026-09-11T14:04:10,2026-09-22T08:01:05
12387,publish,city-template,home-electrician-al-daayen,كهربائي منازل في الظعاين,https://www.rukn-eltatawer.com/qa/home-electrician-al-daayen/,2026-09-11T13:54:10,2026-09-22T08:01:08
12395,publish,city-template,carpenter-al-daayen,نجار أثاث في الظعاين,https://www.rukn-eltatawer.com/qa/carpenter-al-daayen/,2026-09-11T13:44:10,2026-09-22T08:01:11
12403,publish,city-template,blacksmith-doors-windows-al-daayen,حداد أبواب ونوافذ في الظعاين,https://www.rukn-eltatawer.com/qa/blacksmith-doors-windows-al-daayen/,2026-09-11T13:34:10,2026-09-22T08:01:13
12411,publish,city-template,painter-al-daayen,عامل دهانات في الظعاين,https://www.rukn-eltatawer.com/qa/painter-al-daayen/,2026-09-11T13:24:10,2026-09-22T08:01:16
12419,publish,city-template,gypsum-tech-al-daayen,فني جبس بورد في الظعاين,https://www.rukn-eltatawer.com/qa/gypsum-tech-al-daayen/,2026-09-11T13:14:10,2026-09-22T08:01:19
12427,publish,city-template,sat-dish-tech-al-daayen,فني تركيب دش في الظعاين,https://www.rukn-eltatawer.com/qa/sat-dish-tech-al-daayen/,2026-09-11T13:04:10,2026-09-22T08:01:22
12435,publish,city-template,satellite-tech-al-daayen,فني تركيب أقمار صناعية في الظعاين,https://www.rukn-eltatawer.com/qa/satellite-tech-al-daayen/,2026-09-11T12:54:10,2026-09-22T08:01:24
12451,publish,city-template,cctv-tech-al-daayen,فني تركيب كاميرات مراقبة في الظعاين,https://www.rukn-eltatawer.com/qa/cctv-tech-al-daayen/,2026-09-11T12:44:10,2026-09-22T08:01:27
12459,publish,city-template,home-audio-tech-al-daayen,فني أنظمة صوت منزلية في الظعاين,https://www.rukn-eltatawer.com/qa/home-audio-tech-al-daayen/,2026-09-11T12:34:10,2026-09-22T08:01:30
12539,publish,city-template,apartment-painting-al-daayen,شركة دهان شقق في الظعاين,https://www.rukn-eltatawer.com/qa/apartment-painting-al-daayen/,2026-09-11T12:24:10,2026-09-22T08:01:33
12547,publish,city-template,villa-painting-al-daayen,شركة دهان فلل في الظعاين,https://www.rukn-eltatawer.com/qa/villa-painting-al-daayen/,2026-09-11T12:14:10,2026-09-22T08:01:36
12555,publish,city-template,exterior-facade-painting-al-daayen,شركة دهان واجهات خارجية في الظعاين,https://www.rukn-eltatawer.com/qa/exterior-facade-painting-al-daayen/,2026-09-11T12:04:10,2026-09-22T08:01:40
12563,publish,city-template,wallpaper-installation-al-daayen,شركة تركيب ورق حائط في الظعاين,https://www.rukn-eltatawer.com/qa/wallpaper-installation-al-daayen/,2026-09-11T11:54:10,2026-09-22T08:01:43
12571,publish,city-template,gypsum-board-decor-al-daayen,شركة ديكورات جبس بورد في الظعاين,https://www.rukn-eltatawer.com/qa/gypsum-board-decor-al-daayen/,2026-09-11T11:44:10,2026-09-22T08:01:46
12579,publish,city-template,premium-paint-finishing-al-daayen,شركة دهان بويات عالية الجودة في الظعاين,https://www.rukn-eltatawer.com/qa/premium-paint-finishing-al-daayen/,2026-09-11T11:34:10,2026-09-22T08:01:49
12595,publish,city-template,new-villa-finishing-painting-al-daayen,شركة تشطيب ودهان فلل جديدة في الظعاين,https://www.rukn-eltatawer.com/qa/new-villa-finishing-painting-al-daayen/,2026-09-11T11:24:10,2026-09-22T08:01:52
12603,publish,city-template,office-painting-al-daayen,شركة دهان مكاتب وشركات في الظعاين,https://www.rukn-eltatawer.com/qa/office-painting-al-daayen/,2026-09-11T11:14:10,2026-09-22T08:01:55
12611,publish,city-template,paint-removal-surface-prep-al-daayen,شركة إزالة دهان قديم وتحضير أسطح في الظعاين,https://www.rukn-eltatawer.com/qa/paint-removal-surface-prep-al-daayen/,2026-09-11T11:04:10,2026-09-22T08:01:58
12619,publish,city-template,electric-spray-painting-al-daayen,شركة رش بويات كهربائي في الظعاين,https://www.rukn-eltatawer.com/qa/electric-spray-painting-al-daayen/,2026-09-11T10:54:10,2026-09-22T08:02:01
12627,publish,city-template,decorative-wall-effects-al-daayen,شركة دهانات ديكورية وتأثيرات جدارية في الظعاين,https://www.rukn-eltatawer.com/qa/decorative-wall-effects-al-daayen/,2026-09-11T10:44:10,2026-09-22T08:02:05
12635,publish,city-template,wood-doors-windows-painting-al-daayen,شركة دهان أبواب وشبابيك خشبية في الظعاين,https://www.rukn-eltatawer.com/qa/wood-doors-windows-painting-al-daayen/,2026-09-11T10:34:10,2026-09-22T08:02:09
12651,publish,city-template,home-electrician-elec-al-daayen,شركة كهربائي منازل في الظعاين,https://www.rukn-eltatawer.com/qa/home-electrician-elec-al-daayen/,2026-09-11T10:24:10,2026-09-22T08:02:16
12667,publish,city-template,new-electrical-wiring-al-daayen,شركة تمديدات كهربائية جديدة في الظعاين,https://www.rukn-eltatawer.com/qa/new-electrical-wiring-al-daayen/,2026-09-11T10:14:10,2026-09-22T08:02:20
12675,publish,city-template,electrical-fault-detection-al-daayen,شركة كشف أعطال كهرباء في الظعاين,https://www.rukn-eltatawer.com/qa/electrical-fault-detection-al-daayen/,2026-09-11T10:04:10,2026-09-22T08:02:24
12683,publish,city-template,indoor-outdoor-lighting-installation-al-daayen,شركة تركيب إنارة داخلية وخارجية في الظعاين,https://www.rukn-eltatawer.com/qa/indoor-outdoor-lighting-installation-al-daayen/,2026-09-11T09:54:10,2026-09-22T08:02:28
12707,publish,city-template,water-heater-installation-al-daayen,شركة تركيب سخانات مياه في الظعاين,https://www.rukn-eltatawer.com/qa/water-heater-installation-al-daayen/,2026-09-11T09:44:10,2026-09-22T08:02:32
12723,publish,city-template,sanitary-fixtures-installation-al-daayen,شركة تركيب أدوات صحية في الظعاين,https://www.rukn-eltatawer.com/qa/sanitary-fixtures-installation-al-daayen/,2026-09-11T09:34:10,2026-09-22T08:02:36
12731,publish,city-template,24h-emergency-electrician-al-daayen,شركة كهربائي طوارئ 24 ساعة في الظعاين,https://www.rukn-eltatawer.com/qa/24h-emergency-electrician-al-daayen/,2026-09-11T09:24:10,2026-09-22T08:02:40
12827,publish,city-template,cooling-fault-detection-al-daayen,شركة كشف أعطال تبريد في الظعاين,https://www.rukn-eltatawer.com/qa/cooling-fault-detection-al-daayen/,2026-09-11T09:14:10,2026-09-22T08:02:44
11680,publish,city-template,humidity-treatment-al-khor,شركة معالجة الرطوبة والعفن في الخور,https://www.rukn-eltatawer.com/qa/humidity-treatment-al-khor/,2026-09-11T09:04:10,2026-09-22T08:02:48
11681,publish,city-template,humidity-treatment-umm-salal,شركة معالجة الرطوبة والعفن في أم صلال,https://www.rukn-eltatawer.com/qa/humidity-treatment-umm-salal/,2026-09-11T08:54:10,2026-09-22T08:02:53
11696,publish,city-template,bathroom-renovation-al-khor,شركة ترميم حمامات في الخور,https://www.rukn-eltatawer.com/qa/bathroom-renovation-al-khor/,2026-09-11T08:44:10,2026-09-22T08:02:57
11697,publish,city-template,bathroom-renovation-umm-salal,شركة ترميم حمامات في أم صلال,https://www.rukn-eltatawer.com/qa/bathroom-renovation-umm-salal/,2026-09-11T08:34:10,2026-09-22T08:03:00
11704,publish,city-template,kitchen-renovation-al-khor,شركة ترميم مطابخ في الخور,https://www.rukn-eltatawer.com/qa/kitchen-renovation-al-khor/,2026-09-11T08:24:10,2026-09-22T08:03:06
11705,publish,city-template,kitchen-renovation-umm-salal,شركة ترميم مطابخ في أم صلال,https://www.rukn-eltatawer.com/qa/kitchen-renovation-umm-salal/,2026-09-11T08:14:10,2026-09-22T08:03:10
11720,publish,city-template,old-house-renovation-al-khor,شركة ترميم منازل قديمة في الخور,https://www.rukn-eltatawer.com/qa/old-house-renovation-al-khor/,2026-09-11T08:04:10,2026-09-22T08:03:15
11721,publish,city-template,old-house-renovation-umm-salal,شركة ترميم منازل قديمة في أم صلال,https://www.rukn-eltatawer.com/qa/old-house-renovation-umm-salal/,2026-09-11T07:54:10,2026-09-22T08:03:19
11728,publish,city-template,villa-inspection-al-khor,شركة فحص فلل ومباني قبل الشراء في الخور,https://www.rukn-eltatawer.com/qa/villa-inspection-al-khor/,2026-09-11T07:44:10,2026-09-22T08:03:24
11729,publish,city-template,villa-inspection-umm-salal,شركة فحص فلل ومباني قبل الشراء في أم صلال,https://www.rukn-eltatawer.com/qa/villa-inspection-umm-salal/,2026-09-11T07:34:10,2026-09-22T08:03:28
11736,publish,city-template,crack-repair-al-khor,شركة إصلاح تشققات الأسقف والجدران في الخور,https://www.rukn-eltatawer.com/qa/crack-repair-al-khor/,2026-09-11T07:24:10,2026-09-22T08:03:33
11737,publish,city-template,crack-repair-umm-salal,شركة إصلاح تشققات الأسقف والجدران في أم صلال,https://www.rukn-eltatawer.com/qa/crack-repair-umm-salal/,2026-09-11T07:14:10,2026-09-22T08:03:37
11760,publish,city-template,interlock-al-khor,شركة تركيب انترلوك في الخور,https://www.rukn-eltatawer.com/qa/interlock-al-khor/,2026-09-11T07:04:10,2026-09-22T08:03:40
11761,publish,city-template,interlock-umm-salal,شركة تركيب انترلوك في أم صلال,https://www.rukn-eltatawer.com/qa/interlock-umm-salal/,2026-09-11T06:54:10,2026-09-22T08:03:45
11768,publish,city-template,kerbstone-al-khor,شركة تركيب كربستون في الخور,https://www.rukn-eltatawer.com/qa/kerbstone-al-khor/,2026-09-11T06:44:10,2026-09-22T08:03:49
11769,publish,city-template,kerbstone-umm-salal,شركة تركيب كربستون في أم صلال,https://www.rukn-eltatawer.com/qa/kerbstone-umm-salal/,2026-09-11T06:34:10,2026-09-22T08:03:53
11776,publish,city-template,brickwork-al-khor,شركة تركيب طابوق في الخور,https://www.rukn-eltatawer.com/qa/brickwork-al-khor/,2026-09-11T06:24:10,2026-09-22T08:03:57
11777,publish,city-template,brickwork-umm-salal,شركة تركيب طابوق في أم صلال,https://www.rukn-eltatawer.com/qa/brickwork-umm-salal/,2026-09-11T06:14:10,2026-09-22T08:04:01
11784,publish,city-template,plastering-al-khor,شركة تركيب بلاستر في الخور,https://www.rukn-eltatawer.com/qa/plastering-al-khor/,2026-09-11T06:04:10,2026-09-22T08:04:05
11785,publish,city-template,plastering-umm-salal,شركة تركيب بلاستر في أم صلال,https://www.rukn-eltatawer.com/qa/plastering-umm-salal/,2026-09-11T05:54:10,2026-09-22T08:04:11
11792,publish,city-template,ceramic-porcelain-al-khor,شركة تركيب سيراميك وبورسلين في الخور,https://www.rukn-eltatawer.com/qa/ceramic-porcelain-al-khor/,2026-09-11T05:44:10,2026-09-22T08:04:15
11793,publish,city-template,ceramic-porcelain-umm-salal,شركة تركيب سيراميك وبورسلين في أم صلال,https://www.rukn-eltatawer.com/qa/ceramic-porcelain-umm-salal/,2026-09-11T05:34:10,2026-09-22T08:04:20
11800,publish,city-template,parquet-al-khor,شركة تركيب باركيه وأرضيات خشب في الخور,https://www.rukn-eltatawer.com/qa/parquet-al-khor/,2026-09-11T05:24:10,2026-09-22T08:04:25
11801,publish,city-template,parquet-umm-salal,شركة تركيب باركيه وأرضيات خشب في أم صلال,https://www.rukn-eltatawer.com/qa/parquet-umm-salal/,2026-09-11T05:14:10,2026-09-22T08:04:29
11808,publish,city-template,vinyl-flooring-al-khor,شركة تركيب أرضيات فينيل في الخور,https://www.rukn-eltatawer.com/qa/vinyl-flooring-al-khor/,2026-09-11T05:04:10,2026-09-22T08:04:33
11809,publish,city-template,vinyl-flooring-umm-salal,شركة تركيب أرضيات فينيل في أم صلال,https://www.rukn-eltatawer.com/qa/vinyl-flooring-umm-salal/,2026-09-11T04:54:10,2026-09-22T08:04:40
11816,publish,city-template,stone-al-khor,شركة تركيب حجر طبيعي وصناعي في الخور,https://www.rukn-eltatawer.com/qa/stone-al-khor/,2026-09-11T04:44:10,2026-09-22T08:04:46
11817,publish,city-template,stone-umm-salal,شركة تركيب حجر طبيعي وصناعي في أم صلال,https://www.rukn-eltatawer.com/qa/stone-umm-salal/,2026-09-11T04:34:10,2026-09-22T08:04:52
11824,publish,city-template,marble-granite-al-khor,شركة تركيب رخام وجرانيت في الخور,https://www.rukn-eltatawer.com/qa/marble-granite-al-khor/,2026-09-11T04:24:10,2026-09-22T08:04:57
11825,publish,city-template,marble-granite-umm-salal,شركة تركيب رخام وجرانيت في أم صلال,https://www.rukn-eltatawer.com/qa/marble-granite-umm-salal/,2026-09-11T04:14:10,2026-09-22T08:05:02
11832,publish,city-template,wall-foam-al-khor,شركة تركيب فوم للجدران في الخور,https://www.rukn-eltatawer.com/qa/wall-foam-al-khor/,2026-09-11T04:04:10,2026-09-22T08:05:07
11833,publish,city-template,wall-foam-umm-salal,شركة تركيب فوم للجدران في أم صلال,https://www.rukn-eltatawer.com/qa/wall-foam-umm-salal/,2026-09-11T03:54:10,2026-09-22T08:05:12
11840,publish,city-template,gypsum-board-al-khor,شركة تركيب جبس بورد في الخور,https://www.rukn-eltatawer.com/qa/gypsum-board-al-khor/,2026-09-11T03:44:10,2026-09-22T08:05:16
11841,publish,city-template,gypsum-board-umm-salal,شركة تركيب جبس بورد في أم صلال,https://www.rukn-eltatawer.com/qa/gypsum-board-umm-salal/,2026-09-11T03:34:10,2026-09-22T08:05:25
11848,publish,city-template,false-ceiling-al-khor,شركة تركيب أسقف جبسية / فورسيلنج في الخور,https://www.rukn-eltatawer.com/qa/false-ceiling-al-khor/,2026-09-11T03:24:10,2026-09-22T08:05:33
11849,publish,city-template,false-ceiling-umm-salal,شركة تركيب أسقف جبسية / فورسيلنج في أم صلال,https://www.rukn-eltatawer.com/qa/false-ceiling-umm-salal/,2026-09-11T03:14:10,2026-09-22T08:05:38
11856,publish,city-template,wallpaper-al-khor,شركة تركيب ورق جدران في الخور,https://www.rukn-eltatawer.com/qa/wallpaper-al-khor/,2026-09-11T03:04:10,2026-09-22T08:05:42
11857,publish,city-template,wallpaper-umm-salal,شركة تركيب ورق جدران في أم صلال,https://www.rukn-eltatawer.com/qa/wallpaper-umm-salal/,2026-09-11T02:54:10,2026-09-22T08:05:48
11864,publish,city-template,floor-carpeting-al-khor,شركة تركيب سجاد أرضيات في الخور,https://www.rukn-eltatawer.com/qa/floor-carpeting-al-khor/,2026-09-11T02:44:10,2026-09-22T08:05:52
11865,publish,city-template,floor-carpeting-umm-salal,شركة تركيب سجاد أرضيات في أم صلال,https://www.rukn-eltatawer.com/qa/floor-carpeting-umm-salal/,2026-09-11T02:34:10,2026-09-22T08:05:58
11872,publish,city-template,suspended-ceiling-al-khor,شركة تركيب أسقف مستعارة في الخور,https://www.rukn-eltatawer.com/qa/suspended-ceiling-al-khor/,2026-09-11T02:24:10,2026-09-22T08:06:02
11873,publish,city-template,suspended-ceiling-umm-salal,شركة تركيب أسقف مستعارة في أم صلال,https://www.rukn-eltatawer.com/qa/suspended-ceiling-umm-salal/,2026-09-11T02:14:10,2026-09-22T08:06:08
11880,publish,city-template,glass-aluminium-partitions-al-khor,شركة تركيب فواصل زجاجية وألومنيوم في الخور,https://www.rukn-eltatawer.com/qa/glass-aluminium-partitions-al-khor/,2026-09-11T02:04:10,2026-09-22T08:06:12
11881,publish,city-template,glass-aluminium-partitions-umm-salal,شركة تركيب فواصل زجاجية وألومنيوم في أم صلال,https://www.rukn-eltatawer.com/qa/glass-aluminium-partitions-umm-salal/,2026-09-11T01:54:10,2026-09-22T08:06:16
11888,publish,city-template,glass-alumetal-al-khor,شركة تركيب زجاج وألوميتال في الخور,https://www.rukn-eltatawer.com/qa/glass-alumetal-al-khor/,2026-09-11T01:44:10,2026-09-22T08:06:24
11889,publish,city-template,glass-alumetal-umm-salal,شركة تركيب زجاج وألوميتال في أم صلال,https://www.rukn-eltatawer.com/qa/glass-alumetal-umm-salal/,2026-09-11T01:34:10,2026-09-22T08:06:29
11896,publish,city-template,kitchen-installation-al-khor,شركة تركيب مطابخ في الخور,https://www.rukn-eltatawer.com/qa/kitchen-installation-al-khor/,2026-09-11T01:24:10,2026-09-22T08:06:34
11897,publish,city-template,kitchen-installation-umm-salal,شركة تركيب مطابخ في أم صلال,https://www.rukn-eltatawer.com/qa/kitchen-installation-umm-salal/,2026-09-11T01:14:10,2026-09-22T08:06:46
11904,publish,city-template,doors-installation-al-khor,شركة تركيب أبواب في الخور,https://www.rukn-eltatawer.com/qa/doors-installation-al-khor/,2026-09-11T01:04:10,2026-09-22T08:06:51
11905,publish,city-template,doors-installation-umm-salal,شركة تركيب أبواب في أم صلال,https://www.rukn-eltatawer.com/qa/doors-installation-umm-salal/,2026-09-11T00:54:10,2026-09-22T08:06:56
11912,publish,city-template,windows-installation-al-khor,شركة تركيب شبابيك في الخور,https://www.rukn-eltatawer.com/qa/windows-installation-al-khor/,2026-09-11T00:44:10,2026-09-22T08:07:01
11913,publish,city-template,windows-installation-umm-salal,شركة تركيب شبابيك في أم صلال,https://www.rukn-eltatawer.com/qa/windows-installation-umm-salal/,2026-09-11T00:34:10,2026-09-22T08:07:06
11920,publish,city-template,shades-sails-al-khor,شركة تركيب مظلات وسواتر في الخور,https://www.rukn-eltatawer.com/qa/shades-sails-al-khor/,2026-09-11T00:24:10,2026-09-22T08:07:12
11921,publish,city-template,shades-sails-umm-salal,شركة تركيب مظلات وسواتر في أم صلال,https://www.rukn-eltatawer.com/qa/shades-sails-umm-salal/,2026-09-11T00:14:10,2026-09-22T08:07:16
11928,publish,city-template,artificial-grass-al-khor,شركة تركيب عشب صناعي في الخور,https://www.rukn-eltatawer.com/qa/artificial-grass-al-khor/,2026-09-11T00:04:10,2026-09-22T08:07:25
11929,publish,city-template,artificial-grass-umm-salal,شركة تركيب عشب صناعي في أم صلال,https://www.rukn-eltatawer.com/qa/artificial-grass-umm-salal/,2026-09-10T23:54:10,2026-09-22T08:08:03
11936,publish,city-template,grass-wall-al-khor,شركة تركيب عشب جداري في الخور,https://www.rukn-eltatawer.com/qa/grass-wall-al-khor/,2026-09-10T23:44:10,2026-09-22T08:08:24
11937,publish,city-template,grass-wall-umm-salal,شركة تركيب عشب جداري في أم صلال,https://www.rukn-eltatawer.com/qa/grass-wall-umm-salal/,2026-09-10T23:34:10,2026-09-22T08:13:20
11944,publish,city-template,annex-building-al-khor,شركة بناء ملاحق في الخور,https://www.rukn-eltatawer.com/qa/annex-building-al-khor/,2026-09-10T23:24:10,2026-09-22T08:13:24
11945,publish,city-template,annex-building-umm-salal,شركة بناء ملاحق في أم صلال,https://www.rukn-eltatawer.com/qa/annex-building-umm-salal/,2026-09-10T23:14:10,2026-09-22T08:13:27
11952,publish,city-template,majlis-building-al-khor,شركة بناء استراحات في الخور,https://www.rukn-eltatawer.com/qa/majlis-building-al-khor/,2026-09-10T23:04:10,2026-09-22T08:13:30
11953,publish,city-template,majlis-building-umm-salal,شركة بناء استراحات في أم صلال,https://www.rukn-eltatawer.com/qa/majlis-building-umm-salal/,2026-09-10T22:54:10,2026-09-22T08:13:33
11960,publish,city-template,outdoor-bathrooms-al-khor,شركة بناء حمامات خارجية في الخور,https://www.rukn-eltatawer.com/qa/outdoor-bathrooms-al-khor/,2026-09-10T22:44:10,2026-09-22T08:13:36
11961,publish,city-template,outdoor-bathrooms-umm-salal,شركة بناء حمامات خارجية في أم صلال,https://www.rukn-eltatawer.com/qa/outdoor-bathrooms-umm-salal/,2026-09-10T22:34:10,2026-09-22T08:13:39
11968,publish,city-template,outdoor-kitchens-al-khor,شركة بناء مطابخ خارجية في الخور,https://www.rukn-eltatawer.com/qa/outdoor-kitchens-al-khor/,2026-09-10T22:24:10,2026-09-22T08:13:41
11969,publish,city-template,outdoor-kitchens-umm-salal,شركة بناء مطابخ خارجية في أم صلال,https://www.rukn-eltatawer.com/qa/outdoor-kitchens-umm-salal/,2026-09-10T22:14:10,2026-09-22T08:13:43
11976,publish,city-template,outdoor-majlis-al-khor,شركة بناء مجالس خارجية في الخور,https://www.rukn-eltatawer.com/qa/outdoor-majlis-al-khor/,2026-09-10T22:04:10,2026-09-22T08:13:46
11977,publish,city-template,outdoor-majlis-umm-salal,شركة بناء مجالس خارجية في أم صلال,https://www.rukn-eltatawer.com/qa/outdoor-majlis-umm-salal/,2026-09-10T21:54:10,2026-09-22T08:13:48
11984,publish,city-template,block-fences-al-khor,شركة بناء أسوار طابوق في الخور,https://www.rukn-eltatawer.com/qa/block-fences-al-khor/,2026-09-10T21:44:10,2026-09-22T08:13:50
11985,publish,city-template,block-fences-umm-salal,شركة بناء أسوار طابوق في أم صلال,https://www.rukn-eltatawer.com/qa/block-fences-umm-salal/,2026-09-10T21:34:10,2026-09-22T08:13:52
11992,publish,city-template,interior-painting-al-khor,شركة دهانات داخلية في الخور,https://www.rukn-eltatawer.com/qa/interior-painting-al-khor/,2026-09-10T21:24:10,2026-09-22T08:13:55
11993,publish,city-template,interior-painting-umm-salal,شركة دهانات داخلية في أم صلال,https://www.rukn-eltatawer.com/qa/interior-painting-umm-salal/,2026-09-10T21:14:10,2026-09-22T08:13:57
12000,publish,city-template,exterior-painting-al-khor,شركة دهانات خارجية في الخور,https://www.rukn-eltatawer.com/qa/exterior-painting-al-khor/,2026-09-10T21:04:10,2026-09-22T08:14:00
12001,publish,city-template,exterior-painting-umm-salal,شركة دهانات خارجية في أم صلال,https://www.rukn-eltatawer.com/qa/exterior-painting-umm-salal/,2026-09-10T20:54:10,2026-09-22T08:14:02
12008,publish,city-template,decor-design-al-khor,شركة تصميم وتنفيذ ديكورات في الخور,https://www.rukn-eltatawer.com/qa/decor-design-al-khor/,2026-09-10T20:44:10,2026-09-22T08:14:05
12009,publish,city-template,decor-design-umm-salal,شركة تصميم وتنفيذ ديكورات في أم صلال,https://www.rukn-eltatawer.com/qa/decor-design-umm-salal/,2026-09-10T20:34:10,2026-09-22T08:14:08
12016,publish,city-template,landscaping-al-khor,شركة تنسيق حدائق في الخور,https://www.rukn-eltatawer.com/qa/landscaping-al-khor/,2026-09-10T20:24:10,2026-09-22T08:14:10
12017,publish,city-template,landscaping-umm-salal,شركة تنسيق حدائق في أم صلال,https://www.rukn-eltatawer.com/qa/landscaping-umm-salal/,2026-09-10T20:14:10,2026-09-22T08:14:13
12024,publish,city-template,indoor-garden-design-al-khor,شركة تصميم حدائق داخلية في الخور,https://www.rukn-eltatawer.com/qa/indoor-garden-design-al-khor/,2026-09-10T20:04:10,2026-09-22T08:14:15
12025,publish,city-template,indoor-garden-design-umm-salal,شركة تصميم حدائق داخلية في أم صلال,https://www.rukn-eltatawer.com/qa/indoor-garden-design-umm-salal/,2026-09-10T19:54:10,2026-09-22T08:14:18
12032,publish,city-template,roof-garden-design-al-khor,شركة تصميم حدائق أسطح في الخور,https://www.rukn-eltatawer.com/qa/roof-garden-design-al-khor/,2026-09-10T19:44:10,2026-09-22T08:14:21
12033,publish,city-template,roof-garden-design-umm-salal,شركة تصميم حدائق أسطح في أم صلال,https://www.rukn-eltatawer.com/qa/roof-garden-design-umm-salal/,2026-09-10T19:34:10,2026-09-22T08:14:23
12040,publish,city-template,natural-grass-cutting-al-khor,شركة قص عشب طبيعي في الخور,https://www.rukn-eltatawer.com/qa/natural-grass-cutting-al-khor/,2026-09-10T19:24:10,2026-09-22T08:14:26
12041,publish,city-template,natural-grass-cutting-umm-salal,شركة قص عشب طبيعي في أم صلال,https://www.rukn-eltatawer.com/qa/natural-grass-cutting-umm-salal/,2026-09-10T19:14:10,2026-09-22T08:14:30
12048,publish,city-template,palm-tree-planting-al-khor,شركة زرع نخيل وأشجار في الخور,https://www.rukn-eltatawer.com/qa/palm-tree-planting-al-khor/,2026-09-10T19:04:10,2026-09-22T08:14:32
12049,publish,city-template,palm-tree-planting-umm-salal,شركة زرع نخيل وأشجار في أم صلال,https://www.rukn-eltatawer.com/qa/palm-tree-planting-umm-salal/,2026-09-10T18:54:10,2026-09-22T08:14:35
12064,publish,city-template,modern-irrigation-al-khor,شركة تركيب شبكات ري حديثة في الخور,https://www.rukn-eltatawer.com/qa/modern-irrigation-al-khor/,2026-09-10T18:44:10,2026-09-22T08:14:38
12065,publish,city-template,modern-irrigation-umm-salal,شركة تركيب شبكات ري حديثة في أم صلال,https://www.rukn-eltatawer.com/qa/modern-irrigation-umm-salal/,2026-09-10T18:34:10,2026-09-22T08:14:41
12072,publish,city-template,automatic-irrigation-al-khor,شركة تركيب شبكات ري أوتوماتيكية في الخور,https://www.rukn-eltatawer.com/qa/automatic-irrigation-al-khor/,2026-09-10T18:24:10,2026-09-22T08:14:44
12073,publish,city-template,automatic-irrigation-umm-salal,شركة تركيب شبكات ري أوتوماتيكية في أم صلال,https://www.rukn-eltatawer.com/qa/automatic-irrigation-umm-salal/,2026-09-10T18:14:10,2026-09-22T08:14:47
12080,publish,city-template,artificial-grass-grdn-al-khor,شركة تركيب عشب صناعي في الخور,https://www.rukn-eltatawer.com/qa/artificial-grass-grdn-al-khor/,2026-09-10T18:04:10,2026-09-22T08:14:50
12081,publish,city-template,artificial-grass-grdn-umm-salal,شركة تركيب عشب صناعي في أم صلال,https://www.rukn-eltatawer.com/qa/artificial-grass-grdn-umm-salal/,2026-09-10T17:54:10,2026-09-22T08:14:53
12088,publish,city-template,wall-grass-al-khor,شركة تركيب عشب جداري في الخور,https://www.rukn-eltatawer.com/qa/wall-grass-al-khor/,2026-09-10T17:44:10,2026-09-22T08:14:56
12089,publish,city-template,wall-grass-umm-salal,شركة تركيب عشب جداري في أم صلال,https://www.rukn-eltatawer.com/qa/wall-grass-umm-salal/,2026-09-10T17:34:10,2026-09-22T08:14:59
12096,publish,city-template,garden-seating-al-khor,شركة إنشاء جلسات حدائق في الخور,https://www.rukn-eltatawer.com/qa/garden-seating-al-khor/,2026-09-10T17:24:10,2026-09-22T08:15:02
12097,publish,city-template,garden-seating-umm-salal,شركة إنشاء جلسات حدائق في أم صلال,https://www.rukn-eltatawer.com/qa/garden-seating-umm-salal/,2026-09-10T17:14:10,2026-09-22T08:15:05
12104,publish,city-template,pergola-installation-al-khor,شركة تركيب برجولات في الخور,https://www.rukn-eltatawer.com/qa/pergola-installation-al-khor/,2026-09-10T17:04:10,2026-09-22T08:15:09
12105,publish,city-template,pergola-installation-umm-salal,شركة تركيب برجولات في أم صلال,https://www.rukn-eltatawer.com/qa/pergola-installation-umm-salal/,2026-09-10T16:54:10,2026-09-22T08:15:13
12112,publish,city-template,wooden-arbor-installation-al-khor,شركة تركيب عرائش خشبية في الخور,https://www.rukn-eltatawer.com/qa/wooden-arbor-installation-al-khor/,2026-09-10T16:44:10,2026-09-22T08:15:17
12113,publish,city-template,wooden-arbor-installation-umm-salal,شركة تركيب عرائش خشبية في أم صلال,https://www.rukn-eltatawer.com/qa/wooden-arbor-installation-umm-salal/,2026-09-10T16:34:10,2026-09-22T08:15:20
12120,publish,city-template,stone-pathway-al-khor,شركة إنشاء ممرات حجرية في الخور,https://www.rukn-eltatawer.com/qa/stone-pathway-al-khor/,2026-09-10T16:24:10,2026-09-22T08:15:24
12121,publish,city-template,stone-pathway-umm-salal,شركة إنشاء ممرات حجرية في أم صلال,https://www.rukn-eltatawer.com/qa/stone-pathway-umm-salal/,2026-09-10T16:14:10,2026-09-22T08:15:28
12128,publish,city-template,artificial-waterfall-al-khor,شركة تركيب شلالات اصطناعية في الخور,https://www.rukn-eltatawer.com/qa/artificial-waterfall-al-khor/,2026-09-10T16:04:10,2026-09-22T08:15:32
12129,publish,city-template,artificial-waterfall-umm-salal,شركة تركيب شلالات اصطناعية في أم صلال,https://www.rukn-eltatawer.com/qa/artificial-waterfall-umm-salal/,2026-09-10T15:54:10,2026-09-22T08:15:39
12136,publish,city-template,wall-fountain-al-khor,شركة تركيب نوافير جدارية في الخور,https://www.rukn-eltatawer.com/qa/wall-fountain-al-khor/,2026-09-10T15:44:10,2026-09-22T08:15:43
12137,publish,city-template,wall-fountain-umm-salal,شركة تركيب نوافير جدارية في أم صلال,https://www.rukn-eltatawer.com/qa/wall-fountain-umm-salal/,2026-09-10T15:34:10,2026-09-22T08:15:47
12144,publish,city-template,indoor-moving-al-khor,شركة نقل أثاث داخلي في الخور,https://www.rukn-eltatawer.com/qa/indoor-moving-al-khor/,2026-09-10T15:24:10,2026-09-22T08:15:50
12145,publish,city-template,indoor-moving-umm-salal,شركة نقل أثاث داخلي في أم صلال,https://www.rukn-eltatawer.com/qa/indoor-moving-umm-salal/,2026-09-10T15:14:10,2026-09-22T08:15:53
12152,publish,city-template,outdoor-moving-al-khor,شركة نقل أثاث خارجي في الخور,https://www.rukn-eltatawer.com/qa/outdoor-moving-al-khor/,2026-09-10T15:04:10,2026-09-22T08:15:57
12153,publish,city-template,outdoor-moving-umm-salal,شركة نقل أثاث خارجي في أم صلال,https://www.rukn-eltatawer.com/qa/outdoor-moving-umm-salal/,2026-09-10T14:54:10,2026-09-22T08:16:00
12160,publish,city-template,furniture-moving-packaging-al-khor,شركة نقل عفش مع التغليف في الخور,https://www.rukn-eltatawer.com/qa/furniture-moving-packaging-al-khor/,2026-09-10T14:44:10,2026-09-22T08:16:04
12161,publish,city-template,furniture-moving-packaging-umm-salal,شركة نقل عفش مع التغليف في أم صلال,https://www.rukn-eltatawer.com/qa/furniture-moving-packaging-umm-salal/,2026-09-10T14:34:10,2026-09-22T08:16:07
12176,publish,city-template,furniture-packaging-al-khor,شركة تغليف أثاث احترافي في الخور,https://www.rukn-eltatawer.com/qa/furniture-packaging-al-khor/,2026-09-10T14:04:10,2026-09-22T08:16:12
12177,publish,city-template,furniture-packaging-umm-salal,شركة تغليف أثاث احترافي في أم صلال,https://www.rukn-eltatawer.com/qa/furniture-packaging-umm-salal/,2026-09-10T13:54:10,2026-09-22T08:16:16
12184,publish,city-template,furniture-assembly-al-khor,شركة تركيب وفك الأثاث في الخور,https://www.rukn-eltatawer.com/qa/furniture-assembly-al-khor/,2026-09-10T13:44:10,2026-09-22T08:16:21
12185,publish,city-template,furniture-assembly-umm-salal,شركة تركيب وفك الأثاث في أم صلال,https://www.rukn-eltatawer.com/qa/furniture-assembly-umm-salal/,2026-09-10T13:34:10,2026-09-22T08:16:25
12192,publish,city-template,furniture-storage-al-khor,شركة تخزين أثاث في الخور,https://www.rukn-eltatawer.com/qa/furniture-storage-al-khor/,2026-09-10T13:24:10,2026-09-22T08:16:28
12193,publish,city-template,furniture-storage-umm-salal,شركة تخزين أثاث في أم صلال,https://www.rukn-eltatawer.com/qa/furniture-storage-umm-salal/,2026-09-10T13:14:10,2026-09-22T08:16:32
12200,publish,city-template,solar-systems-installation-al-khor,شركة تركيب أنظمة طاقة شمسية في الخور,https://www.rukn-eltatawer.com/qa/solar-systems-installation-al-khor/,2026-09-10T13:04:10,2026-09-22T08:16:36
12201,publish,city-template,solar-systems-installation-umm-salal,شركة تركيب أنظمة طاقة شمسية في أم صلال,https://www.rukn-eltatawer.com/qa/solar-systems-installation-umm-salal/,2026-09-10T12:54:10,2026-09-22T08:16:39
12208,publish,city-template,solar-water-heaters-al-khor,شركة تركيب سخانات طاقة شمسية في الخور,https://www.rukn-eltatawer.com/qa/solar-water-heaters-al-khor/,2026-09-10T12:44:10,2026-09-22T08:16:43
12209,publish,city-template,solar-water-heaters-umm-salal,شركة تركيب سخانات طاقة شمسية في أم صلال,https://www.rukn-eltatawer.com/qa/solar-water-heaters-umm-salal/,2026-09-10T12:34:10,2026-09-22T08:16:47
12248,publish,city-template,ant-control-al-khor,شركة مكافحة النمل الأسود والأحمر في الخور,https://www.rukn-eltatawer.com/qa/ant-control-al-khor/,2026-09-10T12:24:10,2026-09-22T08:16:50
12249,publish,city-template,ant-control-umm-salal,شركة مكافحة النمل الأسود والأحمر في أم صلال,https://www.rukn-eltatawer.com/qa/ant-control-umm-salal/,2026-09-10T12:14:10,2026-09-22T08:16:54
12264,publish,city-template,bed-bug-control-al-khor,شركة مكافحة بق الفراش في الخور,https://www.rukn-eltatawer.com/qa/bed-bug-control-al-khor/,2026-09-10T12:04:10,2026-09-22T08:16:58
12265,publish,city-template,bed-bug-control-umm-salal,شركة مكافحة بق الفراش في أم صلال,https://www.rukn-eltatawer.com/qa/bed-bug-control-umm-salal/,2026-09-10T11:54:10,2026-09-22T08:17:02
12272,publish,city-template,rodent-control-al-khor,شركة مكافحة الفئران والقوارض في الخور,https://www.rukn-eltatawer.com/qa/rodent-control-al-khor/,2026-09-10T11:44:10,2026-09-22T08:17:05
12273,publish,city-template,rodent-control-umm-salal,شركة مكافحة الفئران والقوارض في أم صلال,https://www.rukn-eltatawer.com/qa/rodent-control-umm-salal/,2026-09-10T11:34:10,2026-09-22T08:17:09
12280,publish,city-template,snake-control-al-khor,شركة مكافحة الأفاعي في الخور,https://www.rukn-eltatawer.com/qa/snake-control-al-khor/,2026-09-10T11:24:10,2026-09-22T08:17:14
12281,publish,city-template,snake-control-umm-salal,شركة مكافحة الأفاعي في أم صلال,https://www.rukn-eltatawer.com/qa/snake-control-umm-salal/,2026-09-10T11:14:10,2026-09-22T08:17:18
12288,publish,city-template,scorpion-control-al-khor,شركة مكافحة العقارب في الخور,https://www.rukn-eltatawer.com/qa/scorpion-control-al-khor/,2026-09-10T11:04:10,2026-09-22T08:17:23
12289,publish,city-template,scorpion-control-umm-salal,شركة مكافحة العقارب في أم صلال,https://www.rukn-eltatawer.com/qa/scorpion-control-umm-salal/,2026-09-10T10:54:10,2026-09-22T08:17:27
12296,publish,city-template,flea-control-al-khor,شركة مكافحة البراغيث في الخور,https://www.rukn-eltatawer.com/qa/flea-control-al-khor/,2026-09-10T10:44:10,2026-09-22T08:17:32
12297,publish,city-template,flea-control-umm-salal,شركة مكافحة البراغيث في أم صلال,https://www.rukn-eltatawer.com/qa/flea-control-umm-salal/,2026-09-10T10:34:10,2026-09-22T08:17:37
12304,publish,city-template,lizard-control-al-khor,شركة مكافحة الوزغ (البرص) في الخور,https://www.rukn-eltatawer.com/qa/lizard-control-al-khor/,2026-09-10T10:24:10,2026-09-22T08:17:41
12305,publish,city-template,lizard-control-umm-salal,شركة مكافحة الوزغ (البرص) في أم صلال,https://www.rukn-eltatawer.com/qa/lizard-control-umm-salal/,2026-09-10T10:14:10,2026-09-22T08:17:45
12312,publish,city-template,bird-control-al-khor,شركة مكافحة الطيور في الخور,https://www.rukn-eltatawer.com/qa/bird-control-al-khor/,2026-09-10T10:04:10,2026-09-22T08:17:50
12313,publish,city-template,bird-control-umm-salal,شركة مكافحة الطيور في أم صلال,https://www.rukn-eltatawer.com/qa/bird-control-umm-salal/,2026-09-10T09:54:10,2026-09-22T08:17:55
12320,publish,city-template,mosquito-fly-control-al-khor,شركة مكافحة البعوض والذباب في الخور,https://www.rukn-eltatawer.com/qa/mosquito-fly-control-al-khor/,2026-09-10T09:44:10,2026-09-22T08:17:59
12321,publish,city-template,mosquito-fly-control-umm-salal,شركة مكافحة البعوض والذباب في أم صلال,https://www.rukn-eltatawer.com/qa/mosquito-fly-control-umm-salal/,2026-09-10T09:34:10,2026-09-22T08:18:04
12328,publish,city-template,pigeon-net-installation-al-khor,شركة تركيب شبك طارد للحمام في الخور,https://www.rukn-eltatawer.com/qa/pigeon-net-installation-al-khor/,2026-09-10T09:24:10,2026-09-22T08:18:09
12329,publish,city-template,pigeon-net-installation-umm-salal,شركة تركيب شبك طارد للحمام في أم صلال,https://www.rukn-eltatawer.com/qa/pigeon-net-installation-umm-salal/,2026-09-10T09:14:10,2026-09-22T08:18:13
12336,publish,city-template,pigeon-spikes-installation-al-khor,شركة تركيب مسامير طاردة للحمام في الخور,https://www.rukn-eltatawer.com/qa/pigeon-spikes-installation-al-khor/,2026-09-10T09:04:10,2026-09-22T08:18:17
12337,publish,city-template,pigeon-spikes-installation-umm-salal,شركة تركيب مسامير طاردة للحمام في أم صلال,https://www.rukn-eltatawer.com/qa/pigeon-spikes-installation-umm-salal/,2026-09-10T08:54:10,2026-09-22T08:18:22
12344,publish,city-template,bird-sound-device-al-khor,شركة تركيب أجهزة صوتية لطرد الطيور في الخور,https://www.rukn-eltatawer.com/qa/bird-sound-device-al-khor/,2026-09-10T08:44:10,2026-09-22T08:18:28
12345,publish,city-template,bird-sound-device-umm-salal,شركة تركيب أجهزة صوتية لطرد الطيور في أم صلال,https://www.rukn-eltatawer.com/qa/bird-sound-device-umm-salal/,2026-09-10T08:34:10,2026-09-22T08:18:33
12352,publish,city-template,steam-disinfection-al-khor,شركة التعقيم بالبخار في الخور,https://www.rukn-eltatawer.com/qa/steam-disinfection-al-khor/,2026-09-10T08:24:10,2026-09-22T08:18:38
12353,publish,city-template,steam-disinfection-umm-salal,شركة التعقيم بالبخار في أم صلال,https://www.rukn-eltatawer.com/qa/steam-disinfection-umm-salal/,2026-09-10T08:14:10,2026-09-22T08:18:42
12360,publish,city-template,chlorine-disinfection-al-khor,شركة التعقيم بالكلور في الخور,https://www.rukn-eltatawer.com/qa/chlorine-disinfection-al-khor/,2026-09-10T08:04:10,2026-09-22T08:18:48
12361,publish,city-template,chlorine-disinfection-umm-salal,شركة التعقيم بالكلور في أم صلال,https://www.rukn-eltatawer.com/qa/chlorine-disinfection-umm-salal/,2026-09-10T07:54:10,2026-09-22T08:18:52
12368,publish,city-template,ozone-disinfection-al-khor,شركة التعقيم بالأوزون في الخور,https://www.rukn-eltatawer.com/qa/ozone-disinfection-al-khor/,2026-09-10T07:44:10,2026-09-22T08:18:57
12369,publish,city-template,ozone-disinfection-umm-salal,شركة التعقيم بالأوزون في أم صلال,https://www.rukn-eltatawer.com/qa/ozone-disinfection-umm-salal/,2026-09-10T07:34:10,2026-09-22T08:19:03
12384,publish,city-template,home-electrician-al-khor,كهربائي منازل في الخور,https://www.rukn-eltatawer.com/qa/home-electrician-al-khor/,2026-09-10T07:24:10,2026-09-22T08:19:07
12385,publish,city-template,home-electrician-umm-salal,كهربائي منازل في أم صلال,https://www.rukn-eltatawer.com/qa/home-electrician-umm-salal/,2026-09-10T07:14:10,2026-09-22T08:19:12
12392,publish,city-template,carpenter-al-khor,نجار أثاث في الخور,https://www.rukn-eltatawer.com/qa/carpenter-al-khor/,2026-09-10T07:04:10,2026-09-22T08:19:17
12393,publish,city-template,carpenter-umm-salal,نجار أثاث في أم صلال,https://www.rukn-eltatawer.com/qa/carpenter-umm-salal/,2026-09-10T06:54:10,2026-09-22T08:19:22
12400,publish,city-template,blacksmith-doors-windows-al-khor,حداد أبواب ونوافذ في الخور,https://www.rukn-eltatawer.com/qa/blacksmith-doors-windows-al-khor/,2026-09-10T06:44:10,2026-09-22T08:19:27
12401,publish,city-template,blacksmith-doors-windows-umm-salal,حداد أبواب ونوافذ في أم صلال,https://www.rukn-eltatawer.com/qa/blacksmith-doors-windows-umm-salal/,2026-09-10T06:34:10,2026-09-22T08:19:34
12408,publish,city-template,painter-al-khor,عامل دهانات في الخور,https://www.rukn-eltatawer.com/qa/painter-al-khor/,2026-09-10T06:24:10,2026-09-22T08:19:39
12409,publish,city-template,painter-umm-salal,عامل دهانات في أم صلال,https://www.rukn-eltatawer.com/qa/painter-umm-salal/,2026-09-10T06:14:10,2026-09-22T08:19:44
12416,publish,city-template,gypsum-tech-al-khor,فني جبس بورد في الخور,https://www.rukn-eltatawer.com/qa/gypsum-tech-al-khor/,2026-09-10T06:04:10,2026-09-22T08:19:49
12417,publish,city-template,gypsum-tech-umm-salal,فني جبس بورد في أم صلال,https://www.rukn-eltatawer.com/qa/gypsum-tech-umm-salal/,2026-09-10T05:54:10,2026-09-22T08:20:01
12424,publish,city-template,sat-dish-tech-al-khor,فني تركيب دش في الخور,https://www.rukn-eltatawer.com/qa/sat-dish-tech-al-khor/,2026-09-10T05:44:10,2026-09-22T08:20:07
12425,publish,city-template,sat-dish-tech-umm-salal,فني تركيب دش في أم صلال,https://www.rukn-eltatawer.com/qa/sat-dish-tech-umm-salal/,2026-09-10T05:34:10,2026-09-22T08:20:12
12432,publish,city-template,satellite-tech-al-khor,فني تركيب أقمار صناعية في الخور,https://www.rukn-eltatawer.com/qa/satellite-tech-al-khor/,2026-09-10T05:24:10,2026-09-22T08:20:17
12433,publish,city-template,satellite-tech-umm-salal,فني تركيب أقمار صناعية في أم صلال,https://www.rukn-eltatawer.com/qa/satellite-tech-umm-salal/,2026-09-10T05:14:10,2026-09-22T08:20:23
12448,publish,city-template,cctv-tech-al-khor,فني تركيب كاميرات مراقبة في الخور,https://www.rukn-eltatawer.com/qa/cctv-tech-al-khor/,2026-09-10T05:04:10,2026-09-22T08:20:28
12449,publish,city-template,cctv-tech-umm-salal,فني تركيب كاميرات مراقبة في أم صلال,https://www.rukn-eltatawer.com/qa/cctv-tech-umm-salal/,2026-09-10T04:54:10,2026-09-22T08:20:35
12456,publish,city-template,home-audio-tech-al-khor,فني أنظمة صوت منزلية في الخور,https://www.rukn-eltatawer.com/qa/home-audio-tech-al-khor/,2026-09-10T04:44:10,2026-09-22T08:20:44
12457,publish,city-template,home-audio-tech-umm-salal,فني أنظمة صوت منزلية في أم صلال,https://www.rukn-eltatawer.com/qa/home-audio-tech-umm-salal/,2026-09-10T04:34:10,2026-09-22T08:20:50
12536,publish,city-template,apartment-painting-al-khor,شركة دهان شقق في الخور,https://www.rukn-eltatawer.com/qa/apartment-painting-al-khor/,2026-09-10T04:24:10,2026-09-22T08:20:56
12537,publish,city-template,apartment-painting-umm-salal,شركة دهان شقق في أم صلال,https://www.rukn-eltatawer.com/qa/apartment-painting-umm-salal/,2026-09-10T04:14:10,2026-09-22T08:21:02
12544,publish,city-template,villa-painting-al-khor,شركة دهان فلل في الخور,https://www.rukn-eltatawer.com/qa/villa-painting-al-khor/,2026-09-10T04:04:10,2026-09-22T08:21:13
12545,publish,city-template,villa-painting-umm-salal,شركة دهان فلل في أم صلال,https://www.rukn-eltatawer.com/qa/villa-painting-umm-salal/,2026-09-10T03:54:10,2026-09-22T08:21:19
12552,publish,city-template,exterior-facade-painting-al-khor,شركة دهان واجهات خارجية في الخور,https://www.rukn-eltatawer.com/qa/exterior-facade-painting-al-khor/,2026-09-10T03:44:10,2026-09-22T08:21:25
12553,publish,city-template,exterior-facade-painting-umm-salal,شركة دهان واجهات خارجية في أم صلال,https://www.rukn-eltatawer.com/qa/exterior-facade-painting-umm-salal/,2026-09-10T03:34:10,2026-09-22T08:21:31
12560,publish,city-template,wallpaper-installation-al-khor,شركة تركيب ورق حائط في الخور,https://www.rukn-eltatawer.com/qa/wallpaper-installation-al-khor/,2026-09-10T03:24:10,2026-09-22T08:21:43
12561,publish,city-template,wallpaper-installation-umm-salal,شركة تركيب ورق حائط في أم صلال,https://www.rukn-eltatawer.com/qa/wallpaper-installation-umm-salal/,2026-09-10T03:14:10,2026-09-22T08:21:49
12568,publish,city-template,gypsum-board-decor-al-khor,شركة ديكورات جبس بورد في الخور,https://www.rukn-eltatawer.com/qa/gypsum-board-decor-al-khor/,2026-09-10T03:04:10,2026-09-22T08:21:56
12569,publish,city-template,gypsum-board-decor-umm-salal,شركة ديكورات جبس بورد في أم صلال,https://www.rukn-eltatawer.com/qa/gypsum-board-decor-umm-salal/,2026-09-10T02:54:10,2026-09-22T08:22:01
12576,publish,city-template,premium-paint-finishing-al-khor,شركة دهان بويات عالية الجودة في الخور,https://www.rukn-eltatawer.com/qa/premium-paint-finishing-al-khor/,2026-09-10T02:44:10,2026-09-22T08:22:06
12577,publish,city-template,premium-paint-finishing-umm-salal,شركة دهان بويات عالية الجودة في أم صلال,https://www.rukn-eltatawer.com/qa/premium-paint-finishing-umm-salal/,2026-09-10T02:34:10,2026-09-22T08:22:13
12592,publish,city-template,new-villa-finishing-painting-al-khor,شركة تشطيب ودهان فلل جديدة في الخور,https://www.rukn-eltatawer.com/qa/new-villa-finishing-painting-al-khor/,2026-09-10T02:24:10,2026-09-22T08:22:18
12593,publish,city-template,new-villa-finishing-painting-umm-salal,شركة تشطيب ودهان فلل جديدة في أم صلال,https://www.rukn-eltatawer.com/qa/new-villa-finishing-painting-umm-salal/,2026-09-10T02:14:10,2026-09-22T08:22:22
12600,publish,city-template,office-painting-al-khor,شركة دهان مكاتب وشركات في الخور,https://www.rukn-eltatawer.com/qa/office-painting-al-khor/,2026-09-10T02:04:10,2026-09-22T08:22:27
12601,publish,city-template,office-painting-umm-salal,شركة دهان مكاتب وشركات في أم صلال,https://www.rukn-eltatawer.com/qa/office-painting-umm-salal/,2026-09-10T01:54:10,2026-09-22T08:22:34
12608,publish,city-template,paint-removal-surface-prep-al-khor,شركة إزالة دهان قديم وتحضير أسطح في الخور,https://www.rukn-eltatawer.com/qa/paint-removal-surface-prep-al-khor/,2026-09-10T01:44:10,2026-09-22T08:22:40
12609,publish,city-template,paint-removal-surface-prep-umm-salal,شركة إزالة دهان قديم وتحضير أسطح في أم صلال,https://www.rukn-eltatawer.com/qa/paint-removal-surface-prep-umm-salal/,2026-09-10T01:34:10,2026-09-22T08:22:51
12616,publish,city-template,electric-spray-painting-al-khor,شركة رش بويات كهربائي في الخور,https://www.rukn-eltatawer.com/qa/electric-spray-painting-al-khor/,2026-09-10T01:24:10,2026-09-22T08:22:58
12617,publish,city-template,electric-spray-painting-umm-salal,شركة رش بويات كهربائي في أم صلال,https://www.rukn-eltatawer.com/qa/electric-spray-painting-umm-salal/,2026-09-10T01:14:10,2026-09-22T08:23:05
12624,publish,city-template,decorative-wall-effects-al-khor,شركة دهانات ديكورية وتأثيرات جدارية في الخور,https://www.rukn-eltatawer.com/qa/decorative-wall-effects-al-khor/,2026-09-10T01:04:10,2026-09-22T08:23:11
12625,publish,city-template,decorative-wall-effects-umm-salal,شركة دهانات ديكورية وتأثيرات جدارية في أم صلال,https://www.rukn-eltatawer.com/qa/decorative-wall-effects-umm-salal/,2026-09-10T00:54:10,2026-09-22T08:23:16
12632,publish,city-template,wood-doors-windows-painting-al-khor,شركة دهان أبواب وشبابيك خشبية في الخور,https://www.rukn-eltatawer.com/qa/wood-doors-windows-painting-al-khor/,2026-09-10T00:44:10,2026-09-22T08:23:23
12633,publish,city-template,wood-doors-windows-painting-umm-salal,شركة دهان أبواب وشبابيك خشبية في أم صلال,https://www.rukn-eltatawer.com/qa/wood-doors-windows-painting-umm-salal/,2026-09-10T00:34:10,2026-09-22T08:23:27
12648,publish,city-template,home-electrician-elec-al-khor,شركة كهربائي منازل في الخور,https://www.rukn-eltatawer.com/qa/home-electrician-elec-al-khor/,2026-09-10T00:24:10,2026-09-22T08:23:32
12649,publish,city-template,home-electrician-elec-umm-salal,شركة كهربائي منازل في أم صلال,https://www.rukn-eltatawer.com/qa/home-electrician-elec-umm-salal/,2026-09-10T00:14:10,2026-09-22T08:23:43
12664,publish,city-template,new-electrical-wiring-al-khor,شركة تمديدات كهربائية جديدة في الخور,https://www.rukn-eltatawer.com/qa/new-electrical-wiring-al-khor/,2026-09-10T00:04:10,2026-09-22T08:23:48
12665,publish,city-template,new-electrical-wiring-umm-salal,شركة تمديدات كهربائية جديدة في أم صلال,https://www.rukn-eltatawer.com/qa/new-electrical-wiring-umm-salal/,2026-09-09T23:54:10,2026-09-22T08:23:55
12672,publish,city-template,electrical-fault-detection-al-khor,شركة كشف أعطال كهرباء في الخور,https://www.rukn-eltatawer.com/qa/electrical-fault-detection-al-khor/,2026-09-09T23:44:10,2026-09-22T08:24:03
12673,publish,city-template,electrical-fault-detection-umm-salal,شركة كشف أعطال كهرباء في أم صلال,https://www.rukn-eltatawer.com/qa/electrical-fault-detection-umm-salal/,2026-09-09T23:34:10,2026-09-22T08:24:08
12680,publish,city-template,indoor-outdoor-lighting-installation-al-khor,شركة تركيب إنارة داخلية وخارجية في الخور,https://www.rukn-eltatawer.com/qa/indoor-outdoor-lighting-installation-al-khor/,2026-09-09T23:24:10,2026-09-22T08:24:19
12681,publish,city-template,indoor-outdoor-lighting-installation-umm-salal,شركة تركيب إنارة داخلية وخارجية في أم صلال,https://www.rukn-eltatawer.com/qa/indoor-outdoor-lighting-installation-umm-salal/,2026-09-09T23:14:10,2026-09-22T08:24:25
12704,publish,city-template,water-heater-installation-al-khor,شركة تركيب سخانات مياه في الخور,https://www.rukn-eltatawer.com/qa/water-heater-installation-al-khor/,2026-09-09T23:04:10,2026-09-22T08:24:49
12705,publish,city-template,water-heater-installation-umm-salal,شركة تركيب سخانات مياه في أم صلال,https://www.rukn-eltatawer.com/qa/water-heater-installation-umm-salal/,2026-09-09T22:54:10,2026-09-22T08:26:33
12720,publish,city-template,sanitary-fixtures-installation-al-khor,شركة تركيب أدوات صحية في الخور,https://www.rukn-eltatawer.com/qa/sanitary-fixtures-installation-al-khor/,2026-09-09T22:44:10,2026-09-22T08:27:29
12721,publish,city-template,sanitary-fixtures-installation-umm-salal,شركة تركيب أدوات صحية في أم صلال,https://www.rukn-eltatawer.com/qa/sanitary-fixtures-installation-umm-salal/,2026-09-09T22:34:10,2026-09-22T08:28:43
12728,publish,city-template,24h-emergency-electrician-al-khor,شركة كهربائي طوارئ 24 ساعة في الخور,https://www.rukn-eltatawer.com/qa/24h-emergency-electrician-al-khor/,2026-09-09T22:24:10,2026-09-22T08:31:04
12729,publish,city-template,24h-emergency-electrician-umm-salal,شركة كهربائي طوارئ 24 ساعة في أم صلال,https://www.rukn-eltatawer.com/qa/24h-emergency-electrician-umm-salal/,2026-09-09T22:14:10,2026-09-22T08:31:10
12824,publish,city-template,cooling-fault-detection-al-khor,شركة كشف أعطال تبريد في الخور,https://www.rukn-eltatawer.com/qa/cooling-fault-detection-al-khor/,2026-09-09T22:04:10,2026-09-22T08:31:15
12825,publish,city-template,cooling-fault-detection-umm-salal,شركة كشف أعطال تبريد في أم صلال,https://www.rukn-eltatawer.com/qa/cooling-fault-detection-umm-salal/,2026-09-09T21:54:10,2026-09-22T08:31:19
11679,publish,city-template,humidity-treatment-al-wakrah,شركة معالجة الرطوبة والعفن في الوكرة,https://www.rukn-eltatawer.com/qa/humidity-treatment-al-wakrah/,2026-09-09T21:44:10,2026-09-22T08:31:22
11695,publish,city-template,bathroom-renovation-al-wakrah,شركة ترميم حمامات في الوكرة,https://www.rukn-eltatawer.com/qa/bathroom-renovation-al-wakrah/,2026-09-09T21:34:10,2026-09-22T08:31:26
11703,publish,city-template,kitchen-renovation-al-wakrah,شركة ترميم مطابخ في الوكرة,https://www.rukn-eltatawer.com/qa/kitchen-renovation-al-wakrah/,2026-09-09T21:24:10,2026-09-22T08:31:29
11719,publish,city-template,old-house-renovation-al-wakrah,شركة ترميم منازل قديمة في الوكرة,https://www.rukn-eltatawer.com/qa/old-house-renovation-al-wakrah/,2026-09-09T21:14:10,2026-09-22T08:31:32
11727,publish,city-template,villa-inspection-al-wakrah,شركة فحص فلل ومباني قبل الشراء في الوكرة,https://www.rukn-eltatawer.com/qa/villa-inspection-al-wakrah/,2026-09-09T21:04:10,2026-09-22T08:31:36
11735,publish,city-template,crack-repair-al-wakrah,شركة إصلاح تشققات الأسقف والجدران في الوكرة,https://www.rukn-eltatawer.com/qa/crack-repair-al-wakrah/,2026-09-09T20:54:10,2026-09-22T08:31:39
11759,publish,city-template,interlock-al-wakrah,شركة تركيب انترلوك في الوكرة,https://www.rukn-eltatawer.com/qa/interlock-al-wakrah/,2026-09-09T20:44:10,2026-09-22T08:31:42
11767,publish,city-template,kerbstone-al-wakrah,شركة تركيب كربستون في الوكرة,https://www.rukn-eltatawer.com/qa/kerbstone-al-wakrah/,2026-09-09T20:34:10,2026-09-22T08:31:46
11775,publish,city-template,brickwork-al-wakrah,شركة تركيب طابوق في الوكرة,https://www.rukn-eltatawer.com/qa/brickwork-al-wakrah/,2026-09-09T20:24:10,2026-09-22T08:31:49
11783,publish,city-template,plastering-al-wakrah,شركة تركيب بلاستر في الوكرة,https://www.rukn-eltatawer.com/qa/plastering-al-wakrah/,2026-09-09T20:14:10,2026-09-22T08:31:53
11791,publish,city-template,ceramic-porcelain-al-wakrah,شركة تركيب سيراميك وبورسلين في الوكرة,https://www.rukn-eltatawer.com/qa/ceramic-porcelain-al-wakrah/,2026-09-09T20:04:10,2026-09-22T08:31:56
11799,publish,city-template,parquet-al-wakrah,شركة تركيب باركيه وأرضيات خشب في الوكرة,https://www.rukn-eltatawer.com/qa/parquet-al-wakrah/,2026-09-09T19:54:10,2026-09-22T08:32:00
11807,publish,city-template,vinyl-flooring-al-wakrah,شركة تركيب أرضيات فينيل في الوكرة,https://www.rukn-eltatawer.com/qa/vinyl-flooring-al-wakrah/,2026-09-09T19:44:10,2026-09-22T08:32:03
11815,publish,city-template,stone-al-wakrah,شركة تركيب حجر طبيعي وصناعي في الوكرة,https://www.rukn-eltatawer.com/qa/stone-al-wakrah/,2026-09-09T19:34:10,2026-09-22T08:32:07
11823,publish,city-template,marble-granite-al-wakrah,شركة تركيب رخام وجرانيت في الوكرة,https://www.rukn-eltatawer.com/qa/marble-granite-al-wakrah/,2026-09-09T19:24:10,2026-09-22T08:32:10
11831,publish,city-template,wall-foam-al-wakrah,شركة تركيب فوم للجدران في الوكرة,https://www.rukn-eltatawer.com/qa/wall-foam-al-wakrah/,2026-09-09T19:14:10,2026-09-22T08:32:15
11839,publish,city-template,gypsum-board-al-wakrah,شركة تركيب جبس بورد في الوكرة,https://www.rukn-eltatawer.com/qa/gypsum-board-al-wakrah/,2026-09-09T19:04:10,2026-09-22T08:32:19
11847,publish,city-template,false-ceiling-al-wakrah,شركة تركيب أسقف جبسية / فورسيلنج في الوكرة,https://www.rukn-eltatawer.com/qa/false-ceiling-al-wakrah/,2026-09-09T18:54:10,2026-09-22T08:32:23
11855,publish,city-template,wallpaper-al-wakrah,شركة تركيب ورق جدران في الوكرة,https://www.rukn-eltatawer.com/qa/wallpaper-al-wakrah/,2026-09-09T18:44:10,2026-09-22T08:32:28
11863,publish,city-template,floor-carpeting-al-wakrah,شركة تركيب سجاد أرضيات في الوكرة,https://www.rukn-eltatawer.com/qa/floor-carpeting-al-wakrah/,2026-09-09T18:34:10,2026-09-22T08:32:32
11871,publish,city-template,suspended-ceiling-al-wakrah,شركة تركيب أسقف مستعارة في الوكرة,https://www.rukn-eltatawer.com/qa/suspended-ceiling-al-wakrah/,2026-09-09T18:24:10,2026-09-22T08:32:36
11879,publish,city-template,glass-aluminium-partitions-al-wakrah,شركة تركيب فواصل زجاجية وألومنيوم في الوكرة,https://www.rukn-eltatawer.com/qa/glass-aluminium-partitions-al-wakrah/,2026-09-09T18:14:10,2026-09-22T08:32:41
11887,publish,city-template,glass-alumetal-al-wakrah,شركة تركيب زجاج وألوميتال في الوكرة,https://www.rukn-eltatawer.com/qa/glass-alumetal-al-wakrah/,2026-09-09T18:04:10,2026-09-22T08:32:46
11895,publish,city-template,kitchen-installation-al-wakrah,شركة تركيب مطابخ في الوكرة,https://www.rukn-eltatawer.com/qa/kitchen-installation-al-wakrah/,2026-09-09T17:54:10,2026-09-22T08:32:49
11903,publish,city-template,doors-installation-al-wakrah,شركة تركيب أبواب في الوكرة,https://www.rukn-eltatawer.com/qa/doors-installation-al-wakrah/,2026-09-09T17:44:10,2026-09-22T08:32:53
11911,publish,city-template,windows-installation-al-wakrah,شركة تركيب شبابيك في الوكرة,https://www.rukn-eltatawer.com/qa/windows-installation-al-wakrah/,2026-09-09T17:34:10,2026-09-22T08:32:57
11919,publish,city-template,shades-sails-al-wakrah,شركة تركيب مظلات وسواتر في الوكرة,https://www.rukn-eltatawer.com/qa/shades-sails-al-wakrah/,2026-09-09T17:24:10,2026-09-22T08:33:01
11927,publish,city-template,artificial-grass-al-wakrah,شركة تركيب عشب صناعي في الوكرة,https://www.rukn-eltatawer.com/qa/artificial-grass-al-wakrah/,2026-09-09T17:14:10,2026-09-22T08:33:05
11935,publish,city-template,grass-wall-al-wakrah,شركة تركيب عشب جداري في الوكرة,https://www.rukn-eltatawer.com/qa/grass-wall-al-wakrah/,2026-09-09T17:04:10,2026-09-22T08:33:09
11943,publish,city-template,annex-building-al-wakrah,شركة بناء ملاحق في الوكرة,https://www.rukn-eltatawer.com/qa/annex-building-al-wakrah/,2026-09-09T16:54:10,2026-09-22T08:33:14
11951,publish,city-template,majlis-building-al-wakrah,شركة بناء استراحات في الوكرة,https://www.rukn-eltatawer.com/qa/majlis-building-al-wakrah/,2026-09-09T16:44:10,2026-09-22T08:33:19
11959,publish,city-template,outdoor-bathrooms-al-wakrah,شركة بناء حمامات خارجية في الوكرة,https://www.rukn-eltatawer.com/qa/outdoor-bathrooms-al-wakrah/,2026-09-09T16:34:10,2026-09-22T08:33:24
11967,publish,city-template,outdoor-kitchens-al-wakrah,شركة بناء مطابخ خارجية في الوكرة,https://www.rukn-eltatawer.com/qa/outdoor-kitchens-al-wakrah/,2026-09-09T16:24:10,2026-09-22T08:33:29
11975,publish,city-template,outdoor-majlis-al-wakrah,شركة بناء مجالس خارجية في الوكرة,https://www.rukn-eltatawer.com/qa/outdoor-majlis-al-wakrah/,2026-09-09T16:14:10,2026-09-22T08:33:33
11983,publish,city-template,block-fences-al-wakrah,شركة بناء أسوار طابوق في الوكرة,https://www.rukn-eltatawer.com/qa/block-fences-al-wakrah/,2026-09-09T16:04:10,2026-09-22T08:33:37
11991,publish,city-template,interior-painting-al-wakrah,شركة دهانات داخلية في الوكرة,https://www.rukn-eltatawer.com/qa/interior-painting-al-wakrah/,2026-09-09T15:54:10,2026-09-22T08:33:41
11999,publish,city-template,exterior-painting-al-wakrah,شركة دهانات خارجية في الوكرة,https://www.rukn-eltatawer.com/qa/exterior-painting-al-wakrah/,2026-09-09T15:44:10,2026-09-22T08:33:46
12007,publish,city-template,decor-design-al-wakrah,شركة تصميم وتنفيذ ديكورات في الوكرة,https://www.rukn-eltatawer.com/qa/decor-design-al-wakrah/,2026-09-09T15:34:10,2026-09-22T08:33:50
12015,publish,city-template,landscaping-al-wakrah,شركة تنسيق حدائق في الوكرة,https://www.rukn-eltatawer.com/qa/landscaping-al-wakrah/,2026-09-09T15:24:10,2026-09-22T08:33:55
12023,publish,city-template,indoor-garden-design-al-wakrah,شركة تصميم حدائق داخلية في الوكرة,https://www.rukn-eltatawer.com/qa/indoor-garden-design-al-wakrah/,2026-09-09T15:14:10,2026-09-22T08:34:00
12031,publish,city-template,roof-garden-design-al-wakrah,شركة تصميم حدائق أسطح في الوكرة,https://www.rukn-eltatawer.com/qa/roof-garden-design-al-wakrah/,2026-09-09T15:04:10,2026-09-22T08:34:04
12039,publish,city-template,natural-grass-cutting-al-wakrah,شركة قص عشب طبيعي في الوكرة,https://www.rukn-eltatawer.com/qa/natural-grass-cutting-al-wakrah/,2026-09-09T14:54:10,2026-09-22T08:34:08
12047,publish,city-template,palm-tree-planting-al-wakrah,شركة زرع نخيل وأشجار في الوكرة,https://www.rukn-eltatawer.com/qa/palm-tree-planting-al-wakrah/,2026-09-09T14:44:10,2026-09-22T08:34:13
12063,publish,city-template,modern-irrigation-al-wakrah,شركة تركيب شبكات ري حديثة في الوكرة,https://www.rukn-eltatawer.com/qa/modern-irrigation-al-wakrah/,2026-09-09T14:34:10,2026-09-22T08:34:16
12071,publish,city-template,automatic-irrigation-al-wakrah,شركة تركيب شبكات ري أوتوماتيكية في الوكرة,https://www.rukn-eltatawer.com/qa/automatic-irrigation-al-wakrah/,2026-09-09T14:24:10,2026-09-22T08:34:22
12079,publish,city-template,artificial-grass-grdn-al-wakrah,شركة تركيب عشب صناعي في الوكرة,https://www.rukn-eltatawer.com/qa/artificial-grass-grdn-al-wakrah/,2026-09-09T14:14:10,2026-09-22T08:34:28
12087,publish,city-template,wall-grass-al-wakrah,شركة تركيب عشب جداري في الوكرة,https://www.rukn-eltatawer.com/qa/wall-grass-al-wakrah/,2026-09-09T14:04:10,2026-09-22T08:34:33
12095,publish,city-template,garden-seating-al-wakrah,شركة إنشاء جلسات حدائق في الوكرة,https://www.rukn-eltatawer.com/qa/garden-seating-al-wakrah/,2026-09-09T13:54:10,2026-09-22T08:34:39
12103,publish,city-template,pergola-installation-al-wakrah,شركة تركيب برجولات في الوكرة,https://www.rukn-eltatawer.com/qa/pergola-installation-al-wakrah/,2026-09-09T13:44:10,2026-09-22T08:34:44
12111,publish,city-template,wooden-arbor-installation-al-wakrah,شركة تركيب عرائش خشبية في الوكرة,https://www.rukn-eltatawer.com/qa/wooden-arbor-installation-al-wakrah/,2026-09-09T13:34:10,2026-09-22T08:34:50
12119,publish,city-template,stone-pathway-al-wakrah,شركة إنشاء ممرات حجرية في الوكرة,https://www.rukn-eltatawer.com/qa/stone-pathway-al-wakrah/,2026-09-09T13:24:10,2026-09-22T08:34:55
12127,publish,city-template,artificial-waterfall-al-wakrah,شركة تركيب شلالات اصطناعية في الوكرة,https://www.rukn-eltatawer.com/qa/artificial-waterfall-al-wakrah/,2026-09-09T13:14:10,2026-09-22T08:35:00
12135,publish,city-template,wall-fountain-al-wakrah,شركة تركيب نوافير جدارية في الوكرة,https://www.rukn-eltatawer.com/qa/wall-fountain-al-wakrah/,2026-09-09T13:04:10,2026-09-22T08:35:07
12143,publish,city-template,indoor-moving-al-wakrah,شركة نقل أثاث داخلي في الوكرة,https://www.rukn-eltatawer.com/qa/indoor-moving-al-wakrah/,2026-09-09T12:54:10,2026-09-22T08:35:13
12151,publish,city-template,outdoor-moving-al-wakrah,شركة نقل أثاث خارجي في الوكرة,https://www.rukn-eltatawer.com/qa/outdoor-moving-al-wakrah/,2026-09-09T12:44:10,2026-09-22T08:35:18
12159,publish,city-template,furniture-moving-packaging-al-wakrah,شركة نقل عفش مع التغليف في الوكرة,https://www.rukn-eltatawer.com/qa/furniture-moving-packaging-al-wakrah/,2026-09-09T12:34:10,2026-09-22T08:35:23
12175,publish,city-template,furniture-packaging-al-wakrah,شركة تغليف أثاث احترافي في الوكرة,https://www.rukn-eltatawer.com/qa/furniture-packaging-al-wakrah/,2026-09-09T12:14:10,2026-09-22T08:35:32
12183,publish,city-template,furniture-assembly-al-wakrah,شركة تركيب وفك الأثاث في الوكرة,https://www.rukn-eltatawer.com/qa/furniture-assembly-al-wakrah/,2026-09-09T12:04:10,2026-09-22T08:35:38
12191,publish,city-template,furniture-storage-al-wakrah,شركة تخزين أثاث في الوكرة,https://www.rukn-eltatawer.com/qa/furniture-storage-al-wakrah/,2026-09-09T11:54:10,2026-09-22T08:35:43
12199,publish,city-template,solar-systems-installation-al-wakrah,شركة تركيب أنظمة طاقة شمسية في الوكرة,https://www.rukn-eltatawer.com/qa/solar-systems-installation-al-wakrah/,2026-09-09T11:44:10,2026-09-22T08:35:49
12207,publish,city-template,solar-water-heaters-al-wakrah,شركة تركيب سخانات طاقة شمسية في الوكرة,https://www.rukn-eltatawer.com/qa/solar-water-heaters-al-wakrah/,2026-09-09T11:34:10,2026-09-22T08:35:54
12247,publish,city-template,ant-control-al-wakrah,شركة مكافحة النمل الأسود والأحمر في الوكرة,https://www.rukn-eltatawer.com/qa/ant-control-al-wakrah/,2026-09-09T11:24:10,2026-09-22T08:36:00
12263,publish,city-template,bed-bug-control-al-wakrah,شركة مكافحة بق الفراش في الوكرة,https://www.rukn-eltatawer.com/qa/bed-bug-control-al-wakrah/,2026-09-09T11:14:10,2026-09-22T08:36:05
12271,publish,city-template,rodent-control-al-wakrah,شركة مكافحة الفئران والقوارض في الوكرة,https://www.rukn-eltatawer.com/qa/rodent-control-al-wakrah/,2026-09-09T11:04:10,2026-09-22T08:36:10
12279,publish,city-template,snake-control-al-wakrah,شركة مكافحة الأفاعي في الوكرة,https://www.rukn-eltatawer.com/qa/snake-control-al-wakrah/,2026-09-09T10:54:10,2026-09-22T08:36:15
12287,publish,city-template,scorpion-control-al-wakrah,شركة مكافحة العقارب في الوكرة,https://www.rukn-eltatawer.com/qa/scorpion-control-al-wakrah/,2026-09-09T10:44:10,2026-09-22T08:36:19
12295,publish,city-template,flea-control-al-wakrah,شركة مكافحة البراغيث في الوكرة,https://www.rukn-eltatawer.com/qa/flea-control-al-wakrah/,2026-09-09T10:34:10,2026-09-22T08:36:25
12303,publish,city-template,lizard-control-al-wakrah,شركة مكافحة الوزغ (البرص) في الوكرة,https://www.rukn-eltatawer.com/qa/lizard-control-al-wakrah/,2026-09-09T10:24:10,2026-09-22T08:36:30
12311,publish,city-template,bird-control-al-wakrah,شركة مكافحة الطيور في الوكرة,https://www.rukn-eltatawer.com/qa/bird-control-al-wakrah/,2026-09-09T10:14:10,2026-09-22T08:36:35
12698,publish,leak-city-clone,water-pipe-leak-detection-al-shamal,شركة كشف تسريبات مواسير مياه في الشمال,https://www.rukn-eltatawer.com/qa/water-pipe-leak-detection-al-shamal/,2026-09-04T19:54:10,2026-09-22T08:36:43
12700,publish,leak-city-clone,water-pipe-leak-detection-al-shahaniya,شركة كشف تسريبات مواسير مياه في الشحانية,https://www.rukn-eltatawer.com/qa/water-pipe-leak-detection-al-shahaniya/,2026-09-04T19:44:10,2026-09-22T08:36:49
11137,publish,leak-city-clone,water-leak-detection-al-shamal,شركة كشف تسربات المياه في الشمال,https://www.rukn-eltatawer.com/qa/water-leak-detection-al-shamal/,2026-09-04T18:04:10,2026-09-22T08:36:54
11139,publish,leak-city-clone,water-leak-detection-al-shahaniya,شركة كشف تسربات المياه في الشحانية,https://www.rukn-eltatawer.com/qa/water-leak-detection-al-shahaniya/,2026-09-04T17:54:10,2026-09-22T08:37:00
12699,publish,leak-city-clone,water-pipe-leak-detection-al-daayen,شركة كشف تسريبات مواسير مياه في الظعاين,https://www.rukn-eltatawer.com/qa/water-pipe-leak-detection-al-daayen/,2026-09-04T10:04:10,2026-09-22T08:56:03
11138,publish,leak-city-clone,water-leak-detection-al-daayen,شركة كشف تسربات المياه في الظعاين,https://www.rukn-eltatawer.com/qa/water-leak-detection-al-daayen/,2026-09-04T06:14:10,2026-09-22T08:37:06
12696,publish,leak-city-clone,water-pipe-leak-detection-al-khor,شركة كشف تسريبات مواسير مياه في الخور,https://www.rukn-eltatawer.com/qa/water-pipe-leak-detection-al-khor/,2026-09-03T14:44:10,2026-09-22T08:37:10
12697,publish,leak-city-clone,water-pipe-leak-detection-umm-salal,شركة كشف تسريبات مواسير مياه في أم صلال,https://www.rukn-eltatawer.com/qa/water-pipe-leak-detection-umm-salal/,2026-09-03T14:34:10,2026-09-22T08:37:14
11135,publish,leak-city-clone,water-leak-detection-al-khor,شركة كشف تسربات المياه في الخور,https://www.rukn-eltatawer.com/qa/water-leak-detection-al-khor/,2026-09-03T14:14:10,2026-09-22T08:56:04
11136,publish,leak-city-clone,water-leak-detection-umm-salal,شركة كشف تسربات المياه في أم صلال,https://www.rukn-eltatawer.com/qa/water-leak-detection-umm-salal/,2026-09-03T14:04:10,2026-09-22T08:37:21
12695,publish,leak-city-clone,water-pipe-leak-detection-al-wakrah,شركة كشف تسريبات مواسير مياه في الوكرة,https://www.rukn-eltatawer.com/qa/water-pipe-leak-detection-al-wakrah/,2026-09-03T08:24:10,2026-09-22T08:37:25
11134,publish,leak-city-clone,water-leak-detection-al-wakrah,شركة كشف تسربات المياه في الوكرة,https://www.rukn-eltatawer.com/qa/water-leak-detection-al-wakrah/,2026-09-03T08:04:10,2026-09-22T08:37:30
12694,publish,leak-city-clone,water-pipe-leak-detection-al-rayyan,شركة كشف تسريبات مواسير مياه في الريان,https://www.rukn-eltatawer.com/qa/water-pipe-leak-detection-al-rayyan/,2026-09-03T04:14:10,2026-09-22T08:37:34
11133,publish,leak-city-clone,water-leak-detection-al-rayyan,شركة كشف تسربات المياه في الريان,https://www.rukn-eltatawer.com/qa/water-leak-detection-al-rayyan/,2026-09-03T00:44:10,2026-09-22T08:37:39
11148,publish,allowlisted,ac-leak-detection-doha,شركة كشف تسربات التكييف في الدوحة,https://www.rukn-eltatawer.com/qa/ac-leak-detection-doha/,2026-09-02T12:54:10,2026-09-22T08:37:42
12693,publish,leak-city-clone,water-pipe-leak-detection-doha,شركة كشف تسريبات مواسير مياه في الدوحة,https://www.rukn-eltatawer.com/qa/water-pipe-leak-detection-doha/,2026-09-02T12:44:10,2026-09-22T08:37:48
11132,publish,leak-city-clone,water-leak-detection-doha,شركة كشف تسربات المياه في الدوحة,https://www.rukn-eltatawer.com/qa/water-leak-detection-doha/,2026-09-02T12:34:10,2026-09-22T08:37:54
12868,publish,allowlisted,ac-maintenance-qatar-en,AC maintenance in Doha and Qatar,https://www.rukn-eltatawer.com/qa/en/ac-maintenance-qatar-en/,2026-09-02T12:24:06,2026-09-16T19:00:45
12867,publish,allowlisted,roof-insulation-qatar-en,Roof insulation in Qatar,https://www.rukn-eltatawer.com/qa/en/roof-insulation-qatar-en/,2026-09-02T12:24:03,2026-09-16T19:00:44
12866,publish,allowlisted,water-leak-detection-qatar-en,Water leak detection in Qatar without breaking,https://www.rukn-eltatawer.com/qa/en/water-leak-detection-qatar-en/,2026-09-02T12:24:01,2026-09-16T19:00:42
10456,publish,national,shrkh-trkyb-jlsat-kharjyh-fy-qtr,شركة تركيب جلسات خارجية في قطر,https://www.rukn-eltatawer.com/qa/shrkh-trkyb-jlsat-kharjyh-fy-qtr/,2026-03-24T10:00:00,2026-09-16T20:50:23
10455,publish,national,shrkh-trkyb-brjwlat-khshbyh-fy-qtr,شركة تركيب برجولات خشبية في قطر,https://www.rukn-eltatawer.com/qa/shrkh-trkyb-brjwlat-khshbyh-fy-qtr/,2026-03-24T10:00:00,2026-09-16T20:50:22
10454,publish,national,shrkh-trkyb-swatr-fy-qtr,شركة تركيب سواتر في قطر,https://www.rukn-eltatawer.com/qa/shrkh-trkyb-swatr-fy-qtr/,2026-03-24T10:00:00,2026-09-16T20:50:21
10453,publish,national,shrkh-trkyb-mzlat-syarat-fy-qtr,شركة تركيب مظلات سيارات في قطر,https://www.rukn-eltatawer.com/qa/shrkh-trkyb-mzlat-syarat-fy-qtr/,2026-03-24T10:00:00,2026-09-16T20:50:21
10452,publish,national,shrkh-syanh-msabh-fy-qtr,شركة صيانة مسابح في قطر,https://www.rukn-eltatawer.com/qa/shrkh-syanh-msabh-fy-qtr/,2026-03-24T10:00:00,2026-09-16T20:50:36
10451,publish,national,shrkh-ansha-msabh-fy-qtr,شركة إنشاء مسابح في قطر,https://www.rukn-eltatawer.com/qa/shrkh-ansha-msabh-fy-qtr/,2026-03-24T10:00:00,2026-09-16T20:50:35
10450,publish,national,shrkh-tsmym-nwafyr-fy-qtr,شركة تصميم نوافير في قطر,https://www.rukn-eltatawer.com/qa/shrkh-tsmym-nwafyr-fy-qtr/,2026-03-24T10:00:00,2026-09-16T20:50:35
10449,publish,national,shrkh-tsmym-shlalat-fy-qtr,شركة تصميم شلالات في قطر,https://www.rukn-eltatawer.com/qa/shrkh-tsmym-shlalat-fy-qtr/,2026-03-24T10:00:00,2026-09-16T20:50:34
10448,publish,national,shrkh-trkyb-shbkat-ry-fy-qtr,شركة تركيب شبكات ري في قطر,https://www.rukn-eltatawer.com/qa/shrkh-trkyb-shbkat-ry-fy-qtr/,2026-03-24T10:00:00,2026-09-16T20:50:34
10447,publish,national,shrkh-tkryb-nkhyl-fy-qtr,شركة تكريب نخيل في قطر,https://www.rukn-eltatawer.com/qa/shrkh-tkryb-nkhyl-fy-qtr/,2026-03-24T10:00:00,2026-09-16T20:50:33
10446,publish,national,shrkh-qs-ashjar-fy-qtr,شركة قص أشجار في قطر,https://www.rukn-eltatawer.com/qa/shrkh-qs-ashjar-fy-qtr/,2026-03-24T10:00:00,2026-09-16T20:50:32
10445,publish,national,shrkh-zraah-ashb-tbyay-fy-qtr,شركة زراعة عشب طبيعي في قطر,https://www.rukn-eltatawer.com/qa/shrkh-zraah-ashb-tbyay-fy-qtr/,2026-03-24T10:00:00,2026-09-16T20:50:32
10444,publish,national,shrkh-trkyb-ashb-snaay-fy-qtr,شركة تركيب عشب صناعي في قطر,https://www.rukn-eltatawer.com/qa/shrkh-trkyb-ashb-snaay-fy-qtr/,2026-03-24T10:00:00,2026-09-16T20:50:31
10443,publish,national,shrkh-tsmym-hdayq-fy-qtr,شركة تصميم حدائق في قطر,https://www.rukn-eltatawer.com/qa/shrkh-tsmym-hdayq-fy-qtr/,2026-03-24T10:00:00,2026-09-16T20:50:30
10442,publish,national,shrkh-tnsyq-hdayq-fy-qtr,شركة تنسيق حدائق في قطر,https://www.rukn-eltatawer.com/qa/shrkh-tnsyq-hdayq-fy-qtr/,2026-03-24T10:00:00,2026-09-16T20:50:30
10441,publish,national,shrkh-syanh-msaad-fy-qtr,شركة صيانة مصاعد في قطر,https://www.rukn-eltatawer.com/qa/shrkh-syanh-msaad-fy-qtr/,2026-03-24T10:00:00,2026-09-16T20:50:29
10440,publish,national,shrkh-syanh-abwab-awtwmatykyh-fy-qtr,شركة صيانة أبواب أوتوماتيكية في قطر,https://www.rukn-eltatawer.com/qa/shrkh-syanh-abwab-awtwmatykyh-fy-qtr/,2026-03-24T10:00:00,2026-09-16T20:50:29
10439,publish,national,hdadh-abwab-wnwafdh-fy-qtr,حدادة أبواب ونوافذ في قطر,https://www.rukn-eltatawer.com/qa/hdadh-abwab-wnwafdh-fy-qtr/,2026-03-24T10:00:00,2026-09-16T20:50:28
10438,publish,national,shrkh-syanh-abwab-khshbyh-fy-qtr,شركة صيانة أبواب خشبية في قطر,https://www.rukn-eltatawer.com/qa/shrkh-syanh-abwab-khshbyh-fy-qtr/,2026-03-24T10:00:00,2026-09-16T20:50:28
10437,publish,national,mnjrh-njarh-athath-fy-qtr,منجرة نجارة أثاث في قطر,https://www.rukn-eltatawer.com/qa/mnjrh-njarh-athath-fy-qtr/,2026-03-24T10:00:00,2026-09-16T20:50:27
10436,publish,national,shrkh-tfsyl-mtabkh-fy-qtr,شركة تفصيل مطابخ في قطر,https://www.rukn-eltatawer.com/qa/shrkh-tfsyl-mtabkh-fy-qtr/,2026-03-24T10:00:00,2026-09-16T20:50:26
10435,publish,national,shrkh-trkyb-alwmnywm-fy-qtr,شركة تركيب ألومنيوم في قطر,https://www.rukn-eltatawer.com/qa/shrkh-trkyb-alwmnywm-fy-qtr/,2026-03-24T10:00:00,2026-09-16T20:50:26
10434,publish,national,shrkh-trkyb-zjaj-sykwryt-fy-qtr,شركة تركيب زجاج سيكوريت في قطر,https://www.rukn-eltatawer.com/qa/shrkh-trkyb-zjaj-sykwryt-fy-qtr/,2026-03-24T10:00:00,2026-09-16T20:50:25
10433,publish,national,shrkh-trkyb-fwm-jdran-fy-qtr,شركة تركيب فوم جدران في قطر,https://www.rukn-eltatawer.com/qa/shrkh-trkyb-fwm-jdran-fy-qtr/,2026-03-24T10:00:00,2026-09-16T20:50:24
10432,publish,national,shrkh-trkyb-bdyl-rkham-fy-qtr,شركة تركيب بديل رخام في قطر,https://www.rukn-eltatawer.com/qa/shrkh-trkyb-bdyl-rkham-fy-qtr/,2026-03-24T10:00:00,2026-09-16T20:50:24
10431,publish,national,shrkh-trkyb-bdyl-khshb-fy-qtr,شركة تركيب بديل خشب في قطر,https://www.rukn-eltatawer.com/qa/shrkh-trkyb-bdyl-khshb-fy-qtr/,2026-03-24T10:00:00,2026-09-16T20:50:23
10430,publish,national,shrkh-trkyb-barkyh-fy-qtr,شركة تركيب باركيه في قطر,https://www.rukn-eltatawer.com/qa/shrkh-trkyb-barkyh-fy-qtr/,2026-03-24T10:00:00,2026-09-16T20:50:37
10429,publish,national,shrkh-trkyb-ardyat-aybwksy-fy-qtr,شركة تركيب أرضيات إيبوكسي في قطر,https://www.rukn-eltatawer.com/qa/shrkh-trkyb-ardyat-aybwksy-fy-qtr/,2026-03-24T10:00:00,2026-09-16T20:50:37
10428,publish,national,shrkh-trkyb-krbstwn-fy-qtr,شركة تركيب كربستون في قطر,https://www.rukn-eltatawer.com/qa/shrkh-trkyb-krbstwn-fy-qtr/,2026-03-24T10:00:00,2026-09-16T20:49:41
10427,publish,national,shrkh-trkyb-antrlwk-fy-qtr,شركة تركيب انترلوك في قطر,https://www.rukn-eltatawer.com/qa/shrkh-trkyb-antrlwk-fy-qtr/,2026-03-24T10:00:00,2026-09-16T20:49:43
10426,publish,national,shrkh-trkyb-rkham-wjranyt-fy-qtr,شركة تركيب رخام وجرانيت في قطر,https://www.rukn-eltatawer.com/qa/shrkh-trkyb-rkham-wjranyt-fy-qtr/,2026-03-24T10:00:00,2026-09-16T20:49:43
10425,publish,national,shrkh-trkyb-syramyk-wbwrslyn-fy-qtr,شركة تركيب سيراميك وبورسلين في قطر,https://www.rukn-eltatawer.com/qa/shrkh-trkyb-syramyk-wbwrslyn-fy-qtr/,2026-03-24T10:00:00,2026-09-16T20:49:42
10424,publish,national,shrkh-trkyb-asqf-mstaarh-fy-qtr,شركة تركيب أسقف مستعارة في قطر,https://www.rukn-eltatawer.com/qa/shrkh-trkyb-asqf-mstaarh-fy-qtr/,2026-03-24T10:00:00,2026-09-16T20:50:47
10423,publish,national,shrkh-trkyb-jbs-bwrd-fy-qtr,شركة تركيب جبس بورد في قطر,https://www.rukn-eltatawer.com/qa/shrkh-trkyb-jbs-bwrd-fy-qtr/,2026-03-24T10:00:00,2026-09-16T20:50:46
10422,publish,national,shrkh-trkyb-wrq-jdran-fy-qtr,شركة تركيب ورق جدران في قطر,https://www.rukn-eltatawer.com/qa/shrkh-trkyb-wrq-jdran-fy-qtr/,2026-03-24T10:00:00,2026-09-16T20:50:49
10421,publish,national,shrkh-dykwrat-dakhlyh-fy-qtr,شركة ديكورات داخلية في قطر,https://www.rukn-eltatawer.com/qa/shrkh-dykwrat-dakhlyh-fy-qtr/,2026-03-24T10:00:00,2026-09-16T20:50:48
10420,publish,national,shrkh-dhanat-kharjyh-fy-qtr,شركة دهانات خارجية في قطر,https://www.rukn-eltatawer.com/qa/shrkh-dhanat-kharjyh-fy-qtr/,2026-03-24T10:00:00,2026-09-16T20:50:48
10419,publish,national,shrkh-dhanat-dakhlyh-fy-qtr,شركة دهانات داخلية في قطر,https://www.rukn-eltatawer.com/qa/shrkh-dhanat-dakhlyh-fy-qtr/,2026-03-24T10:00:00,2026-09-16T20:50:00
10418,publish,national,shrkh-hdm-mbany-fy-qtr,شركة هدم مباني في قطر,https://www.rukn-eltatawer.com/qa/shrkh-hdm-mbany-fy-qtr/,2026-03-24T10:00:00,2026-09-16T20:49:59
10417,publish,national,shrkh-tshtyb-shqq-fy-qtr,شركة تشطيب شقق في قطر,https://www.rukn-eltatawer.com/qa/shrkh-tshtyb-shqq-fy-qtr/,2026-03-24T10:00:00,2026-09-16T20:49:59
10416,publish,national,shrkh-tshtyb-fll-fy-qtr,شركة تشطيب فلل في قطر,https://www.rukn-eltatawer.com/qa/shrkh-tshtyb-fll-fy-qtr/,2026-03-24T10:00:00,2026-09-16T20:49:55
10415,publish,national,shrkh-trmym-mtabkh-fy-qtr,شركة ترميم مطابخ في قطر,https://www.rukn-eltatawer.com/qa/shrkh-trmym-mtabkh-fy-qtr/,2026-03-24T10:00:00,2026-09-16T20:49:55
10414,publish,national,shrkh-trmym-hmamat-fy-qtr,شركة ترميم حمامات في قطر,https://www.rukn-eltatawer.com/qa/shrkh-trmym-hmamat-fy-qtr/,2026-03-24T10:00:00,2026-09-16T20:49:54
10413,publish,national,shrkh-trmym-mnazl-fy-qtr,شركة ترميم منازل في قطر,https://www.rukn-eltatawer.com/qa/shrkh-trmym-mnazl-fy-qtr/,2026-03-24T10:00:00,2026-09-16T20:49:53
10412,publish,national,shrkh-bna-astrahat-fy-qtr,شركة بناء استراحات في قطر,https://www.rukn-eltatawer.com/qa/shrkh-bna-astrahat-fy-qtr/,2026-03-24T10:00:00,2026-09-16T20:49:53
10411,publish,national,shrkh-bna-mjals-fy-qtr,شركة بناء مجالس في قطر,https://www.rukn-eltatawer.com/qa/shrkh-bna-mjals-fy-qtr/,2026-03-24T10:00:00,2026-09-16T20:49:52
10410,publish,national,shrkh-bna-mlahq-fy-qtr,شركة بناء ملاحق في قطر,https://www.rukn-eltatawer.com/qa/shrkh-bna-mlahq-fy-qtr/,2026-03-24T10:00:00,2026-09-16T20:49:52
10409,publish,national,shrkh-mqawlat-aamh-fy-qtr,شركة مقاولات عامة في قطر,https://www.rukn-eltatawer.com/qa/shrkh-mqawlat-aamh-fy-qtr/,2026-03-24T10:00:00,2026-09-16T20:49:51
10408,publish,national,shrkh-syanh-mbany-fy-qtr,شركة صيانة مباني في قطر,https://www.rukn-eltatawer.com/qa/shrkh-syanh-mbany-fy-qtr/,2026-03-24T10:00:00,2026-09-16T20:49:50
10407,publish,national,shrkh-syanh-aamh-fy-qtr,شركة صيانة عامة في قطر,https://www.rukn-eltatawer.com/qa/shrkh-syanh-aamh-fy-qtr/,2026-03-24T10:00:00,2026-09-16T20:49:50
10406,publish,national,shrkh-trkyb-taqh-shmsyh-fy-qtr,شركة تركيب طاقة شمسية في قطر,https://www.rukn-eltatawer.com/qa/shrkh-trkyb-taqh-shmsyh-fy-qtr/,2026-03-24T10:00:00,2026-09-16T20:49:49
10405,publish,national,shrkh-trkyb-stalayt-fy-qtr,شركة تركيب ستالايت في قطر,https://www.rukn-eltatawer.com/qa/shrkh-trkyb-stalayt-fy-qtr/,2026-03-24T10:00:00,2026-09-16T20:49:48
10404,publish,national,shrkh-trkyb-ajhzh-andhar-hryq-fy-qtr,شركة تركيب أجهزة إنذار حريق في قطر,https://www.rukn-eltatawer.com/qa/shrkh-trkyb-ajhzh-andhar-hryq-fy-qtr/,2026-03-24T10:00:00,2026-09-16T20:49:48
10403,publish,national,shrkh-trkyb-antrkm-fy-qtr,شركة تركيب انتركم في قطر,https://www.rukn-eltatawer.com/qa/shrkh-trkyb-antrkm-fy-qtr/,2026-03-24T10:00:00,2026-09-16T20:49:47
10402,publish,national,shrkh-syanh-kamyrat-mraqbh-fy-qtr,شركة صيانة كاميرات مراقبة في قطر,https://www.rukn-eltatawer.com/qa/shrkh-syanh-kamyrat-mraqbh-fy-qtr/,2026-03-24T10:00:00,2026-09-16T20:49:46
10401,publish,national,shrkh-trkyb-kamyrat-mraqbh-fy-qtr,شركة تركيب كاميرات مراقبة في قطر,https://www.rukn-eltatawer.com/qa/shrkh-trkyb-kamyrat-mraqbh-fy-qtr/,2026-03-24T10:00:00,2026-09-16T20:49:46
10400,publish,national,shrkh-trkyb-anzmh-dhkyh-fy-qtr,شركة تركيب أنظمة ذكية في قطر,https://www.rukn-eltatawer.com/qa/shrkh-trkyb-anzmh-dhkyh-fy-qtr/,2026-03-24T10:00:00,2026-09-16T20:49:45
10399,publish,national,shrkh-tasys-khrba-fy-qtr,شركة تأسيس كهرباء في قطر,https://www.rukn-eltatawer.com/qa/shrkh-tasys-khrba-fy-qtr/,2026-03-24T10:00:00,2026-09-16T20:49:45
10398,publish,national,shrkh-syanh-khrba-fy-qtr,شركة صيانة كهرباء في قطر,https://www.rukn-eltatawer.com/qa/shrkh-syanh-khrba-fy-qtr/,2026-03-24T10:00:00,2026-09-16T20:49:44
10395,publish,national,shrkh-syanh-mykrwwyf-fy-qtr,شركة صيانة ميكروويف في قطر,https://www.rukn-eltatawer.com/qa/shrkh-syanh-mykrwwyf-fy-qtr/,2026-03-24T10:00:00,2026-09-16T20:49:56
10394,publish,national,shrkh-syanh-tbakhat-fy-qtr,شركة صيانة طباخات في قطر,https://www.rukn-eltatawer.com/qa/shrkh-syanh-tbakhat-fy-qtr/,2026-03-24T10:00:00,2026-09-16T20:49:58
10393,publish,national,shrkh-syanh-afran-fy-qtr,شركة صيانة أفران في قطر,https://www.rukn-eltatawer.com/qa/shrkh-syanh-afran-fy-qtr/,2026-03-24T10:00:00,2026-09-16T20:49:57
10392,publish,national,shrkh-syanh-nshafat-fy-qtr,شركة صيانة نشافات في قطر,https://www.rukn-eltatawer.com/qa/shrkh-syanh-nshafat-fy-qtr/,2026-03-24T10:00:00,2026-09-16T20:49:57
10391,publish,national,shrkh-syanh-ghsalat-fy-qtr,شركة صيانة غسالات في قطر,https://www.rukn-eltatawer.com/qa/shrkh-syanh-ghsalat-fy-qtr/,2026-03-24T10:00:00,2026-09-16T20:50:02
10390,publish,national,shrkh-syanh-thlajat-fy-qtr,شركة صيانة ثلاجات في قطر,https://www.rukn-eltatawer.com/qa/shrkh-syanh-thlajat-fy-qtr/,2026-03-24T10:00:00,2026-09-16T20:50:02
10389,publish,national,shrkh-syanh-ghrf-tbryd-wtjmyd-fy-qtr,شركة صيانة غرف تبريد وتجميد في قطر,https://www.rukn-eltatawer.com/qa/shrkh-syanh-ghrf-tbryd-wtjmyd-fy-qtr/,2026-03-24T10:00:00,2026-09-16T20:50:01
10388,publish,national,shrkh-tabyh-ghaz-mkyfat-fy-qtr,شركة تعبئة غاز مكيفات في قطر,https://www.rukn-eltatawer.com/qa/shrkh-tabyh-ghaz-mkyfat-fy-qtr/,2026-03-24T10:00:00,2026-09-16T20:50:00
10387,publish,national,shrkh-ghsyl-mkyfat-fy-qtr,شركة غسيل مكيفات في قطر,https://www.rukn-eltatawer.com/qa/shrkh-ghsyl-mkyfat-fy-qtr/,2026-03-24T10:00:00,2026-09-16T20:50:03
10384,publish,national,shrkh-syanh-skhanat-myah-fy-qtr,شركة صيانة سخانات مياه في قطر,https://www.rukn-eltatawer.com/qa/shrkh-syanh-skhanat-myah-fy-qtr/,2026-03-24T10:00:00,2026-09-16T20:49:41
10383,publish,national,shrkh-trkyb-mhtat-thlyh-fy-qtr,شركة تركيب محطات تحلية في قطر,https://www.rukn-eltatawer.com/qa/shrkh-trkyb-mhtat-thlyh-fy-qtr/,2026-03-24T10:00:00,2026-09-16T20:49:40
10382,publish,national,shrkh-trkyb-flatr-myah-fy-qtr,شركة تركيب فلاتر مياه في قطر,https://www.rukn-eltatawer.com/qa/shrkh-trkyb-flatr-myah-fy-qtr/,2026-03-24T10:00:00,2026-09-16T20:49:40
10381,publish,national,shrkh-syanh-dynamw-fy-qtr,شركة صيانة دينامو في قطر,https://www.rukn-eltatawer.com/qa/shrkh-syanh-dynamw-fy-qtr/,2026-03-24T10:00:00,2026-09-16T20:49:39
10380,publish,national,shrkh-trkyb-mdkhat-myah-fy-qtr,شركة تركيب مضخات مياه في قطر,https://www.rukn-eltatawer.com/qa/shrkh-trkyb-mdkhat-myah-fy-qtr/,2026-03-24T10:00:00,2026-09-16T20:49:39
10379,publish,national,shrkh-tnzyf-ghrf-tftysh-fy-qtr,شركة تنظيف غرف تفتيش في قطر,https://www.rukn-eltatawer.com/qa/shrkh-tnzyf-ghrf-tftysh-fy-qtr/,2026-03-24T10:00:00,2026-09-16T20:49:38
10378,publish,national,shrkh-shft-byarat-fy-qtr,شركة شفط بيارات في قطر,https://www.rukn-eltatawer.com/qa/shrkh-shft-byarat-fy-qtr/,2026-03-24T10:00:00,2026-09-16T20:49:37
10377,publish,national,shrkh-tslyk-mjary-fy-qtr,شركة تسليك مجاري في قطر,https://www.rukn-eltatawer.com/qa/shrkh-tslyk-mjary-fy-qtr/,2026-03-24T10:00:00,2026-09-16T20:49:37
10376,publish,national,shrkh-tasys-sbakh-fy-qtr,شركة تأسيس سباكة في قطر,https://www.rukn-eltatawer.com/qa/shrkh-tasys-sbakh-fy-qtr/,2026-03-24T10:00:00,2026-09-16T20:49:36
10367,publish,national,shrkh-fk-wtrkyb-athath-fy-qtr,شركة فك وتركيب أثاث في قطر,https://www.rukn-eltatawer.com/qa/shrkh-fk-wtrkyb-athath-fy-qtr/,2026-03-24T10:00:00,2026-09-16T20:50:06
10366,publish,national,shrkh-tghlyf-athath-fy-qtr,شركة تغليف أثاث في قطر,https://www.rukn-eltatawer.com/qa/shrkh-tghlyf-athath-fy-qtr/,2026-03-24T10:00:00,2026-09-16T20:50:05
10365,publish,national,shrkh-nql-athath-fy-qtr,شركة نقل أثاث في قطر,https://www.rukn-eltatawer.com/qa/shrkh-nql-athath-fy-qtr/,2026-03-24T10:00:00,2026-09-16T20:50:05
10364,publish,national,shrkh-nql-afsh-fy-qtr,شركة نقل عفش في قطر,https://www.rukn-eltatawer.com/qa/shrkh-nql-afsh-fy-qtr/,2026-03-24T10:00:00,2026-09-16T20:50:04
10363,publish,national,shrkh-trkyb-shbk-tywr-fy-qtr,شركة تركيب شبك طيور في قطر,https://www.rukn-eltatawer.com/qa/shrkh-trkyb-shbk-tywr-fy-qtr/,2026-03-24T10:00:00,2026-09-16T20:50:09
10362,publish,national,shrkh-trkyb-tard-hmam-fy-qtr,شركة تركيب طارد حمام في قطر,https://www.rukn-eltatawer.com/qa/shrkh-trkyb-tard-hmam-fy-qtr/,2026-03-24T10:00:00,2026-09-16T20:50:08
10361,publish,national,shrkh-mkafhh-hshrat-zraayh-fy-qtr,شركة مكافحة حشرات زراعية في قطر,https://www.rukn-eltatawer.com/qa/shrkh-mkafhh-hshrat-zraayh-fy-qtr/,2026-03-24T10:00:00,2026-09-16T20:50:07
10360,publish,national,shrkh-mkafhh-aqarb-wthaabyn-fy-qtr,شركة مكافحة عقارب وثعابين في قطر,https://www.rukn-eltatawer.com/qa/shrkh-mkafhh-aqarb-wthaabyn-fy-qtr/,2026-03-24T10:00:00,2026-09-16T20:50:07
10358,publish,national,shrkh-mkafhh-fyran-wqward-fy-qtr,شركة مكافحة فئران وقوارض في قطر,https://www.rukn-eltatawer.com/qa/shrkh-mkafhh-fyran-wqward-fy-qtr/,2026-03-24T10:00:00,2026-09-16T20:50:09
10354,publish,national,shrkh-taqym-mnazl-fy-qtr,شركة تعقيم منازل في قطر,https://www.rukn-eltatawer.com/qa/shrkh-taqym-mnazl-fy-qtr/,2026-03-24T10:00:00,2026-09-16T20:50:20
10353,publish,national,aamlat-tnzyf-balsaah-fy-qtr,عاملات تنظيف بالساعة في قطر,https://www.rukn-eltatawer.com/qa/aamlat-tnzyf-balsaah-fy-qtr/,2026-03-24T10:00:00,2026-09-16T20:50:19
10352,publish,national,shrkh-tlmya-syramyk-fy-qtr,شركة تلميع سيراميك في قطر,https://www.rukn-eltatawer.com/qa/shrkh-tlmya-syramyk-fy-qtr/,2026-03-24T10:00:00,2026-09-16T20:50:19
10351,publish,national,shrkh-jly-rkham-fy-qtr,شركة جلي رخام في قطر,https://www.rukn-eltatawer.com/qa/shrkh-jly-rkham-fy-qtr/,2026-03-24T10:00:00,2026-09-16T20:50:18
10350,publish,national,shrkh-tnzyf-bad-altshtyb-fy-qtr,شركة تنظيف بعد التشطيب في قطر,https://www.rukn-eltatawer.com/qa/shrkh-tnzyf-bad-altshtyb-fy-qtr/,2026-03-24T10:00:00,2026-09-16T20:50:17
10349,publish,national,shrkh-tnzyf-mdakhn-mtaam-fy-qtr,شركة تنظيف مداخن مطاعم في قطر,https://www.rukn-eltatawer.com/qa/shrkh-tnzyf-mdakhn-mtaam-fy-qtr/,2026-03-24T10:00:00,2026-09-16T20:50:16
10348,publish,national,shrkh-tnzyf-dkt-mkyfat-fy-qtr,شركة تنظيف دكت مكيفات في قطر,https://www.rukn-eltatawer.com/qa/shrkh-tnzyf-dkt-mkyfat-fy-qtr/,2026-03-24T10:00:00,2026-09-16T20:50:16
10347,publish,national,shrkh-tnzyf-mratb-fy-qtr,شركة تنظيف مراتب في قطر,https://www.rukn-eltatawer.com/qa/shrkh-tnzyf-mratb-fy-qtr/,2026-03-24T10:00:00,2026-09-16T20:50:15
10346,publish,national,shrkh-tnzyf-stayr-fy-qtr,شركة تنظيف ستائر في قطر,https://www.rukn-eltatawer.com/qa/shrkh-tnzyf-stayr-fy-qtr/,2026-03-24T10:00:00,2026-09-16T20:50:14
10345,publish,national,shrkh-tnzyf-knb-fy-qtr,شركة تنظيف كنب في قطر,https://www.rukn-eltatawer.com/qa/shrkh-tnzyf-knb-fy-qtr/,2026-03-24T10:00:00,2026-09-16T20:50:14
10344,publish,national,shrkh-tnzyf-sjad-wmwkyt-fy-qtr,شركة تنظيف سجاد وموكيت في قطر,https://www.rukn-eltatawer.com/qa/shrkh-tnzyf-sjad-wmwkyt-fy-qtr/,2026-03-24T10:00:00,2026-09-16T20:50:13
10343,publish,national,shrkh-tnzyf-wajhat-hjryh-fy-qtr,شركة تنظيف واجهات حجرية في قطر,https://www.rukn-eltatawer.com/qa/shrkh-tnzyf-wajhat-hjryh-fy-qtr/,2026-03-24T10:00:00,2026-09-16T20:50:12
10342,publish,national,shrkh-tnzyf-wajhat-zjajyh-fy-qtr,شركة تنظيف واجهات زجاجية في قطر,https://www.rukn-eltatawer.com/qa/shrkh-tnzyf-wajhat-zjajyh-fy-qtr/,2026-03-24T10:00:00,2026-09-16T20:50:12
10341,publish,national,shrkh-tnzyf-msabh-fy-qtr,شركة تنظيف مسابح في قطر,https://www.rukn-eltatawer.com/qa/shrkh-tnzyf-msabh-fy-qtr/,2026-03-24T10:00:00,2026-09-16T20:50:11
10339,publish,national,shrkh-tnzyf-khyam-wbywt-shar-fy-qtr,شركة تنظيف خيام وبيوت شعر في قطر,https://www.rukn-eltatawer.com/qa/shrkh-tnzyf-khyam-wbywt-shar-fy-qtr/,2026-03-24T10:00:00,2026-09-16T20:50:10
10338,publish,national,shrkh-tnzyf-mjals-fy-qtr,شركة تنظيف مجالس في قطر,https://www.rukn-eltatawer.com/qa/shrkh-tnzyf-mjals-fy-qtr/,2026-03-24T10:00:00,2026-09-16T20:50:10
10337,publish,national,shrkh-tnzyf-qswr-fy-qtr,شركة تنظيف قصور في قطر,https://www.rukn-eltatawer.com/qa/shrkh-tnzyf-qswr-fy-qtr/,2026-03-24T10:00:00,2026-09-16T20:50:46
10333,publish,national,shrkh-fhs-mbany-fy-qtr,شركة فحص مباني في قطر,https://www.rukn-eltatawer.com/qa/shrkh-fhs-mbany-fy-qtr/,2026-03-24T10:00:00,2026-09-16T20:50:45
10332,publish,national,shrkh-maaljh-alrtwbh-fy-qtr,شركة معالجة الرطوبة في قطر,https://www.rukn-eltatawer.com/qa/shrkh-maaljh-alrtwbh-fy-qtr/,2026-03-24T10:00:00,2026-09-16T20:50:45
10331,publish,national,shrkh-azl-swty-fy-qtr,شركة عزل صوتي في قطر,https://www.rukn-eltatawer.com/qa/shrkh-azl-swty-fy-qtr/,2026-03-24T10:00:00,2026-09-16T20:50:44
10330,publish,national,shrkh-azl-fwm-fy-qtr,شركة عزل فوم في قطر,https://www.rukn-eltatawer.com/qa/shrkh-azl-fwm-fy-qtr/,2026-03-24T10:00:00,2026-09-16T20:50:43
10329,publish,national,shrkh-azl-mayy-fy-qtr,شركة عزل مائي في قطر,https://www.rukn-eltatawer.com/qa/shrkh-azl-mayy-fy-qtr/,2026-03-24T10:00:00,2026-09-16T20:50:43
10328,publish,national,shrkh-azl-hrary-fy-qtr,شركة عزل حراري في قطر,https://www.rukn-eltatawer.com/qa/shrkh-azl-hrary-fy-qtr/,2026-03-24T10:00:00,2026-09-16T20:50:42
10327,publish,national,shrkh-azl-mtabkh-fy-qtr,شركة عزل مطابخ في قطر,https://www.rukn-eltatawer.com/qa/shrkh-azl-mtabkh-fy-qtr/,2026-03-24T10:00:00,2026-09-16T20:50:41
10326,publish,national,shrkh-azl-hmamat-fy-qtr,شركة عزل حمامات في قطر,https://www.rukn-eltatawer.com/qa/shrkh-azl-hmamat-fy-qtr/,2026-03-24T10:00:00,2026-09-16T20:50:41
10325,publish,national,shrkh-azl-khzanat-fy-qtr,شركة عزل خزانات في قطر,https://www.rukn-eltatawer.com/qa/shrkh-azl-khzanat-fy-qtr/,2026-03-24T10:00:00,2026-09-16T20:50:40
10324,publish,national,shrkh-azl-asth-fy-qtr,شركة عزل أسطح في قطر,https://www.rukn-eltatawer.com/qa/shrkh-azl-asth-fy-qtr/,2026-03-24T10:00:00,2026-09-16T20:50:40
10323,publish,national,shrkh-kshf-tsrbat-almsabh-fy-qtr,شركة كشف تسربات المسابح في قطر,https://www.rukn-eltatawer.com/qa/shrkh-kshf-tsrbat-almsabh-fy-qtr/,2026-03-24T10:00:00,2026-09-16T20:50:39
10322,publish,national,shrkh-kshf-tsrbat-alghaz-fy-qtr,شركة كشف تسربات الغاز في قطر,https://www.rukn-eltatawer.com/qa/shrkh-kshf-tsrbat-alghaz-fy-qtr/,2026-03-24T10:00:00,2026-09-16T20:50:38
10304,publish,national,water-tank-cleaning-in-qatar,شركة تنظيف خزانات مياه في قطر,https://www.rukn-eltatawer.com/qa/water-tank-cleaning-in-qatar/,2026-03-18T20:01:35,2026-09-16T20:50:49
10300,publish,national,outdoor-furniture-moving-in-qatar,شركة نقل أثاث خارجي في قطر,https://www.rukn-eltatawer.com/qa/outdoor-furniture-moving-in-qatar/,2026-03-18T17:12:52,2026-09-16T20:50:50
10298,publish,national,interior-furniture-moving-in-qatar,شركة نقل أثاث داخلي في قطر,https://www.rukn-eltatawer.com/qa/interior-furniture-moving-in-qatar/,2026-03-18T17:06:16,2026-09-16T20:50:50
10295,publish,national,furniture-moving-with-packing-in-qatar,شركة نقل عفش مع التغليف في قطر,https://www.rukn-eltatawer.com/qa/furniture-moving-with-packing-in-qatar/,2026-03-18T17:01:15,2026-09-16T20:50:51
10293,publish,national,home-plumber-in-qatar,سباك منازل في قطر,https://www.rukn-eltatawer.com/qa/home-plumber-in-qatar/,2026-03-18T16:57:27,2026-09-16T20:50:52
10290,publish,national,plumbing-maintenance-in-qatar,شركة صيانة سباكة في قطر,https://www.rukn-eltatawer.com/qa/plumbing-maintenance-in-qatar/,2026-03-18T16:26:34,2026-09-16T20:50:52
10285,publish,national,ac-duct-cleaning-and-maintenance-in-qatar,شركة تنظيف وصيانة دكتات المكيفات في قطر,https://www.rukn-eltatawer.com/qa/ac-duct-cleaning-and-maintenance-in-qatar/,2026-03-18T01:50:14,2026-09-16T20:50:53
10280,publish,national,ac-installation-and-maintenance-technician-in-qatar,فني تركيب وصيانة تكييف في قطر,https://www.rukn-eltatawer.com/qa/ac-installation-and-maintenance-technician-in-qatar/,2026-03-18T01:47:31,2026-09-16T20:50:54
10269,publish,national,central-air-conditioning-maintenance-in-qatar,شركة صيانة تكييف مركزي في قطر,https://www.rukn-eltatawer.com/qa/central-air-conditioning-maintenance-in-qatar/,2026-03-18T01:43:00,2026-09-16T20:50:54
10277,publish,national,termite-control-in-qatar,شركة مكافحة النمل الأبيض في قطر,https://www.rukn-eltatawer.com/qa/termite-control-in-qatar/,2026-03-18T01:33:55,2026-09-16T20:50:55
10274,publish,national,bed-bug-control-in-qatar,شركة مكافحة بق الفراش في قطر,https://www.rukn-eltatawer.com/qa/bed-bug-control-in-qatar/,2026-03-18T01:32:16,2026-09-16T20:50:56
10267,publish,national,apartment-cleaning-in-qatar,شركة تنظيف شقق في قطر,https://www.rukn-eltatawer.com/qa/apartment-cleaning-in-qatar/,2026-03-18T01:24:47,2026-09-16T20:50:56
10264,publish,national,villa-cleaning-in-qatar,شركة تنظيف فلل في قطر,https://www.rukn-eltatawer.com/qa/villa-cleaning-in-qatar/,2026-03-18T01:23:00,2026-09-16T20:50:57
10261,publish,national,pest-control-in-qatar,شركة مكافحة حشرات في قطر,https://www.rukn-eltatawer.com/qa/pest-control-in-qatar/,2026-03-17T23:37:12,2026-09-16T20:50:58
10254,publish,national,split-ac-maintenance-in-qatar,شركة صيانة مكيفات سبليت في قطر,https://www.rukn-eltatawer.com/qa/split-ac-maintenance-in-qatar/,2026-03-17T23:23:49,2026-09-16T20:50:58
2973,publish,locked-leak,water-leak-detection-company-in-qatar,شركة كشف تسربات المياه في قطر,https://www.rukn-eltatawer.com/qa/water-leak-detection-company-in-qatar/,2026-03-14T17:14:19,2026-09-16T20:50:59
10772,draft,city-template,hospital-clinic-cleaning-doha,شركة تنظيف مستشفيات وعيادات في الدوحة,https://www.rukn-eltatawer.com/qa/?p=10772,2026-09-16T21:03:40,2026-09-16T21:03:40
10764,draft,city-template,school-nursery-cleaning-doha,شركة تنظيف مدارس وحضانات في الدوحة,https://www.rukn-eltatawer.com/qa/?p=10764,2026-09-16T21:03:39,2026-09-16T21:03:39
10773,draft,city-template,hospital-clinic-cleaning-al-rayyan,شركة تنظيف مستشفيات وعيادات في الريان,https://www.rukn-eltatawer.com/qa/?p=10773,2026-09-16T21:03:38,2026-09-16T21:03:38
10765,draft,city-template,school-nursery-cleaning-al-rayyan,شركة تنظيف مدارس وحضانات في الريان,https://www.rukn-eltatawer.com/qa/?p=10765,2026-09-16T21:03:37,2026-09-16T21:03:37
10774,draft,city-template,hospital-clinic-cleaning-al-wakrah,شركة تنظيف مستشفيات وعيادات في الوكرة,https://www.rukn-eltatawer.com/qa/?p=10774,2026-09-16T21:03:34,2026-09-16T21:03:34
10766,draft,city-template,school-nursery-cleaning-al-wakrah,شركة تنظيف مدارس وحضانات في الوكرة,https://www.rukn-eltatawer.com/qa/?p=10766,2026-09-16T21:03:34,2026-09-16T21:03:34
10776,draft,city-template,hospital-clinic-cleaning-umm-salal,شركة تنظيف مستشفيات وعيادات في أم صلال,https://www.rukn-eltatawer.com/qa/?p=10776,2026-09-16T21:03:31,2026-09-16T21:03:31
10775,draft,city-template,hospital-clinic-cleaning-al-khor,شركة تنظيف مستشفيات وعيادات في الخور,https://www.rukn-eltatawer.com/qa/?p=10775,2026-09-16T21:03:31,2026-09-16T21:03:31
10768,draft,city-template,school-nursery-cleaning-umm-salal,شركة تنظيف مدارس وحضانات في أم صلال,https://www.rukn-eltatawer.com/qa/?p=10768,2026-09-16T21:03:31,2026-09-16T21:03:31
10767,draft,city-template,school-nursery-cleaning-al-khor,شركة تنظيف مدارس وحضانات في الخور,https://www.rukn-eltatawer.com/qa/?p=10767,2026-09-16T21:03:31,2026-09-16T21:03:31
10374,draft,national,shra-madat-mtaam-mstamlh-fy-qtr,شراء معدات مطاعم مستعملة في قطر,https://www.rukn-eltatawer.com/qa/?p=10374,2026-09-16T20:44:25,2026-09-22T05:11:45
10373,draft,national,shra-skrab-fy-qtr,شراء سكراب في قطر,https://www.rukn-eltatawer.com/qa/?p=10373,2026-09-16T20:44:25,2026-09-22T05:11:46
10372,draft,national,shra-ajhzh-khrbayyh-mstamlh-fy-qtr,شراء أجهزة كهربائية مستعملة في قطر,https://www.rukn-eltatawer.com/qa/?p=10372,2026-09-16T20:44:25,2026-09-22T05:11:47
10371,draft,national,shra-mkyfat-mstamlh-fy-qtr,شراء مكيفات مستعملة في قطر,https://www.rukn-eltatawer.com/qa/?p=10371,2026-09-16T20:44:25,2026-09-22T05:11:49
10370,draft,national,shra-athath-mstaml-fy-qtr,شراء أثاث مستعمل في قطر,https://www.rukn-eltatawer.com/qa/?p=10370,2026-09-16T20:44:25,2026-09-22T05:11:50
7391,draft,national,recruitment-in-qatar,مكتب استقدام في قطر,https://www.rukn-eltatawer.com/qa/?p=7391,2026-09-16T20:44:25,2026-09-22T05:11:51
10778,draft,city-template,hospital-clinic-cleaning-al-daayen,شركة تنظيف مستشفيات وعيادات في الظعاين,https://www.rukn-eltatawer.com/qa/?p=10778,2026-09-16T02:31:09,2026-09-16T02:31:09
10770,draft,city-template,school-nursery-cleaning-al-daayen,شركة تنظيف مدارس وحضانات في الظعاين,https://www.rukn-eltatawer.com/qa/?p=10770,2026-09-16T02:31:09,2026-09-16T02:31:09
10779,draft,city-template,hospital-clinic-cleaning-al-shahaniya,شركة تنظيف مستشفيات وعيادات في الشحانية,https://www.rukn-eltatawer.com/qa/?p=10779,2026-09-16T02:31:08,2026-09-16T02:31:08
10777,draft,city-template,hospital-clinic-cleaning-al-shamal,شركة تنظيف مستشفيات وعيادات في الشمال,https://www.rukn-eltatawer.com/qa/?p=10777,2026-09-16T02:31:08,2026-09-16T02:31:08
10771,draft,city-template,school-nursery-cleaning-al-shahaniya,شركة تنظيف مدارس وحضانات في الشحانية,https://www.rukn-eltatawer.com/qa/?p=10771,2026-09-16T02:31:08,2026-09-16T02:31:08
10769,draft,city-template,school-nursery-cleaning-al-shamal,شركة تنظيف مدارس وحضانات في الشمال,https://www.rukn-eltatawer.com/qa/?p=10769,2026-09-16T02:31:07,2026-09-16T02:31:07
12165,draft,city-template,piano-moving-doha,شركة نقل بيانو في الدوحة,https://www.rukn-eltatawer.com/qa/?p=12165,2026-09-16T02:31:04,2026-09-16T02:31:04
12166,draft,city-template,piano-moving-al-rayyan,شركة نقل بيانو في الريان,https://www.rukn-eltatawer.com/qa/?p=12166,2026-09-16T02:31:01,2026-09-16T02:31:01
12170,draft,city-template,piano-moving-al-shamal,شركة نقل بيانو في الشمال,https://www.rukn-eltatawer.com/qa/?p=12170,2026-09-12T19:24:10,2026-09-03T01:46:09
12172,draft,city-template,piano-moving-al-shahaniya,شركة نقل بيانو في الشحانية,https://www.rukn-eltatawer.com/qa/?p=12172,2026-09-12T19:14:10,2026-09-03T01:46:11
12171,draft,city-template,piano-moving-al-daayen,شركة نقل بيانو في الظعاين,https://www.rukn-eltatawer.com/qa/?p=12171,2026-09-11T17:24:10,2026-09-03T01:53:09
12168,draft,city-template,piano-moving-al-khor,شركة نقل بيانو في الخور,https://www.rukn-eltatawer.com/qa/?p=12168,2026-09-10T14:24:10,2026-09-03T01:58:33
12169,draft,city-template,piano-moving-umm-salal,شركة نقل بيانو في أم صلال,https://www.rukn-eltatawer.com/qa/?p=12169,2026-09-10T14:14:10,2026-09-03T01:58:35
12167,draft,city-template,piano-moving-al-wakrah,شركة نقل بيانو في الوكرة,https://www.rukn-eltatawer.com/qa/?p=12167,2026-09-09T12:24:10,2026-09-03T02:03:21
12532,draft,city-template,air-freight-al-shahaniya,شركة شحن دولي جوي في الشحانية,https://www.rukn-eltatawer.com/qa/?p=12532,2026-09-01T08:13:12,2026-09-01T08:13:12
12531,draft,city-template,air-freight-al-daayen,شركة شحن دولي جوي في الظعاين,https://www.rukn-eltatawer.com/qa/?p=12531,2026-09-01T08:13:12,2026-09-01T08:13:12
12530,draft,city-template,air-freight-al-shamal,شركة شحن دولي جوي في الشمال,https://www.rukn-eltatawer.com/qa/?p=12530,2026-09-01T08:13:10,2026-09-01T08:13:10
12529,draft,city-template,air-freight-umm-salal,شركة شحن دولي جوي في أم صلال,https://www.rukn-eltatawer.com/qa/?p=12529,2026-09-01T08:13:10,2026-09-01T08:13:10
12528,draft,city-template,air-freight-al-khor,شركة شحن دولي جوي في الخور,https://www.rukn-eltatawer.com/qa/?p=12528,2026-09-01T08:13:10,2026-09-01T08:13:10
12527,draft,city-template,air-freight-al-wakrah,شركة شحن دولي جوي في الوكرة,https://www.rukn-eltatawer.com/qa/?p=12527,2026-09-01T08:13:10,2026-09-01T08:13:10
12526,draft,city-template,air-freight-al-rayyan,شركة شحن دولي جوي في الريان,https://www.rukn-eltatawer.com/qa/?p=12526,2026-09-01T08:13:10,2026-09-01T08:13:10
12525,draft,city-template,air-freight-doha,شركة شحن دولي جوي في الدوحة,https://www.rukn-eltatawer.com/qa/?p=12525,2026-09-01T08:13:08,2026-09-01T08:13:08
12524,draft,city-template,sea-freight-al-shahaniya,شركة شحن دولي بحري في الشحانية,https://www.rukn-eltatawer.com/qa/?p=12524,2026-09-01T08:13:08,2026-09-01T08:13:08
12523,draft,city-template,sea-freight-al-daayen,شركة شحن دولي بحري في الظعاين,https://www.rukn-eltatawer.com/qa/?p=12523,2026-09-01T08:13:08,2026-09-01T08:13:08
12522,draft,city-template,sea-freight-al-shamal,شركة شحن دولي بحري في الشمال,https://www.rukn-eltatawer.com/qa/?p=12522,2026-09-01T08:13:08,2026-09-01T08:13:08
12521,draft,city-template,sea-freight-umm-salal,شركة شحن دولي بحري في أم صلال,https://www.rukn-eltatawer.com/qa/?p=12521,2026-09-01T08:13:08,2026-09-01T08:13:08
12520,draft,city-template,sea-freight-al-khor,شركة شحن دولي بحري في الخور,https://www.rukn-eltatawer.com/qa/?p=12520,2026-09-01T08:13:06,2026-09-01T08:13:06
12519,draft,city-template,sea-freight-al-wakrah,شركة شحن دولي بحري في الوكرة,https://www.rukn-eltatawer.com/qa/?p=12519,2026-09-01T08:13:06,2026-09-01T08:13:06
12518,draft,city-template,sea-freight-al-rayyan,شركة شحن دولي بحري في الريان,https://www.rukn-eltatawer.com/qa/?p=12518,2026-09-01T08:13:06,2026-09-01T08:13:06
12517,draft,city-template,sea-freight-doha,شركة شحن دولي بحري في الدوحة,https://www.rukn-eltatawer.com/qa/?p=12517,2026-09-01T08:13:06,2026-09-01T08:13:06
12516,draft,city-template,land-freight-al-shahaniya,شركة شحن دولي بري في الشحانية,https://www.rukn-eltatawer.com/qa/?p=12516,2026-09-01T08:13:06,2026-09-01T08:13:06
12515,draft,city-template,land-freight-al-daayen,شركة شحن دولي بري في الظعاين,https://www.rukn-eltatawer.com/qa/?p=12515,2026-09-01T08:13:04,2026-09-01T08:13:04
12514,draft,city-template,land-freight-al-shamal,شركة شحن دولي بري في الشمال,https://www.rukn-eltatawer.com/qa/?p=12514,2026-09-01T08:13:04,2026-09-01T08:13:04
12513,draft,city-template,land-freight-umm-salal,شركة شحن دولي بري في أم صلال,https://www.rukn-eltatawer.com/qa/?p=12513,2026-09-01T08:13:04,2026-09-01T08:13:04
12512,draft,city-template,land-freight-al-khor,شركة شحن دولي بري في الخور,https://www.rukn-eltatawer.com/qa/?p=12512,2026-09-01T08:13:04,2026-09-01T08:13:04
12511,draft,city-template,land-freight-al-wakrah,شركة شحن دولي بري في الوكرة,https://www.rukn-eltatawer.com/qa/?p=12511,2026-09-01T08:13:04,2026-09-01T08:13:04
12510,draft,city-template,land-freight-al-rayyan,شركة شحن دولي بري في الريان,https://www.rukn-eltatawer.com/qa/?p=12510,2026-09-01T08:13:03,2026-09-01T08:13:03
12509,draft,city-template,land-freight-doha,شركة شحن دولي بري في الدوحة,https://www.rukn-eltatawer.com/qa/?p=12509,2026-09-01T08:13:02,2026-09-01T08:13:02
12508,draft,city-template,domestic-shipping-al-shahaniya,شركة شحن داخلي داخل في الشحانية,https://www.rukn-eltatawer.com/qa/?p=12508,2026-09-01T08:13:02,2026-09-01T08:13:02
12507,draft,city-template,domestic-shipping-al-daayen,شركة شحن داخلي داخل في الظعاين,https://www.rukn-eltatawer.com/qa/?p=12507,2026-09-01T08:13:02,2026-09-01T08:13:02
12506,draft,city-template,domestic-shipping-al-shamal,شركة شحن داخلي داخل في الشمال,https://www.rukn-eltatawer.com/qa/?p=12506,2026-09-01T08:13:02,2026-09-01T08:13:02
12505,draft,city-template,domestic-shipping-umm-salal,شركة شحن داخلي داخل في أم صلال,https://www.rukn-eltatawer.com/qa/?p=12505,2026-09-01T08:13:01,2026-09-01T08:13:01
12504,draft,city-template,domestic-shipping-al-khor,شركة شحن داخلي داخل في الخور,https://www.rukn-eltatawer.com/qa/?p=12504,2026-09-01T08:13:01,2026-09-01T08:13:01
12503,draft,city-template,domestic-shipping-al-wakrah,شركة شحن داخلي داخل في الوكرة,https://www.rukn-eltatawer.com/qa/?p=12503,2026-09-01T08:13:01,2026-09-01T08:13:01
12502,draft,city-template,domestic-shipping-al-rayyan,شركة شحن داخلي داخل في الريان,https://www.rukn-eltatawer.com/qa/?p=12502,2026-09-01T08:13:01,2026-09-01T08:13:01
12501,draft,city-template,domestic-shipping-doha,شركة شحن داخلي داخل في الدوحة,https://www.rukn-eltatawer.com/qa/?p=12501,2026-09-01T08:13:01,2026-09-01T08:13:01
12500,draft,city-template,express-parcel-shipping-al-shahaniya,شركة شحن طرود سريعة في الشحانية,https://www.rukn-eltatawer.com/qa/?p=12500,2026-09-01T08:12:59,2026-09-01T08:12:59
12499,draft,city-template,express-parcel-shipping-al-daayen,شركة شحن طرود سريعة في الظعاين,https://www.rukn-eltatawer.com/qa/?p=12499,2026-09-01T08:12:59,2026-09-01T08:12:59
12498,draft,city-template,express-parcel-shipping-al-shamal,شركة شحن طرود سريعة في الشمال,https://www.rukn-eltatawer.com/qa/?p=12498,2026-09-01T08:12:59,2026-09-01T08:12:59
12497,draft,city-template,express-parcel-shipping-umm-salal,شركة شحن طرود سريعة في أم صلال,https://www.rukn-eltatawer.com/qa/?p=12497,2026-09-01T08:12:59,2026-09-01T08:12:59
12496,draft,city-template,express-parcel-shipping-al-khor,شركة شحن طرود سريعة في الخور,https://www.rukn-eltatawer.com/qa/?p=12496,2026-09-01T08:12:59,2026-09-01T08:12:59
12495,draft,city-template,express-parcel-shipping-al-wakrah,شركة شحن طرود سريعة في الوكرة,https://www.rukn-eltatawer.com/qa/?p=12495,2026-09-01T08:12:58,2026-09-01T08:12:58
12494,draft,city-template,express-parcel-shipping-al-rayyan,شركة شحن طرود سريعة في الريان,https://www.rukn-eltatawer.com/qa/?p=12494,2026-09-01T08:12:58,2026-09-01T08:12:58
12493,draft,city-template,express-parcel-shipping-doha,شركة شحن طرود سريعة في الدوحة,https://www.rukn-eltatawer.com/qa/?p=12493,2026-09-01T08:12:58,2026-09-01T08:12:58
12492,draft,city-template,car-shipping-al-shahaniya,شركة شحن سيارات في الشحانية,https://www.rukn-eltatawer.com/qa/?p=12492,2026-09-01T08:12:58,2026-09-01T08:12:58
12491,draft,city-template,car-shipping-al-daayen,شركة شحن سيارات في الظعاين,https://www.rukn-eltatawer.com/qa/?p=12491,2026-09-01T08:12:58,2026-09-01T08:12:58
12490,draft,city-template,car-shipping-al-shamal,شركة شحن سيارات في الشمال,https://www.rukn-eltatawer.com/qa/?p=12490,2026-09-01T08:12:56,2026-09-01T08:12:56
12489,draft,city-template,car-shipping-umm-salal,شركة شحن سيارات في أم صلال,https://www.rukn-eltatawer.com/qa/?p=12489,2026-09-01T08:12:56,2026-09-01T08:12:56
12488,draft,city-template,car-shipping-al-khor,شركة شحن سيارات في الخور,https://www.rukn-eltatawer.com/qa/?p=12488,2026-09-01T08:12:56,2026-09-01T08:12:56
12487,draft,city-template,car-shipping-al-wakrah,شركة شحن سيارات في الوكرة,https://www.rukn-eltatawer.com/qa/?p=12487,2026-09-01T08:12:56,2026-09-01T08:12:56
12486,draft,city-template,car-shipping-al-rayyan,شركة شحن سيارات في الريان,https://www.rukn-eltatawer.com/qa/?p=12486,2026-09-01T08:12:56,2026-09-01T08:12:56
12485,draft,city-template,car-shipping-doha,شركة شحن سيارات في الدوحة,https://www.rukn-eltatawer.com/qa/?p=12485,2026-09-01T08:12:55,2026-09-01T08:12:55
12484,draft,city-template,furniture-shipping-al-shahaniya,شركة شحن أثاث في الشحانية,https://www.rukn-eltatawer.com/qa/?p=12484,2026-09-01T08:12:55,2026-09-01T08:12:55
12483,draft,city-template,furniture-shipping-al-daayen,شركة شحن أثاث في الظعاين,https://www.rukn-eltatawer.com/qa/?p=12483,2026-09-01T08:12:55,2026-09-01T08:12:55
12482,draft,city-template,furniture-shipping-al-shamal,شركة شحن أثاث في الشمال,https://www.rukn-eltatawer.com/qa/?p=12482,2026-09-01T08:12:55,2026-09-01T08:12:55
12481,draft,city-template,furniture-shipping-umm-salal,شركة شحن أثاث في أم صلال,https://www.rukn-eltatawer.com/qa/?p=12481,2026-09-01T08:12:54,2026-09-01T08:12:54
12480,draft,city-template,furniture-shipping-al-khor,شركة شحن أثاث في الخور,https://www.rukn-eltatawer.com/qa/?p=12480,2026-09-01T08:12:53,2026-09-01T08:12:53
12479,draft,city-template,furniture-shipping-al-wakrah,شركة شحن أثاث في الوكرة,https://www.rukn-eltatawer.com/qa/?p=12479,2026-09-01T08:12:53,2026-09-01T08:12:53
12478,draft,city-template,furniture-shipping-al-rayyan,شركة شحن أثاث في الريان,https://www.rukn-eltatawer.com/qa/?p=12478,2026-09-01T08:12:53,2026-09-01T08:12:53
12477,draft,city-template,furniture-shipping-doha,شركة شحن أثاث في الدوحة,https://www.rukn-eltatawer.com/qa/?p=12477,2026-09-01T08:12:53,2026-09-01T08:12:53
12476,draft,city-template,cargo-shipping-al-shahaniya,شركة شحن بضائع في الشحانية,https://www.rukn-eltatawer.com/qa/?p=12476,2026-09-01T08:12:53,2026-09-01T08:12:53
12475,draft,city-template,cargo-shipping-al-daayen,شركة شحن بضائع في الظعاين,https://www.rukn-eltatawer.com/qa/?p=12475,2026-09-01T08:12:52,2026-09-01T08:12:52
12474,draft,city-template,cargo-shipping-al-shamal,شركة شحن بضائع في الشمال,https://www.rukn-eltatawer.com/qa/?p=12474,2026-09-01T08:12:52,2026-09-01T08:12:52
12473,draft,city-template,cargo-shipping-umm-salal,شركة شحن بضائع في أم صلال,https://www.rukn-eltatawer.com/qa/?p=12473,2026-09-01T08:12:52,2026-09-01T08:12:52
12472,draft,city-template,cargo-shipping-al-khor,شركة شحن بضائع في الخور,https://www.rukn-eltatawer.com/qa/?p=12472,2026-09-01T08:12:52,2026-09-01T08:12:52
12471,draft,city-template,cargo-shipping-al-wakrah,شركة شحن بضائع في الوكرة,https://www.rukn-eltatawer.com/qa/?p=12471,2026-09-01T08:12:51,2026-09-01T08:12:51
12470,draft,city-template,cargo-shipping-al-rayyan,شركة شحن بضائع في الريان,https://www.rukn-eltatawer.com/qa/?p=12470,2026-09-01T08:12:50,2026-09-01T08:12:50
12469,draft,city-template,cargo-shipping-doha,شركة شحن بضائع في الدوحة,https://www.rukn-eltatawer.com/qa/?p=12469,2026-09-01T08:12:50,2026-09-01T08:12:50
12468,draft,city-template,shipping-offices-al-shahaniya,شركة مكاتب الشحن في الشحانية,https://www.rukn-eltatawer.com/qa/?p=12468,2026-09-01T08:12:50,2026-09-01T08:12:50
12467,draft,city-template,shipping-offices-al-daayen,شركة مكاتب الشحن في الظعاين,https://www.rukn-eltatawer.com/qa/?p=12467,2026-09-01T08:12:50,2026-09-01T08:12:50
12466,draft,city-template,shipping-offices-al-shamal,شركة مكاتب الشحن في الشمال,https://www.rukn-eltatawer.com/qa/?p=12466,2026-09-01T08:12:50,2026-09-01T08:12:50
12465,draft,city-template,shipping-offices-umm-salal,شركة مكاتب الشحن في أم صلال,https://www.rukn-eltatawer.com/qa/?p=12465,2026-09-01T08:12:49,2026-09-01T08:12:49
12464,draft,city-template,shipping-offices-al-khor,شركة مكاتب الشحن في الخور,https://www.rukn-eltatawer.com/qa/?p=12464,2026-09-01T08:12:49,2026-09-01T08:12:49
12463,draft,city-template,shipping-offices-al-wakrah,شركة مكاتب الشحن في الوكرة,https://www.rukn-eltatawer.com/qa/?p=12463,2026-09-01T08:12:49,2026-09-01T08:12:49
12462,draft,city-template,shipping-offices-al-rayyan,شركة مكاتب الشحن في الريان,https://www.rukn-eltatawer.com/qa/?p=12462,2026-09-01T08:12:48,2026-09-01T08:12:48
12461,draft,city-template,shipping-offices-doha,شركة مكاتب الشحن في الدوحة,https://www.rukn-eltatawer.com/qa/?p=12461,2026-09-01T08:12:48,2026-09-01T08:12:48
