id,slug,title,link,kind,ptype,words,h2_count,outline,template,template_hits,mismatch,mismatch_why,content_top,content_top_n,title_score,errors,short,locked
10369,shrkh-tkhzyn-bdaya-fy-qtr,شركة تخزين بضائع في قطر,https://www.rukn-eltatawer.com/qa/shrkh-tkhzyn-bdaya-fy-qtr/,national,general,1328,15,شركة تخزين بضائع في قطر — تشخيص ثم نطاق مكتوب | ما المقصود بـ شركة تخزين بضائع في قطر؟ | متى تحتاج إلى شركة تخزين بضائع في قطر؟ | علامات الفحص في مباني قطر | لماذا يختلف التنفيذ في مناخ قطر؟ | الأسباب التي نراها بعد المعاينة | أنواع العمل داخل تخزين بضائع | كيف ننفّذ تخزين بضائع خطوة بخطوة؟ | أخطاء تؤجّل الحل | مقارنة بين عمل منظم وعمل عشوائي | التغطية في مدن قطر — بلا نسخ متطابقة | ما الذي لا نعد به في هذه الصفحة؟ | بعد التسليم | أسئلة شائعة حول هذه الخدمة | خلاصة شركة تخزين بضائع في قطر,longform-2026-10,10,False,,garden,18,0,,False,False
10368,shrkh-tkhzyn-athath-fy-qtr,شركة تخزين أثاث في قطر,https://www.rukn-eltatawer.com/qa/shrkh-tkhzyn-athath-fy-qtr/,national,move,1320,15,شركة تخزين أثاث في قطر — تشخيص ثم نطاق مكتوب | ما المقصود بـ شركة تخزين أثاث في قطر؟ | متى تحتاج إلى شركة تخزين أثاث في قطر؟ | علامات الفحص في مباني قطر | لماذا يختلف التنفيذ في مناخ قطر؟ | الأسباب التي نراها بعد المعاينة | أنواع العمل داخل تخزين أثاث | كيف ننفّذ تخزين أثاث خطوة بخطوة؟ | أخطاء تؤجّل الحل | مقارنة بين عمل منظم وعمل عشوائي | التغطية في مدن قطر — بلا نسخ متطابقة | ما الذي لا نعد به في هذه الصفحة؟ | بعد التسليم | أسئلة شائعة حول هذه الخدمة | خلاصة شركة تخزين أثاث في قطر,longform-2026-10,10,False,,move,42,42,,False,False
10258,house-cleaning-in-qatar,شركة تنظيف منازل في قطر,https://www.rukn-eltatawer.com/qa/house-cleaning-in-qatar/,national,cleaning,1332,15,شركة تنظيف منازل في قطر — تشخيص ثم نطاق مكتوب | ما المقصود بـ شركة تنظيف منازل في قطر؟ | متى تحتاج إلى شركة تنظيف منازل في قطر؟ | علامات الفحص في مباني قطر | لماذا يختلف التنفيذ في مناخ قطر؟ | الأسباب التي نراها بعد المعاينة | أنواع العمل داخل تنظيف منازل | كيف ننفّذ تنظيف منازل خطوة بخطوة؟ | أخطاء تؤجّل الحل | مقارنة بين عمل منظم وعمل عشوائي | التغطية في مدن قطر — بلا نسخ متطابقة | ما الذي لا نعد به في هذه الصفحة؟ | بعد التسليم | أسئلة شائعة حول هذه الخدمة | خلاصة شركة تنظيف منازل في قطر,longform-2026-10,10,False,,cleaning,46,46,,False,False
10272,cockroach-control-in-qatar,شركة مكافحة الصراصير في قطر,https://www.rukn-eltatawer.com/qa/cockroach-control-in-qatar/,national,pest,1354,15,شركة مكافحة الصراصير في قطر — تشخيص ثم نطاق مكتوب | ما المقصود بـ شركة مكافحة الصراصير في قطر؟ | متى تحتاج إلى شركة مكافحة الصراصير في قطر؟ | علامات الفحص في مباني قطر | لماذا يختلف التنفيذ في مناخ قطر؟ | الأسباب التي نراها بعد المعاينة | أنواع العمل داخل مكافحة الصراصير | كيف ننفّذ مكافحة الصراصير خطوة بخطوة؟ | أخطاء تؤجّل الحل | مقارنة بين عمل منظم وعمل عشوائي | التغطية في مدن قطر — بلا نسخ متطابقة | ما الذي لا نعد به في هذه الصفحة؟ | بعد التسليم | أسئلة شائعة حول هذه الخدمة | خلاصة شركة مكافحة الصراصير في قطر,longform-2026-10,10,False,,pest,50,50,,False,False
11140,gas-leak-detection-doha,شركة كشف تسربات الغاز في الدوحة,https://www.rukn-eltatawer.com/qa/gas-leak-detection-doha/,national,gasleak,1358,15,شركة كشف تسربات الغاز في الدوحة — تشخيص ثم نطاق مكتوب | ما المقصود بـ شركة كشف تسربات الغاز في الدوحة؟ | متى تحتاج إلى شركة كشف تسربات الغاز في الدوحة؟ | علامات الفحص في مباني قطر | لماذا يختلف التنفيذ في مناخ قطر؟ | الأسباب التي نراها بعد المعاينة | أنواع العمل داخل كشف تسربات الغاز | كيف ننفّذ كشف تسربات الغاز خطوة بخطوة؟ | أخطاء تؤجّل الحل | مقارنة بين عمل منظم وعمل عشوائي | التغطية في مدن قطر — بلا نسخ متطابقة | ما الذي لا نعد به في هذه الصفحة؟ | بعد التسليم | أسئلة شائعة حول هذه الخدمة | خلاصة شركة كشف تسربات الغاز في الدوحة,longform-2026-10,10,True,العنوان=gasleak والمحتوى يميل إلى garden (17 مقابل 4),garden,17,4,,False,False
3182,sewerage-company-in-doha,شركة تسليك مجاري في الدوحة,https://www.rukn-eltatawer.com/qa/sewerage-company-in-doha/,national,sewer,1358,15,شركة تسليك مجاري في الدوحة — تشخيص ثم نطاق مكتوب | ما المقصود بـ شركة تسليك مجاري في الدوحة؟ | متى تحتاج إلى شركة تسليك مجاري في الدوحة؟ | علامات الفحص في مباني قطر | لماذا يختلف التنفيذ في مناخ قطر؟ | الأسباب التي نراها بعد المعاينة | أنواع العمل داخل تسليك مجاري | كيف ننفّذ تسليك مجاري خطوة بخطوة؟ | أخطاء تؤجّل الحل | مقارنة بين عمل منظم وعمل عشوائي | التغطية في مدن قطر — بلا نسخ متطابقة | ما الذي لا نعد به في هذه الصفحة؟ | بعد التسليم | أسئلة شائعة حول هذه الخدمة | خلاصة شركة تسليك مجاري في الدوحة,longform-2026-10,10,False,,sewer,61,61,,False,False
10334,shrkh-tnzyf-mnazl-fy-qtr-2,شركة تنظيف منازل في قطر,https://www.rukn-eltatawer.com/qa/shrkh-tnzyf-mnazl-fy-qtr-2/,national,insulation,1395,15,شركة تنظيف منازل في قطر — تشخيص ثم نطاق مكتوب | ما المقصود بـ شركة تنظيف منازل في قطر؟ | متى تحتاج إلى شركة تنظيف منازل في قطر؟ | علامات الفحص في مباني قطر | لماذا يختلف التنفيذ في مناخ قطر؟ | الأسباب التي نراها بعد المعاينة | أنواع العمل داخل تنظيف منازل | كيف ننفّذ تنظيف منازل خطوة بخطوة؟ | أخطاء تؤجّل الحل | مقارنة بين عمل منظم وعمل عشوائي | التغطية في مدن قطر — بلا نسخ متطابقة | ما الذي لا نعد به في هذه الصفحة؟ | بعد التسليم | أسئلة شائعة حول هذه الخدمة | خلاصة شركة تنظيف منازل في قطر,longform-2026-10,10,False,,insulation,38,38,,False,False
10357,shrkh-mkafhh-srasyr-fy-qtr,شركة مكافحة صراصير في قطر,https://www.rukn-eltatawer.com/qa/shrkh-mkafhh-srasyr-fy-qtr/,national,pest,1358,15,شركة مكافحة صراصير في قطر — تشخيص ثم نطاق مكتوب | ما المقصود بـ شركة مكافحة صراصير في قطر؟ | متى تحتاج إلى شركة مكافحة صراصير في قطر؟ | علامات الفحص في مباني قطر | لماذا يختلف التنفيذ في مناخ قطر؟ | الأسباب التي نراها بعد المعاينة | أنواع العمل داخل مكافحة صراصير | كيف ننفّذ مكافحة صراصير خطوة بخطوة؟ | أخطاء تؤجّل الحل | مقارنة بين عمل منظم وعمل عشوائي | التغطية في مدن قطر — بلا نسخ متطابقة | ما الذي لا نعد به في هذه الصفحة؟ | بعد التسليم | أسئلة شائعة حول هذه الخدمة | خلاصة شركة مكافحة صراصير في قطر,longform-2026-10,10,False,,pest,50,50,,False,False
11148,ac-leak-detection-doha,شركة كشف تسربات التكييف في الدوحة,https://www.rukn-eltatawer.com/qa/ac-leak-detection-doha/,national,acleak,1367,15,شركة كشف تسربات التكييف في الدوحة — تشخيص ثم نطاق مكتوب | ما المقصود بـ شركة كشف تسربات التكييف في الدوحة؟ | متى تحتاج إلى شركة كشف تسربات التكييف في الدوحة؟ | علامات الفحص في مباني قطر | لماذا يختلف التنفيذ في مناخ قطر؟ | الأسباب التي نراها بعد المعاينة | أنواع العمل داخل كشف تسربات التكييف | كيف ننفّذ كشف تسربات التكييف خطوة بخطوة؟ | أخطاء تؤجّل الحل | مقارنة بين عمل منظم وعمل عشوائي | التغطية في مدن قطر — بلا نسخ متطابقة | ما الذي لا نعد به في هذه الصفحة؟ | بعد التسليم | أسئلة شائعة حول هذه الخدمة | خلاصة شركة كشف تسربات التكييف في الدوحة,longform-2026-10,10,True,العنوان=acleak والمحتوى يميل إلى ac (40 مقابل 8),ac,40,8,,False,False
12868,ac-maintenance-qatar-en,AC maintenance in Doha and Qatar,https://www.rukn-eltatawer.com/qa/en/ac-maintenance-qatar-en/,english,ac,841,12,"AC maintenance in Doha and Qatar — inspect, then write the scope | What this service means in Qatar | When to book | Signs we check on site | Common causes after inspection | How we work | Mistakes that delay the fix | Cities we cover — without duplicate articles | What this page does not promise | After handover | FAQ | Summary",longform-2026-10,8,False,,duct,4,0,,True,False
12867,roof-insulation-qatar-en,Roof insulation in Qatar,https://www.rukn-eltatawer.com/qa/en/roof-insulation-qatar-en/,english,insulation,847,12,"Roof insulation in Qatar — inspect, then write the scope | What this service means in Qatar | When to book | Signs we check on site | Common causes after inspection | How we work | Mistakes that delay the fix | Cities we cover — without duplicate articles | What this page does not promise | After handover | FAQ | Summary",longform-2026-10,8,False,,insulation,5,5,,True,False
12866,water-leak-detection-qatar-en,Water leak detection in Qatar without breaking,https://www.rukn-eltatawer.com/qa/en/water-leak-detection-qatar-en/,english,general,830,12,"Water leak detection in Qatar without breaking — inspect, then write the scope | What this service means in Qatar | When to book | Signs we check on site | Common causes after inspection | How we work | Mistakes that delay the fix | Cities we cover — without duplicate articles | What this page does not promise | After handover | FAQ | Summary",longform-2026-10,8,False,,garden,1,0,,True,False
10456,shrkh-trkyb-jlsat-kharjyh-fy-qtr,شركة تركيب جلسات خارجية في قطر,https://www.rukn-eltatawer.com/qa/shrkh-trkyb-jlsat-kharjyh-fy-qtr/,national,outdoor,1352,15,شركة تركيب جلسات خارجية في قطر — تشخيص ثم نطاق مكتوب | ما المقصود بـ شركة تركيب جلسات خارجية في قطر؟ | متى تحتاج إلى شركة تركيب جلسات خارجية في قطر؟ | علامات الفحص في مباني قطر | لماذا يختلف التنفيذ في مناخ قطر؟ | الأسباب التي نراها بعد المعاينة | أنواع العمل داخل تركيب جلسات خارجية | كيف ننفّذ تركيب جلسات خارجية خطوة بخطوة؟ | أخطاء تؤجّل الحل | مقارنة بين عمل منظم وعمل عشوائي | التغطية في مدن قطر — بلا نسخ متطابقة | ما الذي لا نعد به في هذه الصفحة؟ | بعد التسليم | أسئلة شائعة حول هذه الخدمة | خلاصة شركة تركيب جلسات خارجية في قطر,longform-2026-10,10,True,العنوان=outdoor والمحتوى يميل إلى garden (18 مقابل 3),garden,18,3,,False,False
10455,shrkh-trkyb-brjwlat-khshbyh-fy-qtr,شركة تركيب برجولات خشبية في قطر,https://www.rukn-eltatawer.com/qa/shrkh-trkyb-brjwlat-khshbyh-fy-qtr/,national,outdoor,1350,15,شركة تركيب برجولات خشبية في قطر — تشخيص ثم نطاق مكتوب | ما المقصود بـ شركة تركيب برجولات خشبية في قطر؟ | متى تحتاج إلى شركة تركيب برجولات خشبية في قطر؟ | علامات الفحص في مباني قطر | لماذا يختلف التنفيذ في مناخ قطر؟ | الأسباب التي نراها بعد المعاينة | أنواع العمل داخل تركيب برجولات خشبية | كيف ننفّذ تركيب برجولات خشبية خطوة بخطوة؟ | أخطاء تؤجّل الحل | مقارنة بين عمل منظم وعمل عشوائي | التغطية في مدن قطر — بلا نسخ متطابقة | ما الذي لا نعد به في هذه الصفحة؟ | بعد التسليم | أسئلة شائعة حول هذه الخدمة | خلاصة شركة تركيب برجولات خشبية في قطر,longform-2026-10,10,True,العنوان=outdoor والمحتوى يميل إلى garden (18 مقابل 3),garden,18,3,,False,False
10454,shrkh-trkyb-swatr-fy-qtr,شركة تركيب سواتر في قطر,https://www.rukn-eltatawer.com/qa/shrkh-trkyb-swatr-fy-qtr/,national,outdoor,1320,15,شركة تركيب سواتر في قطر — تشخيص ثم نطاق مكتوب | ما المقصود بـ شركة تركيب سواتر في قطر؟ | متى تحتاج إلى شركة تركيب سواتر في قطر؟ | علامات الفحص في مباني قطر | لماذا يختلف التنفيذ في مناخ قطر؟ | الأسباب التي نراها بعد المعاينة | أنواع العمل داخل تركيب سواتر | كيف ننفّذ تركيب سواتر خطوة بخطوة؟ | أخطاء تؤجّل الحل | مقارنة بين عمل منظم وعمل عشوائي | التغطية في مدن قطر — بلا نسخ متطابقة | ما الذي لا نعد به في هذه الصفحة؟ | بعد التسليم | أسئلة شائعة حول هذه الخدمة | خلاصة شركة تركيب سواتر في قطر,longform-2026-10,10,True,العنوان=outdoor والمحتوى يميل إلى garden (18 مقابل 3),garden,18,3,,False,False
10453,shrkh-trkyb-mzlat-syarat-fy-qtr,شركة تركيب مظلات سيارات في قطر,https://www.rukn-eltatawer.com/qa/shrkh-trkyb-mzlat-syarat-fy-qtr/,national,outdoor,1350,15,شركة تركيب مظلات سيارات في قطر — تشخيص ثم نطاق مكتوب | ما المقصود بـ شركة تركيب مظلات سيارات في قطر؟ | متى تحتاج إلى شركة تركيب مظلات سيارات في قطر؟ | علامات الفحص في مباني قطر | لماذا يختلف التنفيذ في مناخ قطر؟ | الأسباب التي نراها بعد المعاينة | أنواع العمل داخل تركيب مظلات سيارات | كيف ننفّذ تركيب مظلات سيارات خطوة بخطوة؟ | أخطاء تؤجّل الحل | مقارنة بين عمل منظم وعمل عشوائي | التغطية في مدن قطر — بلا نسخ متطابقة | ما الذي لا نعد به في هذه الصفحة؟ | بعد التسليم | أسئلة شائعة حول هذه الخدمة | خلاصة شركة تركيب مظلات سيارات في قطر,longform-2026-10,10,True,العنوان=outdoor والمحتوى يميل إلى garden (18 مقابل 3),garden,18,3,,False,False
10452,shrkh-syanh-msabh-fy-qtr,شركة صيانة مسابح في قطر,https://www.rukn-eltatawer.com/qa/shrkh-syanh-msabh-fy-qtr/,national,pool,1349,15,شركة صيانة مسابح في قطر — تشخيص ثم نطاق مكتوب | ما المقصود بـ شركة صيانة مسابح في قطر؟ | متى تحتاج إلى شركة صيانة مسابح في قطر؟ | علامات الفحص في مباني قطر | لماذا يختلف التنفيذ في مناخ قطر؟ | الأسباب التي نراها بعد المعاينة | أنواع العمل داخل صيانة مسابح | كيف ننفّذ صيانة مسابح خطوة بخطوة؟ | أخطاء تؤجّل الحل | مقارنة بين عمل منظم وعمل عشوائي | التغطية في مدن قطر — بلا نسخ متطابقة | ما الذي لا نعد به في هذه الصفحة؟ | بعد التسليم | أسئلة شائعة حول هذه الخدمة | خلاصة شركة صيانة مسابح في قطر,longform-2026-10,10,False,,garden,17,8,,False,False
10451,shrkh-ansha-msabh-fy-qtr,شركة إنشاء مسابح في قطر,https://www.rukn-eltatawer.com/qa/shrkh-ansha-msabh-fy-qtr/,national,pool,1352,15,شركة إنشاء مسابح في قطر — تشخيص ثم نطاق مكتوب | ما المقصود بـ شركة إنشاء مسابح في قطر؟ | متى تحتاج إلى شركة إنشاء مسابح في قطر؟ | علامات الفحص في مباني قطر | لماذا يختلف التنفيذ في مناخ قطر؟ | الأسباب التي نراها بعد المعاينة | أنواع العمل داخل إنشاء مسابح | كيف ننفّذ إنشاء مسابح خطوة بخطوة؟ | أخطاء تؤجّل الحل | مقارنة بين عمل منظم وعمل عشوائي | التغطية في مدن قطر — بلا نسخ متطابقة | ما الذي لا نعد به في هذه الصفحة؟ | بعد التسليم | أسئلة شائعة حول هذه الخدمة | خلاصة شركة إنشاء مسابح في قطر,longform-2026-10,10,False,,garden,16,8,,False,False
10450,shrkh-tsmym-nwafyr-fy-qtr,شركة تصميم نوافير في قطر,https://www.rukn-eltatawer.com/qa/shrkh-tsmym-nwafyr-fy-qtr/,national,garden,1348,15,شركة تصميم نوافير في قطر — تشخيص ثم نطاق مكتوب | ما المقصود بـ شركة تصميم نوافير في قطر؟ | متى تحتاج إلى شركة تصميم نوافير في قطر؟ | علامات الفحص في مباني قطر | لماذا يختلف التنفيذ في مناخ قطر؟ | الأسباب التي نراها بعد المعاينة | أنواع العمل داخل تصميم نوافير | كيف ننفّذ تصميم نوافير خطوة بخطوة؟ | أخطاء تؤجّل الحل | مقارنة بين عمل منظم وعمل عشوائي | التغطية في مدن قطر — بلا نسخ متطابقة | ما الذي لا نعد به في هذه الصفحة؟ | بعد التسليم | أسئلة شائعة حول هذه الخدمة | خلاصة شركة تصميم نوافير في قطر,longform-2026-10,10,False,,garden,38,38,,False,False
10449,shrkh-tsmym-shlalat-fy-qtr,شركة تصميم شلالات في قطر,https://www.rukn-eltatawer.com/qa/shrkh-tsmym-shlalat-fy-qtr/,national,garden,1354,15,شركة تصميم شلالات في قطر — تشخيص ثم نطاق مكتوب | ما المقصود بـ شركة تصميم شلالات في قطر؟ | متى تحتاج إلى شركة تصميم شلالات في قطر؟ | علامات الفحص في مباني قطر | لماذا يختلف التنفيذ في مناخ قطر؟ | الأسباب التي نراها بعد المعاينة | أنواع العمل داخل تصميم شلالات | كيف ننفّذ تصميم شلالات خطوة بخطوة؟ | أخطاء تؤجّل الحل | مقارنة بين عمل منظم وعمل عشوائي | التغطية في مدن قطر — بلا نسخ متطابقة | ما الذي لا نعد به في هذه الصفحة؟ | بعد التسليم | أسئلة شائعة حول هذه الخدمة | خلاصة شركة تصميم شلالات في قطر,longform-2026-10,10,False,,garden,39,39,,False,False
10448,shrkh-trkyb-shbkat-ry-fy-qtr,شركة تركيب شبكات ري في قطر,https://www.rukn-eltatawer.com/qa/shrkh-trkyb-shbkat-ry-fy-qtr/,national,garden,1387,15,شركة تركيب شبكات ري في قطر — تشخيص ثم نطاق مكتوب | ما المقصود بـ شركة تركيب شبكات ري في قطر؟ | متى تحتاج إلى شركة تركيب شبكات ري في قطر؟ | علامات الفحص في مباني قطر | لماذا يختلف التنفيذ في مناخ قطر؟ | الأسباب التي نراها بعد المعاينة | أنواع العمل داخل تركيب شبكات ري | كيف ننفّذ تركيب شبكات ري خطوة بخطوة؟ | أخطاء تؤجّل الحل | مقارنة بين عمل منظم وعمل عشوائي | التغطية في مدن قطر — بلا نسخ متطابقة | ما الذي لا نعد به في هذه الصفحة؟ | بعد التسليم | أسئلة شائعة حول هذه الخدمة | خلاصة شركة تركيب شبكات ري في قطر,longform-2026-10,10,False,,garden,72,72,,False,False
10447,shrkh-tkryb-nkhyl-fy-qtr,شركة تكريب نخيل في قطر,https://www.rukn-eltatawer.com/qa/shrkh-tkryb-nkhyl-fy-qtr/,national,garden,1348,15,شركة تكريب نخيل في قطر — تشخيص ثم نطاق مكتوب | ما المقصود بـ شركة تكريب نخيل في قطر؟ | متى تحتاج إلى شركة تكريب نخيل في قطر؟ | علامات الفحص في مباني قطر | لماذا يختلف التنفيذ في مناخ قطر؟ | الأسباب التي نراها بعد المعاينة | أنواع العمل داخل تكريب نخيل | كيف ننفّذ تكريب نخيل خطوة بخطوة؟ | أخطاء تؤجّل الحل | مقارنة بين عمل منظم وعمل عشوائي | التغطية في مدن قطر — بلا نسخ متطابقة | ما الذي لا نعد به في هذه الصفحة؟ | بعد التسليم | أسئلة شائعة حول هذه الخدمة | خلاصة شركة تكريب نخيل في قطر,longform-2026-10,10,False,,garden,106,106,,False,False
10446,shrkh-qs-ashjar-fy-qtr,شركة قص أشجار في قطر,https://www.rukn-eltatawer.com/qa/shrkh-qs-ashjar-fy-qtr/,national,trees,1301,15,شركة قص أشجار في قطر — تشخيص ثم نطاق مكتوب | ما المقصود بـ شركة قص أشجار في قطر؟ | متى تحتاج إلى شركة قص أشجار في قطر؟ | علامات الفحص في مباني قطر | لماذا يختلف التنفيذ في مناخ قطر؟ | الأسباب التي نراها بعد المعاينة | أنواع العمل داخل قص أشجار | كيف ننفّذ قص أشجار خطوة بخطوة؟ | أخطاء تؤجّل الحل | مقارنة بين عمل منظم وعمل عشوائي | التغطية في مدن قطر — بلا نسخ متطابقة | ما الذي لا نعد به في هذه الصفحة؟ | بعد التسليم | أسئلة شائعة حول هذه الخدمة | خلاصة شركة قص أشجار في قطر,longform-2026-10,10,False,,trees,41,41,,False,False
10445,shrkh-zraah-ashb-tbyay-fy-qtr,شركة زراعة عشب طبيعي في قطر,https://www.rukn-eltatawer.com/qa/shrkh-zraah-ashb-tbyay-fy-qtr/,national,garden,1388,15,شركة زراعة عشب طبيعي في قطر — تشخيص ثم نطاق مكتوب | ما المقصود بـ شركة زراعة عشب طبيعي في قطر؟ | متى تحتاج إلى شركة زراعة عشب طبيعي في قطر؟ | علامات الفحص في مباني قطر | لماذا يختلف التنفيذ في مناخ قطر؟ | الأسباب التي نراها بعد المعاينة | أنواع العمل داخل زراعة عشب طبيعي | كيف ننفّذ زراعة عشب طبيعي خطوة بخطوة؟ | أخطاء تؤجّل الحل | مقارنة بين عمل منظم وعمل عشوائي | التغطية في مدن قطر — بلا نسخ متطابقة | ما الذي لا نعد به في هذه الصفحة؟ | بعد التسليم | أسئلة شائعة حول هذه الخدمة | خلاصة شركة زراعة عشب طبيعي في قطر,longform-2026-10,10,False,,garden,73,73,,False,False
10444,shrkh-trkyb-ashb-snaay-fy-qtr,شركة تركيب عشب صناعي في قطر,https://www.rukn-eltatawer.com/qa/shrkh-trkyb-ashb-snaay-fy-qtr/,national,garden,1387,15,شركة تركيب عشب صناعي في قطر — تشخيص ثم نطاق مكتوب | ما المقصود بـ شركة تركيب عشب صناعي في قطر؟ | متى تحتاج إلى شركة تركيب عشب صناعي في قطر؟ | علامات الفحص في مباني قطر | لماذا يختلف التنفيذ في مناخ قطر؟ | الأسباب التي نراها بعد المعاينة | أنواع العمل داخل تركيب عشب صناعي | كيف ننفّذ تركيب عشب صناعي خطوة بخطوة؟ | أخطاء تؤجّل الحل | مقارنة بين عمل منظم وعمل عشوائي | التغطية في مدن قطر — بلا نسخ متطابقة | ما الذي لا نعد به في هذه الصفحة؟ | بعد التسليم | أسئلة شائعة حول هذه الخدمة | خلاصة شركة تركيب عشب صناعي في قطر,longform-2026-10,10,False,,garden,76,76,,False,False
10443,shrkh-tsmym-hdayq-fy-qtr,شركة تصميم حدائق في قطر,https://www.rukn-eltatawer.com/qa/shrkh-tsmym-hdayq-fy-qtr/,national,garden,1355,15,شركة تصميم حدائق في قطر — تشخيص ثم نطاق مكتوب | ما المقصود بـ شركة تصميم حدائق في قطر؟ | متى تحتاج إلى شركة تصميم حدائق في قطر؟ | علامات الفحص في مباني قطر | لماذا يختلف التنفيذ في مناخ قطر؟ | الأسباب التي نراها بعد المعاينة | أنواع العمل داخل تصميم حدائق | كيف ننفّذ تصميم حدائق خطوة بخطوة؟ | أخطاء تؤجّل الحل | مقارنة بين عمل منظم وعمل عشوائي | التغطية في مدن قطر — بلا نسخ متطابقة | ما الذي لا نعد به في هذه الصفحة؟ | بعد التسليم | أسئلة شائعة حول هذه الخدمة | خلاصة شركة تصميم حدائق في قطر,longform-2026-10,10,False,,garden,38,38,,False,False
10442,shrkh-tnsyq-hdayq-fy-qtr,شركة تنسيق حدائق في قطر,https://www.rukn-eltatawer.com/qa/shrkh-tnsyq-hdayq-fy-qtr/,national,garden,1353,15,شركة تنسيق حدائق في قطر — تشخيص ثم نطاق مكتوب | ما المقصود بـ شركة تنسيق حدائق في قطر؟ | متى تحتاج إلى شركة تنسيق حدائق في قطر؟ | علامات الفحص في مباني قطر | لماذا يختلف التنفيذ في مناخ قطر؟ | الأسباب التي نراها بعد المعاينة | أنواع العمل داخل تنسيق حدائق | كيف ننفّذ تنسيق حدائق خطوة بخطوة؟ | أخطاء تؤجّل الحل | مقارنة بين عمل منظم وعمل عشوائي | التغطية في مدن قطر — بلا نسخ متطابقة | ما الذي لا نعد به في هذه الصفحة؟ | بعد التسليم | أسئلة شائعة حول هذه الخدمة | خلاصة شركة تنسيق حدائق في قطر,longform-2026-10,10,False,,garden,38,38,,False,False
10441,shrkh-syanh-msaad-fy-qtr,شركة صيانة مصاعد في قطر,https://www.rukn-eltatawer.com/qa/shrkh-syanh-msaad-fy-qtr/,national,elevator,1302,15,شركة صيانة مصاعد في قطر — تشخيص ثم نطاق مكتوب | ما المقصود بـ شركة صيانة مصاعد في قطر؟ | متى تحتاج إلى شركة صيانة مصاعد في قطر؟ | علامات الفحص في مباني قطر | لماذا يختلف التنفيذ في مناخ قطر؟ | الأسباب التي نراها بعد المعاينة | أنواع العمل داخل صيانة مصاعد | كيف ننفّذ صيانة مصاعد خطوة بخطوة؟ | أخطاء تؤجّل الحل | مقارنة بين عمل منظم وعمل عشوائي | التغطية في مدن قطر — بلا نسخ متطابقة | ما الذي لا نعد به في هذه الصفحة؟ | بعد التسليم | أسئلة شائعة حول هذه الخدمة | خلاصة شركة صيانة مصاعد في قطر,longform-2026-10,10,True,العنوان=elevator والمحتوى يميل إلى garden (17 مقابل 4),garden,17,4,,False,False
10440,shrkh-syanh-abwab-awtwmatykyh-fy-qtr,شركة صيانة أبواب أوتوماتيكية في قطر,https://www.rukn-eltatawer.com/qa/shrkh-syanh-abwab-awtwmatykyh-fy-qtr/,national,doors,1344,15,شركة صيانة أبواب أوتوماتيكية في قطر — تشخيص ثم نطاق مكتوب | ما المقصود بـ شركة صيانة أبواب أوتوماتيكية في قطر؟ | متى تحتاج إلى شركة صيانة أبواب أوتوماتيكية في قطر؟ | علامات الفحص في مباني قطر | لماذا يختلف التنفيذ في مناخ قطر؟ | الأسباب التي نراها بعد المعاينة | أنواع العمل داخل صيانة أبواب أوتوماتيكية | كيف ننفّذ صيانة أبواب أوتوماتيكية خطوة بخطوة؟ | أخطاء تؤجّل الحل | مقارنة بين عمل منظم وعمل عشوائي | التغطية في مدن قطر — بلا نسخ متطابقة | ما الذي لا نعد به في هذه الصفحة؟ | بعد التسليم | أسئلة شائعة حول هذه الخدمة | خلاصة شركة صيانة أبواب أوتوماتيكية في قطر,longform-2026-10,10,False,,garden,17,10,,False,False
10439,hdadh-abwab-wnwafdh-fy-qtr,حدادة أبواب ونوافذ في قطر,https://www.rukn-eltatawer.com/qa/hdadh-abwab-wnwafdh-fy-qtr/,national,doors,1331,15,حدادة أبواب ونوافذ في قطر — تشخيص ثم نطاق مكتوب | ما المقصود بـ حدادة أبواب ونوافذ في قطر؟ | متى تحتاج إلى حدادة أبواب ونوافذ في قطر؟ | علامات الفحص في مباني قطر | لماذا يختلف التنفيذ في مناخ قطر؟ | الأسباب التي نراها بعد المعاينة | أنواع العمل داخل حدادة أبواب ونوافذ | كيف ننفّذ حدادة أبواب ونوافذ خطوة بخطوة؟ | أخطاء تؤجّل الحل | مقارنة بين عمل منظم وعمل عشوائي | التغطية في مدن قطر — بلا نسخ متطابقة | ما الذي لا نعد به في هذه الصفحة؟ | بعد التسليم | أسئلة شائعة حول هذه الخدمة | خلاصة حدادة أبواب ونوافذ في قطر,longform-2026-10,10,False,,garden,16,10,,False,False
10438,shrkh-syanh-abwab-khshbyh-fy-qtr,شركة صيانة أبواب خشبية في قطر,https://www.rukn-eltatawer.com/qa/shrkh-syanh-abwab-khshbyh-fy-qtr/,national,doors,1340,15,شركة صيانة أبواب خشبية في قطر — تشخيص ثم نطاق مكتوب | ما المقصود بـ شركة صيانة أبواب خشبية في قطر؟ | متى تحتاج إلى شركة صيانة أبواب خشبية في قطر؟ | علامات الفحص في مباني قطر | لماذا يختلف التنفيذ في مناخ قطر؟ | الأسباب التي نراها بعد المعاينة | أنواع العمل داخل صيانة أبواب خشبية | كيف ننفّذ صيانة أبواب خشبية خطوة بخطوة؟ | أخطاء تؤجّل الحل | مقارنة بين عمل منظم وعمل عشوائي | التغطية في مدن قطر — بلا نسخ متطابقة | ما الذي لا نعد به في هذه الصفحة؟ | بعد التسليم | أسئلة شائعة حول هذه الخدمة | خلاصة شركة صيانة أبواب خشبية في قطر,longform-2026-10,10,False,,garden,17,10,,False,False
10437,mnjrh-njarh-athath-fy-qtr,منجرة نجارة أثاث في قطر,https://www.rukn-eltatawer.com/qa/mnjrh-njarh-athath-fy-qtr/,national,carpentry,1324,15,منجرة نجارة أثاث في قطر — تشخيص ثم نطاق مكتوب | ما المقصود بـ منجرة نجارة أثاث في قطر؟ | متى تحتاج إلى منجرة نجارة أثاث في قطر؟ | علامات الفحص في مباني قطر | لماذا يختلف التنفيذ في مناخ قطر؟ | الأسباب التي نراها بعد المعاينة | أنواع العمل داخل منجرة نجارة أثاث | كيف ننفّذ منجرة نجارة أثاث خطوة بخطوة؟ | أخطاء تؤجّل الحل | مقارنة بين عمل منظم وعمل عشوائي | التغطية في مدن قطر — بلا نسخ متطابقة | ما الذي لا نعد به في هذه الصفحة؟ | بعد التسليم | أسئلة شائعة حول هذه الخدمة | خلاصة منجرة نجارة أثاث في قطر,longform-2026-10,10,False,,carpentry,46,46,,False,False
10436,shrkh-tfsyl-mtabkh-fy-qtr,شركة تفصيل مطابخ في قطر,https://www.rukn-eltatawer.com/qa/shrkh-tfsyl-mtabkh-fy-qtr/,national,kitchen,1324,15,شركة تفصيل مطابخ في قطر — تشخيص ثم نطاق مكتوب | ما المقصود بـ شركة تفصيل مطابخ في قطر؟ | متى تحتاج إلى شركة تفصيل مطابخ في قطر؟ | علامات الفحص في مباني قطر | لماذا يختلف التنفيذ في مناخ قطر؟ | الأسباب التي نراها بعد المعاينة | أنواع العمل داخل تفصيل مطابخ | كيف ننفّذ تفصيل مطابخ خطوة بخطوة؟ | أخطاء تؤجّل الحل | مقارنة بين عمل منظم وعمل عشوائي | التغطية في مدن قطر — بلا نسخ متطابقة | ما الذي لا نعد به في هذه الصفحة؟ | بعد التسليم | أسئلة شائعة حول هذه الخدمة | خلاصة شركة تفصيل مطابخ في قطر,longform-2026-10,10,False,,insulation,17,10,,False,False
10435,shrkh-trkyb-alwmnywm-fy-qtr,شركة تركيب ألومنيوم في قطر,https://www.rukn-eltatawer.com/qa/shrkh-trkyb-alwmnywm-fy-qtr/,national,aluminum,1300,15,شركة تركيب ألومنيوم في قطر — تشخيص ثم نطاق مكتوب | ما المقصود بـ شركة تركيب ألومنيوم في قطر؟ | متى تحتاج إلى شركة تركيب ألومنيوم في قطر؟ | علامات الفحص في مباني قطر | لماذا يختلف التنفيذ في مناخ قطر؟ | الأسباب التي نراها بعد المعاينة | أنواع العمل داخل تركيب ألومنيوم | كيف ننفّذ تركيب ألومنيوم خطوة بخطوة؟ | أخطاء تؤجّل الحل | مقارنة بين عمل منظم وعمل عشوائي | التغطية في مدن قطر — بلا نسخ متطابقة | ما الذي لا نعد به في هذه الصفحة؟ | بعد التسليم | أسئلة شائعة حول هذه الخدمة | خلاصة شركة تركيب ألومنيوم في قطر,longform-2026-10,10,False,,aluminum,43,43,,False,False
10434,shrkh-trkyb-zjaj-sykwryt-fy-qtr,شركة تركيب زجاج سيكوريت في قطر,https://www.rukn-eltatawer.com/qa/shrkh-trkyb-zjaj-sykwryt-fy-qtr/,national,glass,1340,15,شركة تركيب زجاج سيكوريت في قطر — تشخيص ثم نطاق مكتوب | ما المقصود بـ شركة تركيب زجاج سيكوريت في قطر؟ | متى تحتاج إلى شركة تركيب زجاج سيكوريت في قطر؟ | علامات الفحص في مباني قطر | لماذا يختلف التنفيذ في مناخ قطر؟ | الأسباب التي نراها بعد المعاينة | أنواع العمل داخل تركيب زجاج سيكوريت | كيف ننفّذ تركيب زجاج سيكوريت خطوة بخطوة؟ | أخطاء تؤجّل الحل | مقارنة بين عمل منظم وعمل عشوائي | التغطية في مدن قطر — بلا نسخ متطابقة | ما الذي لا نعد به في هذه الصفحة؟ | بعد التسليم | أسئلة شائعة حول هذه الخدمة | خلاصة شركة تركيب زجاج سيكوريت في قطر,longform-2026-10,10,False,,glass,77,77,,False,False
10433,shrkh-trkyb-fwm-jdran-fy-qtr,شركة تركيب فوم جدران في قطر,https://www.rukn-eltatawer.com/qa/shrkh-trkyb-fwm-jdran-fy-qtr/,national,insulation,1418,15,شركة تركيب فوم جدران في قطر — تشخيص ثم نطاق مكتوب | ما المقصود بـ شركة تركيب فوم جدران في قطر؟ | متى تحتاج إلى شركة تركيب فوم جدران في قطر؟ | علامات الفحص في مباني قطر | لماذا يختلف التنفيذ في مناخ قطر؟ | الأسباب التي نراها بعد المعاينة | أنواع العمل داخل تركيب فوم جدران | كيف ننفّذ تركيب فوم جدران خطوة بخطوة؟ | أخطاء تؤجّل الحل | مقارنة بين عمل منظم وعمل عشوائي | التغطية في مدن قطر — بلا نسخ متطابقة | ما الذي لا نعد به في هذه الصفحة؟ | بعد التسليم | أسئلة شائعة حول هذه الخدمة | خلاصة شركة تركيب فوم جدران في قطر,longform-2026-10,10,False,,insulation,63,63,,False,False
10432,shrkh-trkyb-bdyl-rkham-fy-qtr,شركة تركيب بديل رخام في قطر,https://www.rukn-eltatawer.com/qa/shrkh-trkyb-bdyl-rkham-fy-qtr/,national,floor,1371,15,شركة تركيب بديل رخام في قطر — تشخيص ثم نطاق مكتوب | ما المقصود بـ شركة تركيب بديل رخام في قطر؟ | متى تحتاج إلى شركة تركيب بديل رخام في قطر؟ | علامات الفحص في مباني قطر | لماذا يختلف التنفيذ في مناخ قطر؟ | الأسباب التي نراها بعد المعاينة | أنواع العمل داخل تركيب بديل رخام | كيف ننفّذ تركيب بديل رخام خطوة بخطوة؟ | أخطاء تؤجّل الحل | مقارنة بين عمل منظم وعمل عشوائي | التغطية في مدن قطر — بلا نسخ متطابقة | ما الذي لا نعد به في هذه الصفحة؟ | بعد التسليم | أسئلة شائعة حول هذه الخدمة | خلاصة شركة تركيب بديل رخام في قطر,longform-2026-10,10,False,,floor,50,50,,False,False
10431,shrkh-trkyb-bdyl-khshb-fy-qtr,شركة تركيب بديل خشب في قطر,https://www.rukn-eltatawer.com/qa/shrkh-trkyb-bdyl-khshb-fy-qtr/,national,woodalt,1337,15,شركة تركيب بديل خشب في قطر — تشخيص ثم نطاق مكتوب | ما المقصود بـ شركة تركيب بديل خشب في قطر؟ | متى تحتاج إلى شركة تركيب بديل خشب في قطر؟ | علامات الفحص في مباني قطر | لماذا يختلف التنفيذ في مناخ قطر؟ | الأسباب التي نراها بعد المعاينة | أنواع العمل داخل تركيب بديل خشب | كيف ننفّذ تركيب بديل خشب خطوة بخطوة؟ | أخطاء تؤجّل الحل | مقارنة بين عمل منظم وعمل عشوائي | التغطية في مدن قطر — بلا نسخ متطابقة | ما الذي لا نعد به في هذه الصفحة؟ | بعد التسليم | أسئلة شائعة حول هذه الخدمة | خلاصة شركة تركيب بديل خشب في قطر,longform-2026-10,10,False,,woodalt,37,37,,False,False
10430,shrkh-trkyb-barkyh-fy-qtr,شركة تركيب باركيه في قطر,https://www.rukn-eltatawer.com/qa/shrkh-trkyb-barkyh-fy-qtr/,national,floor,1339,15,شركة تركيب باركيه في قطر — تشخيص ثم نطاق مكتوب | ما المقصود بـ شركة تركيب باركيه في قطر؟ | متى تحتاج إلى شركة تركيب باركيه في قطر؟ | علامات الفحص في مباني قطر | لماذا يختلف التنفيذ في مناخ قطر؟ | الأسباب التي نراها بعد المعاينة | أنواع العمل داخل تركيب باركيه | كيف ننفّذ تركيب باركيه خطوة بخطوة؟ | أخطاء تؤجّل الحل | مقارنة بين عمل منظم وعمل عشوائي | التغطية في مدن قطر — بلا نسخ متطابقة | ما الذي لا نعد به في هذه الصفحة؟ | بعد التسليم | أسئلة شائعة حول هذه الخدمة | خلاصة شركة تركيب باركيه في قطر,longform-2026-10,10,False,,floor,50,50,,False,False
10429,shrkh-trkyb-ardyat-aybwksy-fy-qtr,شركة تركيب أرضيات إيبوكسي في قطر,https://www.rukn-eltatawer.com/qa/shrkh-trkyb-ardyat-aybwksy-fy-qtr/,national,floor,1370,15,شركة تركيب أرضيات إيبوكسي في قطر — تشخيص ثم نطاق مكتوب | ما المقصود بـ شركة تركيب أرضيات إيبوكسي في قطر؟ | متى تحتاج إلى شركة تركيب أرضيات إيبوكسي في قطر؟ | علامات الفحص في مباني قطر | لماذا يختلف التنفيذ في مناخ قطر؟ | الأسباب التي نراها بعد المعاينة | أنواع العمل داخل تركيب أرضيات إيبوكسي | كيف ننفّذ تركيب أرضيات إيبوكسي خطوة بخطوة؟ | أخطاء تؤجّل الحل | مقارنة بين عمل منظم وعمل عشوائي | التغطية في مدن قطر — بلا نسخ متطابقة | ما الذي لا نعد به في هذه الصفحة؟ | بعد التسليم | أسئلة شائعة حول هذه الخدمة | خلاصة شركة تركيب أرضيات إيبوكسي في قطر,longform-2026-10,10,False,,floor,50,50,,False,False
10428,shrkh-trkyb-krbstwn-fy-qtr,شركة تركيب كربستون في قطر,https://www.rukn-eltatawer.com/qa/shrkh-trkyb-krbstwn-fy-qtr/,national,floor,1336,15,شركة تركيب كربستون في قطر — تشخيص ثم نطاق مكتوب | ما المقصود بـ شركة تركيب كربستون في قطر؟ | متى تحتاج إلى شركة تركيب كربستون في قطر؟ | علامات الفحص في مباني قطر | لماذا يختلف التنفيذ في مناخ قطر؟ | الأسباب التي نراها بعد المعاينة | أنواع العمل داخل تركيب كربستون | كيف ننفّذ تركيب كربستون خطوة بخطوة؟ | أخطاء تؤجّل الحل | مقارنة بين عمل منظم وعمل عشوائي | التغطية في مدن قطر — بلا نسخ متطابقة | ما الذي لا نعد به في هذه الصفحة؟ | بعد التسليم | أسئلة شائعة حول هذه الخدمة | خلاصة شركة تركيب كربستون في قطر,longform-2026-10,10,False,,garden,19,16,,False,False
10427,shrkh-trkyb-antrlwk-fy-qtr,شركة تركيب انترلوك في قطر,https://www.rukn-eltatawer.com/qa/shrkh-trkyb-antrlwk-fy-qtr/,national,floor,1339,15,شركة تركيب انترلوك في قطر — تشخيص ثم نطاق مكتوب | ما المقصود بـ شركة تركيب انترلوك في قطر؟ | متى تحتاج إلى شركة تركيب انترلوك في قطر؟ | علامات الفحص في مباني قطر | لماذا يختلف التنفيذ في مناخ قطر؟ | الأسباب التي نراها بعد المعاينة | أنواع العمل داخل تركيب انترلوك | كيف ننفّذ تركيب انترلوك خطوة بخطوة؟ | أخطاء تؤجّل الحل | مقارنة بين عمل منظم وعمل عشوائي | التغطية في مدن قطر — بلا نسخ متطابقة | ما الذي لا نعد به في هذه الصفحة؟ | بعد التسليم | أسئلة شائعة حول هذه الخدمة | خلاصة شركة تركيب انترلوك في قطر,longform-2026-10,10,False,,floor,50,50,,False,False
10426,shrkh-trkyb-rkham-wjranyt-fy-qtr,شركة تركيب رخام وجرانيت في قطر,https://www.rukn-eltatawer.com/qa/shrkh-trkyb-rkham-wjranyt-fy-qtr/,national,floor,1371,15,شركة تركيب رخام وجرانيت في قطر — تشخيص ثم نطاق مكتوب | ما المقصود بـ شركة تركيب رخام وجرانيت في قطر؟ | متى تحتاج إلى شركة تركيب رخام وجرانيت في قطر؟ | علامات الفحص في مباني قطر | لماذا يختلف التنفيذ في مناخ قطر؟ | الأسباب التي نراها بعد المعاينة | أنواع العمل داخل تركيب رخام وجرانيت | كيف ننفّذ تركيب رخام وجرانيت خطوة بخطوة؟ | أخطاء تؤجّل الحل | مقارنة بين عمل منظم وعمل عشوائي | التغطية في مدن قطر — بلا نسخ متطابقة | ما الذي لا نعد به في هذه الصفحة؟ | بعد التسليم | أسئلة شائعة حول هذه الخدمة | خلاصة شركة تركيب رخام وجرانيت في قطر,longform-2026-10,10,False,,floor,50,50,,False,False
10425,shrkh-trkyb-syramyk-wbwrslyn-fy-qtr,شركة تركيب سيراميك وبورسلين في قطر,https://www.rukn-eltatawer.com/qa/shrkh-trkyb-syramyk-wbwrslyn-fy-qtr/,national,floor,1375,15,شركة تركيب سيراميك وبورسلين في قطر — تشخيص ثم نطاق مكتوب | ما المقصود بـ شركة تركيب سيراميك وبورسلين في قطر؟ | متى تحتاج إلى شركة تركيب سيراميك وبورسلين في قطر؟ | علامات الفحص في مباني قطر | لماذا يختلف التنفيذ في مناخ قطر؟ | الأسباب التي نراها بعد المعاينة | أنواع العمل داخل تركيب سيراميك وبورسلين | كيف ننفّذ تركيب سيراميك وبورسلين خطوة بخطوة؟ | أخطاء تؤجّل الحل | مقارنة بين عمل منظم وعمل عشوائي | التغطية في مدن قطر — بلا نسخ متطابقة | ما الذي لا نعد به في هذه الصفحة؟ | بعد التسليم | أسئلة شائعة حول هذه الخدمة | خلاصة شركة تركيب سيراميك وبورسلين في قطر,longform-2026-10,10,False,,floor,50,50,,False,False
10424,shrkh-trkyb-asqf-mstaarh-fy-qtr,شركة تركيب أسقف مستعارة في قطر,https://www.rukn-eltatawer.com/qa/shrkh-trkyb-asqf-mstaarh-fy-qtr/,national,paint,1372,15,شركة تركيب أسقف مستعارة في قطر — تشخيص ثم نطاق مكتوب | ما المقصود بـ شركة تركيب أسقف مستعارة في قطر؟ | متى تحتاج إلى شركة تركيب أسقف مستعارة في قطر؟ | علامات الفحص في مباني قطر | لماذا يختلف التنفيذ في مناخ قطر؟ | الأسباب التي نراها بعد المعاينة | أنواع العمل داخل تركيب أسقف مستعارة | كيف ننفّذ تركيب أسقف مستعارة خطوة بخطوة؟ | أخطاء تؤجّل الحل | مقارنة بين عمل منظم وعمل عشوائي | التغطية في مدن قطر — بلا نسخ متطابقة | ما الذي لا نعد به في هذه الصفحة؟ | بعد التسليم | أسئلة شائعة حول هذه الخدمة | خلاصة شركة تركيب أسقف مستعارة في قطر,longform-2026-10,10,False,,paint,20,20,,False,False
10423,shrkh-trkyb-jbs-bwrd-fy-qtr,شركة تركيب جبس بورد في قطر,https://www.rukn-eltatawer.com/qa/shrkh-trkyb-jbs-bwrd-fy-qtr/,national,paint,1370,15,شركة تركيب جبس بورد في قطر — تشخيص ثم نطاق مكتوب | ما المقصود بـ شركة تركيب جبس بورد في قطر؟ | متى تحتاج إلى شركة تركيب جبس بورد في قطر؟ | علامات الفحص في مباني قطر | لماذا يختلف التنفيذ في مناخ قطر؟ | الأسباب التي نراها بعد المعاينة | أنواع العمل داخل تركيب جبس بورد | كيف ننفّذ تركيب جبس بورد خطوة بخطوة؟ | أخطاء تؤجّل الحل | مقارنة بين عمل منظم وعمل عشوائي | التغطية في مدن قطر — بلا نسخ متطابقة | ما الذي لا نعد به في هذه الصفحة؟ | بعد التسليم | أسئلة شائعة حول هذه الخدمة | خلاصة شركة تركيب جبس بورد في قطر,longform-2026-10,10,False,,paint,54,54,,False,False
10422,shrkh-trkyb-wrq-jdran-fy-qtr,شركة تركيب ورق جدران في قطر,https://www.rukn-eltatawer.com/qa/shrkh-trkyb-wrq-jdran-fy-qtr/,national,paint,1372,15,شركة تركيب ورق جدران في قطر — تشخيص ثم نطاق مكتوب | ما المقصود بـ شركة تركيب ورق جدران في قطر؟ | متى تحتاج إلى شركة تركيب ورق جدران في قطر؟ | علامات الفحص في مباني قطر | لماذا يختلف التنفيذ في مناخ قطر؟ | الأسباب التي نراها بعد المعاينة | أنواع العمل داخل تركيب ورق جدران | كيف ننفّذ تركيب ورق جدران خطوة بخطوة؟ | أخطاء تؤجّل الحل | مقارنة بين عمل منظم وعمل عشوائي | التغطية في مدن قطر — بلا نسخ متطابقة | ما الذي لا نعد به في هذه الصفحة؟ | بعد التسليم | أسئلة شائعة حول هذه الخدمة | خلاصة شركة تركيب ورق جدران في قطر,longform-2026-10,10,False,,paint,20,20,,False,False
10421,shrkh-dykwrat-dakhlyh-fy-qtr,شركة ديكورات داخلية في قطر,https://www.rukn-eltatawer.com/qa/shrkh-dykwrat-dakhlyh-fy-qtr/,national,paint,1341,15,شركة ديكورات داخلية في قطر — تشخيص ثم نطاق مكتوب | ما المقصود بـ شركة ديكورات داخلية في قطر؟ | متى تحتاج إلى شركة ديكورات داخلية في قطر؟ | علامات الفحص في مباني قطر | لماذا يختلف التنفيذ في مناخ قطر؟ | الأسباب التي نراها بعد المعاينة | أنواع العمل داخل ديكورات داخلية | كيف ننفّذ ديكورات داخلية خطوة بخطوة؟ | أخطاء تؤجّل الحل | مقارنة بين عمل منظم وعمل عشوائي | التغطية في مدن قطر — بلا نسخ متطابقة | ما الذي لا نعد به في هذه الصفحة؟ | بعد التسليم | أسئلة شائعة حول هذه الخدمة | خلاصة شركة ديكورات داخلية في قطر,longform-2026-10,10,False,,paint,54,54,,False,False
10420,shrkh-dhanat-kharjyh-fy-qtr,شركة دهانات خارجية في قطر,https://www.rukn-eltatawer.com/qa/shrkh-dhanat-kharjyh-fy-qtr/,national,paint,1336,15,شركة دهانات خارجية في قطر — تشخيص ثم نطاق مكتوب | ما المقصود بـ شركة دهانات خارجية في قطر؟ | متى تحتاج إلى شركة دهانات خارجية في قطر؟ | علامات الفحص في مباني قطر | لماذا يختلف التنفيذ في مناخ قطر؟ | الأسباب التي نراها بعد المعاينة | أنواع العمل داخل دهانات خارجية | كيف ننفّذ دهانات خارجية خطوة بخطوة؟ | أخطاء تؤجّل الحل | مقارنة بين عمل منظم وعمل عشوائي | التغطية في مدن قطر — بلا نسخ متطابقة | ما الذي لا نعد به في هذه الصفحة؟ | بعد التسليم | أسئلة شائعة حول هذه الخدمة | خلاصة شركة دهانات خارجية في قطر,longform-2026-10,10,False,,paint,54,54,,False,False
10419,shrkh-dhanat-dakhlyh-fy-qtr,شركة دهانات داخلية في قطر,https://www.rukn-eltatawer.com/qa/shrkh-dhanat-dakhlyh-fy-qtr/,national,paint,1338,15,شركة دهانات داخلية في قطر — تشخيص ثم نطاق مكتوب | ما المقصود بـ شركة دهانات داخلية في قطر؟ | متى تحتاج إلى شركة دهانات داخلية في قطر؟ | علامات الفحص في مباني قطر | لماذا يختلف التنفيذ في مناخ قطر؟ | الأسباب التي نراها بعد المعاينة | أنواع العمل داخل دهانات داخلية | كيف ننفّذ دهانات داخلية خطوة بخطوة؟ | أخطاء تؤجّل الحل | مقارنة بين عمل منظم وعمل عشوائي | التغطية في مدن قطر — بلا نسخ متطابقة | ما الذي لا نعد به في هذه الصفحة؟ | بعد التسليم | أسئلة شائعة حول هذه الخدمة | خلاصة شركة دهانات داخلية في قطر,longform-2026-10,10,False,,paint,54,54,,False,False
10418,shrkh-hdm-mbany-fy-qtr,شركة هدم مباني في قطر,https://www.rukn-eltatawer.com/qa/shrkh-hdm-mbany-fy-qtr/,national,build,1334,15,شركة هدم مباني في قطر — تشخيص ثم نطاق مكتوب | ما المقصود بـ شركة هدم مباني في قطر؟ | متى تحتاج إلى شركة هدم مباني في قطر؟ | علامات الفحص في مباني قطر | لماذا يختلف التنفيذ في مناخ قطر؟ | الأسباب التي نراها بعد المعاينة | أنواع العمل داخل هدم مباني | كيف ننفّذ هدم مباني خطوة بخطوة؟ | أخطاء تؤجّل الحل | مقارنة بين عمل منظم وعمل عشوائي | التغطية في مدن قطر — بلا نسخ متطابقة | ما الذي لا نعد به في هذه الصفحة؟ | بعد التسليم | أسئلة شائعة حول هذه الخدمة | خلاصة شركة هدم مباني في قطر,longform-2026-10,10,False,,garden,18,9,,False,False
10417,shrkh-tshtyb-shqq-fy-qtr,شركة تشطيب شقق في قطر,https://www.rukn-eltatawer.com/qa/shrkh-tshtyb-shqq-fy-qtr/,national,build,1336,15,شركة تشطيب شقق في قطر — تشخيص ثم نطاق مكتوب | ما المقصود بـ شركة تشطيب شقق في قطر؟ | متى تحتاج إلى شركة تشطيب شقق في قطر؟ | علامات الفحص في مباني قطر | لماذا يختلف التنفيذ في مناخ قطر؟ | الأسباب التي نراها بعد المعاينة | أنواع العمل داخل تشطيب شقق | كيف ننفّذ تشطيب شقق خطوة بخطوة؟ | أخطاء تؤجّل الحل | مقارنة بين عمل منظم وعمل عشوائي | التغطية في مدن قطر — بلا نسخ متطابقة | ما الذي لا نعد به في هذه الصفحة؟ | بعد التسليم | أسئلة شائعة حول هذه الخدمة | خلاصة شركة تشطيب شقق في قطر,longform-2026-10,10,False,,build,43,43,,False,False
10416,shrkh-tshtyb-fll-fy-qtr,شركة تشطيب فلل في قطر,https://www.rukn-eltatawer.com/qa/shrkh-tshtyb-fll-fy-qtr/,national,build,1334,15,شركة تشطيب فلل في قطر — تشخيص ثم نطاق مكتوب | ما المقصود بـ شركة تشطيب فلل في قطر؟ | متى تحتاج إلى شركة تشطيب فلل في قطر؟ | علامات الفحص في مباني قطر | لماذا يختلف التنفيذ في مناخ قطر؟ | الأسباب التي نراها بعد المعاينة | أنواع العمل داخل تشطيب فلل | كيف ننفّذ تشطيب فلل خطوة بخطوة؟ | أخطاء تؤجّل الحل | مقارنة بين عمل منظم وعمل عشوائي | التغطية في مدن قطر — بلا نسخ متطابقة | ما الذي لا نعد به في هذه الصفحة؟ | بعد التسليم | أسئلة شائعة حول هذه الخدمة | خلاصة شركة تشطيب فلل في قطر,longform-2026-10,10,False,,build,43,43,,False,False
10415,shrkh-trmym-mtabkh-fy-qtr,شركة ترميم مطابخ في قطر,https://www.rukn-eltatawer.com/qa/shrkh-trmym-mtabkh-fy-qtr/,national,kitchen,1324,15,شركة ترميم مطابخ في قطر — تشخيص ثم نطاق مكتوب | ما المقصود بـ شركة ترميم مطابخ في قطر؟ | متى تحتاج إلى شركة ترميم مطابخ في قطر؟ | علامات الفحص في مباني قطر | لماذا يختلف التنفيذ في مناخ قطر؟ | الأسباب التي نراها بعد المعاينة | أنواع العمل داخل ترميم مطابخ | كيف ننفّذ ترميم مطابخ خطوة بخطوة؟ | أخطاء تؤجّل الحل | مقارنة بين عمل منظم وعمل عشوائي | التغطية في مدن قطر — بلا نسخ متطابقة | ما الذي لا نعد به في هذه الصفحة؟ | بعد التسليم | أسئلة شائعة حول هذه الخدمة | خلاصة شركة ترميم مطابخ في قطر,longform-2026-10,10,True,العنوان=kitchen والمحتوى يميل إلى restore (37 مقابل 10),restore,37,10,,False,False
10414,shrkh-trmym-hmamat-fy-qtr,شركة ترميم حمامات في قطر,https://www.rukn-eltatawer.com/qa/shrkh-trmym-hmamat-fy-qtr/,national,kitchen,1325,15,شركة ترميم حمامات في قطر — تشخيص ثم نطاق مكتوب | ما المقصود بـ شركة ترميم حمامات في قطر؟ | متى تحتاج إلى شركة ترميم حمامات في قطر؟ | علامات الفحص في مباني قطر | لماذا يختلف التنفيذ في مناخ قطر؟ | الأسباب التي نراها بعد المعاينة | أنواع العمل داخل ترميم حمامات | كيف ننفّذ ترميم حمامات خطوة بخطوة؟ | أخطاء تؤجّل الحل | مقارنة بين عمل منظم وعمل عشوائي | التغطية في مدن قطر — بلا نسخ متطابقة | ما الذي لا نعد به في هذه الصفحة؟ | بعد التسليم | أسئلة شائعة حول هذه الخدمة | خلاصة شركة ترميم حمامات في قطر,longform-2026-10,10,False,,kitchen,44,44,,False,False
10413,shrkh-trmym-mnazl-fy-qtr,شركة ترميم منازل في قطر,https://www.rukn-eltatawer.com/qa/shrkh-trmym-mnazl-fy-qtr/,national,restore,1310,15,شركة ترميم منازل في قطر — تشخيص ثم نطاق مكتوب | ما المقصود بـ شركة ترميم منازل في قطر؟ | متى تحتاج إلى شركة ترميم منازل في قطر؟ | علامات الفحص في مباني قطر | لماذا يختلف التنفيذ في مناخ قطر؟ | الأسباب التي نراها بعد المعاينة | أنواع العمل داخل ترميم منازل | كيف ننفّذ ترميم منازل خطوة بخطوة؟ | أخطاء تؤجّل الحل | مقارنة بين عمل منظم وعمل عشوائي | التغطية في مدن قطر — بلا نسخ متطابقة | ما الذي لا نعد به في هذه الصفحة؟ | بعد التسليم | أسئلة شائعة حول هذه الخدمة | خلاصة شركة ترميم منازل في قطر,longform-2026-10,10,False,,restore,39,39,,False,False
10412,shrkh-bna-astrahat-fy-qtr,شركة بناء استراحات في قطر,https://www.rukn-eltatawer.com/qa/shrkh-bna-astrahat-fy-qtr/,national,build,1336,15,شركة بناء استراحات في قطر — تشخيص ثم نطاق مكتوب | ما المقصود بـ شركة بناء استراحات في قطر؟ | متى تحتاج إلى شركة بناء استراحات في قطر؟ | علامات الفحص في مباني قطر | لماذا يختلف التنفيذ في مناخ قطر؟ | الأسباب التي نراها بعد المعاينة | أنواع العمل داخل بناء استراحات | كيف ننفّذ بناء استراحات خطوة بخطوة؟ | أخطاء تؤجّل الحل | مقارنة بين عمل منظم وعمل عشوائي | التغطية في مدن قطر — بلا نسخ متطابقة | ما الذي لا نعد به في هذه الصفحة؟ | بعد التسليم | أسئلة شائعة حول هذه الخدمة | خلاصة شركة بناء استراحات في قطر,longform-2026-10,10,False,,garden,19,9,,False,False
10411,shrkh-bna-mjals-fy-qtr,شركة بناء مجالس في قطر,https://www.rukn-eltatawer.com/qa/shrkh-bna-mjals-fy-qtr/,national,build,1336,15,شركة بناء مجالس في قطر — تشخيص ثم نطاق مكتوب | ما المقصود بـ شركة بناء مجالس في قطر؟ | متى تحتاج إلى شركة بناء مجالس في قطر؟ | علامات الفحص في مباني قطر | لماذا يختلف التنفيذ في مناخ قطر؟ | الأسباب التي نراها بعد المعاينة | أنواع العمل داخل بناء مجالس | كيف ننفّذ بناء مجالس خطوة بخطوة؟ | أخطاء تؤجّل الحل | مقارنة بين عمل منظم وعمل عشوائي | التغطية في مدن قطر — بلا نسخ متطابقة | ما الذي لا نعد به في هذه الصفحة؟ | بعد التسليم | أسئلة شائعة حول هذه الخدمة | خلاصة شركة بناء مجالس في قطر,longform-2026-10,10,False,,garden,19,9,,False,False
10410,shrkh-bna-mlahq-fy-qtr,شركة بناء ملاحق في قطر,https://www.rukn-eltatawer.com/qa/shrkh-bna-mlahq-fy-qtr/,national,build,1334,15,شركة بناء ملاحق في قطر — تشخيص ثم نطاق مكتوب | ما المقصود بـ شركة بناء ملاحق في قطر؟ | متى تحتاج إلى شركة بناء ملاحق في قطر؟ | علامات الفحص في مباني قطر | لماذا يختلف التنفيذ في مناخ قطر؟ | الأسباب التي نراها بعد المعاينة | أنواع العمل داخل بناء ملاحق | كيف ننفّذ بناء ملاحق خطوة بخطوة؟ | أخطاء تؤجّل الحل | مقارنة بين عمل منظم وعمل عشوائي | التغطية في مدن قطر — بلا نسخ متطابقة | ما الذي لا نعد به في هذه الصفحة؟ | بعد التسليم | أسئلة شائعة حول هذه الخدمة | خلاصة شركة بناء ملاحق في قطر,longform-2026-10,10,False,,garden,18,9,,False,False
10409,shrkh-mqawlat-aamh-fy-qtr,شركة مقاولات عامة في قطر,https://www.rukn-eltatawer.com/qa/shrkh-mqawlat-aamh-fy-qtr/,national,build,1339,15,شركة مقاولات عامة في قطر — تشخيص ثم نطاق مكتوب | ما المقصود بـ شركة مقاولات عامة في قطر؟ | متى تحتاج إلى شركة مقاولات عامة في قطر؟ | علامات الفحص في مباني قطر | لماذا يختلف التنفيذ في مناخ قطر؟ | الأسباب التي نراها بعد المعاينة | أنواع العمل داخل مقاولات عامة | كيف ننفّذ مقاولات عامة خطوة بخطوة؟ | أخطاء تؤجّل الحل | مقارنة بين عمل منظم وعمل عشوائي | التغطية في مدن قطر — بلا نسخ متطابقة | ما الذي لا نعد به في هذه الصفحة؟ | بعد التسليم | أسئلة شائعة حول هذه الخدمة | خلاصة شركة مقاولات عامة في قطر,longform-2026-10,10,False,,build,43,43,,False,False
10408,shrkh-syanh-mbany-fy-qtr,شركة صيانة مباني في قطر,https://www.rukn-eltatawer.com/qa/shrkh-syanh-mbany-fy-qtr/,national,build,1339,15,شركة صيانة مباني في قطر — تشخيص ثم نطاق مكتوب | ما المقصود بـ شركة صيانة مباني في قطر؟ | متى تحتاج إلى شركة صيانة مباني في قطر؟ | علامات الفحص في مباني قطر | لماذا يختلف التنفيذ في مناخ قطر؟ | الأسباب التي نراها بعد المعاينة | أنواع العمل داخل صيانة مباني | كيف ننفّذ صيانة مباني خطوة بخطوة؟ | أخطاء تؤجّل الحل | مقارنة بين عمل منظم وعمل عشوائي | التغطية في مدن قطر — بلا نسخ متطابقة | ما الذي لا نعد به في هذه الصفحة؟ | بعد التسليم | أسئلة شائعة حول هذه الخدمة | خلاصة شركة صيانة مباني في قطر,longform-2026-10,10,False,,build,43,43,,False,False
10407,shrkh-syanh-aamh-fy-qtr,شركة صيانة عامة في قطر,https://www.rukn-eltatawer.com/qa/shrkh-syanh-aamh-fy-qtr/,national,build,1336,15,شركة صيانة عامة في قطر — تشخيص ثم نطاق مكتوب | ما المقصود بـ شركة صيانة عامة في قطر؟ | متى تحتاج إلى شركة صيانة عامة في قطر؟ | علامات الفحص في مباني قطر | لماذا يختلف التنفيذ في مناخ قطر؟ | الأسباب التي نراها بعد المعاينة | أنواع العمل داخل صيانة عامة | كيف ننفّذ صيانة عامة خطوة بخطوة؟ | أخطاء تؤجّل الحل | مقارنة بين عمل منظم وعمل عشوائي | التغطية في مدن قطر — بلا نسخ متطابقة | ما الذي لا نعد به في هذه الصفحة؟ | بعد التسليم | أسئلة شائعة حول هذه الخدمة | خلاصة شركة صيانة عامة في قطر,longform-2026-10,10,False,,garden,19,9,,False,False
10406,shrkh-trkyb-taqh-shmsyh-fy-qtr,شركة تركيب طاقة شمسية في قطر,https://www.rukn-eltatawer.com/qa/shrkh-trkyb-taqh-shmsyh-fy-qtr/,national,solar,1332,15,شركة تركيب طاقة شمسية في قطر — تشخيص ثم نطاق مكتوب | ما المقصود بـ شركة تركيب طاقة شمسية في قطر؟ | متى تحتاج إلى شركة تركيب طاقة شمسية في قطر؟ | علامات الفحص في مباني قطر | لماذا يختلف التنفيذ في مناخ قطر؟ | الأسباب التي نراها بعد المعاينة | أنواع العمل داخل تركيب طاقة شمسية | كيف ننفّذ تركيب طاقة شمسية خطوة بخطوة؟ | أخطاء تؤجّل الحل | مقارنة بين عمل منظم وعمل عشوائي | التغطية في مدن قطر — بلا نسخ متطابقة | ما الذي لا نعد به في هذه الصفحة؟ | بعد التسليم | أسئلة شائعة حول هذه الخدمة | خلاصة شركة تركيب طاقة شمسية في قطر,longform-2026-10,10,False,,solar,44,44,,False,False
10405,shrkh-trkyb-stalayt-fy-qtr,شركة تركيب ستالايت في قطر,https://www.rukn-eltatawer.com/qa/shrkh-trkyb-stalayt-fy-qtr/,national,elec,1340,15,شركة تركيب ستالايت في قطر — تشخيص ثم نطاق مكتوب | ما المقصود بـ شركة تركيب ستالايت في قطر؟ | متى تحتاج إلى شركة تركيب ستالايت في قطر؟ | علامات الفحص في مباني قطر | لماذا يختلف التنفيذ في مناخ قطر؟ | الأسباب التي نراها بعد المعاينة | أنواع العمل داخل تركيب ستالايت | كيف ننفّذ تركيب ستالايت خطوة بخطوة؟ | أخطاء تؤجّل الحل | مقارنة بين عمل منظم وعمل عشوائي | التغطية في مدن قطر — بلا نسخ متطابقة | ما الذي لا نعد به في هذه الصفحة؟ | بعد التسليم | أسئلة شائعة حول هذه الخدمة | خلاصة شركة تركيب ستالايت في قطر,longform-2026-10,10,False,,insulation,16,16,,False,False
10404,shrkh-trkyb-ajhzh-andhar-hryq-fy-qtr,شركة تركيب أجهزة إنذار حريق في قطر,https://www.rukn-eltatawer.com/qa/shrkh-trkyb-ajhzh-andhar-hryq-fy-qtr/,national,fire,1376,15,شركة تركيب أجهزة إنذار حريق في قطر — تشخيص ثم نطاق مكتوب | ما المقصود بـ شركة تركيب أجهزة إنذار حريق في قطر؟ | متى تحتاج إلى شركة تركيب أجهزة إنذار حريق في قطر؟ | علامات الفحص في مباني قطر | لماذا يختلف التنفيذ في مناخ قطر؟ | الأسباب التي نراها بعد المعاينة | أنواع العمل داخل تركيب أجهزة إنذار حريق | كيف ننفّذ تركيب أجهزة إنذار حريق خطوة بخطوة؟ | أخطاء تؤجّل الحل | مقارنة بين عمل منظم وعمل عشوائي | التغطية في مدن قطر — بلا نسخ متطابقة | ما الذي لا نعد به في هذه الصفحة؟ | بعد التسليم | أسئلة شائعة حول هذه الخدمة | خلاصة شركة تركيب أجهزة إنذار حريق في قطر,longform-2026-10,10,False,,garden,54,40,,False,False
10403,shrkh-trkyb-antrkm-fy-qtr,شركة تركيب انتركم في قطر,https://www.rukn-eltatawer.com/qa/shrkh-trkyb-antrkm-fy-qtr/,national,elec,1346,15,شركة تركيب انتركم في قطر — تشخيص ثم نطاق مكتوب | ما المقصود بـ شركة تركيب انتركم في قطر؟ | متى تحتاج إلى شركة تركيب انتركم في قطر؟ | علامات الفحص في مباني قطر | لماذا يختلف التنفيذ في مناخ قطر؟ | الأسباب التي نراها بعد المعاينة | أنواع العمل داخل تركيب انتركم | كيف ننفّذ تركيب انتركم خطوة بخطوة؟ | أخطاء تؤجّل الحل | مقارنة بين عمل منظم وعمل عشوائي | التغطية في مدن قطر — بلا نسخ متطابقة | ما الذي لا نعد به في هذه الصفحة؟ | بعد التسليم | أسئلة شائعة حول هذه الخدمة | خلاصة شركة تركيب انتركم في قطر,longform-2026-10,10,False,,elec,50,50,,False,False
10402,shrkh-syanh-kamyrat-mraqbh-fy-qtr,شركة صيانة كاميرات مراقبة في قطر,https://www.rukn-eltatawer.com/qa/shrkh-syanh-kamyrat-mraqbh-fy-qtr/,national,elec,1376,15,شركة صيانة كاميرات مراقبة في قطر — تشخيص ثم نطاق مكتوب | ما المقصود بـ شركة صيانة كاميرات مراقبة في قطر؟ | متى تحتاج إلى شركة صيانة كاميرات مراقبة في قطر؟ | علامات الفحص في مباني قطر | لماذا يختلف التنفيذ في مناخ قطر؟ | الأسباب التي نراها بعد المعاينة | أنواع العمل داخل صيانة كاميرات مراقبة | كيف ننفّذ صيانة كاميرات مراقبة خطوة بخطوة؟ | أخطاء تؤجّل الحل | مقارنة بين عمل منظم وعمل عشوائي | التغطية في مدن قطر — بلا نسخ متطابقة | ما الذي لا نعد به في هذه الصفحة؟ | بعد التسليم | أسئلة شائعة حول هذه الخدمة | خلاصة شركة صيانة كاميرات مراقبة في قطر,longform-2026-10,10,False,,elec,50,50,,False,False
10401,shrkh-trkyb-kamyrat-mraqbh-fy-qtr,شركة تركيب كاميرات مراقبة في قطر,https://www.rukn-eltatawer.com/qa/shrkh-trkyb-kamyrat-mraqbh-fy-qtr/,national,elec,1377,15,شركة تركيب كاميرات مراقبة في قطر — تشخيص ثم نطاق مكتوب | ما المقصود بـ شركة تركيب كاميرات مراقبة في قطر؟ | متى تحتاج إلى شركة تركيب كاميرات مراقبة في قطر؟ | علامات الفحص في مباني قطر | لماذا يختلف التنفيذ في مناخ قطر؟ | الأسباب التي نراها بعد المعاينة | أنواع العمل داخل تركيب كاميرات مراقبة | كيف ننفّذ تركيب كاميرات مراقبة خطوة بخطوة؟ | أخطاء تؤجّل الحل | مقارنة بين عمل منظم وعمل عشوائي | التغطية في مدن قطر — بلا نسخ متطابقة | ما الذي لا نعد به في هذه الصفحة؟ | بعد التسليم | أسئلة شائعة حول هذه الخدمة | خلاصة شركة تركيب كاميرات مراقبة في قطر,longform-2026-10,10,False,,elec,50,50,,False,False
10400,shrkh-trkyb-anzmh-dhkyh-fy-qtr,شركة تركيب أنظمة ذكية في قطر,https://www.rukn-eltatawer.com/qa/shrkh-trkyb-anzmh-dhkyh-fy-qtr/,national,elec,1379,15,شركة تركيب أنظمة ذكية في قطر — تشخيص ثم نطاق مكتوب | ما المقصود بـ شركة تركيب أنظمة ذكية في قطر؟ | متى تحتاج إلى شركة تركيب أنظمة ذكية في قطر؟ | علامات الفحص في مباني قطر | لماذا يختلف التنفيذ في مناخ قطر؟ | الأسباب التي نراها بعد المعاينة | أنواع العمل داخل تركيب أنظمة ذكية | كيف ننفّذ تركيب أنظمة ذكية خطوة بخطوة؟ | أخطاء تؤجّل الحل | مقارنة بين عمل منظم وعمل عشوائي | التغطية في مدن قطر — بلا نسخ متطابقة | ما الذي لا نعد به في هذه الصفحة؟ | بعد التسليم | أسئلة شائعة حول هذه الخدمة | خلاصة شركة تركيب أنظمة ذكية في قطر,longform-2026-10,10,False,,garden,20,16,,False,False
10399,shrkh-tasys-khrba-fy-qtr,شركة تأسيس كهرباء في قطر,https://www.rukn-eltatawer.com/qa/shrkh-tasys-khrba-fy-qtr/,national,elec,1345,15,شركة تأسيس كهرباء في قطر — تشخيص ثم نطاق مكتوب | ما المقصود بـ شركة تأسيس كهرباء في قطر؟ | متى تحتاج إلى شركة تأسيس كهرباء في قطر؟ | علامات الفحص في مباني قطر | لماذا يختلف التنفيذ في مناخ قطر؟ | الأسباب التي نراها بعد المعاينة | أنواع العمل داخل تأسيس كهرباء | كيف ننفّذ تأسيس كهرباء خطوة بخطوة؟ | أخطاء تؤجّل الحل | مقارنة بين عمل منظم وعمل عشوائي | التغطية في مدن قطر — بلا نسخ متطابقة | ما الذي لا نعد به في هذه الصفحة؟ | بعد التسليم | أسئلة شائعة حول هذه الخدمة | خلاصة شركة تأسيس كهرباء في قطر,longform-2026-10,10,False,,elec,50,50,,False,False
10398,shrkh-syanh-khrba-fy-qtr,شركة صيانة كهرباء في قطر,https://www.rukn-eltatawer.com/qa/shrkh-syanh-khrba-fy-qtr/,national,elec,1343,15,شركة صيانة كهرباء في قطر — تشخيص ثم نطاق مكتوب | ما المقصود بـ شركة صيانة كهرباء في قطر؟ | متى تحتاج إلى شركة صيانة كهرباء في قطر؟ | علامات الفحص في مباني قطر | لماذا يختلف التنفيذ في مناخ قطر؟ | الأسباب التي نراها بعد المعاينة | أنواع العمل داخل صيانة كهرباء | كيف ننفّذ صيانة كهرباء خطوة بخطوة؟ | أخطاء تؤجّل الحل | مقارنة بين عمل منظم وعمل عشوائي | التغطية في مدن قطر — بلا نسخ متطابقة | ما الذي لا نعد به في هذه الصفحة؟ | بعد التسليم | أسئلة شائعة حول هذه الخدمة | خلاصة شركة صيانة كهرباء في قطر,longform-2026-10,10,False,,elec,50,50,,False,False
10395,shrkh-syanh-mykrwwyf-fy-qtr,شركة صيانة ميكروويف في قطر,https://www.rukn-eltatawer.com/qa/shrkh-syanh-mykrwwyf-fy-qtr/,national,appliance,1328,15,شركة صيانة ميكروويف في قطر — تشخيص ثم نطاق مكتوب | ما المقصود بـ شركة صيانة ميكروويف في قطر؟ | متى تحتاج إلى شركة صيانة ميكروويف في قطر؟ | علامات الفحص في مباني قطر | لماذا يختلف التنفيذ في مناخ قطر؟ | الأسباب التي نراها بعد المعاينة | أنواع العمل داخل صيانة ميكروويف | كيف ننفّذ صيانة ميكروويف خطوة بخطوة؟ | أخطاء تؤجّل الحل | مقارنة بين عمل منظم وعمل عشوائي | التغطية في مدن قطر — بلا نسخ متطابقة | ما الذي لا نعد به في هذه الصفحة؟ | بعد التسليم | أسئلة شائعة حول هذه الخدمة | خلاصة شركة صيانة ميكروويف في قطر,longform-2026-10,10,True,العنوان=appliance والمحتوى يميل إلى garden (18 مقابل 6),garden,18,6,,False,False
10394,shrkh-syanh-tbakhat-fy-qtr,شركة صيانة طباخات في قطر,https://www.rukn-eltatawer.com/qa/shrkh-syanh-tbakhat-fy-qtr/,national,appliance,1321,15,شركة صيانة طباخات في قطر — تشخيص ثم نطاق مكتوب | ما المقصود بـ شركة صيانة طباخات في قطر؟ | متى تحتاج إلى شركة صيانة طباخات في قطر؟ | علامات الفحص في مباني قطر | لماذا يختلف التنفيذ في مناخ قطر؟ | الأسباب التي نراها بعد المعاينة | أنواع العمل داخل صيانة طباخات | كيف ننفّذ صيانة طباخات خطوة بخطوة؟ | أخطاء تؤجّل الحل | مقارنة بين عمل منظم وعمل عشوائي | التغطية في مدن قطر — بلا نسخ متطابقة | ما الذي لا نعد به في هذه الصفحة؟ | بعد التسليم | أسئلة شائعة حول هذه الخدمة | خلاصة شركة صيانة طباخات في قطر,longform-2026-10,10,True,العنوان=appliance والمحتوى يميل إلى garden (18 مقابل 6),garden,18,6,,False,False
10393,shrkh-syanh-afran-fy-qtr,شركة صيانة أفران في قطر,https://www.rukn-eltatawer.com/qa/shrkh-syanh-afran-fy-qtr/,national,appliance,1323,15,شركة صيانة أفران في قطر — تشخيص ثم نطاق مكتوب | ما المقصود بـ شركة صيانة أفران في قطر؟ | متى تحتاج إلى شركة صيانة أفران في قطر؟ | علامات الفحص في مباني قطر | لماذا يختلف التنفيذ في مناخ قطر؟ | الأسباب التي نراها بعد المعاينة | أنواع العمل داخل صيانة أفران | كيف ننفّذ صيانة أفران خطوة بخطوة؟ | أخطاء تؤجّل الحل | مقارنة بين عمل منظم وعمل عشوائي | التغطية في مدن قطر — بلا نسخ متطابقة | ما الذي لا نعد به في هذه الصفحة؟ | بعد التسليم | أسئلة شائعة حول هذه الخدمة | خلاصة شركة صيانة أفران في قطر,longform-2026-10,10,True,العنوان=appliance والمحتوى يميل إلى garden (18 مقابل 6),garden,18,6,,False,False
10392,shrkh-syanh-nshafat-fy-qtr,شركة صيانة نشافات في قطر,https://www.rukn-eltatawer.com/qa/shrkh-syanh-nshafat-fy-qtr/,national,appliance,1326,15,شركة صيانة نشافات في قطر — تشخيص ثم نطاق مكتوب | ما المقصود بـ شركة صيانة نشافات في قطر؟ | متى تحتاج إلى شركة صيانة نشافات في قطر؟ | علامات الفحص في مباني قطر | لماذا يختلف التنفيذ في مناخ قطر؟ | الأسباب التي نراها بعد المعاينة | أنواع العمل داخل صيانة نشافات | كيف ننفّذ صيانة نشافات خطوة بخطوة؟ | أخطاء تؤجّل الحل | مقارنة بين عمل منظم وعمل عشوائي | التغطية في مدن قطر — بلا نسخ متطابقة | ما الذي لا نعد به في هذه الصفحة؟ | بعد التسليم | أسئلة شائعة حول هذه الخدمة | خلاصة شركة صيانة نشافات في قطر,longform-2026-10,10,True,العنوان=appliance والمحتوى يميل إلى garden (18 مقابل 6),garden,18,6,,False,False
10391,shrkh-syanh-ghsalat-fy-qtr,شركة صيانة غسالات في قطر,https://www.rukn-eltatawer.com/qa/shrkh-syanh-ghsalat-fy-qtr/,national,appliance,1323,15,شركة صيانة غسالات في قطر — تشخيص ثم نطاق مكتوب | ما المقصود بـ شركة صيانة غسالات في قطر؟ | متى تحتاج إلى شركة صيانة غسالات في قطر؟ | علامات الفحص في مباني قطر | لماذا يختلف التنفيذ في مناخ قطر؟ | الأسباب التي نراها بعد المعاينة | أنواع العمل داخل صيانة غسالات | كيف ننفّذ صيانة غسالات خطوة بخطوة؟ | أخطاء تؤجّل الحل | مقارنة بين عمل منظم وعمل عشوائي | التغطية في مدن قطر — بلا نسخ متطابقة | ما الذي لا نعد به في هذه الصفحة؟ | بعد التسليم | أسئلة شائعة حول هذه الخدمة | خلاصة شركة صيانة غسالات في قطر,longform-2026-10,10,True,العنوان=appliance والمحتوى يميل إلى garden (19 مقابل 6),garden,19,6,,False,False
10390,shrkh-syanh-thlajat-fy-qtr,شركة صيانة ثلاجات في قطر,https://www.rukn-eltatawer.com/qa/shrkh-syanh-thlajat-fy-qtr/,national,appliance,1324,15,شركة صيانة ثلاجات في قطر — تشخيص ثم نطاق مكتوب | ما المقصود بـ شركة صيانة ثلاجات في قطر؟ | متى تحتاج إلى شركة صيانة ثلاجات في قطر؟ | علامات الفحص في مباني قطر | لماذا يختلف التنفيذ في مناخ قطر؟ | الأسباب التي نراها بعد المعاينة | أنواع العمل داخل صيانة ثلاجات | كيف ننفّذ صيانة ثلاجات خطوة بخطوة؟ | أخطاء تؤجّل الحل | مقارنة بين عمل منظم وعمل عشوائي | التغطية في مدن قطر — بلا نسخ متطابقة | ما الذي لا نعد به في هذه الصفحة؟ | بعد التسليم | أسئلة شائعة حول هذه الخدمة | خلاصة شركة صيانة ثلاجات في قطر,longform-2026-10,10,True,العنوان=appliance والمحتوى يميل إلى garden (19 مقابل 6),garden,19,6,,False,False
10389,shrkh-syanh-ghrf-tbryd-wtjmyd-fy-qtr,شركة صيانة غرف تبريد وتجميد في قطر,https://www.rukn-eltatawer.com/qa/shrkh-syanh-ghrf-tbryd-wtjmyd-fy-qtr/,national,coldroom,1378,15,شركة صيانة غرف تبريد وتجميد في قطر — تشخيص ثم نطاق مكتوب | ما المقصود بـ شركة صيانة غرف تبريد وتجميد في قطر؟ | متى تحتاج إلى شركة صيانة غرف تبريد وتجميد في قطر؟ | علامات الفحص في مباني قطر | لماذا يختلف التنفيذ في مناخ قطر؟ | الأسباب التي نراها بعد المعاينة | أنواع العمل داخل صيانة غرف تبريد وتجميد | كيف ننفّذ صيانة غرف تبريد وتجميد خطوة بخطوة؟ | أخطاء تؤجّل الحل | مقارنة بين عمل منظم وعمل عشوائي | التغطية في مدن قطر — بلا نسخ متطابقة | ما الذي لا نعد به في هذه الصفحة؟ | بعد التسليم | أسئلة شائعة حول هذه الخدمة | خلاصة شركة صيانة غرف تبريد وتجميد في قطر,longform-2026-10,10,False,,garden,58,38,,False,False
10388,shrkh-tabyh-ghaz-mkyfat-fy-qtr,شركة تعبئة غاز مكيفات في قطر,https://www.rukn-eltatawer.com/qa/shrkh-tabyh-ghaz-mkyfat-fy-qtr/,national,ac,1423,15,شركة تعبئة غاز مكيفات في قطر — تشخيص ثم نطاق مكتوب | ما المقصود بـ شركة تعبئة غاز مكيفات في قطر؟ | متى تحتاج إلى شركة تعبئة غاز مكيفات في قطر؟ | علامات الفحص في مباني قطر | لماذا يختلف التنفيذ في مناخ قطر؟ | الأسباب التي نراها بعد المعاينة | أنواع العمل داخل تعبئة غاز مكيفات | كيف ننفّذ تعبئة غاز مكيفات خطوة بخطوة؟ | أخطاء تؤجّل الحل | مقارنة بين عمل منظم وعمل عشوائي | التغطية في مدن قطر — بلا نسخ متطابقة | ما الذي لا نعد به في هذه الصفحة؟ | بعد التسليم | أسئلة شائعة حول هذه الخدمة | خلاصة شركة تعبئة غاز مكيفات في قطر,longform-2026-10,10,False,,ac,44,44,,False,False
10387,shrkh-ghsyl-mkyfat-fy-qtr,شركة غسيل مكيفات في قطر,https://www.rukn-eltatawer.com/qa/shrkh-ghsyl-mkyfat-fy-qtr/,national,ac,1396,15,شركة غسيل مكيفات في قطر — تشخيص ثم نطاق مكتوب | ما المقصود بـ شركة غسيل مكيفات في قطر؟ | متى تحتاج إلى شركة غسيل مكيفات في قطر؟ | علامات الفحص في مباني قطر | لماذا يختلف التنفيذ في مناخ قطر؟ | الأسباب التي نراها بعد المعاينة | أنواع العمل داخل غسيل مكيفات | كيف ننفّذ غسيل مكيفات خطوة بخطوة؟ | أخطاء تؤجّل الحل | مقارنة بين عمل منظم وعمل عشوائي | التغطية في مدن قطر — بلا نسخ متطابقة | ما الذي لا نعد به في هذه الصفحة؟ | بعد التسليم | أسئلة شائعة حول هذه الخدمة | خلاصة شركة غسيل مكيفات في قطر,longform-2026-10,10,False,,ac,45,45,,False,False
10384,shrkh-syanh-skhanat-myah-fy-qtr,شركة صيانة سخانات مياه في قطر,https://www.rukn-eltatawer.com/qa/shrkh-syanh-skhanat-myah-fy-qtr/,national,plumbing,1390,15,شركة صيانة سخانات مياه في قطر — تشخيص ثم نطاق مكتوب | ما المقصود بـ شركة صيانة سخانات مياه في قطر؟ | متى تحتاج إلى شركة صيانة سخانات مياه في قطر؟ | علامات الفحص في مباني قطر | لماذا يختلف التنفيذ في مناخ قطر؟ | الأسباب التي نراها بعد المعاينة | أنواع العمل داخل صيانة سخانات مياه | كيف ننفّذ صيانة سخانات مياه خطوة بخطوة؟ | أخطاء تؤجّل الحل | مقارنة بين عمل منظم وعمل عشوائي | التغطية في مدن قطر — بلا نسخ متطابقة | ما الذي لا نعد به في هذه الصفحة؟ | بعد التسليم | أسئلة شائعة حول هذه الخدمة | خلاصة شركة صيانة سخانات مياه في قطر,longform-2026-10,10,False,,plumbing,39,39,,False,False
10383,shrkh-trkyb-mhtat-thlyh-fy-qtr,شركة تركيب محطات تحلية في قطر,https://www.rukn-eltatawer.com/qa/shrkh-trkyb-mhtat-thlyh-fy-qtr/,national,plumbing,1388,15,شركة تركيب محطات تحلية في قطر — تشخيص ثم نطاق مكتوب | ما المقصود بـ شركة تركيب محطات تحلية في قطر؟ | متى تحتاج إلى شركة تركيب محطات تحلية في قطر؟ | علامات الفحص في مباني قطر | لماذا يختلف التنفيذ في مناخ قطر؟ | الأسباب التي نراها بعد المعاينة | أنواع العمل داخل تركيب محطات تحلية | كيف ننفّذ تركيب محطات تحلية خطوة بخطوة؟ | أخطاء تؤجّل الحل | مقارنة بين عمل منظم وعمل عشوائي | التغطية في مدن قطر — بلا نسخ متطابقة | ما الذي لا نعد به في هذه الصفحة؟ | بعد التسليم | أسئلة شائعة حول هذه الخدمة | خلاصة شركة تركيب محطات تحلية في قطر,longform-2026-10,10,False,,garden,20,14,,False,False
10382,shrkh-trkyb-flatr-myah-fy-qtr,شركة تركيب فلاتر مياه في قطر,https://www.rukn-eltatawer.com/qa/shrkh-trkyb-flatr-myah-fy-qtr/,national,plumbing,1385,15,شركة تركيب فلاتر مياه في قطر — تشخيص ثم نطاق مكتوب | ما المقصود بـ شركة تركيب فلاتر مياه في قطر؟ | متى تحتاج إلى شركة تركيب فلاتر مياه في قطر؟ | علامات الفحص في مباني قطر | لماذا يختلف التنفيذ في مناخ قطر؟ | الأسباب التي نراها بعد المعاينة | أنواع العمل داخل تركيب فلاتر مياه | كيف ننفّذ تركيب فلاتر مياه خطوة بخطوة؟ | أخطاء تؤجّل الحل | مقارنة بين عمل منظم وعمل عشوائي | التغطية في مدن قطر — بلا نسخ متطابقة | ما الذي لا نعد به في هذه الصفحة؟ | بعد التسليم | أسئلة شائعة حول هذه الخدمة | خلاصة شركة تركيب فلاتر مياه في قطر,longform-2026-10,10,False,,garden,19,14,,False,False
10381,shrkh-syanh-dynamw-fy-qtr,شركة صيانة دينامو في قطر,https://www.rukn-eltatawer.com/qa/shrkh-syanh-dynamw-fy-qtr/,national,plumbing,1362,15,شركة صيانة دينامو في قطر — تشخيص ثم نطاق مكتوب | ما المقصود بـ شركة صيانة دينامو في قطر؟ | متى تحتاج إلى شركة صيانة دينامو في قطر؟ | علامات الفحص في مباني قطر | لماذا يختلف التنفيذ في مناخ قطر؟ | الأسباب التي نراها بعد المعاينة | أنواع العمل داخل صيانة دينامو | كيف ننفّذ صيانة دينامو خطوة بخطوة؟ | أخطاء تؤجّل الحل | مقارنة بين عمل منظم وعمل عشوائي | التغطية في مدن قطر — بلا نسخ متطابقة | ما الذي لا نعد به في هذه الصفحة؟ | بعد التسليم | أسئلة شائعة حول هذه الخدمة | خلاصة شركة صيانة دينامو في قطر,longform-2026-10,10,False,,garden,20,14,,False,False
10380,shrkh-trkyb-mdkhat-myah-fy-qtr,شركة تركيب مضخات مياه في قطر,https://www.rukn-eltatawer.com/qa/shrkh-trkyb-mdkhat-myah-fy-qtr/,national,plumbing,1387,15,شركة تركيب مضخات مياه في قطر — تشخيص ثم نطاق مكتوب | ما المقصود بـ شركة تركيب مضخات مياه في قطر؟ | متى تحتاج إلى شركة تركيب مضخات مياه في قطر؟ | علامات الفحص في مباني قطر | لماذا يختلف التنفيذ في مناخ قطر؟ | الأسباب التي نراها بعد المعاينة | أنواع العمل داخل تركيب مضخات مياه | كيف ننفّذ تركيب مضخات مياه خطوة بخطوة؟ | أخطاء تؤجّل الحل | مقارنة بين عمل منظم وعمل عشوائي | التغطية في مدن قطر — بلا نسخ متطابقة | ما الذي لا نعد به في هذه الصفحة؟ | بعد التسليم | أسئلة شائعة حول هذه الخدمة | خلاصة شركة تركيب مضخات مياه في قطر,longform-2026-10,10,False,,garden,20,14,,False,False
10379,shrkh-tnzyf-ghrf-tftysh-fy-qtr,شركة تنظيف غرف تفتيش في قطر,https://www.rukn-eltatawer.com/qa/shrkh-tnzyf-ghrf-tftysh-fy-qtr/,national,cleaning,1356,15,شركة تنظيف غرف تفتيش في قطر — تشخيص ثم نطاق مكتوب | ما المقصود بـ شركة تنظيف غرف تفتيش في قطر؟ | متى تحتاج إلى شركة تنظيف غرف تفتيش في قطر؟ | علامات الفحص في مباني قطر | لماذا يختلف التنفيذ في مناخ قطر؟ | الأسباب التي نراها بعد المعاينة | أنواع العمل داخل تنظيف غرف تفتيش | كيف ننفّذ تنظيف غرف تفتيش خطوة بخطوة؟ | أخطاء تؤجّل الحل | مقارنة بين عمل منظم وعمل عشوائي | التغطية في مدن قطر — بلا نسخ متطابقة | ما الذي لا نعد به في هذه الصفحة؟ | بعد التسليم | أسئلة شائعة حول هذه الخدمة | خلاصة شركة تنظيف غرف تفتيش في قطر,longform-2026-10,10,False,,cleaning,46,46,,False,False
10378,shrkh-shft-byarat-fy-qtr,شركة شفط بيارات في قطر,https://www.rukn-eltatawer.com/qa/shrkh-shft-byarat-fy-qtr/,national,sewer,1357,15,شركة شفط بيارات في قطر — تشخيص ثم نطاق مكتوب | ما المقصود بـ شركة شفط بيارات في قطر؟ | متى تحتاج إلى شركة شفط بيارات في قطر؟ | علامات الفحص في مباني قطر | لماذا يختلف التنفيذ في مناخ قطر؟ | الأسباب التي نراها بعد المعاينة | أنواع العمل داخل شفط بيارات | كيف ننفّذ شفط بيارات خطوة بخطوة؟ | أخطاء تؤجّل الحل | مقارنة بين عمل منظم وعمل عشوائي | التغطية في مدن قطر — بلا نسخ متطابقة | ما الذي لا نعد به في هذه الصفحة؟ | بعد التسليم | أسئلة شائعة حول هذه الخدمة | خلاصة شركة شفط بيارات في قطر,longform-2026-10,10,False,,garden,21,11,,False,False
10377,shrkh-tslyk-mjary-fy-qtr,شركة تسليك مجاري في قطر,https://www.rukn-eltatawer.com/qa/shrkh-tslyk-mjary-fy-qtr/,national,sewer,1357,15,شركة تسليك مجاري في قطر — تشخيص ثم نطاق مكتوب | ما المقصود بـ شركة تسليك مجاري في قطر؟ | متى تحتاج إلى شركة تسليك مجاري في قطر؟ | علامات الفحص في مباني قطر | لماذا يختلف التنفيذ في مناخ قطر؟ | الأسباب التي نراها بعد المعاينة | أنواع العمل داخل تسليك مجاري | كيف ننفّذ تسليك مجاري خطوة بخطوة؟ | أخطاء تؤجّل الحل | مقارنة بين عمل منظم وعمل عشوائي | التغطية في مدن قطر — بلا نسخ متطابقة | ما الذي لا نعد به في هذه الصفحة؟ | بعد التسليم | أسئلة شائعة حول هذه الخدمة | خلاصة شركة تسليك مجاري في قطر,longform-2026-10,10,False,,sewer,61,61,,False,False
10376,shrkh-tasys-sbakh-fy-qtr,شركة تأسيس سباكة في قطر,https://www.rukn-eltatawer.com/qa/shrkh-tasys-sbakh-fy-qtr/,national,plumbing,1362,15,شركة تأسيس سباكة في قطر — تشخيص ثم نطاق مكتوب | ما المقصود بـ شركة تأسيس سباكة في قطر؟ | متى تحتاج إلى شركة تأسيس سباكة في قطر؟ | علامات الفحص في مباني قطر | لماذا يختلف التنفيذ في مناخ قطر؟ | الأسباب التي نراها بعد المعاينة | أنواع العمل داخل تأسيس سباكة | كيف ننفّذ تأسيس سباكة خطوة بخطوة؟ | أخطاء تؤجّل الحل | مقارنة بين عمل منظم وعمل عشوائي | التغطية في مدن قطر — بلا نسخ متطابقة | ما الذي لا نعد به في هذه الصفحة؟ | بعد التسليم | أسئلة شائعة حول هذه الخدمة | خلاصة شركة تأسيس سباكة في قطر,longform-2026-10,10,False,,plumbing,39,39,,False,False
10367,shrkh-fk-wtrkyb-athath-fy-qtr,شركة فك وتركيب أثاث في قطر,https://www.rukn-eltatawer.com/qa/shrkh-fk-wtrkyb-athath-fy-qtr/,national,move,1347,15,شركة فك وتركيب أثاث في قطر — تشخيص ثم نطاق مكتوب | ما المقصود بـ شركة فك وتركيب أثاث في قطر؟ | متى تحتاج إلى شركة فك وتركيب أثاث في قطر؟ | علامات الفحص في مباني قطر | لماذا يختلف التنفيذ في مناخ قطر؟ | الأسباب التي نراها بعد المعاينة | أنواع العمل داخل فك وتركيب أثاث | كيف ننفّذ فك وتركيب أثاث خطوة بخطوة؟ | أخطاء تؤجّل الحل | مقارنة بين عمل منظم وعمل عشوائي | التغطية في مدن قطر — بلا نسخ متطابقة | ما الذي لا نعد به في هذه الصفحة؟ | بعد التسليم | أسئلة شائعة حول هذه الخدمة | خلاصة شركة فك وتركيب أثاث في قطر,longform-2026-10,10,False,,move,42,42,,False,False
10366,shrkh-tghlyf-athath-fy-qtr,شركة تغليف أثاث في قطر,https://www.rukn-eltatawer.com/qa/shrkh-tghlyf-athath-fy-qtr/,national,move,1319,15,شركة تغليف أثاث في قطر — تشخيص ثم نطاق مكتوب | ما المقصود بـ شركة تغليف أثاث في قطر؟ | متى تحتاج إلى شركة تغليف أثاث في قطر؟ | علامات الفحص في مباني قطر | لماذا يختلف التنفيذ في مناخ قطر؟ | الأسباب التي نراها بعد المعاينة | أنواع العمل داخل تغليف أثاث | كيف ننفّذ تغليف أثاث خطوة بخطوة؟ | أخطاء تؤجّل الحل | مقارنة بين عمل منظم وعمل عشوائي | التغطية في مدن قطر — بلا نسخ متطابقة | ما الذي لا نعد به في هذه الصفحة؟ | بعد التسليم | أسئلة شائعة حول هذه الخدمة | خلاصة شركة تغليف أثاث في قطر,longform-2026-10,10,False,,move,76,76,,False,False
10365,shrkh-nql-athath-fy-qtr,شركة نقل أثاث في قطر,https://www.rukn-eltatawer.com/qa/shrkh-nql-athath-fy-qtr/,national,move,1320,15,شركة نقل أثاث في قطر — تشخيص ثم نطاق مكتوب | ما المقصود بـ شركة نقل أثاث في قطر؟ | متى تحتاج إلى شركة نقل أثاث في قطر؟ | علامات الفحص في مباني قطر | لماذا يختلف التنفيذ في مناخ قطر؟ | الأسباب التي نراها بعد المعاينة | أنواع العمل داخل نقل أثاث | كيف ننفّذ نقل أثاث خطوة بخطوة؟ | أخطاء تؤجّل الحل | مقارنة بين عمل منظم وعمل عشوائي | التغطية في مدن قطر — بلا نسخ متطابقة | ما الذي لا نعد به في هذه الصفحة؟ | بعد التسليم | أسئلة شائعة حول هذه الخدمة | خلاصة شركة نقل أثاث في قطر,longform-2026-10,10,False,,move,42,42,,False,False
10364,shrkh-nql-afsh-fy-qtr,شركة نقل عفش في قطر,https://www.rukn-eltatawer.com/qa/shrkh-nql-afsh-fy-qtr/,national,move,1315,15,شركة نقل عفش في قطر — تشخيص ثم نطاق مكتوب | ما المقصود بـ شركة نقل عفش في قطر؟ | متى تحتاج إلى شركة نقل عفش في قطر؟ | علامات الفحص في مباني قطر | لماذا يختلف التنفيذ في مناخ قطر؟ | الأسباب التي نراها بعد المعاينة | أنواع العمل داخل نقل عفش | كيف ننفّذ نقل عفش خطوة بخطوة؟ | أخطاء تؤجّل الحل | مقارنة بين عمل منظم وعمل عشوائي | التغطية في مدن قطر — بلا نسخ متطابقة | ما الذي لا نعد به في هذه الصفحة؟ | بعد التسليم | أسئلة شائعة حول هذه الخدمة | خلاصة شركة نقل عفش في قطر,longform-2026-10,10,False,,move,42,42,,False,False
10363,shrkh-trkyb-shbk-tywr-fy-qtr,شركة تركيب شبك طيور في قطر,https://www.rukn-eltatawer.com/qa/shrkh-trkyb-shbk-tywr-fy-qtr/,national,birds,1335,15,شركة تركيب شبك طيور في قطر — تشخيص ثم نطاق مكتوب | ما المقصود بـ شركة تركيب شبك طيور في قطر؟ | متى تحتاج إلى شركة تركيب شبك طيور في قطر؟ | علامات الفحص في مباني قطر | لماذا يختلف التنفيذ في مناخ قطر؟ | الأسباب التي نراها بعد المعاينة | أنواع العمل داخل تركيب شبك طيور | كيف ننفّذ تركيب شبك طيور خطوة بخطوة؟ | أخطاء تؤجّل الحل | مقارنة بين عمل منظم وعمل عشوائي | التغطية في مدن قطر — بلا نسخ متطابقة | ما الذي لا نعد به في هذه الصفحة؟ | بعد التسليم | أسئلة شائعة حول هذه الخدمة | خلاصة شركة تركيب شبك طيور في قطر,longform-2026-10,10,False,,birds,75,75,,False,False
10362,shrkh-trkyb-tard-hmam-fy-qtr,شركة تركيب طارد حمام في قطر,https://www.rukn-eltatawer.com/qa/shrkh-trkyb-tard-hmam-fy-qtr/,national,birds,1337,15,شركة تركيب طارد حمام في قطر — تشخيص ثم نطاق مكتوب | ما المقصود بـ شركة تركيب طارد حمام في قطر؟ | متى تحتاج إلى شركة تركيب طارد حمام في قطر؟ | علامات الفحص في مباني قطر | لماذا يختلف التنفيذ في مناخ قطر؟ | الأسباب التي نراها بعد المعاينة | أنواع العمل داخل تركيب طارد حمام | كيف ننفّذ تركيب طارد حمام خطوة بخطوة؟ | أخطاء تؤجّل الحل | مقارنة بين عمل منظم وعمل عشوائي | التغطية في مدن قطر — بلا نسخ متطابقة | ما الذي لا نعد به في هذه الصفحة؟ | بعد التسليم | أسئلة شائعة حول هذه الخدمة | خلاصة شركة تركيب طارد حمام في قطر,longform-2026-10,10,False,,birds,41,41,,False,False
10361,shrkh-mkafhh-hshrat-zraayh-fy-qtr,شركة مكافحة حشرات زراعية في قطر,https://www.rukn-eltatawer.com/qa/shrkh-mkafhh-hshrat-zraayh-fy-qtr/,national,pest,1378,15,شركة مكافحة حشرات زراعية في قطر — تشخيص ثم نطاق مكتوب | ما المقصود بـ شركة مكافحة حشرات زراعية في قطر؟ | متى تحتاج إلى شركة مكافحة حشرات زراعية في قطر؟ | علامات الفحص في مباني قطر | لماذا يختلف التنفيذ في مناخ قطر؟ | الأسباب التي نراها بعد المعاينة | أنواع العمل داخل مكافحة حشرات زراعية | كيف ننفّذ مكافحة حشرات زراعية خطوة بخطوة؟ | أخطاء تؤجّل الحل | مقارنة بين عمل منظم وعمل عشوائي | التغطية في مدن قطر — بلا نسخ متطابقة | ما الذي لا نعد به في هذه الصفحة؟ | بعد التسليم | أسئلة شائعة حول هذه الخدمة | خلاصة شركة مكافحة حشرات زراعية في قطر,longform-2026-10,10,False,,pest,51,51,,False,False
10360,shrkh-mkafhh-aqarb-wthaabyn-fy-qtr,شركة مكافحة عقارب وثعابين في قطر,https://www.rukn-eltatawer.com/qa/shrkh-mkafhh-aqarb-wthaabyn-fy-qtr/,national,pest,1382,15,شركة مكافحة عقارب وثعابين في قطر — تشخيص ثم نطاق مكتوب | ما المقصود بـ شركة مكافحة عقارب وثعابين في قطر؟ | متى تحتاج إلى شركة مكافحة عقارب وثعابين في قطر؟ | علامات الفحص في مباني قطر | لماذا يختلف التنفيذ في مناخ قطر؟ | الأسباب التي نراها بعد المعاينة | أنواع العمل داخل مكافحة عقارب وثعابين | كيف ننفّذ مكافحة عقارب وثعابين خطوة بخطوة؟ | أخطاء تؤجّل الحل | مقارنة بين عمل منظم وعمل عشوائي | التغطية في مدن قطر — بلا نسخ متطابقة | ما الذي لا نعد به في هذه الصفحة؟ | بعد التسليم | أسئلة شائعة حول هذه الخدمة | خلاصة شركة مكافحة عقارب وثعابين في قطر,longform-2026-10,10,False,,pest,25,25,,False,False
10358,shrkh-mkafhh-fyran-wqward-fy-qtr,شركة مكافحة فئران وقوارض في قطر,https://www.rukn-eltatawer.com/qa/shrkh-mkafhh-fyran-wqward-fy-qtr/,national,pest,1379,15,شركة مكافحة فئران وقوارض في قطر — تشخيص ثم نطاق مكتوب | ما المقصود بـ شركة مكافحة فئران وقوارض في قطر؟ | متى تحتاج إلى شركة مكافحة فئران وقوارض في قطر؟ | علامات الفحص في مباني قطر | لماذا يختلف التنفيذ في مناخ قطر؟ | الأسباب التي نراها بعد المعاينة | أنواع العمل داخل مكافحة فئران وقوارض | كيف ننفّذ مكافحة فئران وقوارض خطوة بخطوة؟ | أخطاء تؤجّل الحل | مقارنة بين عمل منظم وعمل عشوائي | التغطية في مدن قطر — بلا نسخ متطابقة | ما الذي لا نعد به في هذه الصفحة؟ | بعد التسليم | أسئلة شائعة حول هذه الخدمة | خلاصة شركة مكافحة فئران وقوارض في قطر,longform-2026-10,10,False,,pest,25,25,,False,False
10354,shrkh-taqym-mnazl-fy-qtr,شركة تعقيم منازل في قطر,https://www.rukn-eltatawer.com/qa/shrkh-taqym-mnazl-fy-qtr/,national,disinfect,1307,15,شركة تعقيم منازل في قطر — تشخيص ثم نطاق مكتوب | ما المقصود بـ شركة تعقيم منازل في قطر؟ | متى تحتاج إلى شركة تعقيم منازل في قطر؟ | علامات الفحص في مباني قطر | لماذا يختلف التنفيذ في مناخ قطر؟ | الأسباب التي نراها بعد المعاينة | أنواع العمل داخل تعقيم منازل | كيف ننفّذ تعقيم منازل خطوة بخطوة؟ | أخطاء تؤجّل الحل | مقارنة بين عمل منظم وعمل عشوائي | التغطية في مدن قطر — بلا نسخ متطابقة | ما الذي لا نعد به في هذه الصفحة؟ | بعد التسليم | أسئلة شائعة حول هذه الخدمة | خلاصة شركة تعقيم منازل في قطر,longform-2026-10,10,False,,disinfect,40,40,,False,False
10353,aamlat-tnzyf-balsaah-fy-qtr,عاملات تنظيف بالساعة في قطر,https://www.rukn-eltatawer.com/qa/aamlat-tnzyf-balsaah-fy-qtr/,national,cleaning,1340,15,عاملات تنظيف بالساعة في قطر — تشخيص ثم نطاق مكتوب | ما المقصود بـ عاملات تنظيف بالساعة في قطر؟ | متى تحتاج إلى عاملات تنظيف بالساعة في قطر؟ | علامات الفحص في مباني قطر | لماذا يختلف التنفيذ في مناخ قطر؟ | الأسباب التي نراها بعد المعاينة | أنواع العمل داخل عاملات تنظيف بالساعة | كيف ننفّذ عاملات تنظيف بالساعة خطوة بخطوة؟ | أخطاء تؤجّل الحل | مقارنة بين عمل منظم وعمل عشوائي | التغطية في مدن قطر — بلا نسخ متطابقة | ما الذي لا نعد به في هذه الصفحة؟ | بعد التسليم | أسئلة شائعة حول هذه الخدمة | خلاصة عاملات تنظيف بالساعة في قطر,longform-2026-10,10,False,,cleaning,46,46,,False,False
10352,shrkh-tlmya-syramyk-fy-qtr,شركة تلميع سيراميك في قطر,https://www.rukn-eltatawer.com/qa/shrkh-tlmya-syramyk-fy-qtr/,national,cleaning,1331,15,شركة تلميع سيراميك في قطر — تشخيص ثم نطاق مكتوب | ما المقصود بـ شركة تلميع سيراميك في قطر؟ | متى تحتاج إلى شركة تلميع سيراميك في قطر؟ | علامات الفحص في مباني قطر | لماذا يختلف التنفيذ في مناخ قطر؟ | الأسباب التي نراها بعد المعاينة | أنواع العمل داخل تلميع سيراميك | كيف ننفّذ تلميع سيراميك خطوة بخطوة؟ | أخطاء تؤجّل الحل | مقارنة بين عمل منظم وعمل عشوائي | التغطية في مدن قطر — بلا نسخ متطابقة | ما الذي لا نعد به في هذه الصفحة؟ | بعد التسليم | أسئلة شائعة حول هذه الخدمة | خلاصة شركة تلميع سيراميك في قطر,longform-2026-10,10,False,,floor,26,21,,False,False
10351,shrkh-jly-rkham-fy-qtr,شركة جلي رخام في قطر,https://www.rukn-eltatawer.com/qa/shrkh-jly-rkham-fy-qtr/,national,cleaning,1330,15,شركة جلي رخام في قطر — تشخيص ثم نطاق مكتوب | ما المقصود بـ شركة جلي رخام في قطر؟ | متى تحتاج إلى شركة جلي رخام في قطر؟ | علامات الفحص في مباني قطر | لماذا يختلف التنفيذ في مناخ قطر؟ | الأسباب التي نراها بعد المعاينة | أنواع العمل داخل جلي رخام | كيف ننفّذ جلي رخام خطوة بخطوة؟ | أخطاء تؤجّل الحل | مقارنة بين عمل منظم وعمل عشوائي | التغطية في مدن قطر — بلا نسخ متطابقة | ما الذي لا نعد به في هذه الصفحة؟ | بعد التسليم | أسئلة شائعة حول هذه الخدمة | خلاصة شركة جلي رخام في قطر,longform-2026-10,10,False,,cleaning,46,46,,False,False
10350,shrkh-tnzyf-bad-altshtyb-fy-qtr,شركة تنظيف بعد التشطيب في قطر,https://www.rukn-eltatawer.com/qa/shrkh-tnzyf-bad-altshtyb-fy-qtr/,national,cleaning,1355,15,شركة تنظيف بعد التشطيب في قطر — تشخيص ثم نطاق مكتوب | ما المقصود بـ شركة تنظيف بعد التشطيب في قطر؟ | متى تحتاج إلى شركة تنظيف بعد التشطيب في قطر؟ | علامات الفحص في مباني قطر | لماذا يختلف التنفيذ في مناخ قطر؟ | الأسباب التي نراها بعد المعاينة | أنواع العمل داخل تنظيف بعد التشطيب | كيف ننفّذ تنظيف بعد التشطيب خطوة بخطوة؟ | أخطاء تؤجّل الحل | مقارنة بين عمل منظم وعمل عشوائي | التغطية في مدن قطر — بلا نسخ متطابقة | ما الذي لا نعد به في هذه الصفحة؟ | بعد التسليم | أسئلة شائعة حول هذه الخدمة | خلاصة شركة تنظيف بعد التشطيب في قطر,longform-2026-10,10,False,,cleaning,46,46,,False,False
10349,shrkh-tnzyf-mdakhn-mtaam-fy-qtr,شركة تنظيف مداخن مطاعم في قطر,https://www.rukn-eltatawer.com/qa/shrkh-tnzyf-mdakhn-mtaam-fy-qtr/,national,cleaning,1352,15,شركة تنظيف مداخن مطاعم في قطر — تشخيص ثم نطاق مكتوب | ما المقصود بـ شركة تنظيف مداخن مطاعم في قطر؟ | متى تحتاج إلى شركة تنظيف مداخن مطاعم في قطر؟ | علامات الفحص في مباني قطر | لماذا يختلف التنفيذ في مناخ قطر؟ | الأسباب التي نراها بعد المعاينة | أنواع العمل داخل تنظيف مداخن مطاعم | كيف ننفّذ تنظيف مداخن مطاعم خطوة بخطوة؟ | أخطاء تؤجّل الحل | مقارنة بين عمل منظم وعمل عشوائي | التغطية في مدن قطر — بلا نسخ متطابقة | ما الذي لا نعد به في هذه الصفحة؟ | بعد التسليم | أسئلة شائعة حول هذه الخدمة | خلاصة شركة تنظيف مداخن مطاعم في قطر,longform-2026-10,10,False,,cleaning,46,46,,False,False
10348,shrkh-tnzyf-dkt-mkyfat-fy-qtr,شركة تنظيف دكت مكيفات في قطر,https://www.rukn-eltatawer.com/qa/shrkh-tnzyf-dkt-mkyfat-fy-qtr/,national,duct,1345,15,شركة تنظيف دكت مكيفات في قطر — تشخيص ثم نطاق مكتوب | ما المقصود بـ شركة تنظيف دكت مكيفات في قطر؟ | متى تحتاج إلى شركة تنظيف دكت مكيفات في قطر؟ | علامات الفحص في مباني قطر | لماذا يختلف التنفيذ في مناخ قطر؟ | الأسباب التي نراها بعد المعاينة | أنواع العمل داخل تنظيف دكت مكيفات | كيف ننفّذ تنظيف دكت مكيفات خطوة بخطوة؟ | أخطاء تؤجّل الحل | مقارنة بين عمل منظم وعمل عشوائي | التغطية في مدن قطر — بلا نسخ متطابقة | ما الذي لا نعد به في هذه الصفحة؟ | بعد التسليم | أسئلة شائعة حول هذه الخدمة | خلاصة شركة تنظيف دكت مكيفات في قطر,longform-2026-10,10,False,,cleaning,45,43,,False,False
10347,shrkh-tnzyf-mratb-fy-qtr,شركة تنظيف مراتب في قطر,https://www.rukn-eltatawer.com/qa/shrkh-tnzyf-mratb-fy-qtr/,national,cleaning,1330,15,شركة تنظيف مراتب في قطر — تشخيص ثم نطاق مكتوب | ما المقصود بـ شركة تنظيف مراتب في قطر؟ | متى تحتاج إلى شركة تنظيف مراتب في قطر؟ | علامات الفحص في مباني قطر | لماذا يختلف التنفيذ في مناخ قطر؟ | الأسباب التي نراها بعد المعاينة | أنواع العمل داخل تنظيف مراتب | كيف ننفّذ تنظيف مراتب خطوة بخطوة؟ | أخطاء تؤجّل الحل | مقارنة بين عمل منظم وعمل عشوائي | التغطية في مدن قطر — بلا نسخ متطابقة | ما الذي لا نعد به في هذه الصفحة؟ | بعد التسليم | أسئلة شائعة حول هذه الخدمة | خلاصة شركة تنظيف مراتب في قطر,longform-2026-10,10,False,,cleaning,46,46,,False,False
10346,shrkh-tnzyf-stayr-fy-qtr,شركة تنظيف ستائر في قطر,https://www.rukn-eltatawer.com/qa/shrkh-tnzyf-stayr-fy-qtr/,national,cleaning,1331,15,شركة تنظيف ستائر في قطر — تشخيص ثم نطاق مكتوب | ما المقصود بـ شركة تنظيف ستائر في قطر؟ | متى تحتاج إلى شركة تنظيف ستائر في قطر؟ | علامات الفحص في مباني قطر | لماذا يختلف التنفيذ في مناخ قطر؟ | الأسباب التي نراها بعد المعاينة | أنواع العمل داخل تنظيف ستائر | كيف ننفّذ تنظيف ستائر خطوة بخطوة؟ | أخطاء تؤجّل الحل | مقارنة بين عمل منظم وعمل عشوائي | التغطية في مدن قطر — بلا نسخ متطابقة | ما الذي لا نعد به في هذه الصفحة؟ | بعد التسليم | أسئلة شائعة حول هذه الخدمة | خلاصة شركة تنظيف ستائر في قطر,longform-2026-10,10,False,,cleaning,46,46,,False,False
10345,shrkh-tnzyf-knb-fy-qtr,شركة تنظيف كنب في قطر,https://www.rukn-eltatawer.com/qa/shrkh-tnzyf-knb-fy-qtr/,national,cleaning,1330,15,شركة تنظيف كنب في قطر — تشخيص ثم نطاق مكتوب | ما المقصود بـ شركة تنظيف كنب في قطر؟ | متى تحتاج إلى شركة تنظيف كنب في قطر؟ | علامات الفحص في مباني قطر | لماذا يختلف التنفيذ في مناخ قطر؟ | الأسباب التي نراها بعد المعاينة | أنواع العمل داخل تنظيف كنب | كيف ننفّذ تنظيف كنب خطوة بخطوة؟ | أخطاء تؤجّل الحل | مقارنة بين عمل منظم وعمل عشوائي | التغطية في مدن قطر — بلا نسخ متطابقة | ما الذي لا نعد به في هذه الصفحة؟ | بعد التسليم | أسئلة شائعة حول هذه الخدمة | خلاصة شركة تنظيف كنب في قطر,longform-2026-10,10,False,,cleaning,46,46,,False,False
10344,shrkh-tnzyf-sjad-wmwkyt-fy-qtr,شركة تنظيف سجاد وموكيت في قطر,https://www.rukn-eltatawer.com/qa/shrkh-tnzyf-sjad-wmwkyt-fy-qtr/,national,cleaning,1356,15,شركة تنظيف سجاد وموكيت في قطر — تشخيص ثم نطاق مكتوب | ما المقصود بـ شركة تنظيف سجاد وموكيت في قطر؟ | متى تحتاج إلى شركة تنظيف سجاد وموكيت في قطر؟ | علامات الفحص في مباني قطر | لماذا يختلف التنفيذ في مناخ قطر؟ | الأسباب التي نراها بعد المعاينة | أنواع العمل داخل تنظيف سجاد وموكيت | كيف ننفّذ تنظيف سجاد وموكيت خطوة بخطوة؟ | أخطاء تؤجّل الحل | مقارنة بين عمل منظم وعمل عشوائي | التغطية في مدن قطر — بلا نسخ متطابقة | ما الذي لا نعد به في هذه الصفحة؟ | بعد التسليم | أسئلة شائعة حول هذه الخدمة | خلاصة شركة تنظيف سجاد وموكيت في قطر,longform-2026-10,10,False,,cleaning,46,46,,False,False
10343,shrkh-tnzyf-wajhat-hjryh-fy-qtr,شركة تنظيف واجهات حجرية في قطر,https://www.rukn-eltatawer.com/qa/shrkh-tnzyf-wajhat-hjryh-fy-qtr/,national,cleaning,1353,15,شركة تنظيف واجهات حجرية في قطر — تشخيص ثم نطاق مكتوب | ما المقصود بـ شركة تنظيف واجهات حجرية في قطر؟ | متى تحتاج إلى شركة تنظيف واجهات حجرية في قطر؟ | علامات الفحص في مباني قطر | لماذا يختلف التنفيذ في مناخ قطر؟ | الأسباب التي نراها بعد المعاينة | أنواع العمل داخل تنظيف واجهات حجرية | كيف ننفّذ تنظيف واجهات حجرية خطوة بخطوة؟ | أخطاء تؤجّل الحل | مقارنة بين عمل منظم وعمل عشوائي | التغطية في مدن قطر — بلا نسخ متطابقة | ما الذي لا نعد به في هذه الصفحة؟ | بعد التسليم | أسئلة شائعة حول هذه الخدمة | خلاصة شركة تنظيف واجهات حجرية في قطر,longform-2026-10,10,False,,garden,50,46,,False,False
10342,shrkh-tnzyf-wajhat-zjajyh-fy-qtr,شركة تنظيف واجهات زجاجية في قطر,https://www.rukn-eltatawer.com/qa/shrkh-tnzyf-wajhat-zjajyh-fy-qtr/,national,glass,1337,15,شركة تنظيف واجهات زجاجية في قطر — تشخيص ثم نطاق مكتوب | ما المقصود بـ شركة تنظيف واجهات زجاجية في قطر؟ | متى تحتاج إلى شركة تنظيف واجهات زجاجية في قطر؟ | علامات الفحص في مباني قطر | لماذا يختلف التنفيذ في مناخ قطر؟ | الأسباب التي نراها بعد المعاينة | أنواع العمل داخل تنظيف واجهات زجاجية | كيف ننفّذ تنظيف واجهات زجاجية خطوة بخطوة؟ | أخطاء تؤجّل الحل | مقارنة بين عمل منظم وعمل عشوائي | التغطية في مدن قطر — بلا نسخ متطابقة | ما الذي لا نعد به في هذه الصفحة؟ | بعد التسليم | أسئلة شائعة حول هذه الخدمة | خلاصة شركة تنظيف واجهات زجاجية في قطر,longform-2026-10,10,False,,glass,43,43,,False,False
10341,shrkh-tnzyf-msabh-fy-qtr,شركة تنظيف مسابح في قطر,https://www.rukn-eltatawer.com/qa/shrkh-tnzyf-msabh-fy-qtr/,national,poolclean,1305,15,شركة تنظيف مسابح في قطر — تشخيص ثم نطاق مكتوب | ما المقصود بـ شركة تنظيف مسابح في قطر؟ | متى تحتاج إلى شركة تنظيف مسابح في قطر؟ | علامات الفحص في مباني قطر | لماذا يختلف التنفيذ في مناخ قطر؟ | الأسباب التي نراها بعد المعاينة | أنواع العمل داخل تنظيف مسابح | كيف ننفّذ تنظيف مسابح خطوة بخطوة؟ | أخطاء تؤجّل الحل | مقارنة بين عمل منظم وعمل عشوائي | التغطية في مدن قطر — بلا نسخ متطابقة | ما الذي لا نعد به في هذه الصفحة؟ | بعد التسليم | أسئلة شائعة حول هذه الخدمة | خلاصة شركة تنظيف مسابح في قطر,longform-2026-10,10,False,,cleaning,40,39,,False,False
10339,shrkh-tnzyf-khyam-wbywt-shar-fy-qtr,شركة تنظيف خيام وبيوت شعر في قطر,https://www.rukn-eltatawer.com/qa/shrkh-tnzyf-khyam-wbywt-shar-fy-qtr/,national,cleaning,1377,15,شركة تنظيف خيام وبيوت شعر في قطر — تشخيص ثم نطاق مكتوب | ما المقصود بـ شركة تنظيف خيام وبيوت شعر في قطر؟ | متى تحتاج إلى شركة تنظيف خيام وبيوت شعر في قطر؟ | علامات الفحص في مباني قطر | لماذا يختلف التنفيذ في مناخ قطر؟ | الأسباب التي نراها بعد المعاينة | أنواع العمل داخل تنظيف خيام وبيوت شعر | كيف ننفّذ تنظيف خيام وبيوت شعر خطوة بخطوة؟ | أخطاء تؤجّل الحل | مقارنة بين عمل منظم وعمل عشوائي | التغطية في مدن قطر — بلا نسخ متطابقة | ما الذي لا نعد به في هذه الصفحة؟ | بعد التسليم | أسئلة شائعة حول هذه الخدمة | خلاصة شركة تنظيف خيام وبيوت شعر في قطر,longform-2026-10,10,False,,cleaning,46,46,,False,False
10338,shrkh-tnzyf-mjals-fy-qtr,شركة تنظيف مجالس في قطر,https://www.rukn-eltatawer.com/qa/shrkh-tnzyf-mjals-fy-qtr/,national,cleaning,1327,15,شركة تنظيف مجالس في قطر — تشخيص ثم نطاق مكتوب | ما المقصود بـ شركة تنظيف مجالس في قطر؟ | متى تحتاج إلى شركة تنظيف مجالس في قطر؟ | علامات الفحص في مباني قطر | لماذا يختلف التنفيذ في مناخ قطر؟ | الأسباب التي نراها بعد المعاينة | أنواع العمل داخل تنظيف مجالس | كيف ننفّذ تنظيف مجالس خطوة بخطوة؟ | أخطاء تؤجّل الحل | مقارنة بين عمل منظم وعمل عشوائي | التغطية في مدن قطر — بلا نسخ متطابقة | ما الذي لا نعد به في هذه الصفحة؟ | بعد التسليم | أسئلة شائعة حول هذه الخدمة | خلاصة شركة تنظيف مجالس في قطر,longform-2026-10,10,False,,cleaning,46,46,,False,False
10337,shrkh-tnzyf-qswr-fy-qtr,شركة تنظيف قصور في قطر,https://www.rukn-eltatawer.com/qa/shrkh-tnzyf-qswr-fy-qtr/,national,cleaning,1330,15,شركة تنظيف قصور في قطر — تشخيص ثم نطاق مكتوب | ما المقصود بـ شركة تنظيف قصور في قطر؟ | متى تحتاج إلى شركة تنظيف قصور في قطر؟ | علامات الفحص في مباني قطر | لماذا يختلف التنفيذ في مناخ قطر؟ | الأسباب التي نراها بعد المعاينة | أنواع العمل داخل تنظيف قصور | كيف ننفّذ تنظيف قصور خطوة بخطوة؟ | أخطاء تؤجّل الحل | مقارنة بين عمل منظم وعمل عشوائي | التغطية في مدن قطر — بلا نسخ متطابقة | ما الذي لا نعد به في هذه الصفحة؟ | بعد التسليم | أسئلة شائعة حول هذه الخدمة | خلاصة شركة تنظيف قصور في قطر,longform-2026-10,10,False,,cleaning,46,46,,False,False
10333,shrkh-fhs-mbany-fy-qtr,شركة فحص مباني في قطر,https://www.rukn-eltatawer.com/qa/shrkh-fhs-mbany-fy-qtr/,national,inspect,1308,15,شركة فحص مباني في قطر — تشخيص ثم نطاق مكتوب | ما المقصود بـ شركة فحص مباني في قطر؟ | متى تحتاج إلى شركة فحص مباني في قطر؟ | علامات الفحص في مباني قطر | لماذا يختلف التنفيذ في مناخ قطر؟ | الأسباب التي نراها بعد المعاينة | أنواع العمل داخل فحص مباني | كيف ننفّذ فحص مباني خطوة بخطوة؟ | أخطاء تؤجّل الحل | مقارنة بين عمل منظم وعمل عشوائي | التغطية في مدن قطر — بلا نسخ متطابقة | ما الذي لا نعد به في هذه الصفحة؟ | بعد التسليم | أسئلة شائعة حول هذه الخدمة | خلاصة شركة فحص مباني في قطر,longform-2026-10,10,False,,inspect,38,38,,False,False
10332,shrkh-maaljh-alrtwbh-fy-qtr,شركة معالجة الرطوبة في قطر,https://www.rukn-eltatawer.com/qa/shrkh-maaljh-alrtwbh-fy-qtr/,national,insulation,1391,15,شركة معالجة الرطوبة في قطر — تشخيص ثم نطاق مكتوب | ما المقصود بـ شركة معالجة الرطوبة في قطر؟ | متى تحتاج إلى شركة معالجة الرطوبة في قطر؟ | علامات الفحص في مباني قطر | لماذا يختلف التنفيذ في مناخ قطر؟ | الأسباب التي نراها بعد المعاينة | أنواع العمل داخل معالجة الرطوبة | كيف ننفّذ معالجة الرطوبة خطوة بخطوة؟ | أخطاء تؤجّل الحل | مقارنة بين عمل منظم وعمل عشوائي | التغطية في مدن قطر — بلا نسخ متطابقة | ما الذي لا نعد به في هذه الصفحة؟ | بعد التسليم | أسئلة شائعة حول هذه الخدمة | خلاصة شركة معالجة الرطوبة في قطر,longform-2026-10,10,False,,insulation,38,38,,False,False
10331,shrkh-azl-swty-fy-qtr,شركة عزل صوتي في قطر,https://www.rukn-eltatawer.com/qa/shrkh-azl-swty-fy-qtr/,national,insulation,1393,15,شركة عزل صوتي في قطر — تشخيص ثم نطاق مكتوب | ما المقصود بـ شركة عزل صوتي في قطر؟ | متى تحتاج إلى شركة عزل صوتي في قطر؟ | علامات الفحص في مباني قطر | لماذا يختلف التنفيذ في مناخ قطر؟ | الأسباب التي نراها بعد المعاينة | أنواع العمل داخل عزل صوتي | كيف ننفّذ عزل صوتي خطوة بخطوة؟ | أخطاء تؤجّل الحل | مقارنة بين عمل منظم وعمل عشوائي | التغطية في مدن قطر — بلا نسخ متطابقة | ما الذي لا نعد به في هذه الصفحة؟ | بعد التسليم | أسئلة شائعة حول هذه الخدمة | خلاصة شركة عزل صوتي في قطر,longform-2026-10,10,False,,insulation,63,63,,False,False
10330,shrkh-azl-fwm-fy-qtr,شركة عزل فوم في قطر,https://www.rukn-eltatawer.com/qa/shrkh-azl-fwm-fy-qtr/,national,insulation,1391,15,شركة عزل فوم في قطر — تشخيص ثم نطاق مكتوب | ما المقصود بـ شركة عزل فوم في قطر؟ | متى تحتاج إلى شركة عزل فوم في قطر؟ | علامات الفحص في مباني قطر | لماذا يختلف التنفيذ في مناخ قطر؟ | الأسباب التي نراها بعد المعاينة | أنواع العمل داخل عزل فوم | كيف ننفّذ عزل فوم خطوة بخطوة؟ | أخطاء تؤجّل الحل | مقارنة بين عمل منظم وعمل عشوائي | التغطية في مدن قطر — بلا نسخ متطابقة | ما الذي لا نعد به في هذه الصفحة؟ | بعد التسليم | أسئلة شائعة حول هذه الخدمة | خلاصة شركة عزل فوم في قطر,longform-2026-10,10,False,,insulation,90,90,,False,False
10329,shrkh-azl-mayy-fy-qtr,شركة عزل مائي في قطر,https://www.rukn-eltatawer.com/qa/shrkh-azl-mayy-fy-qtr/,national,insulation,1393,15,شركة عزل مائي في قطر — تشخيص ثم نطاق مكتوب | ما المقصود بـ شركة عزل مائي في قطر؟ | متى تحتاج إلى شركة عزل مائي في قطر؟ | علامات الفحص في مباني قطر | لماذا يختلف التنفيذ في مناخ قطر؟ | الأسباب التي نراها بعد المعاينة | أنواع العمل داخل عزل مائي | كيف ننفّذ عزل مائي خطوة بخطوة؟ | أخطاء تؤجّل الحل | مقارنة بين عمل منظم وعمل عشوائي | التغطية في مدن قطر — بلا نسخ متطابقة | ما الذي لا نعد به في هذه الصفحة؟ | بعد التسليم | أسئلة شائعة حول هذه الخدمة | خلاصة شركة عزل مائي في قطر,longform-2026-10,10,False,,insulation,63,63,,False,False
10328,shrkh-azl-hrary-fy-qtr,شركة عزل حراري في قطر,https://www.rukn-eltatawer.com/qa/shrkh-azl-hrary-fy-qtr/,national,insulation,1390,15,شركة عزل حراري في قطر — تشخيص ثم نطاق مكتوب | ما المقصود بـ شركة عزل حراري في قطر؟ | متى تحتاج إلى شركة عزل حراري في قطر؟ | علامات الفحص في مباني قطر | لماذا يختلف التنفيذ في مناخ قطر؟ | الأسباب التي نراها بعد المعاينة | أنواع العمل داخل عزل حراري | كيف ننفّذ عزل حراري خطوة بخطوة؟ | أخطاء تؤجّل الحل | مقارنة بين عمل منظم وعمل عشوائي | التغطية في مدن قطر — بلا نسخ متطابقة | ما الذي لا نعد به في هذه الصفحة؟ | بعد التسليم | أسئلة شائعة حول هذه الخدمة | خلاصة شركة عزل حراري في قطر,longform-2026-10,10,False,,insulation,64,64,,False,False
10327,shrkh-azl-mtabkh-fy-qtr,شركة عزل مطابخ في قطر,https://www.rukn-eltatawer.com/qa/shrkh-azl-mtabkh-fy-qtr/,national,insulation,1391,15,شركة عزل مطابخ في قطر — تشخيص ثم نطاق مكتوب | ما المقصود بـ شركة عزل مطابخ في قطر؟ | متى تحتاج إلى شركة عزل مطابخ في قطر؟ | علامات الفحص في مباني قطر | لماذا يختلف التنفيذ في مناخ قطر؟ | الأسباب التي نراها بعد المعاينة | أنواع العمل داخل عزل مطابخ | كيف ننفّذ عزل مطابخ خطوة بخطوة؟ | أخطاء تؤجّل الحل | مقارنة بين عمل منظم وعمل عشوائي | التغطية في مدن قطر — بلا نسخ متطابقة | ما الذي لا نعد به في هذه الصفحة؟ | بعد التسليم | أسئلة شائعة حول هذه الخدمة | خلاصة شركة عزل مطابخ في قطر,longform-2026-10,10,False,,insulation,63,63,,False,False
10326,shrkh-azl-hmamat-fy-qtr,شركة عزل حمامات في قطر,https://www.rukn-eltatawer.com/qa/shrkh-azl-hmamat-fy-qtr/,national,insulation,1395,15,شركة عزل حمامات في قطر — تشخيص ثم نطاق مكتوب | ما المقصود بـ شركة عزل حمامات في قطر؟ | متى تحتاج إلى شركة عزل حمامات في قطر؟ | علامات الفحص في مباني قطر | لماذا يختلف التنفيذ في مناخ قطر؟ | الأسباب التي نراها بعد المعاينة | أنواع العمل داخل عزل حمامات | كيف ننفّذ عزل حمامات خطوة بخطوة؟ | أخطاء تؤجّل الحل | مقارنة بين عمل منظم وعمل عشوائي | التغطية في مدن قطر — بلا نسخ متطابقة | ما الذي لا نعد به في هذه الصفحة؟ | بعد التسليم | أسئلة شائعة حول هذه الخدمة | خلاصة شركة عزل حمامات في قطر,longform-2026-10,10,False,,insulation,63,63,,False,False
10325,shrkh-azl-khzanat-fy-qtr,شركة عزل خزانات في قطر,https://www.rukn-eltatawer.com/qa/shrkh-azl-khzanat-fy-qtr/,national,insulation,1394,15,شركة عزل خزانات في قطر — تشخيص ثم نطاق مكتوب | ما المقصود بـ شركة عزل خزانات في قطر؟ | متى تحتاج إلى شركة عزل خزانات في قطر؟ | علامات الفحص في مباني قطر | لماذا يختلف التنفيذ في مناخ قطر؟ | الأسباب التي نراها بعد المعاينة | أنواع العمل داخل عزل خزانات | كيف ننفّذ عزل خزانات خطوة بخطوة؟ | أخطاء تؤجّل الحل | مقارنة بين عمل منظم وعمل عشوائي | التغطية في مدن قطر — بلا نسخ متطابقة | ما الذي لا نعد به في هذه الصفحة؟ | بعد التسليم | أسئلة شائعة حول هذه الخدمة | خلاصة شركة عزل خزانات في قطر,longform-2026-10,10,False,,insulation,63,63,,False,False
10324,shrkh-azl-asth-fy-qtr,شركة عزل أسطح في قطر,https://www.rukn-eltatawer.com/qa/shrkh-azl-asth-fy-qtr/,national,insulation,1388,15,شركة عزل أسطح في قطر — تشخيص ثم نطاق مكتوب | ما المقصود بـ شركة عزل أسطح في قطر؟ | متى تحتاج إلى شركة عزل أسطح في قطر؟ | علامات الفحص في مباني قطر | لماذا يختلف التنفيذ في مناخ قطر؟ | الأسباب التي نراها بعد المعاينة | أنواع العمل داخل عزل أسطح | كيف ننفّذ عزل أسطح خطوة بخطوة؟ | أخطاء تؤجّل الحل | مقارنة بين عمل منظم وعمل عشوائي | التغطية في مدن قطر — بلا نسخ متطابقة | ما الذي لا نعد به في هذه الصفحة؟ | بعد التسليم | أسئلة شائعة حول هذه الخدمة | خلاصة شركة عزل أسطح في قطر,longform-2026-10,10,False,,insulation,88,88,,False,False
10323,shrkh-kshf-tsrbat-almsabh-fy-qtr,شركة كشف تسربات المسابح في قطر,https://www.rukn-eltatawer.com/qa/shrkh-kshf-tsrbat-almsabh-fy-qtr/,national,poolleak,1359,15,شركة كشف تسربات المسابح في قطر — تشخيص ثم نطاق مكتوب | ما المقصود بـ شركة كشف تسربات المسابح في قطر؟ | متى تحتاج إلى شركة كشف تسربات المسابح في قطر؟ | علامات الفحص في مباني قطر | لماذا يختلف التنفيذ في مناخ قطر؟ | الأسباب التي نراها بعد المعاينة | أنواع العمل داخل كشف تسربات المسابح | كيف ننفّذ كشف تسربات المسابح خطوة بخطوة؟ | أخطاء تؤجّل الحل | مقارنة بين عمل منظم وعمل عشوائي | التغطية في مدن قطر — بلا نسخ متطابقة | ما الذي لا نعد به في هذه الصفحة؟ | بعد التسليم | أسئلة شائعة حول هذه الخدمة | خلاصة شركة كشف تسربات المسابح في قطر,longform-2026-10,10,False,,poolleak,40,40,,False,False
10322,shrkh-kshf-tsrbat-alghaz-fy-qtr,شركة كشف تسربات الغاز في قطر,https://www.rukn-eltatawer.com/qa/shrkh-kshf-tsrbat-alghaz-fy-qtr/,national,gasleak,1355,15,شركة كشف تسربات الغاز في قطر — تشخيص ثم نطاق مكتوب | ما المقصود بـ شركة كشف تسربات الغاز في قطر؟ | متى تحتاج إلى شركة كشف تسربات الغاز في قطر؟ | علامات الفحص في مباني قطر | لماذا يختلف التنفيذ في مناخ قطر؟ | الأسباب التي نراها بعد المعاينة | أنواع العمل داخل كشف تسربات الغاز | كيف ننفّذ كشف تسربات الغاز خطوة بخطوة؟ | أخطاء تؤجّل الحل | مقارنة بين عمل منظم وعمل عشوائي | التغطية في مدن قطر — بلا نسخ متطابقة | ما الذي لا نعد به في هذه الصفحة؟ | بعد التسليم | أسئلة شائعة حول هذه الخدمة | خلاصة شركة كشف تسربات الغاز في قطر,longform-2026-10,10,True,العنوان=gasleak والمحتوى يميل إلى garden (17 مقابل 4),garden,17,4,,False,False
10304,water-tank-cleaning-in-qatar,شركة تنظيف خزانات مياه في قطر,https://www.rukn-eltatawer.com/qa/water-tank-cleaning-in-qatar/,national,tankclean,1356,15,شركة تنظيف خزانات مياه في قطر — تشخيص ثم نطاق مكتوب | ما المقصود بـ شركة تنظيف خزانات مياه في قطر؟ | متى تحتاج إلى شركة تنظيف خزانات مياه في قطر؟ | علامات الفحص في مباني قطر | لماذا يختلف التنفيذ في مناخ قطر؟ | الأسباب التي نراها بعد المعاينة | أنواع العمل داخل تنظيف خزانات مياه | كيف ننفّذ تنظيف خزانات مياه خطوة بخطوة؟ | أخطاء تؤجّل الحل | مقارنة بين عمل منظم وعمل عشوائي | التغطية في مدن قطر — بلا نسخ متطابقة | ما الذي لا نعد به في هذه الصفحة؟ | بعد التسليم | أسئلة شائعة حول هذه الخدمة | خلاصة شركة تنظيف خزانات مياه في قطر,longform-2026-10,10,False,,tankclean,81,81,,False,False
10300,outdoor-furniture-moving-in-qatar,شركة نقل أثاث خارجي في قطر,https://www.rukn-eltatawer.com/qa/outdoor-furniture-moving-in-qatar/,national,move,1352,15,شركة نقل أثاث خارجي في قطر — تشخيص ثم نطاق مكتوب | ما المقصود بـ شركة نقل أثاث خارجي في قطر؟ | متى تحتاج إلى شركة نقل أثاث خارجي في قطر؟ | علامات الفحص في مباني قطر | لماذا يختلف التنفيذ في مناخ قطر؟ | الأسباب التي نراها بعد المعاينة | أنواع العمل داخل نقل أثاث خارجي | كيف ننفّذ نقل أثاث خارجي خطوة بخطوة؟ | أخطاء تؤجّل الحل | مقارنة بين عمل منظم وعمل عشوائي | التغطية في مدن قطر — بلا نسخ متطابقة | ما الذي لا نعد به في هذه الصفحة؟ | بعد التسليم | أسئلة شائعة حول هذه الخدمة | خلاصة شركة نقل أثاث خارجي في قطر,longform-2026-10,10,False,,move,42,42,,False,False
10298,interior-furniture-moving-in-qatar,شركة نقل أثاث داخلي في قطر,https://www.rukn-eltatawer.com/qa/interior-furniture-moving-in-qatar/,national,move,1347,15,شركة نقل أثاث داخلي في قطر — تشخيص ثم نطاق مكتوب | ما المقصود بـ شركة نقل أثاث داخلي في قطر؟ | متى تحتاج إلى شركة نقل أثاث داخلي في قطر؟ | علامات الفحص في مباني قطر | لماذا يختلف التنفيذ في مناخ قطر؟ | الأسباب التي نراها بعد المعاينة | أنواع العمل داخل نقل أثاث داخلي | كيف ننفّذ نقل أثاث داخلي خطوة بخطوة؟ | أخطاء تؤجّل الحل | مقارنة بين عمل منظم وعمل عشوائي | التغطية في مدن قطر — بلا نسخ متطابقة | ما الذي لا نعد به في هذه الصفحة؟ | بعد التسليم | أسئلة شائعة حول هذه الخدمة | خلاصة شركة نقل أثاث داخلي في قطر,longform-2026-10,10,False,,move,42,42,,False,False
10295,furniture-moving-with-packing-in-qatar,شركة نقل عفش مع التغليف في قطر,https://www.rukn-eltatawer.com/qa/furniture-moving-with-packing-in-qatar/,national,move,1383,15,شركة نقل عفش مع التغليف في قطر — تشخيص ثم نطاق مكتوب | ما المقصود بـ شركة نقل عفش مع التغليف في قطر؟ | متى تحتاج إلى شركة نقل عفش مع التغليف في قطر؟ | علامات الفحص في مباني قطر | لماذا يختلف التنفيذ في مناخ قطر؟ | الأسباب التي نراها بعد المعاينة | أنواع العمل داخل نقل عفش مع التغليف | كيف ننفّذ نقل عفش مع التغليف خطوة بخطوة؟ | أخطاء تؤجّل الحل | مقارنة بين عمل منظم وعمل عشوائي | التغطية في مدن قطر — بلا نسخ متطابقة | ما الذي لا نعد به في هذه الصفحة؟ | بعد التسليم | أسئلة شائعة حول هذه الخدمة | خلاصة شركة نقل عفش مع التغليف في قطر,longform-2026-10,10,False,,move,76,76,,False,False
10293,home-plumber-in-qatar,سباك منازل في قطر,https://www.rukn-eltatawer.com/qa/home-plumber-in-qatar/,national,plumbing,1337,15,سباك منازل في قطر — تشخيص ثم نطاق مكتوب | ما المقصود بـ سباك منازل في قطر؟ | متى تحتاج إلى سباك منازل في قطر؟ | علامات الفحص في مباني قطر | لماذا يختلف التنفيذ في مناخ قطر؟ | الأسباب التي نراها بعد المعاينة | أنواع العمل داخل منازل | كيف ننفّذ منازل خطوة بخطوة؟ | أخطاء تؤجّل الحل | مقارنة بين عمل منظم وعمل عشوائي | التغطية في مدن قطر — بلا نسخ متطابقة | ما الذي لا نعد به في هذه الصفحة؟ | بعد التسليم | أسئلة شائعة حول هذه الخدمة | خلاصة سباك منازل في قطر,longform-2026-10,10,False,,garden,19,14,,False,False
10290,plumbing-maintenance-in-qatar,شركة صيانة سباكة في قطر,https://www.rukn-eltatawer.com/qa/plumbing-maintenance-in-qatar/,national,plumbing,1366,15,شركة صيانة سباكة في قطر — تشخيص ثم نطاق مكتوب | ما المقصود بـ شركة صيانة سباكة في قطر؟ | متى تحتاج إلى شركة صيانة سباكة في قطر؟ | علامات الفحص في مباني قطر | لماذا يختلف التنفيذ في مناخ قطر؟ | الأسباب التي نراها بعد المعاينة | أنواع العمل داخل صيانة سباكة | كيف ننفّذ صيانة سباكة خطوة بخطوة؟ | أخطاء تؤجّل الحل | مقارنة بين عمل منظم وعمل عشوائي | التغطية في مدن قطر — بلا نسخ متطابقة | ما الذي لا نعد به في هذه الصفحة؟ | بعد التسليم | أسئلة شائعة حول هذه الخدمة | خلاصة شركة صيانة سباكة في قطر,longform-2026-10,10,False,,plumbing,39,39,,False,False
10285,ac-duct-cleaning-and-maintenance-in-qatar,شركة تنظيف وصيانة دكتات المكيفات في قطر,https://www.rukn-eltatawer.com/qa/ac-duct-cleaning-and-maintenance-in-qatar/,national,duct,1381,15,شركة تنظيف وصيانة دكتات المكيفات في قطر — تشخيص ثم نطاق مكتوب | ما المقصود بـ شركة تنظيف وصيانة دكتات المكيفات في قطر؟ | متى تحتاج إلى شركة تنظيف وصيانة دكتات المكيفات في قطر؟ | علامات الفحص في مباني قطر | لماذا يختلف التنفيذ في مناخ قطر؟ | الأسباب التي نراها بعد المعاينة | أنواع العمل داخل تنظيف وصيانة دكتات المكيفات | كيف ننفّذ تنظيف وصيانة دكتات المكيفات خطوة بخطوة؟ | أخطاء تؤجّل الحل | مقارنة بين عمل منظم وعمل عشوائي | التغطية في مدن قطر — بلا نسخ متطابقة | ما الذي لا نعد به في هذه الصفحة؟ | بعد التسليم | أسئلة شائعة حول هذه الخدمة | خلاصة شركة تنظيف وصيانة دكتات المكيفات في قطر,longform-2026-10,10,False,,cleaning,45,43,,False,False
10280,ac-installation-and-maintenance-technician-in-qatar,فني تركيب وصيانة تكييف في قطر,https://www.rukn-eltatawer.com/qa/ac-installation-and-maintenance-technician-in-qatar/,national,ac,1424,15,فني تركيب وصيانة تكييف في قطر — تشخيص ثم نطاق مكتوب | ما المقصود بـ فني تركيب وصيانة تكييف في قطر؟ | متى تحتاج إلى فني تركيب وصيانة تكييف في قطر؟ | علامات الفحص في مباني قطر | لماذا يختلف التنفيذ في مناخ قطر؟ | الأسباب التي نراها بعد المعاينة | أنواع العمل داخل تركيب وصيانة تكييف | كيف ننفّذ تركيب وصيانة تكييف خطوة بخطوة؟ | أخطاء تؤجّل الحل | مقارنة بين عمل منظم وعمل عشوائي | التغطية في مدن قطر — بلا نسخ متطابقة | ما الذي لا نعد به في هذه الصفحة؟ | بعد التسليم | أسئلة شائعة حول هذه الخدمة | خلاصة فني تركيب وصيانة تكييف في قطر,longform-2026-10,10,False,,ac,44,44,,False,False
10269,central-air-conditioning-maintenance-in-qatar,شركة صيانة تكييف مركزي في قطر,https://www.rukn-eltatawer.com/qa/central-air-conditioning-maintenance-in-qatar/,national,ac,1424,15,شركة صيانة تكييف مركزي في قطر — تشخيص ثم نطاق مكتوب | ما المقصود بـ شركة صيانة تكييف مركزي في قطر؟ | متى تحتاج إلى شركة صيانة تكييف مركزي في قطر؟ | علامات الفحص في مباني قطر | لماذا يختلف التنفيذ في مناخ قطر؟ | الأسباب التي نراها بعد المعاينة | أنواع العمل داخل صيانة تكييف مركزي | كيف ننفّذ صيانة تكييف مركزي خطوة بخطوة؟ | أخطاء تؤجّل الحل | مقارنة بين عمل منظم وعمل عشوائي | التغطية في مدن قطر — بلا نسخ متطابقة | ما الذي لا نعد به في هذه الصفحة؟ | بعد التسليم | أسئلة شائعة حول هذه الخدمة | خلاصة شركة صيانة تكييف مركزي في قطر,longform-2026-10,10,False,,ac,44,44,,False,False
10277,termite-control-in-qatar,شركة مكافحة النمل الأبيض في قطر,https://www.rukn-eltatawer.com/qa/termite-control-in-qatar/,national,pest,1379,15,شركة مكافحة النمل الأبيض في قطر — تشخيص ثم نطاق مكتوب | ما المقصود بـ شركة مكافحة النمل الأبيض في قطر؟ | متى تحتاج إلى شركة مكافحة النمل الأبيض في قطر؟ | علامات الفحص في مباني قطر | لماذا يختلف التنفيذ في مناخ قطر؟ | الأسباب التي نراها بعد المعاينة | أنواع العمل داخل مكافحة النمل الأبيض | كيف ننفّذ مكافحة النمل الأبيض خطوة بخطوة؟ | أخطاء تؤجّل الحل | مقارنة بين عمل منظم وعمل عشوائي | التغطية في مدن قطر — بلا نسخ متطابقة | ما الذي لا نعد به في هذه الصفحة؟ | بعد التسليم | أسئلة شائعة حول هذه الخدمة | خلاصة شركة مكافحة النمل الأبيض في قطر,longform-2026-10,10,False,,pest,50,50,,False,False
10274,bed-bug-control-in-qatar,شركة مكافحة بق الفراش في قطر,https://www.rukn-eltatawer.com/qa/bed-bug-control-in-qatar/,national,pest,1379,15,شركة مكافحة بق الفراش في قطر — تشخيص ثم نطاق مكتوب | ما المقصود بـ شركة مكافحة بق الفراش في قطر؟ | متى تحتاج إلى شركة مكافحة بق الفراش في قطر؟ | علامات الفحص في مباني قطر | لماذا يختلف التنفيذ في مناخ قطر؟ | الأسباب التي نراها بعد المعاينة | أنواع العمل داخل مكافحة بق الفراش | كيف ننفّذ مكافحة بق الفراش خطوة بخطوة؟ | أخطاء تؤجّل الحل | مقارنة بين عمل منظم وعمل عشوائي | التغطية في مدن قطر — بلا نسخ متطابقة | ما الذي لا نعد به في هذه الصفحة؟ | بعد التسليم | أسئلة شائعة حول هذه الخدمة | خلاصة شركة مكافحة بق الفراش في قطر,longform-2026-10,10,False,,pest,50,50,,False,False
10267,apartment-cleaning-in-qatar,شركة تنظيف شقق في قطر,https://www.rukn-eltatawer.com/qa/apartment-cleaning-in-qatar/,national,cleaning,1330,15,شركة تنظيف شقق في قطر — تشخيص ثم نطاق مكتوب | ما المقصود بـ شركة تنظيف شقق في قطر؟ | متى تحتاج إلى شركة تنظيف شقق في قطر؟ | علامات الفحص في مباني قطر | لماذا يختلف التنفيذ في مناخ قطر؟ | الأسباب التي نراها بعد المعاينة | أنواع العمل داخل تنظيف شقق | كيف ننفّذ تنظيف شقق خطوة بخطوة؟ | أخطاء تؤجّل الحل | مقارنة بين عمل منظم وعمل عشوائي | التغطية في مدن قطر — بلا نسخ متطابقة | ما الذي لا نعد به في هذه الصفحة؟ | بعد التسليم | أسئلة شائعة حول هذه الخدمة | خلاصة شركة تنظيف شقق في قطر,longform-2026-10,10,False,,cleaning,46,46,,False,False
10264,villa-cleaning-in-qatar,شركة تنظيف فلل في قطر,https://www.rukn-eltatawer.com/qa/villa-cleaning-in-qatar/,national,cleaning,1327,15,شركة تنظيف فلل في قطر — تشخيص ثم نطاق مكتوب | ما المقصود بـ شركة تنظيف فلل في قطر؟ | متى تحتاج إلى شركة تنظيف فلل في قطر؟ | علامات الفحص في مباني قطر | لماذا يختلف التنفيذ في مناخ قطر؟ | الأسباب التي نراها بعد المعاينة | أنواع العمل داخل تنظيف فلل | كيف ننفّذ تنظيف فلل خطوة بخطوة؟ | أخطاء تؤجّل الحل | مقارنة بين عمل منظم وعمل عشوائي | التغطية في مدن قطر — بلا نسخ متطابقة | ما الذي لا نعد به في هذه الصفحة؟ | بعد التسليم | أسئلة شائعة حول هذه الخدمة | خلاصة شركة تنظيف فلل في قطر,longform-2026-10,10,False,,cleaning,46,46,,False,False
10261,pest-control-in-qatar,شركة مكافحة حشرات في قطر,https://www.rukn-eltatawer.com/qa/pest-control-in-qatar/,national,pest,1351,15,شركة مكافحة حشرات في قطر — تشخيص ثم نطاق مكتوب | ما المقصود بـ شركة مكافحة حشرات في قطر؟ | متى تحتاج إلى شركة مكافحة حشرات في قطر؟ | علامات الفحص في مباني قطر | لماذا يختلف التنفيذ في مناخ قطر؟ | الأسباب التي نراها بعد المعاينة | أنواع العمل داخل مكافحة حشرات | كيف ننفّذ مكافحة حشرات خطوة بخطوة؟ | أخطاء تؤجّل الحل | مقارنة بين عمل منظم وعمل عشوائي | التغطية في مدن قطر — بلا نسخ متطابقة | ما الذي لا نعد به في هذه الصفحة؟ | بعد التسليم | أسئلة شائعة حول هذه الخدمة | خلاصة شركة مكافحة حشرات في قطر,longform-2026-10,10,False,,pest,50,50,,False,False
10254,split-ac-maintenance-in-qatar,شركة صيانة مكيفات سبليت في قطر,https://www.rukn-eltatawer.com/qa/split-ac-maintenance-in-qatar/,national,ac,1424,15,شركة صيانة مكيفات سبليت في قطر — تشخيص ثم نطاق مكتوب | ما المقصود بـ شركة صيانة مكيفات سبليت في قطر؟ | متى تحتاج إلى شركة صيانة مكيفات سبليت في قطر؟ | علامات الفحص في مباني قطر | لماذا يختلف التنفيذ في مناخ قطر؟ | الأسباب التي نراها بعد المعاينة | أنواع العمل داخل صيانة مكيفات سبليت | كيف ننفّذ صيانة مكيفات سبليت خطوة بخطوة؟ | أخطاء تؤجّل الحل | مقارنة بين عمل منظم وعمل عشوائي | التغطية في مدن قطر — بلا نسخ متطابقة | ما الذي لا نعد به في هذه الصفحة؟ | بعد التسليم | أسئلة شائعة حول هذه الخدمة | خلاصة شركة صيانة مكيفات سبليت في قطر,longform-2026-10,10,False,,ac,69,69,,False,False
2973,water-leak-detection-company-in-qatar,شركة كشف تسربات المياه في قطر,https://www.rukn-eltatawer.com/qa/water-leak-detection-company-in-qatar/,locked-leak,general,3844,15,لماذا أصبح البحث عن شركة كشف تسربات المياه في قطر ضرورة حتمية؟ | الأعراض والمخاطر الصامتة | أسرع شركة كشف تسربات المياه في قطر 💧 | لا تدع التسريب يدمر ميزانيتك! | الحلول الهندسية المتقدمة | أحدث شركة كشف تسربات المياه في قطر 2026 💧 | الأخطاء القاتلة في السباكة | نصائح شركة كشف تسربات المياه في قطر 💧 | خدمات وأسعار شركة كشف تسربات المياه في قطر 2026 💧 | لماذا نحن أفضل شركة كشف تسربات المياه في قطر؟ 💧 | الخاتمة | احجز الآن مع أفضل شركة كشف تسربات المياه في قطر 💧 | أفضل شركة كشف تسربات المياه في قطر | أهمية كشف تسربات المياه: حماية لمنزلك واستثمارك | تقنيات كشف تسربات المياه في قطر | خدمات شركة ركن التطور في قطر | أحدث التقنيات في مجال معالجة التسربات في قطر | باقة خدمات شركة ركن التطور في الدوحة | هل أنت مستعد لوقف النزيف المالي وحماية منزلك؟,ranking-original,2,False,,garden,115,0,,False,True
