title,url,word_count,problem_category,notes
شركة تسليك مجاري في الشحانية,https://www.rukn-eltatawer.com/qa/sewerage-company-in-al-shahaniya/,230,"critical_thin,template_boilerplate,local_doorway_variant,city_variant_similar,keyword_cannibalization,no_h1_in_body",محتوى هزيل جداً (230 كلمة) ؛ نفس الهيكل العناوين في 905 صفحة (hash cb24e6f8b3f9) ؛ صفحة مدينة×خدمة من مولّد الشبكة — تغطية محلية لكن خطر doorway/تكرار ؛ نفس جذع الخدمة `sewerage-company-in` على 9 URL ؛ لا H1 داخل جسم المقال (قد يعتمد على عنوان القالب)
شركة تسليك مجاري في الشمال,https://www.rukn-eltatawer.com/qa/sewerage-company-in-al-shamal/,231,"critical_thin,template_boilerplate,local_doorway_variant,city_variant_similar,keyword_cannibalization,no_h1_in_body",محتوى هزيل جداً (231 كلمة) ؛ نفس الهيكل العناوين في 905 صفحة (hash cb24e6f8b3f9) ؛ صفحة مدينة×خدمة من مولّد الشبكة — تغطية محلية لكن خطر doorway/تكرار ؛ نفس جذع الخدمة `sewerage-company-in` على 9 URL ؛ لا H1 داخل جسم المقال (قد يعتمد على عنوان القالب)
شركة تسليك مجاري في الظعاين,https://www.rukn-eltatawer.com/qa/sewerage-company-in-al-daayen/,216,"critical_thin,template_boilerplate,local_doorway_variant,city_variant_similar,keyword_cannibalization,no_h1_in_body",محتوى هزيل جداً (216 كلمة) ؛ نفس الهيكل العناوين في 905 صفحة (hash cb24e6f8b3f9) ؛ صفحة مدينة×خدمة من مولّد الشبكة — تغطية محلية لكن خطر doorway/تكرار ؛ نفس جذع الخدمة `sewerage-company-in` على 9 URL ؛ لا H1 داخل جسم المقال (قد يعتمد على عنوان القالب)
شركة تسليك مجاري في أم صلال والخيسة,https://www.rukn-eltatawer.com/qa/sewerage-company-in-umm-salal/,243,"critical_thin,template_boilerplate,local_doorway_variant,city_variant_similar,keyword_cannibalization,no_h1_in_body",محتوى هزيل جداً (243 كلمة) ؛ نفس الهيكل العناوين في 868 صفحة (hash a6b89d30b159) ؛ صفحة مدينة×خدمة من مولّد الشبكة — تغطية محلية لكن خطر doorway/تكرار ؛ نفس جذع الخدمة `sewerage-company-in` على 9 URL ؛ لا H1 داخل جسم المقال (قد يعتمد على عنوان القالب)
شركة تسليك مجاري في الخور,https://www.rukn-eltatawer.com/qa/sewerage-company-in-al-khor/,223,"critical_thin,template_boilerplate,local_doorway_variant,city_variant_similar,keyword_cannibalization,no_h1_in_body",محتوى هزيل جداً (223 كلمة) ؛ نفس الهيكل العناوين في 868 صفحة (hash a6b89d30b159) ؛ صفحة مدينة×خدمة من مولّد الشبكة — تغطية محلية لكن خطر doorway/تكرار ؛ نفس جذع الخدمة `sewerage-company-in` على 9 URL ؛ لا H1 داخل جسم المقال (قد يعتمد على عنوان القالب)
شركة تسليك مجاري في الوكرة,https://www.rukn-eltatawer.com/qa/sewerage-company-in-al-wakrah/,214,"critical_thin,template_boilerplate,local_doorway_variant,keyword_cannibalization,no_h1_in_body",محتوى هزيل جداً (214 كلمة) ؛ نفس الهيكل العناوين في 868 صفحة (hash a6b89d30b159) ؛ صفحة مدينة×خدمة من مولّد الشبكة — تغطية محلية لكن خطر doorway/تكرار ؛ نفس جذع الخدمة `sewerage-company-in` على 9 URL ؛ لا H1 داخل جسم المقال (قد يعتمد على عنوان القالب)
شركة تسليك مجاري في الريان,https://www.rukn-eltatawer.com/qa/sewerage-company-in-al-rayyan/,229,"critical_thin,template_boilerplate,local_doorway_variant,city_variant_similar,keyword_cannibalization,no_h1_in_body",محتوى هزيل جداً (229 كلمة) ؛ نفس الهيكل العناوين في 905 صفحة (hash cb24e6f8b3f9) ؛ صفحة مدينة×خدمة من مولّد الشبكة — تغطية محلية لكن خطر doorway/تكرار ؛ نفس جذع الخدمة `sewerage-company-in` على 9 URL ؛ لا H1 داخل جسم المقال (قد يعتمد على عنوان القالب)
شركة عقود صيانة تكييف دورية في لوسيل,https://www.rukn-eltatawer.com/qa/ac-periodic-maintenance-contracts-lusail/,239,"critical_thin,template_boilerplate,local_doorway_variant,city_variant_similar,keyword_cannibalization,no_h1_in_body",محتوى هزيل جداً (239 كلمة) ؛ نفس الهيكل العناوين في 905 صفحة (hash cb24e6f8b3f9) ؛ صفحة مدينة×خدمة من مولّد الشبكة — تغطية محلية لكن خطر doorway/تكرار ؛ نفس جذع الخدمة `ac-periodic-maintenance-contracts` على 9 URL ؛ لا H1 داخل جسم المقال (قد يعتمد على عنوان القالب)
شركة صيانة ثلاجات وتبريد تجاري في لوسيل,https://www.rukn-eltatawer.com/qa/commercial-refrigeration-maintenance-lusail/,246,"critical_thin,template_boilerplate,local_doorway_variant,keyword_cannibalization,no_h1_in_body",محتوى هزيل جداً (246 كلمة) ؛ نفس الهيكل العناوين في 905 صفحة (hash cb24e6f8b3f9) ؛ صفحة مدينة×خدمة من مولّد الشبكة — تغطية محلية لكن خطر doorway/تكرار ؛ نفس جذع الخدمة `commercial-refrigeration-maintenance` على 9 URL ؛ لا H1 داخل جسم المقال (قد يعتمد على عنوان القالب)
شركة كشف أعطال تبريد في لوسيل,https://www.rukn-eltatawer.com/qa/cooling-fault-detection-lusail/,221,"critical_thin,template_boilerplate,local_doorway_variant,city_variant_similar,keyword_cannibalization,no_h1_in_body",محتوى هزيل جداً (221 كلمة) ؛ نفس الهيكل العناوين في 868 صفحة (hash a6b89d30b159) ؛ صفحة مدينة×خدمة من مولّد الشبكة — تغطية محلية لكن خطر doorway/تكرار ؛ نفس جذع الخدمة `cooling-fault-detection` على 9 URL ؛ لا H1 داخل جسم المقال (قد يعتمد على عنوان القالب)
شركة تركيب تكييف مركزي جديد في لوسيل,https://www.rukn-eltatawer.com/qa/new-central-ac-installation-lusail/,239,"critical_thin,template_boilerplate,local_doorway_variant,city_variant_similar,keyword_cannibalization,no_h1_in_body",محتوى هزيل جداً (239 كلمة) ؛ نفس الهيكل العناوين في 905 صفحة (hash cb24e6f8b3f9) ؛ صفحة مدينة×خدمة من مولّد الشبكة — تغطية محلية لكن خطر doorway/تكرار ؛ نفس جذع الخدمة `new-central-ac-installation` على 9 URL ؛ لا H1 داخل جسم المقال (قد يعتمد على عنوان القالب)
شركة صيانة دكتات التكييف في لوسيل,https://www.rukn-eltatawer.com/qa/ac-duct-maintenance-lusail/,238,"critical_thin,template_boilerplate,local_doorway_variant,city_variant_similar,keyword_cannibalization,no_h1_in_body",محتوى هزيل جداً (238 كلمة) ؛ نفس الهيكل العناوين في 905 صفحة (hash cb24e6f8b3f9) ؛ صفحة مدينة×خدمة من مولّد الشبكة — تغطية محلية لكن خطر doorway/تكرار ؛ نفس جذع الخدمة `ac-duct-maintenance` على 9 URL ؛ لا H1 داخل جسم المقال (قد يعتمد على عنوان القالب)
شركة نقل وتركيب مكيفات في لوسيل,https://www.rukn-eltatawer.com/qa/ac-relocation-installation-lusail/,221,"critical_thin,template_boilerplate,local_doorway_variant,city_variant_similar,keyword_cannibalization,no_h1_in_body",محتوى هزيل جداً (221 كلمة) ؛ نفس الهيكل العناوين في 868 صفحة (hash a6b89d30b159) ؛ صفحة مدينة×خدمة من مولّد الشبكة — تغطية محلية لكن خطر doorway/تكرار ؛ نفس جذع الخدمة `ac-relocation-installation` على 9 URL ؛ لا H1 داخل جسم المقال (قد يعتمد على عنوان القالب)
شركة غسيل وتنظيف مكيفات في لوسيل,https://www.rukn-eltatawer.com/qa/ac-cleaning-washing-lusail/,230,"critical_thin,template_boilerplate,local_doorway_variant,city_variant_similar,keyword_cannibalization,no_h1_in_body",محتوى هزيل جداً (230 كلمة) ؛ نفس الهيكل العناوين في 868 صفحة (hash a6b89d30b159) ؛ صفحة مدينة×خدمة من مولّد الشبكة — تغطية محلية لكن خطر doorway/تكرار ؛ نفس جذع الخدمة `ac-cleaning-washing` على 9 URL ؛ لا H1 داخل جسم المقال (قد يعتمد على عنوان القالب)
شركة تعبئة فريون مكيفات في لوسيل,https://www.rukn-eltatawer.com/qa/ac-freon-refill-lusail/,242,"critical_thin,template_boilerplate,local_doorway_variant,city_variant_similar,keyword_cannibalization,no_h1_in_body",محتوى هزيل جداً (242 كلمة) ؛ نفس الهيكل العناوين في 905 صفحة (hash cb24e6f8b3f9) ؛ صفحة مدينة×خدمة من مولّد الشبكة — تغطية محلية لكن خطر doorway/تكرار ؛ نفس جذع الخدمة `ac-freon-refill` على 9 URL ؛ لا H1 داخل جسم المقال (قد يعتمد على عنوان القالب)
شركة تركيب وحدات تكييف نافذة في لوسيل,https://www.rukn-eltatawer.com/qa/window-ac-installation-lusail/,230,"critical_thin,template_boilerplate,local_doorway_variant,city_variant_similar,keyword_cannibalization,no_h1_in_body",محتوى هزيل جداً (230 كلمة) ؛ نفس الهيكل العناوين في 905 صفحة (hash cb24e6f8b3f9) ؛ صفحة مدينة×خدمة من مولّد الشبكة — تغطية محلية لكن خطر doorway/تكرار ؛ نفس جذع الخدمة `window-ac-installation` على 9 URL ؛ لا H1 داخل جسم المقال (قد يعتمد على عنوان القالب)
شركة تركيب مكيفات سبليت في لوسيل,https://www.rukn-eltatawer.com/qa/split-ac-installation-lusail/,221,"critical_thin,template_boilerplate,local_doorway_variant,city_variant_similar,keyword_cannibalization,no_h1_in_body",محتوى هزيل جداً (221 كلمة) ؛ نفس الهيكل العناوين في 868 صفحة (hash a6b89d30b159) ؛ صفحة مدينة×خدمة من مولّد الشبكة — تغطية محلية لكن خطر doorway/تكرار ؛ نفس جذع الخدمة `split-ac-installation` على 9 URL ؛ لا H1 داخل جسم المقال (قد يعتمد على عنوان القالب)
شركة كشف وإصلاح أعطال السباكة في لوسيل,https://www.rukn-eltatawer.com/qa/plumbing-fault-repair-lusail/,226,"critical_thin,template_boilerplate,local_doorway_variant,city_variant_similar,keyword_cannibalization,no_h1_in_body",محتوى هزيل جداً (226 كلمة) ؛ نفس الهيكل العناوين في 905 صفحة (hash cb24e6f8b3f9) ؛ صفحة مدينة×خدمة من مولّد الشبكة — تغطية محلية لكن خطر doorway/تكرار ؛ نفس جذع الخدمة `plumbing-fault-repair` على 9 URL ؛ لا H1 داخل جسم المقال (قد يعتمد على عنوان القالب)
شركة تركيب وصيانة سخانات مركزية في لوسيل,https://www.rukn-eltatawer.com/qa/central-heater-installation-maintenance-lusail/,227,"critical_thin,template_boilerplate,local_doorway_variant,city_variant_similar,keyword_cannibalization,no_h1_in_body",محتوى هزيل جداً (227 كلمة) ؛ نفس الهيكل العناوين في 868 صفحة (hash a6b89d30b159) ؛ صفحة مدينة×خدمة من مولّد الشبكة — تغطية محلية لكن خطر doorway/تكرار ؛ نفس جذع الخدمة `central-heater-installation-maintenance` على 9 URL ؛ لا H1 داخل جسم المقال (قد يعتمد على عنوان القالب)
شركة صيانة مضخات مياه في لوسيل,https://www.rukn-eltatawer.com/qa/water-pump-maintenance-lusail/,238,"critical_thin,template_boilerplate,local_doorway_variant,city_variant_similar,keyword_cannibalization,no_h1_in_body",محتوى هزيل جداً (238 كلمة) ؛ نفس الهيكل العناوين في 905 صفحة (hash cb24e6f8b3f9) ؛ صفحة مدينة×خدمة من مولّد الشبكة — تغطية محلية لكن خطر doorway/تكرار ؛ نفس جذع الخدمة `water-pump-maintenance` على 9 URL ؛ لا H1 داخل جسم المقال (قد يعتمد على عنوان القالب)
شركة تأسيس كهرباء وسباكة لمبنى جديد في لوسيل,https://www.rukn-eltatawer.com/qa/new-building-electrical-plumbing-lusail/,232,"critical_thin,template_boilerplate,local_doorway_variant,city_variant_similar,keyword_cannibalization,no_h1_in_body",محتوى هزيل جداً (232 كلمة) ؛ نفس الهيكل العناوين في 868 صفحة (hash a6b89d30b159) ؛ صفحة مدينة×خدمة من مولّد الشبكة — تغطية محلية لكن خطر doorway/تكرار ؛ نفس جذع الخدمة `new-building-electrical-plumbing` على 9 URL ؛ لا H1 داخل جسم المقال (قد يعتمد على عنوان القالب)
شركة كهربائي طوارئ 24 ساعة في لوسيل,https://www.rukn-eltatawer.com/qa/24h-emergency-electrician-lusail/,233,"critical_thin,template_boilerplate,local_doorway_variant,city_variant_similar,keyword_cannibalization,no_h1_in_body",محتوى هزيل جداً (233 كلمة) ؛ نفس الهيكل العناوين في 868 صفحة (hash a6b89d30b159) ؛ صفحة مدينة×خدمة من مولّد الشبكة — تغطية محلية لكن خطر doorway/تكرار ؛ نفس جذع الخدمة `24h-emergency-electrician` على 9 URL ؛ لا H1 داخل جسم المقال (قد يعتمد على عنوان القالب)
شركة تركيب أدوات صحية في لوسيل,https://www.rukn-eltatawer.com/qa/sanitary-fixtures-installation-lusail/,238,"critical_thin,template_boilerplate,local_doorway_variant,city_variant_similar,keyword_cannibalization,no_h1_in_body",محتوى هزيل جداً (238 كلمة) ؛ نفس الهيكل العناوين في 905 صفحة (hash cb24e6f8b3f9) ؛ صفحة مدينة×خدمة من مولّد الشبكة — تغطية محلية لكن خطر doorway/تكرار ؛ نفس جذع الخدمة `sanitary-fixtures-installation` على 9 URL ؛ لا H1 داخل جسم المقال (قد يعتمد على عنوان القالب)
شركة صيانة مواسير صرف صحي في لوسيل,https://www.rukn-eltatawer.com/qa/drainage-pipe-maintenance-lusail/,226,"critical_thin,template_boilerplate,local_doorway_variant,city_variant_similar,keyword_cannibalization,no_h1_in_body",محتوى هزيل جداً (226 كلمة) ؛ نفس الهيكل العناوين في 905 صفحة (hash cb24e6f8b3f9) ؛ صفحة مدينة×خدمة من مولّد الشبكة — تغطية محلية لكن خطر doorway/تكرار ؛ نفس جذع الخدمة `drainage-pipe-maintenance` على 9 URL ؛ لا H1 داخل جسم المقال (قد يعتمد على عنوان القالب)
شركة تركيب سخانات مياه في لوسيل,https://www.rukn-eltatawer.com/qa/water-heater-installation-lusail/,230,"critical_thin,template_boilerplate,local_doorway_variant,city_variant_similar,keyword_cannibalization,no_h1_in_body",محتوى هزيل جداً (230 كلمة) ؛ نفس الهيكل العناوين في 868 صفحة (hash a6b89d30b159) ؛ صفحة مدينة×خدمة من مولّد الشبكة — تغطية محلية لكن خطر doorway/تكرار ؛ نفس جذع الخدمة `water-heater-installation` على 9 URL ؛ لا H1 داخل جسم المقال (قد يعتمد على عنوان القالب)
شركة كشف تسريبات مواسير مياه في لوسيل,https://www.rukn-eltatawer.com/qa/water-pipe-leak-detection-lusail/,260,"critical_thin,template_boilerplate,local_doorway_variant,city_variant_similar,keyword_cannibalization,no_h1_in_body",محتوى هزيل جداً (260 كلمة) ؛ نفس الهيكل العناوين في 868 صفحة (hash a6b89d30b159) ؛ صفحة مدينة×خدمة من مولّد الشبكة — تغطية محلية لكن خطر doorway/تكرار ؛ نفس جذع الخدمة `water-pipe-leak-detection` على 9 URL ؛ لا H1 داخل جسم المقال (قد يعتمد على عنوان القالب)
شركة سباك منازل في لوسيل,https://www.rukn-eltatawer.com/qa/home-plumber-elec-lusail/,224,"critical_thin,template_boilerplate,local_doorway_variant,city_variant_similar,keyword_cannibalization,no_h1_in_body",محتوى هزيل جداً (224 كلمة) ؛ نفس الهيكل العناوين في 905 صفحة (hash cb24e6f8b3f9) ؛ صفحة مدينة×خدمة من مولّد الشبكة — تغطية محلية لكن خطر doorway/تكرار ؛ نفس جذع الخدمة `home-plumber-elec` على 9 URL ؛ لا H1 داخل جسم المقال (قد يعتمد على عنوان القالب)
شركة تركيب إنارة داخلية وخارجية في لوسيل,https://www.rukn-eltatawer.com/qa/indoor-outdoor-lighting-installation-lusail/,228,"critical_thin,template_boilerplate,local_doorway_variant,city_variant_similar,keyword_cannibalization,no_h1_in_body",محتوى هزيل جداً (228 كلمة) ؛ نفس الهيكل العناوين في 905 صفحة (hash cb24e6f8b3f9) ؛ صفحة مدينة×خدمة من مولّد الشبكة — تغطية محلية لكن خطر doorway/تكرار ؛ نفس جذع الخدمة `indoor-outdoor-lighting-installation` على 9 URL ؛ لا H1 داخل جسم المقال (قد يعتمد على عنوان القالب)
شركة كشف أعطال كهرباء في لوسيل,https://www.rukn-eltatawer.com/qa/electrical-fault-detection-lusail/,219,"critical_thin,template_boilerplate,local_doorway_variant,city_variant_similar,keyword_cannibalization,no_h1_in_body",محتوى هزيل جداً (219 كلمة) ؛ نفس الهيكل العناوين في 868 صفحة (hash a6b89d30b159) ؛ صفحة مدينة×خدمة من مولّد الشبكة — تغطية محلية لكن خطر doorway/تكرار ؛ نفس جذع الخدمة `electrical-fault-detection` على 9 URL ؛ لا H1 داخل جسم المقال (قد يعتمد على عنوان القالب)
شركة تمديدات كهربائية جديدة في لوسيل,https://www.rukn-eltatawer.com/qa/new-electrical-wiring-lusail/,240,"critical_thin,template_boilerplate,local_doorway_variant,city_variant_similar,keyword_cannibalization,no_h1_in_body",محتوى هزيل جداً (240 كلمة) ؛ نفس الهيكل العناوين في 905 صفحة (hash cb24e6f8b3f9) ؛ صفحة مدينة×خدمة من مولّد الشبكة — تغطية محلية لكن خطر doorway/تكرار ؛ نفس جذع الخدمة `new-electrical-wiring` على 9 URL ؛ لا H1 داخل جسم المقال (قد يعتمد على عنوان القالب)
شركة صيانة لوحات كهرباء في لوسيل,https://www.rukn-eltatawer.com/qa/electric-panel-maintenance-lusail/,240,"critical_thin,template_boilerplate,local_doorway_variant,city_variant_similar,keyword_cannibalization,no_h1_in_body",محتوى هزيل جداً (240 كلمة) ؛ نفس الهيكل العناوين في 905 صفحة (hash cb24e6f8b3f9) ؛ صفحة مدينة×خدمة من مولّد الشبكة — تغطية محلية لكن خطر doorway/تكرار ؛ نفس جذع الخدمة `electric-panel-maintenance` على 9 URL ؛ لا H1 داخل جسم المقال (قد يعتمد على عنوان القالب)
شركة كهربائي منازل في لوسيل,https://www.rukn-eltatawer.com/qa/home-electrician-elec-lusail/,235,"critical_thin,template_boilerplate,local_doorway_variant,city_variant_similar,keyword_cannibalization,no_h1_in_body",محتوى هزيل جداً (235 كلمة) ؛ نفس الهيكل العناوين في 905 صفحة (hash cb24e6f8b3f9) ؛ صفحة مدينة×خدمة من مولّد الشبكة — تغطية محلية لكن خطر doorway/تكرار ؛ نفس جذع الخدمة `home-electrician-elec` على 9 URL ؛ لا H1 داخل جسم المقال (قد يعتمد على عنوان القالب)
شركة صيانة ودهان بعد التسريبات في لوسيل,https://www.rukn-eltatawer.com/qa/post-leak-repaint-maintenance-lusail/,256,"critical_thin,template_boilerplate,local_doorway_variant,city_variant_similar,keyword_cannibalization,no_h1_in_body",محتوى هزيل جداً (256 كلمة) ؛ نفس الهيكل العناوين في 868 صفحة (hash a6b89d30b159) ؛ صفحة مدينة×خدمة من مولّد الشبكة — تغطية محلية لكن خطر doorway/تكرار ؛ نفس جذع الخدمة `post-leak-repaint-maintenance` على 9 URL ؛ لا H1 داخل جسم المقال (قد يعتمد على عنوان القالب)
شركة دهان أبواب وشبابيك خشبية في لوسيل,https://www.rukn-eltatawer.com/qa/wood-doors-windows-painting-lusail/,212,"critical_thin,template_boilerplate,local_doorway_variant,city_variant_similar,keyword_cannibalization,no_h1_in_body",محتوى هزيل جداً (212 كلمة) ؛ نفس الهيكل العناوين في 868 صفحة (hash a6b89d30b159) ؛ صفحة مدينة×خدمة من مولّد الشبكة — تغطية محلية لكن خطر doorway/تكرار ؛ نفس جذع الخدمة `wood-doors-windows-painting` على 9 URL ؛ لا H1 داخل جسم المقال (قد يعتمد على عنوان القالب)
شركة دهانات ديكورية وتأثيرات جدارية في لوسيل,https://www.rukn-eltatawer.com/qa/decorative-wall-effects-lusail/,212,"critical_thin,template_boilerplate,local_doorway_variant,city_variant_similar,keyword_cannibalization,no_h1_in_body",محتوى هزيل جداً (212 كلمة) ؛ نفس الهيكل العناوين في 868 صفحة (hash a6b89d30b159) ؛ صفحة مدينة×خدمة من مولّد الشبكة — تغطية محلية لكن خطر doorway/تكرار ؛ نفس جذع الخدمة `decorative-wall-effects` على 9 URL ؛ لا H1 داخل جسم المقال (قد يعتمد على عنوان القالب)
شركة رش بويات كهربائي في لوسيل,https://www.rukn-eltatawer.com/qa/electric-spray-painting-lusail/,236,"critical_thin,template_boilerplate,local_doorway_variant,city_variant_similar,keyword_cannibalization,no_h1_in_body",محتوى هزيل جداً (236 كلمة) ؛ نفس الهيكل العناوين في 905 صفحة (hash cb24e6f8b3f9) ؛ صفحة مدينة×خدمة من مولّد الشبكة — تغطية محلية لكن خطر doorway/تكرار ؛ نفس جذع الخدمة `electric-spray-painting` على 9 URL ؛ لا H1 داخل جسم المقال (قد يعتمد على عنوان القالب)
شركة إزالة دهان قديم وتحضير أسطح في لوسيل,https://www.rukn-eltatawer.com/qa/paint-removal-surface-prep-lusail/,226,"critical_thin,template_boilerplate,local_doorway_variant,city_variant_similar,keyword_cannibalization,no_h1_in_body",محتوى هزيل جداً (226 كلمة) ؛ نفس الهيكل العناوين في 868 صفحة (hash a6b89d30b159) ؛ صفحة مدينة×خدمة من مولّد الشبكة — تغطية محلية لكن خطر doorway/تكرار ؛ نفس جذع الخدمة `paint-removal-surface-prep` على 9 URL ؛ لا H1 داخل جسم المقال (قد يعتمد على عنوان القالب)
شركة دهان مكاتب وشركات في لوسيل,https://www.rukn-eltatawer.com/qa/office-painting-lusail/,219,"critical_thin,template_boilerplate,local_doorway_variant,city_variant_similar,keyword_cannibalization,no_h1_in_body",محتوى هزيل جداً (219 كلمة) ؛ نفس الهيكل العناوين في 905 صفحة (hash cb24e6f8b3f9) ؛ صفحة مدينة×خدمة من مولّد الشبكة — تغطية محلية لكن خطر doorway/تكرار ؛ نفس جذع الخدمة `office-painting` على 9 URL ؛ لا H1 داخل جسم المقال (قد يعتمد على عنوان القالب)
شركة تشطيب ودهان فلل جديدة في لوسيل,https://www.rukn-eltatawer.com/qa/new-villa-finishing-painting-lusail/,221,"critical_thin,template_boilerplate,local_doorway_variant,city_variant_similar,keyword_cannibalization,no_h1_in_body",محتوى هزيل جداً (221 كلمة) ؛ نفس الهيكل العناوين في 868 صفحة (hash a6b89d30b159) ؛ صفحة مدينة×خدمة من مولّد الشبكة — تغطية محلية لكن خطر doorway/تكرار ؛ نفس جذع الخدمة `new-villa-finishing-painting` على 9 URL ؛ لا H1 داخل جسم المقال (قد يعتمد على عنوان القالب)
شركة عزل ودهان أسطح في لوسيل,https://www.rukn-eltatawer.com/qa/roof-insulation-painting-lusail/,232,"critical_thin,template_boilerplate,local_doorway_variant,city_variant_similar,keyword_cannibalization,no_h1_in_body",محتوى هزيل جداً (232 كلمة) ؛ نفس الهيكل العناوين في 868 صفحة (hash a6b89d30b159) ؛ صفحة مدينة×خدمة من مولّد الشبكة — تغطية محلية لكن خطر doorway/تكرار ؛ نفس جذع الخدمة `roof-insulation-painting` على 9 URL ؛ لا H1 داخل جسم المقال (قد يعتمد على عنوان القالب)
شركة دهان بويات عالية الجودة في لوسيل,https://www.rukn-eltatawer.com/qa/premium-paint-finishing-lusail/,220,"critical_thin,template_boilerplate,local_doorway_variant,city_variant_similar,keyword_cannibalization,no_h1_in_body",محتوى هزيل جداً (220 كلمة) ؛ نفس الهيكل العناوين في 905 صفحة (hash cb24e6f8b3f9) ؛ صفحة مدينة×خدمة من مولّد الشبكة — تغطية محلية لكن خطر doorway/تكرار ؛ نفس جذع الخدمة `premium-paint-finishing` على 9 URL ؛ لا H1 داخل جسم المقال (قد يعتمد على عنوان القالب)
شركة ديكورات جبس بورد في لوسيل,https://www.rukn-eltatawer.com/qa/gypsum-board-decor-lusail/,220,"critical_thin,template_boilerplate,local_doorway_variant,city_variant_similar,keyword_cannibalization,no_h1_in_body",محتوى هزيل جداً (220 كلمة) ؛ نفس الهيكل العناوين في 868 صفحة (hash a6b89d30b159) ؛ صفحة مدينة×خدمة من مولّد الشبكة — تغطية محلية لكن خطر doorway/تكرار ؛ نفس جذع الخدمة `gypsum-board-decor` على 9 URL ؛ لا H1 داخل جسم المقال (قد يعتمد على عنوان القالب)
شركة تركيب ورق حائط في لوسيل,https://www.rukn-eltatawer.com/qa/wallpaper-installation-lusail/,220,"critical_thin,template_boilerplate,local_doorway_variant,city_variant_similar,keyword_cannibalization,no_h1_in_body",محتوى هزيل جداً (220 كلمة) ؛ نفس الهيكل العناوين في 868 صفحة (hash a6b89d30b159) ؛ صفحة مدينة×خدمة من مولّد الشبكة — تغطية محلية لكن خطر doorway/تكرار ؛ نفس جذع الخدمة `wallpaper-installation` على 9 URL ؛ لا H1 داخل جسم المقال (قد يعتمد على عنوان القالب)
شركة دهان واجهات خارجية في لوسيل,https://www.rukn-eltatawer.com/qa/exterior-facade-painting-lusail/,219,"critical_thin,template_boilerplate,local_doorway_variant,city_variant_similar,keyword_cannibalization,no_h1_in_body",محتوى هزيل جداً (219 كلمة) ؛ نفس الهيكل العناوين في 905 صفحة (hash cb24e6f8b3f9) ؛ صفحة مدينة×خدمة من مولّد الشبكة — تغطية محلية لكن خطر doorway/تكرار ؛ نفس جذع الخدمة `exterior-facade-painting` على 9 URL ؛ لا H1 داخل جسم المقال (قد يعتمد على عنوان القالب)
شركة دهان فلل في لوسيل,https://www.rukn-eltatawer.com/qa/villa-painting-lusail/,223,"critical_thin,template_boilerplate,local_doorway_variant,city_variant_similar,keyword_cannibalization,no_h1_in_body",محتوى هزيل جداً (223 كلمة) ؛ نفس الهيكل العناوين في 868 صفحة (hash a6b89d30b159) ؛ صفحة مدينة×خدمة من مولّد الشبكة — تغطية محلية لكن خطر doorway/تكرار ؛ نفس جذع الخدمة `villa-painting` على 9 URL ؛ لا H1 داخل جسم المقال (قد يعتمد على عنوان القالب)
شركة دهان شقق في لوسيل,https://www.rukn-eltatawer.com/qa/apartment-painting-lusail/,227,"critical_thin,template_boilerplate,local_doorway_variant,city_variant_similar,keyword_cannibalization,no_h1_in_body",محتوى هزيل جداً (227 كلمة) ؛ نفس الهيكل العناوين في 905 صفحة (hash cb24e6f8b3f9) ؛ صفحة مدينة×خدمة من مولّد الشبكة — تغطية محلية لكن خطر doorway/تكرار ؛ نفس جذع الخدمة `apartment-painting` على 9 URL ؛ لا H1 داخل جسم المقال (قد يعتمد على عنوان القالب)
فني أنظمة صوت منزلية في لوسيل,https://www.rukn-eltatawer.com/qa/home-audio-tech-lusail/,227,"critical_thin,template_boilerplate,local_doorway_variant,city_variant_similar,keyword_cannibalization,no_h1_in_body",محتوى هزيل جداً (227 كلمة) ؛ نفس الهيكل العناوين في 905 صفحة (hash cb24e6f8b3f9) ؛ صفحة مدينة×خدمة من مولّد الشبكة — تغطية محلية لكن خطر doorway/تكرار ؛ نفس جذع الخدمة `home-audio-tech` على 9 URL ؛ لا H1 داخل جسم المقال (قد يعتمد على عنوان القالب)
فني تركيب كاميرات مراقبة في لوسيل,https://www.rukn-eltatawer.com/qa/cctv-tech-lusail/,232,"critical_thin,template_boilerplate,local_doorway_variant,city_variant_similar,keyword_cannibalization,no_h1_in_body",محتوى هزيل جداً (232 كلمة) ؛ نفس الهيكل العناوين في 868 صفحة (hash a6b89d30b159) ؛ صفحة مدينة×خدمة من مولّد الشبكة — تغطية محلية لكن خطر doorway/تكرار ؛ نفس جذع الخدمة `cctv-tech` على 9 URL ؛ لا H1 داخل جسم المقال (قد يعتمد على عنوان القالب)
فني تركيب وصيانة تكييف في لوسيل,https://www.rukn-eltatawer.com/qa/ac-tech-lusail/,238,"critical_thin,template_boilerplate,local_doorway_variant,keyword_cannibalization,no_h1_in_body",محتوى هزيل جداً (238 كلمة) ؛ نفس الهيكل العناوين في 905 صفحة (hash cb24e6f8b3f9) ؛ صفحة مدينة×خدمة من مولّد الشبكة — تغطية محلية لكن خطر doorway/تكرار ؛ نفس جذع الخدمة `ac-tech` على 9 URL ؛ لا H1 داخل جسم المقال (قد يعتمد على عنوان القالب)
فني تركيب أقمار صناعية في لوسيل,https://www.rukn-eltatawer.com/qa/satellite-tech-lusail/,227,"critical_thin,template_boilerplate,local_doorway_variant,city_variant_similar,keyword_cannibalization,no_h1_in_body",محتوى هزيل جداً (227 كلمة) ؛ نفس الهيكل العناوين في 905 صفحة (hash cb24e6f8b3f9) ؛ صفحة مدينة×خدمة من مولّد الشبكة — تغطية محلية لكن خطر doorway/تكرار ؛ نفس جذع الخدمة `satellite-tech` على 9 URL ؛ لا H1 داخل جسم المقال (قد يعتمد على عنوان القالب)
فني تركيب دش في لوسيل,https://www.rukn-eltatawer.com/qa/sat-dish-tech-lusail/,235,"critical_thin,template_boilerplate,local_doorway_variant,city_variant_similar,keyword_cannibalization,no_h1_in_body",محتوى هزيل جداً (235 كلمة) ؛ نفس الهيكل العناوين في 905 صفحة (hash cb24e6f8b3f9) ؛ صفحة مدينة×خدمة من مولّد الشبكة — تغطية محلية لكن خطر doorway/تكرار ؛ نفس جذع الخدمة `sat-dish-tech` على 9 URL ؛ لا H1 داخل جسم المقال (قد يعتمد على عنوان القالب)
فني جبس بورد في لوسيل,https://www.rukn-eltatawer.com/qa/gypsum-tech-lusail/,219,"critical_thin,template_boilerplate,local_doorway_variant,city_variant_similar,keyword_cannibalization,no_h1_in_body",محتوى هزيل جداً (219 كلمة) ؛ نفس الهيكل العناوين في 868 صفحة (hash a6b89d30b159) ؛ صفحة مدينة×خدمة من مولّد الشبكة — تغطية محلية لكن خطر doorway/تكرار ؛ نفس جذع الخدمة `gypsum-tech` على 9 URL ؛ لا H1 داخل جسم المقال (قد يعتمد على عنوان القالب)
عامل دهانات في لوسيل,https://www.rukn-eltatawer.com/qa/painter-lusail/,217,"critical_thin,template_boilerplate,local_doorway_variant,city_variant_similar,keyword_cannibalization,no_h1_in_body",محتوى هزيل جداً (217 كلمة) ؛ نفس الهيكل العناوين في 905 صفحة (hash cb24e6f8b3f9) ؛ صفحة مدينة×خدمة من مولّد الشبكة — تغطية محلية لكن خطر doorway/تكرار ؛ نفس جذع الخدمة `painter` على 9 URL ؛ لا H1 داخل جسم المقال (قد يعتمد على عنوان القالب)
حداد أبواب ونوافذ في لوسيل,https://www.rukn-eltatawer.com/qa/blacksmith-doors-windows-lusail/,221,"critical_thin,template_boilerplate,local_doorway_variant,city_variant_similar,keyword_cannibalization,no_h1_in_body",محتوى هزيل جداً (221 كلمة) ؛ نفس الهيكل العناوين في 868 صفحة (hash a6b89d30b159) ؛ صفحة مدينة×خدمة من مولّد الشبكة — تغطية محلية لكن خطر doorway/تكرار ؛ نفس جذع الخدمة `blacksmith-doors-windows` على 9 URL ؛ لا H1 داخل جسم المقال (قد يعتمد على عنوان القالب)
نجار أثاث في لوسيل,https://www.rukn-eltatawer.com/qa/carpenter-lusail/,232,"critical_thin,template_boilerplate,local_doorway_variant,city_variant_similar,keyword_cannibalization,no_h1_in_body",محتوى هزيل جداً (232 كلمة) ؛ نفس الهيكل العناوين في 868 صفحة (hash a6b89d30b159) ؛ صفحة مدينة×خدمة من مولّد الشبكة — تغطية محلية لكن خطر doorway/تكرار ؛ نفس جذع الخدمة `carpenter` على 9 URL ؛ لا H1 داخل جسم المقال (قد يعتمد على عنوان القالب)
كهربائي منازل في لوسيل,https://www.rukn-eltatawer.com/qa/home-electrician-lusail/,226,"critical_thin,template_boilerplate,local_doorway_variant,city_variant_similar,keyword_cannibalization,no_h1_in_body",محتوى هزيل جداً (226 كلمة) ؛ نفس الهيكل العناوين في 868 صفحة (hash a6b89d30b159) ؛ صفحة مدينة×خدمة من مولّد الشبكة — تغطية محلية لكن خطر doorway/تكرار ؛ نفس جذع الخدمة `home-electrician` على 9 URL ؛ لا H1 داخل جسم المقال (قد يعتمد على عنوان القالب)
سباك منازل في لوسيل,https://www.rukn-eltatawer.com/qa/home-plumber-lusail/,228,"critical_thin,template_boilerplate,local_doorway_variant,near_duplicate,keyword_cannibalization,no_h1_in_body",محتوى هزيل جداً (228 كلمة) ؛ نفس الهيكل العناوين في 868 صفحة (hash a6b89d30b159) ؛ صفحة مدينة×خدمة من مولّد الشبكة — تغطية محلية لكن خطر doorway/تكرار ؛ تشابه SimHash مسافة 0 مع https://www.rukn-eltatawer.com/qa/water-heater-installation-lusail/ ؛ نفس جذع الخدمة `home-plumber` على 10 URL ؛ لا H1 داخل جسم المقال (قد يعتمد على عنوان القالب)
شركة التعقيم بالأوزون في لوسيل,https://www.rukn-eltatawer.com/qa/ozone-disinfection-lusail/,245,"critical_thin,template_boilerplate,local_doorway_variant,city_variant_similar,keyword_cannibalization,no_h1_in_body",محتوى هزيل جداً (245 كلمة) ؛ نفس الهيكل العناوين في 905 صفحة (hash cb24e6f8b3f9) ؛ صفحة مدينة×خدمة من مولّد الشبكة — تغطية محلية لكن خطر doorway/تكرار ؛ نفس جذع الخدمة `ozone-disinfection` على 9 URL ؛ لا H1 داخل جسم المقال (قد يعتمد على عنوان القالب)
شركة التعقيم بالكلور في لوسيل,https://www.rukn-eltatawer.com/qa/chlorine-disinfection-lusail/,241,"critical_thin,template_boilerplate,local_doorway_variant,city_variant_similar,keyword_cannibalization,no_h1_in_body",محتوى هزيل جداً (241 كلمة) ؛ نفس الهيكل العناوين في 905 صفحة (hash cb24e6f8b3f9) ؛ صفحة مدينة×خدمة من مولّد الشبكة — تغطية محلية لكن خطر doorway/تكرار ؛ نفس جذع الخدمة `chlorine-disinfection` على 9 URL ؛ لا H1 داخل جسم المقال (قد يعتمد على عنوان القالب)
شركة التعقيم بالبخار في لوسيل,https://www.rukn-eltatawer.com/qa/steam-disinfection-lusail/,237,"critical_thin,template_boilerplate,local_doorway_variant,city_variant_similar,keyword_cannibalization,no_h1_in_body",محتوى هزيل جداً (237 كلمة) ؛ نفس الهيكل العناوين في 868 صفحة (hash a6b89d30b159) ؛ صفحة مدينة×خدمة من مولّد الشبكة — تغطية محلية لكن خطر doorway/تكرار ؛ نفس جذع الخدمة `steam-disinfection` على 9 URL ؛ لا H1 داخل جسم المقال (قد يعتمد على عنوان القالب)
شركة تركيب أجهزة صوتية لطرد الطيور في لوسيل,https://www.rukn-eltatawer.com/qa/bird-sound-device-lusail/,244,"critical_thin,template_boilerplate,local_doorway_variant,city_variant_similar,keyword_cannibalization,no_h1_in_body",محتوى هزيل جداً (244 كلمة) ؛ نفس الهيكل العناوين في 905 صفحة (hash cb24e6f8b3f9) ؛ صفحة مدينة×خدمة من مولّد الشبكة — تغطية محلية لكن خطر doorway/تكرار ؛ نفس جذع الخدمة `bird-sound-device` على 9 URL ؛ لا H1 داخل جسم المقال (قد يعتمد على عنوان القالب)
شركة تركيب مسامير طاردة للحمام في لوسيل,https://www.rukn-eltatawer.com/qa/pigeon-spikes-installation-lusail/,235,"critical_thin,template_boilerplate,local_doorway_variant,city_variant_similar,keyword_cannibalization,no_h1_in_body",محتوى هزيل جداً (235 كلمة) ؛ نفس الهيكل العناوين في 868 صفحة (hash a6b89d30b159) ؛ صفحة مدينة×خدمة من مولّد الشبكة — تغطية محلية لكن خطر doorway/تكرار ؛ نفس جذع الخدمة `pigeon-spikes-installation` على 9 URL ؛ لا H1 داخل جسم المقال (قد يعتمد على عنوان القالب)
شركة تركيب شبك طارد للحمام في لوسيل,https://www.rukn-eltatawer.com/qa/pigeon-net-installation-lusail/,239,"critical_thin,template_boilerplate,local_doorway_variant,city_variant_similar,keyword_cannibalization,no_h1_in_body",محتوى هزيل جداً (239 كلمة) ؛ نفس الهيكل العناوين في 868 صفحة (hash a6b89d30b159) ؛ صفحة مدينة×خدمة من مولّد الشبكة — تغطية محلية لكن خطر doorway/تكرار ؛ نفس جذع الخدمة `pigeon-net-installation` على 9 URL ؛ لا H1 داخل جسم المقال (قد يعتمد على عنوان القالب)
شركة مكافحة البعوض والذباب في لوسيل,https://www.rukn-eltatawer.com/qa/mosquito-fly-control-lusail/,233,"critical_thin,template_boilerplate,local_doorway_variant,city_variant_similar,keyword_cannibalization,no_h1_in_body",محتوى هزيل جداً (233 كلمة) ؛ نفس الهيكل العناوين في 905 صفحة (hash cb24e6f8b3f9) ؛ صفحة مدينة×خدمة من مولّد الشبكة — تغطية محلية لكن خطر doorway/تكرار ؛ نفس جذع الخدمة `mosquito-fly-control` على 9 URL ؛ لا H1 داخل جسم المقال (قد يعتمد على عنوان القالب)
شركة مكافحة الطيور في لوسيل,https://www.rukn-eltatawer.com/qa/bird-control-lusail/,233,"critical_thin,template_boilerplate,local_doorway_variant,city_variant_similar,keyword_cannibalization,no_h1_in_body",محتوى هزيل جداً (233 كلمة) ؛ نفس الهيكل العناوين في 868 صفحة (hash a6b89d30b159) ؛ صفحة مدينة×خدمة من مولّد الشبكة — تغطية محلية لكن خطر doorway/تكرار ؛ نفس جذع الخدمة `bird-control` على 9 URL ؛ لا H1 داخل جسم المقال (قد يعتمد على عنوان القالب)
شركة مكافحة الوزغ (البرص) في لوسيل,https://www.rukn-eltatawer.com/qa/lizard-control-lusail/,234,"critical_thin,template_boilerplate,local_doorway_variant,city_variant_similar,keyword_cannibalization,no_h1_in_body",محتوى هزيل جداً (234 كلمة) ؛ نفس الهيكل العناوين في 868 صفحة (hash a6b89d30b159) ؛ صفحة مدينة×خدمة من مولّد الشبكة — تغطية محلية لكن خطر doorway/تكرار ؛ نفس جذع الخدمة `lizard-control` على 9 URL ؛ لا H1 داخل جسم المقال (قد يعتمد على عنوان القالب)
شركة مكافحة البراغيث في لوسيل,https://www.rukn-eltatawer.com/qa/flea-control-lusail/,232,"critical_thin,template_boilerplate,local_doorway_variant,city_variant_similar,keyword_cannibalization,no_h1_in_body",محتوى هزيل جداً (232 كلمة) ؛ نفس الهيكل العناوين في 905 صفحة (hash cb24e6f8b3f9) ؛ صفحة مدينة×خدمة من مولّد الشبكة — تغطية محلية لكن خطر doorway/تكرار ؛ نفس جذع الخدمة `flea-control` على 9 URL ؛ لا H1 داخل جسم المقال (قد يعتمد على عنوان القالب)
شركة مكافحة العقارب في لوسيل,https://www.rukn-eltatawer.com/qa/scorpion-control-lusail/,232,"critical_thin,template_boilerplate,local_doorway_variant,city_variant_similar,keyword_cannibalization,no_h1_in_body",محتوى هزيل جداً (232 كلمة) ؛ نفس الهيكل العناوين في 905 صفحة (hash cb24e6f8b3f9) ؛ صفحة مدينة×خدمة من مولّد الشبكة — تغطية محلية لكن خطر doorway/تكرار ؛ نفس جذع الخدمة `scorpion-control` على 9 URL ؛ لا H1 داخل جسم المقال (قد يعتمد على عنوان القالب)
شركة مكافحة الأفاعي في لوسيل,https://www.rukn-eltatawer.com/qa/snake-control-lusail/,237,"critical_thin,template_boilerplate,local_doorway_variant,city_variant_similar,keyword_cannibalization,no_h1_in_body",محتوى هزيل جداً (237 كلمة) ؛ نفس الهيكل العناوين في 868 صفحة (hash a6b89d30b159) ؛ صفحة مدينة×خدمة من مولّد الشبكة — تغطية محلية لكن خطر doorway/تكرار ؛ نفس جذع الخدمة `snake-control` على 9 URL ؛ لا H1 داخل جسم المقال (قد يعتمد على عنوان القالب)
شركة مكافحة الفئران والقوارض في لوسيل,https://www.rukn-eltatawer.com/qa/rodent-control-lusail/,246,"critical_thin,template_boilerplate,local_doorway_variant,city_variant_similar,keyword_cannibalization,no_h1_in_body",محتوى هزيل جداً (246 كلمة) ؛ نفس الهيكل العناوين في 905 صفحة (hash cb24e6f8b3f9) ؛ صفحة مدينة×خدمة من مولّد الشبكة — تغطية محلية لكن خطر doorway/تكرار ؛ نفس جذع الخدمة `rodent-control` على 9 URL ؛ لا H1 داخل جسم المقال (قد يعتمد على عنوان القالب)
شركة مكافحة بق الفراش في لوسيل,https://www.rukn-eltatawer.com/qa/bed-bug-control-lusail/,225,"critical_thin,template_boilerplate,local_doorway_variant,near_duplicate,keyword_cannibalization,no_h1_in_body",محتوى هزيل جداً (225 كلمة) ؛ نفس الهيكل العناوين في 868 صفحة (hash a6b89d30b159) ؛ صفحة مدينة×خدمة من مولّد الشبكة — تغطية محلية لكن خطر doorway/تكرار ؛ تشابه SimHash مسافة 0 مع https://www.rukn-eltatawer.com/qa/blacksmith-doors-windows-lusail/ ؛ نفس جذع الخدمة `bed-bug-control` على 10 URL ؛ لا H1 داخل جسم المقال (قد يعتمد على عنوان القالب)
شركة مكافحة الصراصير في لوسيل,https://www.rukn-eltatawer.com/qa/cockroach-control-lusail/,232,"critical_thin,template_boilerplate,local_doorway_variant,near_duplicate,keyword_cannibalization,no_h1_in_body",محتوى هزيل جداً (232 كلمة) ؛ نفس الهيكل العناوين في 905 صفحة (hash cb24e6f8b3f9) ؛ صفحة مدينة×خدمة من مولّد الشبكة — تغطية محلية لكن خطر doorway/تكرار ؛ تشابه SimHash مسافة 0 مع https://www.rukn-eltatawer.com/qa/mosquito-fly-control-lusail/ ؛ نفس جذع الخدمة `cockroach-control` على 10 URL ؛ لا H1 داخل جسم المقال (قد يعتمد على عنوان القالب)
شركة مكافحة النمل الأسود والأحمر في لوسيل,https://www.rukn-eltatawer.com/qa/ant-control-lusail/,243,"critical_thin,template_boilerplate,local_doorway_variant,city_variant_similar,keyword_cannibalization,no_h1_in_body",محتوى هزيل جداً (243 كلمة) ؛ نفس الهيكل العناوين في 905 صفحة (hash cb24e6f8b3f9) ؛ صفحة مدينة×خدمة من مولّد الشبكة — تغطية محلية لكن خطر doorway/تكرار ؛ نفس جذع الخدمة `ant-control` على 9 URL ؛ لا H1 داخل جسم المقال (قد يعتمد على عنوان القالب)
شركة مكافحة النمل الأبيض (الرمة) في لوسيل,https://www.rukn-eltatawer.com/qa/termite-control-lusail/,247,"critical_thin,template_boilerplate,local_doorway_variant,near_duplicate,keyword_cannibalization,no_h1_in_body",محتوى هزيل جداً (247 كلمة) ؛ نفس الهيكل العناوين في 905 صفحة (hash cb24e6f8b3f9) ؛ صفحة مدينة×خدمة من مولّد الشبكة — تغطية محلية لكن خطر doorway/تكرار ؛ تشابه SimHash مسافة 1 مع https://www.rukn-eltatawer.com/qa/rodent-control-lusail/ ؛ نفس جذع الخدمة `termite-control` على 10 URL ؛ لا H1 داخل جسم المقال (قد يعتمد على عنوان القالب)
شركة مكافحة الحشرات الطائرة في لوسيل,https://www.rukn-eltatawer.com/qa/flying-pest-control-lusail/,233,"critical_thin,template_boilerplate,local_doorway_variant,keyword_cannibalization,no_h1_in_body",محتوى هزيل جداً (233 كلمة) ؛ نفس الهيكل العناوين في 905 صفحة (hash cb24e6f8b3f9) ؛ صفحة مدينة×خدمة من مولّد الشبكة — تغطية محلية لكن خطر doorway/تكرار ؛ نفس جذع الخدمة `flying-pest-control` على 9 URL ؛ لا H1 داخل جسم المقال (قد يعتمد على عنوان القالب)
شركة مكافحة الحشرات الزاحفة في لوسيل,https://www.rukn-eltatawer.com/qa/crawling-pest-control-lusail/,238,"critical_thin,template_boilerplate,local_doorway_variant,keyword_cannibalization,no_h1_in_body",محتوى هزيل جداً (238 كلمة) ؛ نفس الهيكل العناوين في 868 صفحة (hash a6b89d30b159) ؛ صفحة مدينة×خدمة من مولّد الشبكة — تغطية محلية لكن خطر doorway/تكرار ؛ نفس جذع الخدمة `crawling-pest-control` على 9 URL ؛ لا H1 داخل جسم المقال (قد يعتمد على عنوان القالب)
شركة تركيب أجهزة تكييف طاقة شمسية في لوسيل,https://www.rukn-eltatawer.com/qa/solar-ac-installation-lusail/,232,"critical_thin,template_boilerplate,local_doorway_variant,city_variant_similar,keyword_cannibalization,no_h1_in_body",محتوى هزيل جداً (232 كلمة) ؛ نفس الهيكل العناوين في 868 صفحة (hash a6b89d30b159) ؛ صفحة مدينة×خدمة من مولّد الشبكة — تغطية محلية لكن خطر doorway/تكرار ؛ نفس جذع الخدمة `solar-ac-installation` على 9 URL ؛ لا H1 داخل جسم المقال (قد يعتمد على عنوان القالب)
شركة تركيب سخانات طاقة شمسية في لوسيل,https://www.rukn-eltatawer.com/qa/solar-water-heaters-lusail/,231,"critical_thin,template_boilerplate,local_doorway_variant,keyword_cannibalization,no_h1_in_body",محتوى هزيل جداً (231 كلمة) ؛ نفس الهيكل العناوين في 868 صفحة (hash a6b89d30b159) ؛ صفحة مدينة×خدمة من مولّد الشبكة — تغطية محلية لكن خطر doorway/تكرار ؛ نفس جذع الخدمة `solar-water-heaters` على 9 URL ؛ لا H1 داخل جسم المقال (قد يعتمد على عنوان القالب)
شركة تركيب أنظمة طاقة شمسية في لوسيل,https://www.rukn-eltatawer.com/qa/solar-systems-installation-lusail/,227,"critical_thin,template_boilerplate,local_doorway_variant,keyword_cannibalization,no_h1_in_body",محتوى هزيل جداً (227 كلمة) ؛ نفس الهيكل العناوين في 868 صفحة (hash a6b89d30b159) ؛ صفحة مدينة×خدمة من مولّد الشبكة — تغطية محلية لكن خطر doorway/تكرار ؛ نفس جذع الخدمة `solar-systems-installation` على 9 URL ؛ لا H1 داخل جسم المقال (قد يعتمد على عنوان القالب)
شركة تخزين أثاث في لوسيل,https://www.rukn-eltatawer.com/qa/furniture-storage-lusail/,232,"critical_thin,template_boilerplate,local_doorway_variant,keyword_cannibalization,no_h1_in_body",محتوى هزيل جداً (232 كلمة) ؛ نفس الهيكل العناوين في 905 صفحة (hash cb24e6f8b3f9) ؛ صفحة مدينة×خدمة من مولّد الشبكة — تغطية محلية لكن خطر doorway/تكرار ؛ نفس جذع الخدمة `furniture-storage` على 9 URL ؛ لا H1 داخل جسم المقال (قد يعتمد على عنوان القالب)
شركة تركيب وفك الأثاث في لوسيل,https://www.rukn-eltatawer.com/qa/furniture-assembly-lusail/,224,"critical_thin,template_boilerplate,local_doorway_variant,city_variant_similar,keyword_cannibalization,no_h1_in_body",محتوى هزيل جداً (224 كلمة) ؛ نفس الهيكل العناوين في 905 صفحة (hash cb24e6f8b3f9) ؛ صفحة مدينة×خدمة من مولّد الشبكة — تغطية محلية لكن خطر doorway/تكرار ؛ نفس جذع الخدمة `furniture-assembly` على 9 URL ؛ لا H1 داخل جسم المقال (قد يعتمد على عنوان القالب)
شركة تغليف أثاث احترافي في لوسيل,https://www.rukn-eltatawer.com/qa/furniture-packaging-lusail/,237,"critical_thin,template_boilerplate,local_doorway_variant,keyword_cannibalization,no_h1_in_body",محتوى هزيل جداً (237 كلمة) ؛ نفس الهيكل العناوين في 905 صفحة (hash cb24e6f8b3f9) ؛ صفحة مدينة×خدمة من مولّد الشبكة — تغطية محلية لكن خطر doorway/تكرار ؛ نفس جذع الخدمة `furniture-packaging` على 9 URL ؛ لا H1 داخل جسم المقال (قد يعتمد على عنوان القالب)
شركة نقل عفش مع التغليف في لوسيل,https://www.rukn-eltatawer.com/qa/furniture-moving-packaging-lusail/,230,"critical_thin,template_boilerplate,local_doorway_variant,keyword_cannibalization,no_h1_in_body",محتوى هزيل جداً (230 كلمة) ؛ نفس الهيكل العناوين في 868 صفحة (hash a6b89d30b159) ؛ صفحة مدينة×خدمة من مولّد الشبكة — تغطية محلية لكن خطر doorway/تكرار ؛ نفس جذع الخدمة `furniture-moving-packaging` على 9 URL ؛ لا H1 داخل جسم المقال (قد يعتمد على عنوان القالب)
شركة نقل أثاث خارجي في لوسيل,https://www.rukn-eltatawer.com/qa/outdoor-moving-lusail/,224,"critical_thin,template_boilerplate,local_doorway_variant,city_variant_similar,keyword_cannibalization,no_h1_in_body",محتوى هزيل جداً (224 كلمة) ؛ نفس الهيكل العناوين في 905 صفحة (hash cb24e6f8b3f9) ؛ صفحة مدينة×خدمة من مولّد الشبكة — تغطية محلية لكن خطر doorway/تكرار ؛ نفس جذع الخدمة `outdoor-moving` على 9 URL ؛ لا H1 داخل جسم المقال (قد يعتمد على عنوان القالب)
شركة نقل أثاث داخلي في لوسيل,https://www.rukn-eltatawer.com/qa/indoor-moving-lusail/,216,"critical_thin,template_boilerplate,local_doorway_variant,city_variant_similar,keyword_cannibalization,no_h1_in_body",محتوى هزيل جداً (216 كلمة) ؛ نفس الهيكل العناوين في 868 صفحة (hash a6b89d30b159) ؛ صفحة مدينة×خدمة من مولّد الشبكة — تغطية محلية لكن خطر doorway/تكرار ؛ نفس جذع الخدمة `indoor-moving` على 9 URL ؛ لا H1 داخل جسم المقال (قد يعتمد على عنوان القالب)
شركة تركيب نوافير جدارية في لوسيل,https://www.rukn-eltatawer.com/qa/wall-fountain-lusail/,214,"critical_thin,template_boilerplate,local_doorway_variant,keyword_cannibalization,no_h1_in_body",محتوى هزيل جداً (214 كلمة) ؛ نفس الهيكل العناوين في 868 صفحة (hash a6b89d30b159) ؛ صفحة مدينة×خدمة من مولّد الشبكة — تغطية محلية لكن خطر doorway/تكرار ؛ نفس جذع الخدمة `wall-fountain` على 9 URL ؛ لا H1 داخل جسم المقال (قد يعتمد على عنوان القالب)
شركة تركيب شلالات اصطناعية في لوسيل,https://www.rukn-eltatawer.com/qa/artificial-waterfall-lusail/,214,"critical_thin,template_boilerplate,local_doorway_variant,keyword_cannibalization,no_h1_in_body",محتوى هزيل جداً (214 كلمة) ؛ نفس الهيكل العناوين في 868 صفحة (hash a6b89d30b159) ؛ صفحة مدينة×خدمة من مولّد الشبكة — تغطية محلية لكن خطر doorway/تكرار ؛ نفس جذع الخدمة `artificial-waterfall` على 9 URL ؛ لا H1 داخل جسم المقال (قد يعتمد على عنوان القالب)
شركة إنشاء ممرات حجرية في لوسيل,https://www.rukn-eltatawer.com/qa/stone-pathway-lusail/,223,"critical_thin,template_boilerplate,local_doorway_variant,keyword_cannibalization,no_h1_in_body",محتوى هزيل جداً (223 كلمة) ؛ نفس الهيكل العناوين في 868 صفحة (hash a6b89d30b159) ؛ صفحة مدينة×خدمة من مولّد الشبكة — تغطية محلية لكن خطر doorway/تكرار ؛ نفس جذع الخدمة `stone-pathway` على 9 URL ؛ لا H1 داخل جسم المقال (قد يعتمد على عنوان القالب)
شركة تركيب عرائش خشبية في لوسيل,https://www.rukn-eltatawer.com/qa/wooden-arbor-installation-lusail/,214,"critical_thin,template_boilerplate,local_doorway_variant,keyword_cannibalization,no_h1_in_body",محتوى هزيل جداً (214 كلمة) ؛ نفس الهيكل العناوين في 868 صفحة (hash a6b89d30b159) ؛ صفحة مدينة×خدمة من مولّد الشبكة — تغطية محلية لكن خطر doorway/تكرار ؛ نفس جذع الخدمة `wooden-arbor-installation` على 9 URL ؛ لا H1 داخل جسم المقال (قد يعتمد على عنوان القالب)
شركة تركيب برجولات في لوسيل,https://www.rukn-eltatawer.com/qa/pergola-installation-lusail/,230,"critical_thin,template_boilerplate,local_doorway_variant,keyword_cannibalization,no_h1_in_body",محتوى هزيل جداً (230 كلمة) ؛ نفس الهيكل العناوين في 905 صفحة (hash cb24e6f8b3f9) ؛ صفحة مدينة×خدمة من مولّد الشبكة — تغطية محلية لكن خطر doorway/تكرار ؛ نفس جذع الخدمة `pergola-installation` على 9 URL ؛ لا H1 داخل جسم المقال (قد يعتمد على عنوان القالب)
شركة إنشاء جلسات حدائق في لوسيل,https://www.rukn-eltatawer.com/qa/garden-seating-lusail/,227,"critical_thin,template_boilerplate,local_doorway_variant,city_variant_similar,keyword_cannibalization,no_h1_in_body",محتوى هزيل جداً (227 كلمة) ؛ نفس الهيكل العناوين في 868 صفحة (hash a6b89d30b159) ؛ صفحة مدينة×خدمة من مولّد الشبكة — تغطية محلية لكن خطر doorway/تكرار ؛ نفس جذع الخدمة `garden-seating` على 9 URL ؛ لا H1 داخل جسم المقال (قد يعتمد على عنوان القالب)
شركة تركيب عشب جداري في لوسيل,https://www.rukn-eltatawer.com/qa/wall-grass-lusail/,214,"critical_thin,template_boilerplate,local_doorway_variant,keyword_cannibalization,no_h1_in_body",محتوى هزيل جداً (214 كلمة) ؛ نفس الهيكل العناوين في 868 صفحة (hash a6b89d30b159) ؛ صفحة مدينة×خدمة من مولّد الشبكة — تغطية محلية لكن خطر doorway/تكرار ؛ نفس جذع الخدمة `wall-grass` على 9 URL ؛ لا H1 داخل جسم المقال (قد يعتمد على عنوان القالب)
شركة تركيب عشب صناعي في لوسيل,https://www.rukn-eltatawer.com/qa/artificial-grass-grdn-lusail/,235,"critical_thin,template_boilerplate,local_doorway_variant,city_variant_similar,keyword_cannibalization,no_h1_in_body",محتوى هزيل جداً (235 كلمة) ؛ نفس الهيكل العناوين في 905 صفحة (hash cb24e6f8b3f9) ؛ صفحة مدينة×خدمة من مولّد الشبكة — تغطية محلية لكن خطر doorway/تكرار ؛ نفس جذع الخدمة `artificial-grass-grdn` على 9 URL ؛ لا H1 داخل جسم المقال (قد يعتمد على عنوان القالب)
شركة تركيب شبكات ري أوتوماتيكية في لوسيل,https://www.rukn-eltatawer.com/qa/automatic-irrigation-lusail/,224,"critical_thin,template_boilerplate,local_doorway_variant,keyword_cannibalization,no_h1_in_body",محتوى هزيل جداً (224 كلمة) ؛ نفس الهيكل العناوين في 868 صفحة (hash a6b89d30b159) ؛ صفحة مدينة×خدمة من مولّد الشبكة — تغطية محلية لكن خطر doorway/تكرار ؛ نفس جذع الخدمة `automatic-irrigation` على 9 URL ؛ لا H1 داخل جسم المقال (قد يعتمد على عنوان القالب)
شركة تركيب شبكات ري حديثة في لوسيل,https://www.rukn-eltatawer.com/qa/modern-irrigation-lusail/,224,"critical_thin,template_boilerplate,local_doorway_variant,keyword_cannibalization,no_h1_in_body",محتوى هزيل جداً (224 كلمة) ؛ نفس الهيكل العناوين في 868 صفحة (hash a6b89d30b159) ؛ صفحة مدينة×خدمة من مولّد الشبكة — تغطية محلية لكن خطر doorway/تكرار ؛ نفس جذع الخدمة `modern-irrigation` على 9 URL ؛ لا H1 داخل جسم المقال (قد يعتمد على عنوان القالب)
شركة تنظيف وتزيين الحدائق في لوسيل,https://www.rukn-eltatawer.com/qa/garden-cleaning-lusail/,243,"critical_thin,template_boilerplate,local_doorway_variant,city_variant_similar,keyword_cannibalization,no_h1_in_body",محتوى هزيل جداً (243 كلمة) ؛ نفس الهيكل العناوين في 905 صفحة (hash cb24e6f8b3f9) ؛ صفحة مدينة×خدمة من مولّد الشبكة — تغطية محلية لكن خطر doorway/تكرار ؛ نفس جذع الخدمة `garden-cleaning` على 9 URL ؛ لا H1 داخل جسم المقال (قد يعتمد على عنوان القالب)
شركة زرع نخيل وأشجار في لوسيل,https://www.rukn-eltatawer.com/qa/palm-tree-planting-lusail/,227,"critical_thin,template_boilerplate,local_doorway_variant,city_variant_similar,keyword_cannibalization,no_h1_in_body",محتوى هزيل جداً (227 كلمة) ؛ نفس الهيكل العناوين في 868 صفحة (hash a6b89d30b159) ؛ صفحة مدينة×خدمة من مولّد الشبكة — تغطية محلية لكن خطر doorway/تكرار ؛ نفس جذع الخدمة `palm-tree-planting` على 9 URL ؛ لا H1 داخل جسم المقال (قد يعتمد على عنوان القالب)
شركة قص عشب طبيعي في لوسيل,https://www.rukn-eltatawer.com/qa/natural-grass-cutting-lusail/,222,"critical_thin,template_boilerplate,local_doorway_variant,keyword_cannibalization,no_h1_in_body",محتوى هزيل جداً (222 كلمة) ؛ نفس الهيكل العناوين في 905 صفحة (hash cb24e6f8b3f9) ؛ صفحة مدينة×خدمة من مولّد الشبكة — تغطية محلية لكن خطر doorway/تكرار ؛ نفس جذع الخدمة `natural-grass-cutting` على 9 URL ؛ لا H1 داخل جسم المقال (قد يعتمد على عنوان القالب)
شركة تصميم حدائق أسطح في لوسيل,https://www.rukn-eltatawer.com/qa/roof-garden-design-lusail/,231,"critical_thin,template_boilerplate,local_doorway_variant,city_variant_similar,keyword_cannibalization,no_h1_in_body",محتوى هزيل جداً (231 كلمة) ؛ نفس الهيكل العناوين في 905 صفحة (hash cb24e6f8b3f9) ؛ صفحة مدينة×خدمة من مولّد الشبكة — تغطية محلية لكن خطر doorway/تكرار ؛ نفس جذع الخدمة `roof-garden-design` على 9 URL ؛ لا H1 داخل جسم المقال (قد يعتمد على عنوان القالب)
شركة تصميم حدائق داخلية في لوسيل,https://www.rukn-eltatawer.com/qa/indoor-garden-design-lusail/,222,"critical_thin,template_boilerplate,local_doorway_variant,keyword_cannibalization,no_h1_in_body",محتوى هزيل جداً (222 كلمة) ؛ نفس الهيكل العناوين في 905 صفحة (hash cb24e6f8b3f9) ؛ صفحة مدينة×خدمة من مولّد الشبكة — تغطية محلية لكن خطر doorway/تكرار ؛ نفس جذع الخدمة `indoor-garden-design` على 9 URL ؛ لا H1 داخل جسم المقال (قد يعتمد على عنوان القالب)
شركة تنسيق حدائق في لوسيل,https://www.rukn-eltatawer.com/qa/landscaping-lusail/,234,"critical_thin,template_boilerplate,local_doorway_variant,near_duplicate,keyword_cannibalization,no_h1_in_body",محتوى هزيل جداً (234 كلمة) ؛ نفس الهيكل العناوين في 905 صفحة (hash cb24e6f8b3f9) ؛ صفحة مدينة×خدمة من مولّد الشبكة — تغطية محلية لكن خطر doorway/تكرار ؛ تشابه SimHash مسافة 0 مع https://www.rukn-eltatawer.com/qa/artificial-grass-grdn-lusail/ ؛ نفس جذع الخدمة `landscaping` على 10 URL ؛ لا H1 داخل جسم المقال (قد يعتمد على عنوان القالب)
شركة تصميم وتنفيذ ديكورات في لوسيل,https://www.rukn-eltatawer.com/qa/decor-design-lusail/,224,"critical_thin,template_boilerplate,local_doorway_variant,city_variant_similar,keyword_cannibalization,no_h1_in_body",محتوى هزيل جداً (224 كلمة) ؛ نفس الهيكل العناوين في 868 صفحة (hash a6b89d30b159) ؛ صفحة مدينة×خدمة من مولّد الشبكة — تغطية محلية لكن خطر doorway/تكرار ؛ نفس جذع الخدمة `decor-design` على 9 URL ؛ لا H1 داخل جسم المقال (قد يعتمد على عنوان القالب)
شركة دهانات خارجية في لوسيل,https://www.rukn-eltatawer.com/qa/exterior-painting-lusail/,210,"critical_thin,template_boilerplate,local_doorway_variant,keyword_cannibalization,no_h1_in_body",محتوى هزيل جداً (210 كلمة) ؛ نفس الهيكل العناوين في 868 صفحة (hash a6b89d30b159) ؛ صفحة مدينة×خدمة من مولّد الشبكة — تغطية محلية لكن خطر doorway/تكرار ؛ نفس جذع الخدمة `exterior-painting` على 9 URL ؛ لا H1 داخل جسم المقال (قد يعتمد على عنوان القالب)
شركة دهانات داخلية في لوسيل,https://www.rukn-eltatawer.com/qa/interior-painting-lusail/,231,"critical_thin,template_boilerplate,local_doorway_variant,keyword_cannibalization,no_h1_in_body",محتوى هزيل جداً (231 كلمة) ؛ نفس الهيكل العناوين في 905 صفحة (hash cb24e6f8b3f9) ؛ صفحة مدينة×خدمة من مولّد الشبكة — تغطية محلية لكن خطر doorway/تكرار ؛ نفس جذع الخدمة `interior-painting` على 9 URL ؛ لا H1 داخل جسم المقال (قد يعتمد على عنوان القالب)
شركة بناء أسوار طابوق في لوسيل,https://www.rukn-eltatawer.com/qa/block-fences-lusail/,244,"critical_thin,template_boilerplate,local_doorway_variant,city_variant_similar,keyword_cannibalization,no_h1_in_body",محتوى هزيل جداً (244 كلمة) ؛ نفس الهيكل العناوين في 905 صفحة (hash cb24e6f8b3f9) ؛ صفحة مدينة×خدمة من مولّد الشبكة — تغطية محلية لكن خطر doorway/تكرار ؛ نفس جذع الخدمة `block-fences` على 9 URL ؛ لا H1 داخل جسم المقال (قد يعتمد على عنوان القالب)
شركة بناء مجالس خارجية في لوسيل,https://www.rukn-eltatawer.com/qa/outdoor-majlis-lusail/,240,"critical_thin,template_boilerplate,local_doorway_variant,keyword_cannibalization,no_h1_in_body",محتوى هزيل جداً (240 كلمة) ؛ نفس الهيكل العناوين في 905 صفحة (hash cb24e6f8b3f9) ؛ صفحة مدينة×خدمة من مولّد الشبكة — تغطية محلية لكن خطر doorway/تكرار ؛ نفس جذع الخدمة `outdoor-majlis` على 9 URL ؛ لا H1 داخل جسم المقال (قد يعتمد على عنوان القالب)
شركة بناء مطابخ خارجية في لوسيل,https://www.rukn-eltatawer.com/qa/outdoor-kitchens-lusail/,223,"critical_thin,template_boilerplate,local_doorway_variant,city_variant_similar,keyword_cannibalization,no_h1_in_body",محتوى هزيل جداً (223 كلمة) ؛ نفس الهيكل العناوين في 868 صفحة (hash a6b89d30b159) ؛ صفحة مدينة×خدمة من مولّد الشبكة — تغطية محلية لكن خطر doorway/تكرار ؛ نفس جذع الخدمة `outdoor-kitchens` على 9 URL ؛ لا H1 داخل جسم المقال (قد يعتمد على عنوان القالب)
شركة بناء حمامات خارجية في لوسيل,https://www.rukn-eltatawer.com/qa/outdoor-bathrooms-lusail/,223,"critical_thin,template_boilerplate,local_doorway_variant,city_variant_similar,keyword_cannibalization,no_h1_in_body",محتوى هزيل جداً (223 كلمة) ؛ نفس الهيكل العناوين في 868 صفحة (hash a6b89d30b159) ؛ صفحة مدينة×خدمة من مولّد الشبكة — تغطية محلية لكن خطر doorway/تكرار ؛ نفس جذع الخدمة `outdoor-bathrooms` على 9 URL ؛ لا H1 داخل جسم المقال (قد يعتمد على عنوان القالب)
شركة بناء استراحات في لوسيل,https://www.rukn-eltatawer.com/qa/majlis-building-lusail/,238,"critical_thin,template_boilerplate,local_doorway_variant,city_variant_similar,keyword_cannibalization,no_h1_in_body",محتوى هزيل جداً (238 كلمة) ؛ نفس الهيكل العناوين في 905 صفحة (hash cb24e6f8b3f9) ؛ صفحة مدينة×خدمة من مولّد الشبكة — تغطية محلية لكن خطر doorway/تكرار ؛ نفس جذع الخدمة `majlis-building` على 9 URL ؛ لا H1 داخل جسم المقال (قد يعتمد على عنوان القالب)
شركة بناء ملاحق في لوسيل,https://www.rukn-eltatawer.com/qa/annex-building-lusail/,230,"critical_thin,template_boilerplate,local_doorway_variant,city_variant_similar,keyword_cannibalization,no_h1_in_body",محتوى هزيل جداً (230 كلمة) ؛ نفس الهيكل العناوين في 868 صفحة (hash a6b89d30b159) ؛ صفحة مدينة×خدمة من مولّد الشبكة — تغطية محلية لكن خطر doorway/تكرار ؛ نفس جذع الخدمة `annex-building` على 9 URL ؛ لا H1 داخل جسم المقال (قد يعتمد على عنوان القالب)
شركة تركيب عشب جداري في لوسيل,https://www.rukn-eltatawer.com/qa/grass-wall-lusail/,227,"critical_thin,template_boilerplate,local_doorway_variant,keyword_cannibalization,no_h1_in_body",محتوى هزيل جداً (227 كلمة) ؛ نفس الهيكل العناوين في 868 صفحة (hash a6b89d30b159) ؛ صفحة مدينة×خدمة من مولّد الشبكة — تغطية محلية لكن خطر doorway/تكرار ؛ نفس جذع الخدمة `grass-wall` على 9 URL ؛ لا H1 داخل جسم المقال (قد يعتمد على عنوان القالب)
شركة تركيب عشب صناعي في لوسيل,https://www.rukn-eltatawer.com/qa/artificial-grass-lusail/,223,"critical_thin,template_boilerplate,local_doorway_variant,keyword_cannibalization,no_h1_in_body",محتوى هزيل جداً (223 كلمة) ؛ نفس الهيكل العناوين في 868 صفحة (hash a6b89d30b159) ؛ صفحة مدينة×خدمة من مولّد الشبكة — تغطية محلية لكن خطر doorway/تكرار ؛ نفس جذع الخدمة `artificial-grass` على 9 URL ؛ لا H1 داخل جسم المقال (قد يعتمد على عنوان القالب)
شركة تركيب مظلات وسواتر في لوسيل,https://www.rukn-eltatawer.com/qa/shades-sails-lusail/,236,"critical_thin,template_boilerplate,local_doorway_variant,city_variant_similar,keyword_cannibalization,no_h1_in_body",محتوى هزيل جداً (236 كلمة) ؛ نفس الهيكل العناوين في 868 صفحة (hash a6b89d30b159) ؛ صفحة مدينة×خدمة من مولّد الشبكة — تغطية محلية لكن خطر doorway/تكرار ؛ نفس جذع الخدمة `shades-sails` على 9 URL ؛ لا H1 داخل جسم المقال (قد يعتمد على عنوان القالب)
شركة تركيب شبابيك في لوسيل,https://www.rukn-eltatawer.com/qa/windows-installation-lusail/,242,"critical_thin,template_boilerplate,local_doorway_variant,city_variant_similar,keyword_cannibalization,no_h1_in_body",محتوى هزيل جداً (242 كلمة) ؛ نفس الهيكل العناوين في 905 صفحة (hash cb24e6f8b3f9) ؛ صفحة مدينة×خدمة من مولّد الشبكة — تغطية محلية لكن خطر doorway/تكرار ؛ نفس جذع الخدمة `windows-installation` على 9 URL ؛ لا H1 داخل جسم المقال (قد يعتمد على عنوان القالب)
شركة تركيب أبواب في لوسيل,https://www.rukn-eltatawer.com/qa/doors-installation-lusail/,230,"critical_thin,template_boilerplate,local_doorway_variant,keyword_cannibalization,no_h1_in_body",محتوى هزيل جداً (230 كلمة) ؛ نفس الهيكل العناوين في 868 صفحة (hash a6b89d30b159) ؛ صفحة مدينة×خدمة من مولّد الشبكة — تغطية محلية لكن خطر doorway/تكرار ؛ نفس جذع الخدمة `doors-installation` على 9 URL ؛ لا H1 داخل جسم المقال (قد يعتمد على عنوان القالب)
شركة تركيب مطابخ في لوسيل,https://www.rukn-eltatawer.com/qa/kitchen-installation-lusail/,234,"critical_thin,template_boilerplate,local_doorway_variant,city_variant_similar,keyword_cannibalization,no_h1_in_body",محتوى هزيل جداً (234 كلمة) ؛ نفس الهيكل العناوين في 868 صفحة (hash a6b89d30b159) ؛ صفحة مدينة×خدمة من مولّد الشبكة — تغطية محلية لكن خطر doorway/تكرار ؛ نفس جذع الخدمة `kitchen-installation` على 9 URL ؛ لا H1 داخل جسم المقال (قد يعتمد على عنوان القالب)
شركة تركيب زجاج وألوميتال في لوسيل,https://www.rukn-eltatawer.com/qa/glass-alumetal-lusail/,231,"critical_thin,template_boilerplate,local_doorway_variant,keyword_cannibalization,no_h1_in_body",محتوى هزيل جداً (231 كلمة) ؛ نفس الهيكل العناوين في 905 صفحة (hash cb24e6f8b3f9) ؛ صفحة مدينة×خدمة من مولّد الشبكة — تغطية محلية لكن خطر doorway/تكرار ؛ نفس جذع الخدمة `glass-alumetal` على 9 URL ؛ لا H1 داخل جسم المقال (قد يعتمد على عنوان القالب)
شركة تركيب فواصل زجاجية وألومنيوم في لوسيل,https://www.rukn-eltatawer.com/qa/glass-aluminium-partitions-lusail/,225,"critical_thin,template_boilerplate,local_doorway_variant,keyword_cannibalization,no_h1_in_body",محتوى هزيل جداً (225 كلمة) ؛ نفس الهيكل العناوين في 868 صفحة (hash a6b89d30b159) ؛ صفحة مدينة×خدمة من مولّد الشبكة — تغطية محلية لكن خطر doorway/تكرار ؛ نفس جذع الخدمة `glass-aluminium-partitions` على 9 URL ؛ لا H1 داخل جسم المقال (قد يعتمد على عنوان القالب)
شركة تركيب أسقف مستعارة في لوسيل,https://www.rukn-eltatawer.com/qa/suspended-ceiling-lusail/,240,"critical_thin,template_boilerplate,local_doorway_variant,keyword_cannibalization,no_h1_in_body",محتوى هزيل جداً (240 كلمة) ؛ نفس الهيكل العناوين في 905 صفحة (hash cb24e6f8b3f9) ؛ صفحة مدينة×خدمة من مولّد الشبكة — تغطية محلية لكن خطر doorway/تكرار ؛ نفس جذع الخدمة `suspended-ceiling` على 9 URL ؛ لا H1 داخل جسم المقال (قد يعتمد على عنوان القالب)
شركة تركيب سجاد أرضيات في لوسيل,https://www.rukn-eltatawer.com/qa/floor-carpeting-lusail/,244,"critical_thin,template_boilerplate,local_doorway_variant,city_variant_similar,keyword_cannibalization,no_h1_in_body",محتوى هزيل جداً (244 كلمة) ؛ نفس الهيكل العناوين في 905 صفحة (hash cb24e6f8b3f9) ؛ صفحة مدينة×خدمة من مولّد الشبكة — تغطية محلية لكن خطر doorway/تكرار ؛ نفس جذع الخدمة `floor-carpeting` على 9 URL ؛ لا H1 داخل جسم المقال (قد يعتمد على عنوان القالب)
شركة تركيب ورق جدران في لوسيل,https://www.rukn-eltatawer.com/qa/wallpaper-lusail/,220,"critical_thin,template_boilerplate,local_doorway_variant,city_variant_similar,keyword_cannibalization,no_h1_in_body",محتوى هزيل جداً (220 كلمة) ؛ نفس الهيكل العناوين في 868 صفحة (hash a6b89d30b159) ؛ صفحة مدينة×خدمة من مولّد الشبكة — تغطية محلية لكن خطر doorway/تكرار ؛ نفس جذع الخدمة `wallpaper` على 9 URL ؛ لا H1 داخل جسم المقال (قد يعتمد على عنوان القالب)
شركة تركيب أسقف جبسية / فورسيلنج في لوسيل,https://www.rukn-eltatawer.com/qa/false-ceiling-lusail/,246,"critical_thin,template_boilerplate,local_doorway_variant,city_variant_similar,keyword_cannibalization,no_h1_in_body",محتوى هزيل جداً (246 كلمة) ؛ نفس الهيكل العناوين في 905 صفحة (hash cb24e6f8b3f9) ؛ صفحة مدينة×خدمة من مولّد الشبكة — تغطية محلية لكن خطر doorway/تكرار ؛ نفس جذع الخدمة `false-ceiling` على 9 URL ؛ لا H1 داخل جسم المقال (قد يعتمد على عنوان القالب)
شركة تركيب جبس بورد في لوسيل,https://www.rukn-eltatawer.com/qa/gypsum-board-lusail/,228,"critical_thin,template_boilerplate,local_doorway_variant,keyword_cannibalization,no_h1_in_body",محتوى هزيل جداً (228 كلمة) ؛ نفس الهيكل العناوين في 905 صفحة (hash cb24e6f8b3f9) ؛ صفحة مدينة×خدمة من مولّد الشبكة — تغطية محلية لكن خطر doorway/تكرار ؛ نفس جذع الخدمة `gypsum-board` على 9 URL ؛ لا H1 داخل جسم المقال (قد يعتمد على عنوان القالب)
شركة تركيب فوم للجدران في لوسيل,https://www.rukn-eltatawer.com/qa/wall-foam-lusail/,240,"critical_thin,template_boilerplate,local_doorway_variant,city_variant_similar,keyword_cannibalization,no_h1_in_body",محتوى هزيل جداً (240 كلمة) ؛ نفس الهيكل العناوين في 905 صفحة (hash cb24e6f8b3f9) ؛ صفحة مدينة×خدمة من مولّد الشبكة — تغطية محلية لكن خطر doorway/تكرار ؛ نفس جذع الخدمة `wall-foam` على 9 URL ؛ لا H1 داخل جسم المقال (قد يعتمد على عنوان القالب)
شركة تركيب رخام وجرانيت في لوسيل,https://www.rukn-eltatawer.com/qa/marble-granite-lusail/,236,"critical_thin,template_boilerplate,local_doorway_variant,city_variant_similar,keyword_cannibalization,no_h1_in_body",محتوى هزيل جداً (236 كلمة) ؛ نفس الهيكل العناوين في 868 صفحة (hash a6b89d30b159) ؛ صفحة مدينة×خدمة من مولّد الشبكة — تغطية محلية لكن خطر doorway/تكرار ؛ نفس جذع الخدمة `marble-granite` على 9 URL ؛ لا H1 داخل جسم المقال (قد يعتمد على عنوان القالب)
شركة تركيب حجر طبيعي وصناعي في لوسيل,https://www.rukn-eltatawer.com/qa/stone-lusail/,246,"critical_thin,template_boilerplate,local_doorway_variant,keyword_cannibalization,no_h1_in_body",محتوى هزيل جداً (246 كلمة) ؛ نفس الهيكل العناوين في 905 صفحة (hash cb24e6f8b3f9) ؛ صفحة مدينة×خدمة من مولّد الشبكة — تغطية محلية لكن خطر doorway/تكرار ؛ نفس جذع الخدمة `stone` على 9 URL ؛ لا H1 داخل جسم المقال (قد يعتمد على عنوان القالب)
شركة تركيب أرضيات فينيل في لوسيل,https://www.rukn-eltatawer.com/qa/vinyl-flooring-lusail/,240,"critical_thin,template_boilerplate,local_doorway_variant,keyword_cannibalization,no_h1_in_body",محتوى هزيل جداً (240 كلمة) ؛ نفس الهيكل العناوين في 905 صفحة (hash cb24e6f8b3f9) ؛ صفحة مدينة×خدمة من مولّد الشبكة — تغطية محلية لكن خطر doorway/تكرار ؛ نفس جذع الخدمة `vinyl-flooring` على 9 URL ؛ لا H1 داخل جسم المقال (قد يعتمد على عنوان القالب)
شركة تركيب باركيه وأرضيات خشب في لوسيل,https://www.rukn-eltatawer.com/qa/parquet-lusail/,242,"critical_thin,template_boilerplate,local_doorway_variant,city_variant_similar,keyword_cannibalization,no_h1_in_body",محتوى هزيل جداً (242 كلمة) ؛ نفس الهيكل العناوين في 905 صفحة (hash cb24e6f8b3f9) ؛ صفحة مدينة×خدمة من مولّد الشبكة — تغطية محلية لكن خطر doorway/تكرار ؛ نفس جذع الخدمة `parquet` على 9 URL ؛ لا H1 داخل جسم المقال (قد يعتمد على عنوان القالب)
شركة تركيب سيراميك وبورسلين في لوسيل,https://www.rukn-eltatawer.com/qa/ceramic-porcelain-lusail/,223,"critical_thin,template_boilerplate,local_doorway_variant,keyword_cannibalization,no_h1_in_body",محتوى هزيل جداً (223 كلمة) ؛ نفس الهيكل العناوين في 868 صفحة (hash a6b89d30b159) ؛ صفحة مدينة×خدمة من مولّد الشبكة — تغطية محلية لكن خطر doorway/تكرار ؛ نفس جذع الخدمة `ceramic-porcelain` على 9 URL ؛ لا H1 داخل جسم المقال (قد يعتمد على عنوان القالب)
شركة تركيب بلاستر في لوسيل,https://www.rukn-eltatawer.com/qa/plastering-lusail/,229,"critical_thin,template_boilerplate,local_doorway_variant,keyword_cannibalization,no_h1_in_body",محتوى هزيل جداً (229 كلمة) ؛ نفس الهيكل العناوين في 905 صفحة (hash cb24e6f8b3f9) ؛ صفحة مدينة×خدمة من مولّد الشبكة — تغطية محلية لكن خطر doorway/تكرار ؛ نفس جذع الخدمة `plastering` على 9 URL ؛ لا H1 داخل جسم المقال (قد يعتمد على عنوان القالب)
شركة تركيب طابوق في لوسيل,https://www.rukn-eltatawer.com/qa/brickwork-lusail/,238,"critical_thin,template_boilerplate,local_doorway_variant,city_variant_similar,keyword_cannibalization,no_h1_in_body",محتوى هزيل جداً (238 كلمة) ؛ نفس الهيكل العناوين في 905 صفحة (hash cb24e6f8b3f9) ؛ صفحة مدينة×خدمة من مولّد الشبكة — تغطية محلية لكن خطر doorway/تكرار ؛ نفس جذع الخدمة `brickwork` على 9 URL ؛ لا H1 داخل جسم المقال (قد يعتمد على عنوان القالب)
شركة تركيب كربستون في لوسيل,https://www.rukn-eltatawer.com/qa/kerbstone-lusail/,221,"critical_thin,template_boilerplate,local_doorway_variant,keyword_cannibalization,no_h1_in_body",محتوى هزيل جداً (221 كلمة) ؛ نفس الهيكل العناوين في 868 صفحة (hash a6b89d30b159) ؛ صفحة مدينة×خدمة من مولّد الشبكة — تغطية محلية لكن خطر doorway/تكرار ؛ نفس جذع الخدمة `kerbstone` على 9 URL ؛ لا H1 داخل جسم المقال (قد يعتمد على عنوان القالب)
شركة تركيب انترلوك في لوسيل,https://www.rukn-eltatawer.com/qa/interlock-lusail/,229,"critical_thin,template_boilerplate,local_doorway_variant,keyword_cannibalization,no_h1_in_body",محتوى هزيل جداً (229 كلمة) ؛ نفس الهيكل العناوين في 905 صفحة (hash cb24e6f8b3f9) ؛ صفحة مدينة×خدمة من مولّد الشبكة — تغطية محلية لكن خطر doorway/تكرار ؛ نفس جذع الخدمة `interlock` على 9 URL ؛ لا H1 داخل جسم المقال (قد يعتمد على عنوان القالب)
شركة تسليك مجاري في لوسيل,https://www.rukn-eltatawer.com/qa/drain-unclogging-lusail/,225,"critical_thin,template_boilerplate,local_doorway_variant,keyword_cannibalization,no_h1_in_body",محتوى هزيل جداً (225 كلمة) ؛ نفس الهيكل العناوين في 868 صفحة (hash a6b89d30b159) ؛ صفحة مدينة×خدمة من مولّد الشبكة — تغطية محلية لكن خطر doorway/تكرار ؛ نفس جذع الخدمة `drain-unclogging` على 9 URL ؛ لا H1 داخل جسم المقال (قد يعتمد على عنوان القالب)
شركة شفط بيارات في لوسيل,https://www.rukn-eltatawer.com/qa/septic-tank-emptying-lusail/,225,"critical_thin,template_boilerplate,local_doorway_variant,keyword_cannibalization,no_h1_in_body",محتوى هزيل جداً (225 كلمة) ؛ نفس الهيكل العناوين في 868 صفحة (hash a6b89d30b159) ؛ صفحة مدينة×خدمة من مولّد الشبكة — تغطية محلية لكن خطر doorway/تكرار ؛ نفس جذع الخدمة `septic-tank-emptying` على 9 URL ؛ لا H1 داخل جسم المقال (قد يعتمد على عنوان القالب)
شركة إصلاح تشققات الأسقف والجدران في لوسيل,https://www.rukn-eltatawer.com/qa/crack-repair-lusail/,220,"critical_thin,template_boilerplate,local_doorway_variant,keyword_cannibalization,no_h1_in_body",محتوى هزيل جداً (220 كلمة) ؛ نفس الهيكل العناوين في 868 صفحة (hash a6b89d30b159) ؛ صفحة مدينة×خدمة من مولّد الشبكة — تغطية محلية لكن خطر doorway/تكرار ؛ نفس جذع الخدمة `crack-repair` على 9 URL ؛ لا H1 داخل جسم المقال (قد يعتمد على عنوان القالب)
شركة فحص فلل ومباني قبل الشراء في لوسيل,https://www.rukn-eltatawer.com/qa/villa-inspection-lusail/,242,"critical_thin,template_boilerplate,local_doorway_variant,city_variant_similar,keyword_cannibalization,no_h1_in_body",محتوى هزيل جداً (242 كلمة) ؛ نفس الهيكل العناوين في 905 صفحة (hash cb24e6f8b3f9) ؛ صفحة مدينة×خدمة من مولّد الشبكة — تغطية محلية لكن خطر doorway/تكرار ؛ نفس جذع الخدمة `villa-inspection` على 9 URL ؛ لا H1 داخل جسم المقال (قد يعتمد على عنوان القالب)
شركة ترميم منازل قديمة في لوسيل,https://www.rukn-eltatawer.com/qa/old-house-renovation-lusail/,240,"critical_thin,template_boilerplate,local_doorway_variant,city_variant_similar,keyword_cannibalization,no_h1_in_body",محتوى هزيل جداً (240 كلمة) ؛ نفس الهيكل العناوين في 905 صفحة (hash cb24e6f8b3f9) ؛ صفحة مدينة×خدمة من مولّد الشبكة — تغطية محلية لكن خطر doorway/تكرار ؛ نفس جذع الخدمة `old-house-renovation` على 9 URL ؛ لا H1 داخل جسم المقال (قد يعتمد على عنوان القالب)
شركة ترميم وصيانة مباني في لوسيل,https://www.rukn-eltatawer.com/qa/building-renovation-lusail/,227,"critical_thin,template_boilerplate,local_doorway_variant,city_variant_similar,keyword_cannibalization,no_h1_in_body",محتوى هزيل جداً (227 كلمة) ؛ نفس الهيكل العناوين في 905 صفحة (hash cb24e6f8b3f9) ؛ صفحة مدينة×خدمة من مولّد الشبكة — تغطية محلية لكن خطر doorway/تكرار ؛ نفس جذع الخدمة `building-renovation` على 9 URL ؛ لا H1 داخل جسم المقال (قد يعتمد على عنوان القالب)
شركة ترميم مطابخ في لوسيل,https://www.rukn-eltatawer.com/qa/kitchen-renovation-lusail/,226,"critical_thin,template_boilerplate,local_doorway_variant,city_variant_similar,keyword_cannibalization,no_h1_in_body",محتوى هزيل جداً (226 كلمة) ؛ نفس الهيكل العناوين في 905 صفحة (hash cb24e6f8b3f9) ؛ صفحة مدينة×خدمة من مولّد الشبكة — تغطية محلية لكن خطر doorway/تكرار ؛ نفس جذع الخدمة `kitchen-renovation` على 9 URL ؛ لا H1 داخل جسم المقال (قد يعتمد على عنوان القالب)
شركة ترميم حمامات في لوسيل,https://www.rukn-eltatawer.com/qa/bathroom-renovation-lusail/,235,"critical_thin,template_boilerplate,local_doorway_variant,keyword_cannibalization,no_h1_in_body",محتوى هزيل جداً (235 كلمة) ؛ نفس الهيكل العناوين في 905 صفحة (hash cb24e6f8b3f9) ؛ صفحة مدينة×خدمة من مولّد الشبكة — تغطية محلية لكن خطر doorway/تكرار ؛ نفس جذع الخدمة `bathroom-renovation` على 9 URL ؛ لا H1 داخل جسم المقال (قد يعتمد على عنوان القالب)
شركة تبطين وصيانة خزانات مياه في لوسيل,https://www.rukn-eltatawer.com/qa/tank-lining-maintenance-lusail/,241,"critical_thin,template_boilerplate,local_doorway_variant,city_variant_similar,keyword_cannibalization,no_h1_in_body",محتوى هزيل جداً (241 كلمة) ؛ نفس الهيكل العناوين في 905 صفحة (hash cb24e6f8b3f9) ؛ صفحة مدينة×خدمة من مولّد الشبكة — تغطية محلية لكن خطر doorway/تكرار ؛ نفس جذع الخدمة `tank-lining-maintenance` على 9 URL ؛ لا H1 داخل جسم المقال (قد يعتمد على عنوان القالب)
شركة معالجة الرطوبة والعفن في لوسيل,https://www.rukn-eltatawer.com/qa/humidity-treatment-lusail/,254,"critical_thin,template_boilerplate,local_doorway_variant,city_variant_similar,keyword_cannibalization,no_h1_in_body",محتوى هزيل جداً (254 كلمة) ؛ نفس الهيكل العناوين في 905 صفحة (hash cb24e6f8b3f9) ؛ صفحة مدينة×خدمة من مولّد الشبكة — تغطية محلية لكن خطر doorway/تكرار ؛ نفس جذع الخدمة `humidity-treatment` على 9 URL ؛ لا H1 داخل جسم المقال (قد يعتمد على عنوان القالب)
شركة عزل صوتي في لوسيل,https://www.rukn-eltatawer.com/qa/soundproofing-lusail/,236,"critical_thin,template_boilerplate,local_doorway_variant,keyword_cannibalization,no_h1_in_body",محتوى هزيل جداً (236 كلمة) ؛ نفس الهيكل العناوين في 868 صفحة (hash a6b89d30b159) ؛ صفحة مدينة×خدمة من مولّد الشبكة — تغطية محلية لكن خطر doorway/تكرار ؛ نفس جذع الخدمة `soundproofing` على 9 URL ؛ لا H1 داخل جسم المقال (قد يعتمد على عنوان القالب)
شركة عزل مائي في لوسيل,https://www.rukn-eltatawer.com/qa/waterproofing-lusail/,258,"critical_thin,template_boilerplate,local_doorway_variant,city_variant_similar,keyword_cannibalization,no_h1_in_body",محتوى هزيل جداً (258 كلمة) ؛ نفس الهيكل العناوين في 868 صفحة (hash a6b89d30b159) ؛ صفحة مدينة×خدمة من مولّد الشبكة — تغطية محلية لكن خطر doorway/تكرار ؛ نفس جذع الخدمة `waterproofing` على 9 URL ؛ لا H1 داخل جسم المقال (قد يعتمد على عنوان القالب)
شركة عزل حراري في لوسيل,https://www.rukn-eltatawer.com/qa/thermal-insulation-lusail/,248,"critical_thin,template_boilerplate,local_doorway_variant,keyword_cannibalization,no_h1_in_body",محتوى هزيل جداً (248 كلمة) ؛ نفس الهيكل العناوين في 905 صفحة (hash cb24e6f8b3f9) ؛ صفحة مدينة×خدمة من مولّد الشبكة — تغطية محلية لكن خطر doorway/تكرار ؛ نفس جذع الخدمة `thermal-insulation` على 9 URL ؛ لا H1 داخل جسم المقال (قد يعتمد على عنوان القالب)
شركة عزل مطابخ في لوسيل,https://www.rukn-eltatawer.com/qa/kitchen-insulation-lusail/,252,"critical_thin,template_boilerplate,local_doorway_variant,city_variant_similar,keyword_cannibalization,no_h1_in_body",محتوى هزيل جداً (252 كلمة) ؛ نفس الهيكل العناوين في 905 صفحة (hash cb24e6f8b3f9) ؛ صفحة مدينة×خدمة من مولّد الشبكة — تغطية محلية لكن خطر doorway/تكرار ؛ نفس جذع الخدمة `kitchen-insulation` على 9 URL ؛ لا H1 داخل جسم المقال (قد يعتمد على عنوان القالب)
شركة عزل حمامات في لوسيل,https://www.rukn-eltatawer.com/qa/bathroom-insulation-lusail/,248,"critical_thin,template_boilerplate,local_doorway_variant,keyword_cannibalization,no_h1_in_body",محتوى هزيل جداً (248 كلمة) ؛ نفس الهيكل العناوين في 905 صفحة (hash cb24e6f8b3f9) ؛ صفحة مدينة×خدمة من مولّد الشبكة — تغطية محلية لكن خطر doorway/تكرار ؛ نفس جذع الخدمة `bathroom-insulation` على 9 URL ؛ لا H1 داخل جسم المقال (قد يعتمد على عنوان القالب)
شركة عزل خزانات في لوسيل,https://www.rukn-eltatawer.com/qa/tank-insulation-lusail/,252,"critical_thin,template_boilerplate,local_doorway_variant,city_variant_similar,keyword_cannibalization,no_h1_in_body",محتوى هزيل جداً (252 كلمة) ؛ نفس الهيكل العناوين في 905 صفحة (hash cb24e6f8b3f9) ؛ صفحة مدينة×خدمة من مولّد الشبكة — تغطية محلية لكن خطر doorway/تكرار ؛ نفس جذع الخدمة `tank-insulation` على 9 URL ؛ لا H1 داخل جسم المقال (قد يعتمد على عنوان القالب)
شركة كشف تسربات التكييف في لوسيل,https://www.rukn-eltatawer.com/qa/ac-leak-detection-lusail/,267,"critical_thin,template_boilerplate,local_doorway_variant,city_variant_similar,keyword_cannibalization,no_h1_in_body",محتوى هزيل جداً (267 كلمة) ؛ نفس الهيكل العناوين في 905 صفحة (hash cb24e6f8b3f9) ؛ صفحة مدينة×خدمة من مولّد الشبكة — تغطية محلية لكن خطر doorway/تكرار ؛ نفس جذع الخدمة `ac-leak-detection` على 9 URL ؛ لا H1 داخل جسم المقال (قد يعتمد على عنوان القالب)
شركة كشف تسربات الغاز في لوسيل,https://www.rukn-eltatawer.com/qa/gas-leak-detection-lusail/,263,"critical_thin,template_boilerplate,local_doorway_variant,keyword_cannibalization,no_h1_in_body",محتوى هزيل جداً (263 كلمة) ؛ نفس الهيكل العناوين في 905 صفحة (hash cb24e6f8b3f9) ؛ صفحة مدينة×خدمة من مولّد الشبكة — تغطية محلية لكن خطر doorway/تكرار ؛ نفس جذع الخدمة `gas-leak-detection` على 9 URL ؛ لا H1 داخل جسم المقال (قد يعتمد على عنوان القالب)
شركة كشف تسربات المياه في لوسيل,https://www.rukn-eltatawer.com/qa/water-leak-detection-lusail/,255,"critical_thin,template_boilerplate,local_doorway_variant,keyword_cannibalization,no_h1_in_body",محتوى هزيل جداً (255 كلمة) ؛ نفس الهيكل العناوين في 868 صفحة (hash a6b89d30b159) ؛ صفحة مدينة×خدمة من مولّد الشبكة — تغطية محلية لكن خطر doorway/تكرار ؛ نفس جذع الخدمة `water-leak-detection` على 10 URL ؛ لا H1 داخل جسم المقال (قد يعتمد على عنوان القالب)
شركة تركيب وصيانة أنظمة تنقية الهواء في لوسيل,https://www.rukn-eltatawer.com/qa/air-purification-lusail/,244,"critical_thin,template_boilerplate,local_doorway_variant,city_variant_similar,keyword_cannibalization,no_h1_in_body",محتوى هزيل جداً (244 كلمة) ؛ نفس الهيكل العناوين في 905 صفحة (hash cb24e6f8b3f9) ؛ صفحة مدينة×خدمة من مولّد الشبكة — تغطية محلية لكن خطر doorway/تكرار ؛ نفس جذع الخدمة `air-purification` على 9 URL ؛ لا H1 داخل جسم المقال (قد يعتمد على عنوان القالب)
شركة تركيب وصيانة أجهزة تبريد مياه الخزانات في لوسيل,https://www.rukn-eltatawer.com/qa/tank-water-chiller-lusail/,246,"critical_thin,template_boilerplate,local_doorway_variant,city_variant_similar,keyword_cannibalization,no_h1_in_body",محتوى هزيل جداً (246 كلمة) ؛ نفس الهيكل العناوين في 905 صفحة (hash cb24e6f8b3f9) ؛ صفحة مدينة×خدمة من مولّد الشبكة — تغطية محلية لكن خطر doorway/تكرار ؛ نفس جذع الخدمة `tank-water-chiller` على 9 URL ؛ لا H1 داخل جسم المقال (قد يعتمد على عنوان القالب)
شركة تركيب وصيانة فلاتر مياه في لوسيل,https://www.rukn-eltatawer.com/qa/water-filters-lusail/,234,"critical_thin,template_boilerplate,local_doorway_variant,city_variant_similar,keyword_cannibalization,no_h1_in_body",محتوى هزيل جداً (234 كلمة) ؛ نفس الهيكل العناوين في 868 صفحة (hash a6b89d30b159) ؛ صفحة مدينة×خدمة من مولّد الشبكة — تغطية محلية لكن خطر doorway/تكرار ؛ نفس جذع الخدمة `water-filters` على 9 URL ؛ لا H1 داخل جسم المقال (قد يعتمد على عنوان القالب)
شركة تركيب وصيانة محطات تحلية المياه في لوسيل,https://www.rukn-eltatawer.com/qa/ro-plants-lusail/,248,"critical_thin,template_boilerplate,local_doorway_variant,keyword_cannibalization,no_h1_in_body",محتوى هزيل جداً (248 كلمة) ؛ نفس الهيكل العناوين في 905 صفحة (hash cb24e6f8b3f9) ؛ صفحة مدينة×خدمة من مولّد الشبكة — تغطية محلية لكن خطر doorway/تكرار ؛ نفس جذع الخدمة `ro-plants` على 9 URL ؛ لا H1 داخل جسم المقال (قد يعتمد على عنوان القالب)
شركة تركيب وصيانة مضخات مياه وصرف صحي في لوسيل,https://www.rukn-eltatawer.com/qa/water-pumps-lusail/,237,"critical_thin,template_boilerplate,local_doorway_variant,city_variant_similar,keyword_cannibalization,no_h1_in_body",محتوى هزيل جداً (237 كلمة) ؛ نفس الهيكل العناوين في 905 صفحة (hash cb24e6f8b3f9) ؛ صفحة مدينة×خدمة من مولّد الشبكة — تغطية محلية لكن خطر doorway/تكرار ؛ نفس جذع الخدمة `water-pumps` على 9 URL ؛ لا H1 داخل جسم المقال (قد يعتمد على عنوان القالب)
شركة تركيب وصيانة شفاطات مطابخ في لوسيل,https://www.rukn-eltatawer.com/qa/kitchen-hoods-lusail/,238,"critical_thin,template_boilerplate,local_doorway_variant,city_variant_similar,keyword_cannibalization,no_h1_in_body",محتوى هزيل جداً (238 كلمة) ؛ نفس الهيكل العناوين في 868 صفحة (hash a6b89d30b159) ؛ صفحة مدينة×خدمة من مولّد الشبكة — تغطية محلية لكن خطر doorway/تكرار ؛ نفس جذع الخدمة `kitchen-hoods` على 9 URL ؛ لا H1 داخل جسم المقال (قد يعتمد على عنوان القالب)
شركة صيانة مكانس كهربائية في لوسيل,https://www.rukn-eltatawer.com/qa/vacuum-maintenance-lusail/,244,"critical_thin,template_boilerplate,local_doorway_variant,city_variant_similar,keyword_cannibalization,no_h1_in_body",محتوى هزيل جداً (244 كلمة) ؛ نفس الهيكل العناوين في 905 صفحة (hash cb24e6f8b3f9) ؛ صفحة مدينة×خدمة من مولّد الشبكة — تغطية محلية لكن خطر doorway/تكرار ؛ نفس جذع الخدمة `vacuum-maintenance` على 9 URL ؛ لا H1 داخل جسم المقال (قد يعتمد على عنوان القالب)
شركة صيانة مبردات مياه في لوسيل,https://www.rukn-eltatawer.com/qa/water-cooler-maintenance-lusail/,244,"critical_thin,template_boilerplate,local_doorway_variant,city_variant_similar,keyword_cannibalization,no_h1_in_body",محتوى هزيل جداً (244 كلمة) ؛ نفس الهيكل العناوين في 905 صفحة (hash cb24e6f8b3f9) ؛ صفحة مدينة×خدمة من مولّد الشبكة — تغطية محلية لكن خطر doorway/تكرار ؛ نفس جذع الخدمة `water-cooler-maintenance` على 9 URL ؛ لا H1 داخل جسم المقال (قد يعتمد على عنوان القالب)
شركة صيانة سخانات في لوسيل,https://www.rukn-eltatawer.com/qa/water-heater-maintenance-lusail/,233,"critical_thin,template_boilerplate,local_doorway_variant,city_variant_similar,keyword_cannibalization,no_h1_in_body",محتوى هزيل جداً (233 كلمة) ؛ نفس الهيكل العناوين في 905 صفحة (hash cb24e6f8b3f9) ؛ صفحة مدينة×خدمة من مولّد الشبكة — تغطية محلية لكن خطر doorway/تكرار ؛ نفس جذع الخدمة `water-heater-maintenance` على 9 URL ؛ لا H1 داخل جسم المقال (قد يعتمد على عنوان القالب)
شركة صيانة ميكروويف في لوسيل,https://www.rukn-eltatawer.com/qa/microwave-maintenance-lusail/,234,"critical_thin,template_boilerplate,local_doorway_variant,city_variant_similar,keyword_cannibalization,no_h1_in_body",محتوى هزيل جداً (234 كلمة) ؛ نفس الهيكل العناوين في 868 صفحة (hash a6b89d30b159) ؛ صفحة مدينة×خدمة من مولّد الشبكة — تغطية محلية لكن خطر doorway/تكرار ؛ نفس جذع الخدمة `microwave-maintenance` على 9 URL ؛ لا H1 داخل جسم المقال (قد يعتمد على عنوان القالب)
شركة صيانة نشافات في لوسيل,https://www.rukn-eltatawer.com/qa/dryer-maintenance-lusail/,242,"critical_thin,template_boilerplate,local_doorway_variant,city_variant_similar,keyword_cannibalization,no_h1_in_body",محتوى هزيل جداً (242 كلمة) ؛ نفس الهيكل العناوين في 905 صفحة (hash cb24e6f8b3f9) ؛ صفحة مدينة×خدمة من مولّد الشبكة — تغطية محلية لكن خطر doorway/تكرار ؛ نفس جذع الخدمة `dryer-maintenance` على 9 URL ؛ لا H1 داخل جسم المقال (قد يعتمد على عنوان القالب)
شركة صيانة غسالات في لوسيل,https://www.rukn-eltatawer.com/qa/washer-maintenance-lusail/,221,"critical_thin,template_boilerplate,local_doorway_variant,city_variant_similar,keyword_cannibalization,no_h1_in_body",محتوى هزيل جداً (221 كلمة) ؛ نفس الهيكل العناوين في 868 صفحة (hash a6b89d30b159) ؛ صفحة مدينة×خدمة من مولّد الشبكة — تغطية محلية لكن خطر doorway/تكرار ؛ نفس جذع الخدمة `washer-maintenance` على 9 URL ؛ لا H1 داخل جسم المقال (قد يعتمد على عنوان القالب)
شركة صيانة ثلاجات في لوسيل,https://www.rukn-eltatawer.com/qa/fridge-maintenance-lusail/,229,"critical_thin,template_boilerplate,local_doorway_variant,city_variant_similar,keyword_cannibalization,no_h1_in_body",محتوى هزيل جداً (229 كلمة) ؛ نفس الهيكل العناوين في 905 صفحة (hash cb24e6f8b3f9) ؛ صفحة مدينة×خدمة من مولّد الشبكة — تغطية محلية لكن خطر doorway/تكرار ؛ نفس جذع الخدمة `fridge-maintenance` على 9 URL ؛ لا H1 داخل جسم المقال (قد يعتمد على عنوان القالب)
شركة صيانة الأجهزة الكهربائية في لوسيل,https://www.rukn-eltatawer.com/qa/appliance-maintenance-lusail/,232,"critical_thin,template_boilerplate,local_doorway_variant,city_variant_similar,keyword_cannibalization,no_h1_in_body",محتوى هزيل جداً (232 كلمة) ؛ نفس الهيكل العناوين في 868 صفحة (hash a6b89d30b159) ؛ صفحة مدينة×خدمة من مولّد الشبكة — تغطية محلية لكن خطر doorway/تكرار ؛ نفس جذع الخدمة `appliance-maintenance` على 9 URL ؛ لا H1 داخل جسم المقال (قد يعتمد على عنوان القالب)
شركة صيانة بوتاجازات في لوسيل,https://www.rukn-eltatawer.com/qa/stove-maintenance-lusail/,238,"critical_thin,template_boilerplate,local_doorway_variant,city_variant_similar,keyword_cannibalization,no_h1_in_body",محتوى هزيل جداً (238 كلمة) ؛ نفس الهيكل العناوين في 905 صفحة (hash cb24e6f8b3f9) ؛ صفحة مدينة×خدمة من مولّد الشبكة — تغطية محلية لكن خطر doorway/تكرار ؛ نفس جذع الخدمة `stove-maintenance` على 9 URL ؛ لا H1 داخل جسم المقال (قد يعتمد على عنوان القالب)
شركة صيانة أفران في لوسيل,https://www.rukn-eltatawer.com/qa/oven-maintenance-lusail/,230,"critical_thin,template_boilerplate,local_doorway_variant,city_variant_similar,keyword_cannibalization,no_h1_in_body",محتوى هزيل جداً (230 كلمة) ؛ نفس الهيكل العناوين في 868 صفحة (hash a6b89d30b159) ؛ صفحة مدينة×خدمة من مولّد الشبكة — تغطية محلية لكن خطر doorway/تكرار ؛ نفس جذع الخدمة `oven-maintenance` على 9 URL ؛ لا H1 داخل جسم المقال (قد يعتمد على عنوان القالب)
شركة صيانة أبواب أوتوماتيكية في لوسيل,https://www.rukn-eltatawer.com/qa/automatic-doors-maintenance-lusail/,232,"critical_thin,template_boilerplate,local_doorway_variant,city_variant_similar,keyword_cannibalization,no_h1_in_body",محتوى هزيل جداً (232 كلمة) ؛ نفس الهيكل العناوين في 868 صفحة (hash a6b89d30b159) ؛ صفحة مدينة×خدمة من مولّد الشبكة — تغطية محلية لكن خطر doorway/تكرار ؛ نفس جذع الخدمة `automatic-doors-maintenance` على 9 URL ؛ لا H1 داخل جسم المقال (قد يعتمد على عنوان القالب)
شركة صيانة كاميرات مراقبة في لوسيل,https://www.rukn-eltatawer.com/qa/cctv-maintenance-lusail/,227,"critical_thin,template_boilerplate,local_doorway_variant,city_variant_similar,keyword_cannibalization,no_h1_in_body",محتوى هزيل جداً (227 كلمة) ؛ نفس الهيكل العناوين في 905 صفحة (hash cb24e6f8b3f9) ؛ صفحة مدينة×خدمة من مولّد الشبكة — تغطية محلية لكن خطر doorway/تكرار ؛ نفس جذع الخدمة `cctv-maintenance` على 9 URL ؛ لا H1 داخل جسم المقال (قد يعتمد على عنوان القالب)
شركة صيانة مصاعد في لوسيل,https://www.rukn-eltatawer.com/qa/elevator-maintenance-lusail/,229,"critical_thin,template_boilerplate,local_doorway_variant,city_variant_similar,keyword_cannibalization,no_h1_in_body",محتوى هزيل جداً (229 كلمة) ؛ نفس الهيكل العناوين في 905 صفحة (hash cb24e6f8b3f9) ؛ صفحة مدينة×خدمة من مولّد الشبكة — تغطية محلية لكن خطر doorway/تكرار ؛ نفس جذع الخدمة `elevator-maintenance` على 9 URL ؛ لا H1 داخل جسم المقال (قد يعتمد على عنوان القالب)
شركة صيانة مسابح في لوسيل,https://www.rukn-eltatawer.com/qa/pool-maintenance-lusail/,221,"critical_thin,template_boilerplate,local_doorway_variant,city_variant_similar,keyword_cannibalization,no_h1_in_body",محتوى هزيل جداً (221 كلمة) ؛ نفس الهيكل العناوين في 868 صفحة (hash a6b89d30b159) ؛ صفحة مدينة×خدمة من مولّد الشبكة — تغطية محلية لكن خطر doorway/تكرار ؛ نفس جذع الخدمة `pool-maintenance` على 9 URL ؛ لا H1 داخل جسم المقال (قد يعتمد على عنوان القالب)
شركة صيانة مكيفات سبليت في لوسيل,https://www.rukn-eltatawer.com/qa/split-ac-maintenance-lusail/,230,"critical_thin,template_boilerplate,local_doorway_variant,near_duplicate,keyword_cannibalization,no_h1_in_body",محتوى هزيل جداً (230 كلمة) ؛ نفس الهيكل العناوين في 868 صفحة (hash a6b89d30b159) ؛ صفحة مدينة×خدمة من مولّد الشبكة — تغطية محلية لكن خطر doorway/تكرار ؛ تشابه SimHash مسافة 0 مع https://www.rukn-eltatawer.com/qa/ac-cleaning-washing-lusail/ ؛ نفس جذع الخدمة `split-ac-maintenance` على 10 URL ؛ لا H1 داخل جسم المقال (قد يعتمد على عنوان القالب)
شركة صيانة تكييف مركزي في لوسيل,https://www.rukn-eltatawer.com/qa/central-ac-maintenance-lusail/,234,"critical_thin,template_boilerplate,local_doorway_variant,city_variant_similar,keyword_cannibalization,no_h1_in_body",محتوى هزيل جداً (234 كلمة) ؛ نفس الهيكل العناوين في 868 صفحة (hash a6b89d30b159) ؛ صفحة مدينة×خدمة من مولّد الشبكة — تغطية محلية لكن خطر doorway/تكرار ؛ نفس جذع الخدمة `central-ac-maintenance` على 9 URL ؛ لا H1 داخل جسم المقال (قد يعتمد على عنوان القالب)
شركة صيانة سباكة في لوسيل,https://www.rukn-eltatawer.com/qa/plumbing-maintenance-lusail/,233,"critical_thin,template_boilerplate,local_doorway_variant,near_duplicate,keyword_cannibalization,no_h1_in_body",محتوى هزيل جداً (233 كلمة) ؛ نفس الهيكل العناوين في 905 صفحة (hash cb24e6f8b3f9) ؛ صفحة مدينة×خدمة من مولّد الشبكة — تغطية محلية لكن خطر doorway/تكرار ؛ تشابه SimHash مسافة 0 مع https://www.rukn-eltatawer.com/qa/water-pumps-lusail/ ؛ نفس جذع الخدمة `plumbing-maintenance` على 10 URL ؛ لا H1 داخل جسم المقال (قد يعتمد على عنوان القالب)
شركة صيانة كهرباء في لوسيل,https://www.rukn-eltatawer.com/qa/electrical-maintenance-lusail/,239,"critical_thin,template_boilerplate,local_doorway_variant,city_variant_similar,keyword_cannibalization,no_h1_in_body",محتوى هزيل جداً (239 كلمة) ؛ نفس الهيكل العناوين في 905 صفحة (hash cb24e6f8b3f9) ؛ صفحة مدينة×خدمة من مولّد الشبكة — تغطية محلية لكن خطر doorway/تكرار ؛ نفس جذع الخدمة `electrical-maintenance` على 9 URL ؛ لا H1 داخل جسم المقال (قد يعتمد على عنوان القالب)
شركة صيانة مباني في لوسيل,https://www.rukn-eltatawer.com/qa/building-maintenance-lusail/,234,"critical_thin,template_boilerplate,local_doorway_variant,city_variant_similar,keyword_cannibalization,no_h1_in_body",محتوى هزيل جداً (234 كلمة) ؛ نفس الهيكل العناوين في 868 صفحة (hash a6b89d30b159) ؛ صفحة مدينة×خدمة من مولّد الشبكة — تغطية محلية لكن خطر doorway/تكرار ؛ نفس جذع الخدمة `building-maintenance` على 9 URL ؛ لا H1 داخل جسم المقال (قد يعتمد على عنوان القالب)
شركة صيانة عامة في لوسيل,https://www.rukn-eltatawer.com/qa/general-maintenance-lusail/,238,"critical_thin,template_boilerplate,local_doorway_variant,city_variant_similar,keyword_cannibalization,no_h1_in_body",محتوى هزيل جداً (238 كلمة) ؛ نفس الهيكل العناوين في 905 صفحة (hash cb24e6f8b3f9) ؛ صفحة مدينة×خدمة من مولّد الشبكة — تغطية محلية لكن خطر doorway/تكرار ؛ نفس جذع الخدمة `general-maintenance` على 9 URL ؛ لا H1 داخل جسم المقال (قد يعتمد على عنوان القالب)
شركة تنظيف المداخن والشفاطات في لوسيل,https://www.rukn-eltatawer.com/qa/chimney-cleaning-lusail/,222,"critical_thin,template_boilerplate,local_doorway_variant,city_variant_similar,keyword_cannibalization,no_h1_in_body",محتوى هزيل جداً (222 كلمة) ؛ نفس الهيكل العناوين في 868 صفحة (hash a6b89d30b159) ؛ صفحة مدينة×خدمة من مولّد الشبكة — تغطية محلية لكن خطر doorway/تكرار ؛ نفس جذع الخدمة `chimney-cleaning` على 9 URL ؛ لا H1 داخل جسم المقال (قد يعتمد على عنوان القالب)
شركة تنظيف وصيانة دكتات المكيفات في لوسيل,https://www.rukn-eltatawer.com/qa/duct-cleaning-lusail/,223,"critical_thin,template_boilerplate,local_doorway_variant,city_variant_similar,keyword_cannibalization,no_h1_in_body",محتوى هزيل جداً (223 كلمة) ؛ نفس الهيكل العناوين في 868 صفحة (hash a6b89d30b159) ؛ صفحة مدينة×خدمة من مولّد الشبكة — تغطية محلية لكن خطر doorway/تكرار ؛ نفس جذع الخدمة `duct-cleaning` على 9 URL ؛ لا H1 داخل جسم المقال (قد يعتمد على عنوان القالب)
شركة تنظيف وتعقيم شامل في لوسيل,https://www.rukn-eltatawer.com/qa/deep-cleaning-lusail/,235,"critical_thin,template_boilerplate,local_doorway_variant,city_variant_similar,keyword_cannibalization,no_h1_in_body",محتوى هزيل جداً (235 كلمة) ؛ نفس الهيكل العناوين في 868 صفحة (hash a6b89d30b159) ؛ صفحة مدينة×خدمة من مولّد الشبكة — تغطية محلية لكن خطر doorway/تكرار ؛ نفس جذع الخدمة `deep-cleaning` على 9 URL ؛ لا H1 داخل جسم المقال (قد يعتمد على عنوان القالب)
شركة تنظيف كراجات ومواقف سيارات في لوسيل,https://www.rukn-eltatawer.com/qa/garage-cleaning-lusail/,223,"critical_thin,template_boilerplate,local_doorway_variant,city_variant_similar,keyword_cannibalization,no_h1_in_body",محتوى هزيل جداً (223 كلمة) ؛ نفس الهيكل العناوين في 868 صفحة (hash a6b89d30b159) ؛ صفحة مدينة×خدمة من مولّد الشبكة — تغطية محلية لكن خطر doorway/تكرار ؛ نفس جذع الخدمة `garage-cleaning` على 9 URL ؛ لا H1 داخل جسم المقال (قد يعتمد على عنوان القالب)
شركة تنظيف واجهات حجرية في لوسيل,https://www.rukn-eltatawer.com/qa/stone-facade-cleaning-lusail/,235,"critical_thin,template_boilerplate,local_doorway_variant,city_variant_similar,keyword_cannibalization,no_h1_in_body",محتوى هزيل جداً (235 كلمة) ؛ نفس الهيكل العناوين في 868 صفحة (hash a6b89d30b159) ؛ صفحة مدينة×خدمة من مولّد الشبكة — تغطية محلية لكن خطر doorway/تكرار ؛ نفس جذع الخدمة `stone-facade-cleaning` على 9 URL ؛ لا H1 داخل جسم المقال (قد يعتمد على عنوان القالب)
شركة تنظيف واجهات زجاجية في لوسيل,https://www.rukn-eltatawer.com/qa/glass-facade-cleaning-lusail/,243,"critical_thin,template_boilerplate,local_doorway_variant,city_variant_similar,keyword_cannibalization,no_h1_in_body",محتوى هزيل جداً (243 كلمة) ؛ نفس الهيكل العناوين في 905 صفحة (hash cb24e6f8b3f9) ؛ صفحة مدينة×خدمة من مولّد الشبكة — تغطية محلية لكن خطر doorway/تكرار ؛ نفس جذع الخدمة `glass-facade-cleaning` على 9 URL ؛ لا H1 داخل جسم المقال (قد يعتمد على عنوان القالب)
شركة تنظيف أرضيات رخام وجلي رخام في لوسيل,https://www.rukn-eltatawer.com/qa/marble-polishing-lusail/,232,"critical_thin,template_boilerplate,local_doorway_variant,city_variant_similar,keyword_cannibalization,no_h1_in_body",محتوى هزيل جداً (232 كلمة) ؛ نفس الهيكل العناوين في 905 صفحة (hash cb24e6f8b3f9) ؛ صفحة مدينة×خدمة من مولّد الشبكة — تغطية محلية لكن خطر doorway/تكرار ؛ نفس جذع الخدمة `marble-polishing` على 9 URL ؛ لا H1 داخل جسم المقال (قد يعتمد على عنوان القالب)
شركة تنظيف مراتب في لوسيل,https://www.rukn-eltatawer.com/qa/mattress-cleaning-lusail/,230,"critical_thin,template_boilerplate,local_doorway_variant,city_variant_similar,keyword_cannibalization,no_h1_in_body",محتوى هزيل جداً (230 كلمة) ؛ نفس الهيكل العناوين في 868 صفحة (hash a6b89d30b159) ؛ صفحة مدينة×خدمة من مولّد الشبكة — تغطية محلية لكن خطر doorway/تكرار ؛ نفس جذع الخدمة `mattress-cleaning` على 9 URL ؛ لا H1 داخل جسم المقال (قد يعتمد على عنوان القالب)
شركة تنظيف ستائر في لوسيل,https://www.rukn-eltatawer.com/qa/curtain-cleaning-lusail/,242,"critical_thin,template_boilerplate,local_doorway_variant,city_variant_similar,keyword_cannibalization,no_h1_in_body",محتوى هزيل جداً (242 كلمة) ؛ نفس الهيكل العناوين في 905 صفحة (hash cb24e6f8b3f9) ؛ صفحة مدينة×خدمة من مولّد الشبكة — تغطية محلية لكن خطر doorway/تكرار ؛ نفس جذع الخدمة `curtain-cleaning` على 9 URL ؛ لا H1 داخل جسم المقال (قد يعتمد على عنوان القالب)
شركة تنظيف كنب في لوسيل,https://www.rukn-eltatawer.com/qa/sofa-cleaning-lusail/,221,"critical_thin,template_boilerplate,local_doorway_variant,city_variant_similar,keyword_cannibalization,no_h1_in_body",محتوى هزيل جداً (221 كلمة) ؛ نفس الهيكل العناوين في 868 صفحة (hash a6b89d30b159) ؛ صفحة مدينة×خدمة من مولّد الشبكة — تغطية محلية لكن خطر doorway/تكرار ؛ نفس جذع الخدمة `sofa-cleaning` على 9 URL ؛ لا H1 داخل جسم المقال (قد يعتمد على عنوان القالب)
شركة تنظيف موكيت في لوسيل,https://www.rukn-eltatawer.com/qa/moquette-cleaning-lusail/,242,"critical_thin,template_boilerplate,local_doorway_variant,city_variant_similar,keyword_cannibalization,no_h1_in_body",محتوى هزيل جداً (242 كلمة) ؛ نفس الهيكل العناوين في 905 صفحة (hash cb24e6f8b3f9) ؛ صفحة مدينة×خدمة من مولّد الشبكة — تغطية محلية لكن خطر doorway/تكرار ؛ نفس جذع الخدمة `moquette-cleaning` على 9 URL ؛ لا H1 داخل جسم المقال (قد يعتمد على عنوان القالب)
شركة تنظيف سجاد في لوسيل,https://www.rukn-eltatawer.com/qa/carpet-cleaning-lusail/,229,"critical_thin,template_boilerplate,local_doorway_variant,city_variant_similar,keyword_cannibalization,no_h1_in_body",محتوى هزيل جداً (229 كلمة) ؛ نفس الهيكل العناوين في 905 صفحة (hash cb24e6f8b3f9) ؛ صفحة مدينة×خدمة من مولّد الشبكة — تغطية محلية لكن خطر doorway/تكرار ؛ نفس جذع الخدمة `carpet-cleaning` على 9 URL ؛ لا H1 داخل جسم المقال (قد يعتمد على عنوان القالب)
شركة تنظيف خزانات ديزل في لوسيل,https://www.rukn-eltatawer.com/qa/diesel-tank-cleaning-lusail/,239,"critical_thin,template_boilerplate,local_doorway_variant,keyword_cannibalization,no_h1_in_body",محتوى هزيل جداً (239 كلمة) ؛ نفس الهيكل العناوين في 905 صفحة (hash cb24e6f8b3f9) ؛ صفحة مدينة×خدمة من مولّد الشبكة — تغطية محلية لكن خطر doorway/تكرار ؛ نفس جذع الخدمة `diesel-tank-cleaning` على 9 URL ؛ لا H1 داخل جسم المقال (قد يعتمد على عنوان القالب)
شركة تنظيف خزانات مياه في لوسيل,https://www.rukn-eltatawer.com/qa/water-tank-cleaning-lusail/,222,"critical_thin,template_boilerplate,local_doorway_variant,near_duplicate,keyword_cannibalization,no_h1_in_body",محتوى هزيل جداً (222 كلمة) ؛ نفس الهيكل العناوين في 868 صفحة (hash a6b89d30b159) ؛ صفحة مدينة×خدمة من مولّد الشبكة — تغطية محلية لكن خطر doorway/تكرار ؛ تشابه SimHash مسافة 0 مع https://www.rukn-eltatawer.com/qa/chimney-cleaning-lusail/ ؛ نفس جذع الخدمة `water-tank-cleaning` على 10 URL ؛ لا H1 داخل جسم المقال (قد يعتمد على عنوان القالب)
شركة تنظيف حمامات في لوسيل,https://www.rukn-eltatawer.com/qa/bathroom-cleaning-lusail/,229,"critical_thin,template_boilerplate,local_doorway_variant,city_variant_similar,keyword_cannibalization,no_h1_in_body",محتوى هزيل جداً (229 كلمة) ؛ نفس الهيكل العناوين في 905 صفحة (hash cb24e6f8b3f9) ؛ صفحة مدينة×خدمة من مولّد الشبكة — تغطية محلية لكن خطر doorway/تكرار ؛ نفس جذع الخدمة `bathroom-cleaning` على 9 URL ؛ لا H1 داخل جسم المقال (قد يعتمد على عنوان القالب)
شركة تنظيف مطابخ في لوسيل,https://www.rukn-eltatawer.com/qa/kitchen-cleaning-lusail/,229,"critical_thin,template_boilerplate,local_doorway_variant,city_variant_similar,keyword_cannibalization,no_h1_in_body",محتوى هزيل جداً (229 كلمة) ؛ نفس الهيكل العناوين في 905 صفحة (hash cb24e6f8b3f9) ؛ صفحة مدينة×خدمة من مولّد الشبكة — تغطية محلية لكن خطر doorway/تكرار ؛ نفس جذع الخدمة `kitchen-cleaning` على 9 URL ؛ لا H1 داخل جسم المقال (قد يعتمد على عنوان القالب)
شركة تنظيف مسابح في لوسيل,https://www.rukn-eltatawer.com/qa/pool-cleaning-lusail/,238,"critical_thin,template_boilerplate,local_doorway_variant,city_variant_similar,keyword_cannibalization,no_h1_in_body",محتوى هزيل جداً (238 كلمة) ؛ نفس الهيكل العناوين في 905 صفحة (hash cb24e6f8b3f9) ؛ صفحة مدينة×خدمة من مولّد الشبكة — تغطية محلية لكن خطر doorway/تكرار ؛ نفس جذع الخدمة `pool-cleaning` على 9 URL ؛ لا H1 داخل جسم المقال (قد يعتمد على عنوان القالب)
شركة تنظيف محلات تجارية ومولات في لوسيل,https://www.rukn-eltatawer.com/qa/mall-cleaning-lusail/,240,"critical_thin,template_boilerplate,local_doorway_variant,city_variant_similar,keyword_cannibalization,no_h1_in_body",محتوى هزيل جداً (240 كلمة) ؛ نفس الهيكل العناوين في 905 صفحة (hash cb24e6f8b3f9) ؛ صفحة مدينة×خدمة من مولّد الشبكة — تغطية محلية لكن خطر doorway/تكرار ؛ نفس جذع الخدمة `mall-cleaning` على 9 URL ؛ لا H1 داخل جسم المقال (قد يعتمد على عنوان القالب)
شركة تنظيف مجالس في لوسيل,https://www.rukn-eltatawer.com/qa/majlis-cleaning-lusail/,221,"critical_thin,template_boilerplate,local_doorway_variant,city_variant_similar,keyword_cannibalization,no_h1_in_body",محتوى هزيل جداً (221 كلمة) ؛ نفس الهيكل العناوين في 868 صفحة (hash a6b89d30b159) ؛ صفحة مدينة×خدمة من مولّد الشبكة — تغطية محلية لكن خطر doorway/تكرار ؛ نفس جذع الخدمة `majlis-cleaning` على 9 URL ؛ لا H1 داخل جسم المقال (قد يعتمد على عنوان القالب)
شركة تنظيف مكاتب في لوسيل,https://www.rukn-eltatawer.com/qa/office-cleaning-lusail/,229,"critical_thin,template_boilerplate,local_doorway_variant,city_variant_similar,keyword_cannibalization,no_h1_in_body",محتوى هزيل جداً (229 كلمة) ؛ نفس الهيكل العناوين في 905 صفحة (hash cb24e6f8b3f9) ؛ صفحة مدينة×خدمة من مولّد الشبكة — تغطية محلية لكن خطر doorway/تكرار ؛ نفس جذع الخدمة `office-cleaning` على 9 URL ؛ لا H1 داخل جسم المقال (قد يعتمد على عنوان القالب)
شركة تنظيف قصور في لوسيل,https://www.rukn-eltatawer.com/qa/palace-cleaning-lusail/,229,"critical_thin,template_boilerplate,local_doorway_variant,city_variant_similar,keyword_cannibalization,no_h1_in_body",محتوى هزيل جداً (229 كلمة) ؛ نفس الهيكل العناوين في 905 صفحة (hash cb24e6f8b3f9) ؛ صفحة مدينة×خدمة من مولّد الشبكة — تغطية محلية لكن خطر doorway/تكرار ؛ نفس جذع الخدمة `palace-cleaning` على 9 URL ؛ لا H1 داخل جسم المقال (قد يعتمد على عنوان القالب)
شركة تنظيف فلل في لوسيل,https://www.rukn-eltatawer.com/qa/villa-cleaning-lusail/,234,"critical_thin,template_boilerplate,local_doorway_variant,near_duplicate,keyword_cannibalization,no_h1_in_body",محتوى هزيل جداً (234 كلمة) ؛ نفس الهيكل العناوين في 868 صفحة (hash a6b89d30b159) ؛ صفحة مدينة×خدمة من مولّد الشبكة — تغطية محلية لكن خطر doorway/تكرار ؛ تشابه SimHash مسافة 0 مع https://www.rukn-eltatawer.com/qa/deep-cleaning-lusail/ ؛ نفس جذع الخدمة `villa-cleaning` على 10 URL ؛ لا H1 داخل جسم المقال (قد يعتمد على عنوان القالب)
شركة تنظيف شقق في لوسيل,https://www.rukn-eltatawer.com/qa/apartment-cleaning-lusail/,229,"critical_thin,template_boilerplate,local_doorway_variant,near_duplicate,keyword_cannibalization,no_h1_in_body",محتوى هزيل جداً (229 كلمة) ؛ نفس الهيكل العناوين في 905 صفحة (hash cb24e6f8b3f9) ؛ صفحة مدينة×خدمة من مولّد الشبكة — تغطية محلية لكن خطر doorway/تكرار ؛ تشابه SimHash مسافة 0 مع https://www.rukn-eltatawer.com/qa/marble-polishing-lusail/ ؛ نفس جذع الخدمة `apartment-cleaning` على 10 URL ؛ لا H1 داخل جسم المقال (قد يعتمد على عنوان القالب)
شركة تنظيف منازل في لوسيل,https://www.rukn-eltatawer.com/qa/home-cleaning-lusail/,230,"critical_thin,template_boilerplate,local_doorway_variant,city_variant_similar,keyword_cannibalization,no_h1_in_body",محتوى هزيل جداً (230 كلمة) ؛ نفس الهيكل العناوين في 868 صفحة (hash a6b89d30b159) ؛ صفحة مدينة×خدمة من مولّد الشبكة — تغطية محلية لكن خطر doorway/تكرار ؛ نفس جذع الخدمة `home-cleaning` على 9 URL ؛ لا H1 داخل جسم المقال (قد يعتمد على عنوان القالب)
شركة تسليك مجاري في لوسيل,https://www.rukn-eltatawer.com/qa/sewerage-company-in-lusail/,234,"critical_thin,template_boilerplate,local_doorway_variant,city_variant_similar,keyword_cannibalization,no_h1_in_body",محتوى هزيل جداً (234 كلمة) ؛ نفس الهيكل العناوين في 868 صفحة (hash a6b89d30b159) ؛ صفحة مدينة×خدمة من مولّد الشبكة — تغطية محلية لكن خطر doorway/تكرار ؛ نفس جذع الخدمة `sewerage-company-in` على 9 URL ؛ لا H1 داخل جسم المقال (قد يعتمد على عنوان القالب)
شركة عزل أسطح في لوسيل,https://www.rukn-eltatawer.com/qa/roof-insulation-lusail/,231,"critical_thin,template_boilerplate,local_doorway_variant,city_variant_similar,keyword_cannibalization,no_h1_in_body",محتوى هزيل جداً (231 كلمة) ؛ نفس الهيكل العناوين في 868 صفحة (hash a6b89d30b159) ؛ صفحة مدينة×خدمة من مولّد الشبكة — تغطية محلية لكن خطر doorway/تكرار ؛ نفس جذع الخدمة `roof-insulation` على 9 URL ؛ لا H1 داخل جسم المقال (قد يعتمد على عنوان القالب)
شركة مكافحة الحشرات الطائرة في الشمال,https://www.rukn-eltatawer.com/qa/flying-pest-control-al-shamal/,220,"critical_thin,template_boilerplate,local_doorway_variant,city_variant_similar,keyword_cannibalization,no_h1_in_body",محتوى هزيل جداً (220 كلمة) ؛ نفس الهيكل العناوين في 905 صفحة (hash cb24e6f8b3f9) ؛ صفحة مدينة×خدمة من مولّد الشبكة — تغطية محلية لكن خطر doorway/تكرار ؛ نفس جذع الخدمة `flying-pest-control` على 9 URL ؛ لا H1 داخل جسم المقال (قد يعتمد على عنوان القالب)
شركة مكافحة الحشرات الزاحفة في الشحانية,https://www.rukn-eltatawer.com/qa/crawling-pest-control-al-shahaniya/,216,"critical_thin,template_boilerplate,local_doorway_variant,keyword_cannibalization,no_h1_in_body",محتوى هزيل جداً (216 كلمة) ؛ نفس الهيكل العناوين في 868 صفحة (hash a6b89d30b159) ؛ صفحة مدينة×خدمة من مولّد الشبكة — تغطية محلية لكن خطر doorway/تكرار ؛ نفس جذع الخدمة `crawling-pest-control` على 9 URL ؛ لا H1 داخل جسم المقال (قد يعتمد على عنوان القالب)
شركة مكافحة الحشرات الزاحفة في الشمال,https://www.rukn-eltatawer.com/qa/crawling-pest-control-al-shamal/,220,"critical_thin,template_boilerplate,local_doorway_variant,city_variant_similar,keyword_cannibalization,no_h1_in_body",محتوى هزيل جداً (220 كلمة) ؛ نفس الهيكل العناوين في 905 صفحة (hash cb24e6f8b3f9) ؛ صفحة مدينة×خدمة من مولّد الشبكة — تغطية محلية لكن خطر doorway/تكرار ؛ نفس جذع الخدمة `crawling-pest-control` على 9 URL ؛ لا H1 داخل جسم المقال (قد يعتمد على عنوان القالب)
شركة تسليك مجاري في الظعاين,https://www.rukn-eltatawer.com/qa/drain-unclogging-al-daayen/,218,"critical_thin,template_boilerplate,local_doorway_variant,city_variant_similar,keyword_cannibalization,no_h1_in_body",محتوى هزيل جداً (218 كلمة) ؛ نفس الهيكل العناوين في 868 صفحة (hash a6b89d30b159) ؛ صفحة مدينة×خدمة من مولّد الشبكة — تغطية محلية لكن خطر doorway/تكرار ؛ نفس جذع الخدمة `drain-unclogging` على 9 URL ؛ لا H1 داخل جسم المقال (قد يعتمد على عنوان القالب)
شركة شفط بيارات في أم صلال,https://www.rukn-eltatawer.com/qa/septic-tank-emptying-umm-salal/,235,"critical_thin,template_boilerplate,local_doorway_variant,city_variant_similar,keyword_cannibalization,no_h1_in_body",محتوى هزيل جداً (235 كلمة) ؛ نفس الهيكل العناوين في 868 صفحة (hash a6b89d30b159) ؛ صفحة مدينة×خدمة من مولّد الشبكة — تغطية محلية لكن خطر doorway/تكرار ؛ نفس جذع الخدمة `septic-tank-emptying` على 9 URL ؛ لا H1 داخل جسم المقال (قد يعتمد على عنوان القالب)
شركة شفط بيارات في الخور,https://www.rukn-eltatawer.com/qa/septic-tank-emptying-al-khor/,225,"critical_thin,template_boilerplate,local_doorway_variant,city_variant_similar,keyword_cannibalization,no_h1_in_body",محتوى هزيل جداً (225 كلمة) ؛ نفس الهيكل العناوين في 868 صفحة (hash a6b89d30b159) ؛ صفحة مدينة×خدمة من مولّد الشبكة — تغطية محلية لكن خطر doorway/تكرار ؛ نفس جذع الخدمة `septic-tank-emptying` على 9 URL ؛ لا H1 داخل جسم المقال (قد يعتمد على عنوان القالب)
شركة ترميم وصيانة مباني في أم صلال,https://www.rukn-eltatawer.com/qa/building-renovation-umm-salal/,244,"critical_thin,template_boilerplate,local_doorway_variant,city_variant_similar,keyword_cannibalization,no_h1_in_body",محتوى هزيل جداً (244 كلمة) ؛ نفس الهيكل العناوين في 905 صفحة (hash cb24e6f8b3f9) ؛ صفحة مدينة×خدمة من مولّد الشبكة — تغطية محلية لكن خطر doorway/تكرار ؛ نفس جذع الخدمة `building-renovation` على 9 URL ؛ لا H1 داخل جسم المقال (قد يعتمد على عنوان القالب)
شركة ترميم وصيانة مباني في الخور,https://www.rukn-eltatawer.com/qa/building-renovation-al-khor/,233,"critical_thin,template_boilerplate,local_doorway_variant,city_variant_similar,keyword_cannibalization,no_h1_in_body",محتوى هزيل جداً (233 كلمة) ؛ نفس الهيكل العناوين في 905 صفحة (hash cb24e6f8b3f9) ؛ صفحة مدينة×خدمة من مولّد الشبكة — تغطية محلية لكن خطر doorway/تكرار ؛ نفس جذع الخدمة `building-renovation` على 9 URL ؛ لا H1 داخل جسم المقال (قد يعتمد على عنوان القالب)
شركة تبطين وصيانة خزانات مياه في أم صلال,https://www.rukn-eltatawer.com/qa/tank-lining-maintenance-umm-salal/,258,"critical_thin,template_boilerplate,local_doorway_variant,city_variant_similar,keyword_cannibalization,no_h1_in_body",محتوى هزيل جداً (258 كلمة) ؛ نفس الهيكل العناوين في 905 صفحة (hash cb24e6f8b3f9) ؛ صفحة مدينة×خدمة من مولّد الشبكة — تغطية محلية لكن خطر doorway/تكرار ؛ نفس جذع الخدمة `tank-lining-maintenance` على 9 URL ؛ لا H1 داخل جسم المقال (قد يعتمد على عنوان القالب)
شركة تبطين وصيانة خزانات مياه في الخور,https://www.rukn-eltatawer.com/qa/tank-lining-maintenance-al-khor/,242,"critical_thin,template_boilerplate,local_doorway_variant,city_variant_similar,keyword_cannibalization,no_h1_in_body",محتوى هزيل جداً (242 كلمة) ؛ نفس الهيكل العناوين في 868 صفحة (hash a6b89d30b159) ؛ صفحة مدينة×خدمة من مولّد الشبكة — تغطية محلية لكن خطر doorway/تكرار ؛ نفس جذع الخدمة `tank-lining-maintenance` على 9 URL ؛ لا H1 داخل جسم المقال (قد يعتمد على عنوان القالب)
شركة عقود صيانة تكييف دورية في الدوحة,https://www.rukn-eltatawer.com/qa/ac-periodic-maintenance-contracts-doha/,239,"critical_thin,template_boilerplate,local_doorway_variant,keyword_cannibalization,no_h1_in_body",محتوى هزيل جداً (239 كلمة) ؛ نفس الهيكل العناوين في 868 صفحة (hash a6b89d30b159) ؛ صفحة مدينة×خدمة من مولّد الشبكة — تغطية محلية لكن خطر doorway/تكرار ؛ نفس جذع الخدمة `ac-periodic-maintenance-contracts` على 9 URL ؛ لا H1 داخل جسم المقال (قد يعتمد على عنوان القالب)
شركة تركيب تكييف مركزي جديد في الدوحة,https://www.rukn-eltatawer.com/qa/new-central-ac-installation-doha/,235,"critical_thin,template_boilerplate,local_doorway_variant,city_variant_similar,keyword_cannibalization,no_h1_in_body",محتوى هزيل جداً (235 كلمة) ؛ نفس الهيكل العناوين في 905 صفحة (hash cb24e6f8b3f9) ؛ صفحة مدينة×خدمة من مولّد الشبكة — تغطية محلية لكن خطر doorway/تكرار ؛ نفس جذع الخدمة `new-central-ac-installation` على 9 URL ؛ لا H1 داخل جسم المقال (قد يعتمد على عنوان القالب)
شركة صيانة دكتات التكييف في الدوحة,https://www.rukn-eltatawer.com/qa/ac-duct-maintenance-doha/,243,"critical_thin,template_boilerplate,local_doorway_variant,city_variant_similar,keyword_cannibalization,no_h1_in_body",محتوى هزيل جداً (243 كلمة) ؛ نفس الهيكل العناوين في 905 صفحة (hash cb24e6f8b3f9) ؛ صفحة مدينة×خدمة من مولّد الشبكة — تغطية محلية لكن خطر doorway/تكرار ؛ نفس جذع الخدمة `ac-duct-maintenance` على 9 URL ؛ لا H1 داخل جسم المقال (قد يعتمد على عنوان القالب)
شركة نقل وتركيب مكيفات في الدوحة,https://www.rukn-eltatawer.com/qa/ac-relocation-installation-doha/,224,"critical_thin,template_boilerplate,local_doorway_variant,keyword_cannibalization,no_h1_in_body",محتوى هزيل جداً (224 كلمة) ؛ نفس الهيكل العناوين في 868 صفحة (hash a6b89d30b159) ؛ صفحة مدينة×خدمة من مولّد الشبكة — تغطية محلية لكن خطر doorway/تكرار ؛ نفس جذع الخدمة `ac-relocation-installation` على 9 URL ؛ لا H1 داخل جسم المقال (قد يعتمد على عنوان القالب)
شركة غسيل وتنظيف مكيفات في الدوحة,https://www.rukn-eltatawer.com/qa/ac-cleaning-washing-doha/,224,"critical_thin,template_boilerplate,local_doorway_variant,keyword_cannibalization,no_h1_in_body",محتوى هزيل جداً (224 كلمة) ؛ نفس الهيكل العناوين في 868 صفحة (hash a6b89d30b159) ؛ صفحة مدينة×خدمة من مولّد الشبكة — تغطية محلية لكن خطر doorway/تكرار ؛ نفس جذع الخدمة `ac-cleaning-washing` على 9 URL ؛ لا H1 داخل جسم المقال (قد يعتمد على عنوان القالب)
شركة تعبئة فريون مكيفات في الدوحة,https://www.rukn-eltatawer.com/qa/ac-freon-refill-doha/,243,"critical_thin,template_boilerplate,local_doorway_variant,city_variant_similar,keyword_cannibalization,no_h1_in_body",محتوى هزيل جداً (243 كلمة) ؛ نفس الهيكل العناوين في 905 صفحة (hash cb24e6f8b3f9) ؛ صفحة مدينة×خدمة من مولّد الشبكة — تغطية محلية لكن خطر doorway/تكرار ؛ نفس جذع الخدمة `ac-freon-refill` على 9 URL ؛ لا H1 داخل جسم المقال (قد يعتمد على عنوان القالب)
شركة عزل ودهان أسطح في الدوحة,https://www.rukn-eltatawer.com/qa/roof-insulation-painting-doha/,249,"critical_thin,template_boilerplate,local_doorway_variant,keyword_cannibalization,no_h1_in_body",محتوى هزيل جداً (249 كلمة) ؛ نفس الهيكل العناوين في 868 صفحة (hash a6b89d30b159) ؛ صفحة مدينة×خدمة من مولّد الشبكة — تغطية محلية لكن خطر doorway/تكرار ؛ نفس جذع الخدمة `roof-insulation-painting` على 9 URL ؛ لا H1 داخل جسم المقال (قد يعتمد على عنوان القالب)
كهربائي منازل في الوكرة,https://www.rukn-eltatawer.com/qa/home-electrician-al-wakrah/,211,"critical_thin,template_boilerplate,local_doorway_variant,keyword_cannibalization,no_h1_in_body",محتوى هزيل جداً (211 كلمة) ؛ نفس الهيكل العناوين في 868 صفحة (hash a6b89d30b159) ؛ صفحة مدينة×خدمة من مولّد الشبكة — تغطية محلية لكن خطر doorway/تكرار ؛ نفس جذع الخدمة `home-electrician` على 9 URL ؛ لا H1 داخل جسم المقال (قد يعتمد على عنوان القالب)
شركة التعقيم بالأوزون في الوكرة,https://www.rukn-eltatawer.com/qa/ozone-disinfection-al-wakrah/,228,"critical_thin,template_boilerplate,local_doorway_variant,city_variant_similar,keyword_cannibalization,no_h1_in_body",محتوى هزيل جداً (228 كلمة) ؛ نفس الهيكل العناوين في 905 صفحة (hash cb24e6f8b3f9) ؛ صفحة مدينة×خدمة من مولّد الشبكة — تغطية محلية لكن خطر doorway/تكرار ؛ نفس جذع الخدمة `ozone-disinfection` على 9 URL ؛ لا H1 داخل جسم المقال (قد يعتمد على عنوان القالب)
شركة التعقيم بالكلور في الوكرة,https://www.rukn-eltatawer.com/qa/chlorine-disinfection-al-wakrah/,223,"critical_thin,template_boilerplate,local_doorway_variant,city_variant_similar,keyword_cannibalization,no_h1_in_body",محتوى هزيل جداً (223 كلمة) ؛ نفس الهيكل العناوين في 868 صفحة (hash a6b89d30b159) ؛ صفحة مدينة×خدمة من مولّد الشبكة — تغطية محلية لكن خطر doorway/تكرار ؛ نفس جذع الخدمة `chlorine-disinfection` على 9 URL ؛ لا H1 داخل جسم المقال (قد يعتمد على عنوان القالب)
شركة التعقيم بالبخار في الوكرة,https://www.rukn-eltatawer.com/qa/steam-disinfection-al-wakrah/,217,"critical_thin,template_boilerplate,local_doorway_variant,city_variant_similar,keyword_cannibalization,no_h1_in_body",محتوى هزيل جداً (217 كلمة) ؛ نفس الهيكل العناوين في 868 صفحة (hash a6b89d30b159) ؛ صفحة مدينة×خدمة من مولّد الشبكة — تغطية محلية لكن خطر doorway/تكرار ؛ نفس جذع الخدمة `steam-disinfection` على 9 URL ؛ لا H1 داخل جسم المقال (قد يعتمد على عنوان القالب)
شركة تركيب أجهزة صوتية لطرد الطيور في الوكرة,https://www.rukn-eltatawer.com/qa/bird-sound-device-al-wakrah/,220,"critical_thin,template_boilerplate,local_doorway_variant,city_variant_similar,keyword_cannibalization,no_h1_in_body",محتوى هزيل جداً (220 كلمة) ؛ نفس الهيكل العناوين في 868 صفحة (hash a6b89d30b159) ؛ صفحة مدينة×خدمة من مولّد الشبكة — تغطية محلية لكن خطر doorway/تكرار ؛ نفس جذع الخدمة `bird-sound-device` على 9 URL ؛ لا H1 داخل جسم المقال (قد يعتمد على عنوان القالب)
شركة تركيب مسامير طاردة للحمام في الوكرة,https://www.rukn-eltatawer.com/qa/pigeon-spikes-installation-al-wakrah/,242,"critical_thin,template_boilerplate,local_doorway_variant,keyword_cannibalization,no_h1_in_body",محتوى هزيل جداً (242 كلمة) ؛ نفس الهيكل العناوين في 905 صفحة (hash cb24e6f8b3f9) ؛ صفحة مدينة×خدمة من مولّد الشبكة — تغطية محلية لكن خطر doorway/تكرار ؛ نفس جذع الخدمة `pigeon-spikes-installation` على 9 URL ؛ لا H1 داخل جسم المقال (قد يعتمد على عنوان القالب)
شركة تركيب شبك طارد للحمام في الوكرة,https://www.rukn-eltatawer.com/qa/pigeon-net-installation-al-wakrah/,230,"critical_thin,template_boilerplate,local_doorway_variant,city_variant_similar,keyword_cannibalization,no_h1_in_body",محتوى هزيل جداً (230 كلمة) ؛ نفس الهيكل العناوين في 905 صفحة (hash cb24e6f8b3f9) ؛ صفحة مدينة×خدمة من مولّد الشبكة — تغطية محلية لكن خطر doorway/تكرار ؛ نفس جذع الخدمة `pigeon-net-installation` على 9 URL ؛ لا H1 داخل جسم المقال (قد يعتمد على عنوان القالب)
شركة مكافحة البعوض والذباب في الوكرة,https://www.rukn-eltatawer.com/qa/mosquito-fly-control-al-wakrah/,230,"critical_thin,template_boilerplate,local_doorway_variant,city_variant_similar,keyword_cannibalization,no_h1_in_body",محتوى هزيل جداً (230 كلمة) ؛ نفس الهيكل العناوين في 868 صفحة (hash a6b89d30b159) ؛ صفحة مدينة×خدمة من مولّد الشبكة — تغطية محلية لكن خطر doorway/تكرار ؛ نفس جذع الخدمة `mosquito-fly-control` على 9 URL ؛ لا H1 داخل جسم المقال (قد يعتمد على عنوان القالب)
شركة عزل صوتي في الدوحة,https://www.rukn-eltatawer.com/qa/soundproofing-doha/,250,"critical_thin,template_boilerplate,local_doorway_variant,keyword_cannibalization,no_h1_in_body",محتوى هزيل جداً (250 كلمة) ؛ نفس الهيكل العناوين في 905 صفحة (hash cb24e6f8b3f9) ؛ صفحة مدينة×خدمة من مولّد الشبكة — تغطية محلية لكن خطر doorway/تكرار ؛ نفس جذع الخدمة `soundproofing` على 9 URL ؛ لا H1 داخل جسم المقال (قد يعتمد على عنوان القالب)
شركة عزل مائي في الدوحة,https://www.rukn-eltatawer.com/qa/waterproofing-doha/,248,"critical_thin,template_boilerplate,local_doorway_variant,city_variant_similar,keyword_cannibalization,no_h1_in_body",محتوى هزيل جداً (248 كلمة) ؛ نفس الهيكل العناوين في 868 صفحة (hash a6b89d30b159) ؛ صفحة مدينة×خدمة من مولّد الشبكة — تغطية محلية لكن خطر doorway/تكرار ؛ نفس جذع الخدمة `waterproofing` على 9 URL ؛ لا H1 داخل جسم المقال (قد يعتمد على عنوان القالب)
شركة عزل حراري في الدوحة,https://www.rukn-eltatawer.com/qa/thermal-insulation-doha/,253,"critical_thin,template_boilerplate,local_doorway_variant,city_variant_similar,keyword_cannibalization,no_h1_in_body",محتوى هزيل جداً (253 كلمة) ؛ نفس الهيكل العناوين في 905 صفحة (hash cb24e6f8b3f9) ؛ صفحة مدينة×خدمة من مولّد الشبكة — تغطية محلية لكن خطر doorway/تكرار ؛ نفس جذع الخدمة `thermal-insulation` على 9 URL ؛ لا H1 داخل جسم المقال (قد يعتمد على عنوان القالب)
شركة عزل مطابخ في الدوحة,https://www.rukn-eltatawer.com/qa/kitchen-insulation-doha/,258,"critical_thin,template_boilerplate,local_doorway_variant,city_variant_similar,keyword_cannibalization,no_h1_in_body",محتوى هزيل جداً (258 كلمة) ؛ نفس الهيكل العناوين في 905 صفحة (hash cb24e6f8b3f9) ؛ صفحة مدينة×خدمة من مولّد الشبكة — تغطية محلية لكن خطر doorway/تكرار ؛ نفس جذع الخدمة `kitchen-insulation` على 9 URL ؛ لا H1 داخل جسم المقال (قد يعتمد على عنوان القالب)
شركة عزل حمامات في الدوحة,https://www.rukn-eltatawer.com/qa/bathroom-insulation-doha/,253,"critical_thin,template_boilerplate,local_doorway_variant,city_variant_similar,keyword_cannibalization,no_h1_in_body",محتوى هزيل جداً (253 كلمة) ؛ نفس الهيكل العناوين في 905 صفحة (hash cb24e6f8b3f9) ؛ صفحة مدينة×خدمة من مولّد الشبكة — تغطية محلية لكن خطر doorway/تكرار ؛ نفس جذع الخدمة `bathroom-insulation` على 9 URL ؛ لا H1 داخل جسم المقال (قد يعتمد على عنوان القالب)
شركة عزل خزانات في الدوحة,https://www.rukn-eltatawer.com/qa/tank-insulation-doha/,234,"critical_thin,template_boilerplate,local_doorway_variant,city_variant_similar,keyword_cannibalization,no_h1_in_body",محتوى هزيل جداً (234 كلمة) ؛ نفس الهيكل العناوين في 868 صفحة (hash a6b89d30b159) ؛ صفحة مدينة×خدمة من مولّد الشبكة — تغطية محلية لكن خطر doorway/تكرار ؛ نفس جذع الخدمة `tank-insulation` على 9 URL ؛ لا H1 داخل جسم المقال (قد يعتمد على عنوان القالب)
شركة تركيب وصيانة أنظمة تنقية الهواء في أم صلال,https://www.rukn-eltatawer.com/qa/air-purification-umm-salal/,245,"critical_thin,template_boilerplate,local_doorway_variant,city_variant_similar,keyword_cannibalization,no_h1_in_body",محتوى هزيل جداً (245 كلمة) ؛ نفس الهيكل العناوين في 868 صفحة (hash a6b89d30b159) ؛ صفحة مدينة×خدمة من مولّد الشبكة — تغطية محلية لكن خطر doorway/تكرار ؛ نفس جذع الخدمة `air-purification` على 9 URL ؛ لا H1 داخل جسم المقال (قد يعتمد على عنوان القالب)
شركة تركيب وصيانة أنظمة تنقية الهواء في الخور,https://www.rukn-eltatawer.com/qa/air-purification-al-khor/,229,"critical_thin,template_boilerplate,local_doorway_variant,city_variant_similar,keyword_cannibalization,no_h1_in_body",محتوى هزيل جداً (229 كلمة) ؛ نفس الهيكل العناوين في 868 صفحة (hash a6b89d30b159) ؛ صفحة مدينة×خدمة من مولّد الشبكة — تغطية محلية لكن خطر doorway/تكرار ؛ نفس جذع الخدمة `air-purification` على 9 URL ؛ لا H1 داخل جسم المقال (قد يعتمد على عنوان القالب)
شركة صيانة مكيفات سبليت في الدوحة,https://www.rukn-eltatawer.com/qa/split-ac-maintenance-doha/,243,"critical_thin,template_boilerplate,local_doorway_variant,near_duplicate,keyword_cannibalization,no_h1_in_body",محتوى هزيل جداً (243 كلمة) ؛ نفس الهيكل العناوين في 905 صفحة (hash cb24e6f8b3f9) ؛ صفحة مدينة×خدمة من مولّد الشبكة — تغطية محلية لكن خطر doorway/تكرار ؛ تشابه SimHash مسافة 1 مع https://www.rukn-eltatawer.com/qa/solar-ac-installation-doha/ ؛ نفس جذع الخدمة `split-ac-maintenance` على 10 URL ؛ لا H1 داخل جسم المقال (قد يعتمد على عنوان القالب)
شركة صيانة تكييف مركزي في الدوحة,https://www.rukn-eltatawer.com/qa/central-ac-maintenance-doha/,248,"critical_thin,template_boilerplate,local_doorway_variant,keyword_cannibalization,no_h1_in_body",محتوى هزيل جداً (248 كلمة) ؛ نفس الهيكل العناوين في 905 صفحة (hash cb24e6f8b3f9) ؛ صفحة مدينة×خدمة من مولّد الشبكة — تغطية محلية لكن خطر doorway/تكرار ؛ نفس جذع الخدمة `central-ac-maintenance` على 9 URL ؛ لا H1 داخل جسم المقال (قد يعتمد على عنوان القالب)
شركة صيانة سباكة في الدوحة,https://www.rukn-eltatawer.com/qa/plumbing-maintenance-doha/,243,"critical_thin,template_boilerplate,local_doorway_variant,near_duplicate,keyword_cannibalization,no_h1_in_body",محتوى هزيل جداً (243 كلمة) ؛ نفس الهيكل العناوين في 905 صفحة (hash cb24e6f8b3f9) ؛ صفحة مدينة×خدمة من مولّد الشبكة — تغطية محلية لكن خطر doorway/تكرار ؛ تشابه SimHash مسافة 1 مع https://www.rukn-eltatawer.com/qa/home-plumber-elec-doha/ ؛ نفس جذع الخدمة `plumbing-maintenance` على 10 URL ؛ لا H1 داخل جسم المقال (قد يعتمد على عنوان القالب)
شركة تنظيف المداخن والشفاطات في الدوحة,https://www.rukn-eltatawer.com/qa/chimney-cleaning-doha/,225,"critical_thin,template_boilerplate,local_doorway_variant,city_variant_similar,keyword_cannibalization,no_h1_in_body",محتوى هزيل جداً (225 كلمة) ؛ نفس الهيكل العناوين في 868 صفحة (hash a6b89d30b159) ؛ صفحة مدينة×خدمة من مولّد الشبكة — تغطية محلية لكن خطر doorway/تكرار ؛ نفس جذع الخدمة `chimney-cleaning` على 9 URL ؛ لا H1 داخل جسم المقال (قد يعتمد على عنوان القالب)
شركة تنظيف وصيانة دكتات المكيفات في الدوحة,https://www.rukn-eltatawer.com/qa/duct-cleaning-doha/,235,"critical_thin,template_boilerplate,local_doorway_variant,city_variant_similar,keyword_cannibalization,no_h1_in_body",محتوى هزيل جداً (235 كلمة) ؛ نفس الهيكل العناوين في 868 صفحة (hash a6b89d30b159) ؛ صفحة مدينة×خدمة من مولّد الشبكة — تغطية محلية لكن خطر doorway/تكرار ؛ نفس جذع الخدمة `duct-cleaning` على 9 URL ؛ لا H1 داخل جسم المقال (قد يعتمد على عنوان القالب)
شركة تنظيف وتعقيم شامل في الدوحة,https://www.rukn-eltatawer.com/qa/deep-cleaning-doha/,234,"critical_thin,template_boilerplate,local_doorway_variant,city_variant_similar,keyword_cannibalization,no_h1_in_body",محتوى هزيل جداً (234 كلمة) ؛ نفس الهيكل العناوين في 868 صفحة (hash a6b89d30b159) ؛ صفحة مدينة×خدمة من مولّد الشبكة — تغطية محلية لكن خطر doorway/تكرار ؛ نفس جذع الخدمة `deep-cleaning` على 9 URL ؛ لا H1 داخل جسم المقال (قد يعتمد على عنوان القالب)
شركة تنظيف كراجات ومواقف سيارات في الدوحة,https://www.rukn-eltatawer.com/qa/garage-cleaning-doha/,236,"critical_thin,template_boilerplate,local_doorway_variant,city_variant_similar,keyword_cannibalization,no_h1_in_body",محتوى هزيل جداً (236 كلمة) ؛ نفس الهيكل العناوين في 905 صفحة (hash cb24e6f8b3f9) ؛ صفحة مدينة×خدمة من مولّد الشبكة — تغطية محلية لكن خطر doorway/تكرار ؛ نفس جذع الخدمة `garage-cleaning` على 9 URL ؛ لا H1 داخل جسم المقال (قد يعتمد على عنوان القالب)
شركة تنظيف واجهات حجرية في الدوحة,https://www.rukn-eltatawer.com/qa/stone-facade-cleaning-doha/,239,"critical_thin,template_boilerplate,local_doorway_variant,city_variant_similar,keyword_cannibalization,no_h1_in_body",محتوى هزيل جداً (239 كلمة) ؛ نفس الهيكل العناوين في 868 صفحة (hash a6b89d30b159) ؛ صفحة مدينة×خدمة من مولّد الشبكة — تغطية محلية لكن خطر doorway/تكرار ؛ نفس جذع الخدمة `stone-facade-cleaning` على 9 URL ؛ لا H1 داخل جسم المقال (قد يعتمد على عنوان القالب)
شركة تنظيف واجهات زجاجية في الدوحة,https://www.rukn-eltatawer.com/qa/glass-facade-cleaning-doha/,249,"critical_thin,template_boilerplate,local_doorway_variant,city_variant_similar,keyword_cannibalization,no_h1_in_body",محتوى هزيل جداً (249 كلمة) ؛ نفس الهيكل العناوين في 905 صفحة (hash cb24e6f8b3f9) ؛ صفحة مدينة×خدمة من مولّد الشبكة — تغطية محلية لكن خطر doorway/تكرار ؛ نفس جذع الخدمة `glass-facade-cleaning` على 9 URL ؛ لا H1 داخل جسم المقال (قد يعتمد على عنوان القالب)
شركة تنظيف أرضيات رخام وجلي رخام في الدوحة,https://www.rukn-eltatawer.com/qa/marble-polishing-doha/,246,"critical_thin,template_boilerplate,local_doorway_variant,city_variant_similar,keyword_cannibalization,no_h1_in_body",محتوى هزيل جداً (246 كلمة) ؛ نفس الهيكل العناوين في 905 صفحة (hash cb24e6f8b3f9) ؛ صفحة مدينة×خدمة من مولّد الشبكة — تغطية محلية لكن خطر doorway/تكرار ؛ نفس جذع الخدمة `marble-polishing` على 9 URL ؛ لا H1 داخل جسم المقال (قد يعتمد على عنوان القالب)
شركة تنظيف مراتب في الدوحة,https://www.rukn-eltatawer.com/qa/mattress-cleaning-doha/,243,"critical_thin,template_boilerplate,local_doorway_variant,keyword_cannibalization,no_h1_in_body",محتوى هزيل جداً (243 كلمة) ؛ نفس الهيكل العناوين في 905 صفحة (hash cb24e6f8b3f9) ؛ صفحة مدينة×خدمة من مولّد الشبكة — تغطية محلية لكن خطر doorway/تكرار ؛ نفس جذع الخدمة `mattress-cleaning` على 9 URL ؛ لا H1 داخل جسم المقال (قد يعتمد على عنوان القالب)
شركة تنظيف ستائر في الدوحة,https://www.rukn-eltatawer.com/qa/curtain-cleaning-doha/,234,"critical_thin,template_boilerplate,local_doorway_variant,city_variant_similar,keyword_cannibalization,no_h1_in_body",محتوى هزيل جداً (234 كلمة) ؛ نفس الهيكل العناوين في 905 صفحة (hash cb24e6f8b3f9) ؛ صفحة مدينة×خدمة من مولّد الشبكة — تغطية محلية لكن خطر doorway/تكرار ؛ نفس جذع الخدمة `curtain-cleaning` على 9 URL ؛ لا H1 داخل جسم المقال (قد يعتمد على عنوان القالب)
شركة تنظيف كنب في الدوحة,https://www.rukn-eltatawer.com/qa/sofa-cleaning-doha/,233,"critical_thin,template_boilerplate,local_doorway_variant,city_variant_similar,keyword_cannibalization,no_h1_in_body",محتوى هزيل جداً (233 كلمة) ؛ نفس الهيكل العناوين في 868 صفحة (hash a6b89d30b159) ؛ صفحة مدينة×خدمة من مولّد الشبكة — تغطية محلية لكن خطر doorway/تكرار ؛ نفس جذع الخدمة `sofa-cleaning` على 9 URL ؛ لا H1 داخل جسم المقال (قد يعتمد على عنوان القالب)
شركة تركيب وحدات تكييف نافذة في الدوحة,https://www.rukn-eltatawer.com/qa/window-ac-installation-doha/,235,"critical_thin,template_boilerplate,local_doorway_variant,city_variant_similar,keyword_cannibalization,no_h1_in_body",محتوى هزيل جداً (235 كلمة) ؛ نفس الهيكل العناوين في 905 صفحة (hash cb24e6f8b3f9) ؛ صفحة مدينة×خدمة من مولّد الشبكة — تغطية محلية لكن خطر doorway/تكرار ؛ نفس جذع الخدمة `window-ac-installation` على 9 URL ؛ لا H1 داخل جسم المقال (قد يعتمد على عنوان القالب)
شركة تركيب مكيفات سبليت في الدوحة,https://www.rukn-eltatawer.com/qa/split-ac-installation-doha/,224,"critical_thin,template_boilerplate,local_doorway_variant,keyword_cannibalization,no_h1_in_body",محتوى هزيل جداً (224 كلمة) ؛ نفس الهيكل العناوين في 868 صفحة (hash a6b89d30b159) ؛ صفحة مدينة×خدمة من مولّد الشبكة — تغطية محلية لكن خطر doorway/تكرار ؛ نفس جذع الخدمة `split-ac-installation` على 9 URL ؛ لا H1 داخل جسم المقال (قد يعتمد على عنوان القالب)
شركة كشف وإصلاح أعطال السباكة في الدوحة,https://www.rukn-eltatawer.com/qa/plumbing-fault-repair-doha/,230,"critical_thin,template_boilerplate,local_doorway_variant,city_variant_similar,keyword_cannibalization,no_h1_in_body",محتوى هزيل جداً (230 كلمة) ؛ نفس الهيكل العناوين في 868 صفحة (hash a6b89d30b159) ؛ صفحة مدينة×خدمة من مولّد الشبكة — تغطية محلية لكن خطر doorway/تكرار ؛ نفس جذع الخدمة `plumbing-fault-repair` على 9 URL ؛ لا H1 داخل جسم المقال (قد يعتمد على عنوان القالب)
شركة تأسيس كهرباء وسباكة لمبنى جديد في الدوحة,https://www.rukn-eltatawer.com/qa/new-building-electrical-plumbing-doha/,246,"critical_thin,template_boilerplate,local_doorway_variant,city_variant_similar,keyword_cannibalization,no_h1_in_body",محتوى هزيل جداً (246 كلمة) ؛ نفس الهيكل العناوين في 905 صفحة (hash cb24e6f8b3f9) ؛ صفحة مدينة×خدمة من مولّد الشبكة — تغطية محلية لكن خطر doorway/تكرار ؛ نفس جذع الخدمة `new-building-electrical-plumbing` على 9 URL ؛ لا H1 داخل جسم المقال (قد يعتمد على عنوان القالب)
شركة صيانة مواسير صرف صحي في الدوحة,https://www.rukn-eltatawer.com/qa/drainage-pipe-maintenance-doha/,235,"critical_thin,template_boilerplate,local_doorway_variant,keyword_cannibalization,no_h1_in_body",محتوى هزيل جداً (235 كلمة) ؛ نفس الهيكل العناوين في 868 صفحة (hash a6b89d30b159) ؛ صفحة مدينة×خدمة من مولّد الشبكة — تغطية محلية لكن خطر doorway/تكرار ؛ نفس جذع الخدمة `drainage-pipe-maintenance` على 9 URL ؛ لا H1 داخل جسم المقال (قد يعتمد على عنوان القالب)
شركة سباك منازل في الدوحة,https://www.rukn-eltatawer.com/qa/home-plumber-elec-doha/,243,"critical_thin,template_boilerplate,local_doorway_variant,city_variant_similar,keyword_cannibalization,no_h1_in_body",محتوى هزيل جداً (243 كلمة) ؛ نفس الهيكل العناوين في 905 صفحة (hash cb24e6f8b3f9) ؛ صفحة مدينة×خدمة من مولّد الشبكة — تغطية محلية لكن خطر doorway/تكرار ؛ نفس جذع الخدمة `home-plumber-elec` على 9 URL ؛ لا H1 داخل جسم المقال (قد يعتمد على عنوان القالب)
فني تركيب وصيانة تكييف في الدوحة,https://www.rukn-eltatawer.com/qa/ac-tech-doha/,233,"critical_thin,template_boilerplate,local_doorway_variant,keyword_cannibalization,no_h1_in_body",محتوى هزيل جداً (233 كلمة) ؛ نفس الهيكل العناوين في 868 صفحة (hash a6b89d30b159) ؛ صفحة مدينة×خدمة من مولّد الشبكة — تغطية محلية لكن خطر doorway/تكرار ؛ نفس جذع الخدمة `ac-tech` على 9 URL ؛ لا H1 داخل جسم المقال (قد يعتمد على عنوان القالب)
سباك منازل في الدوحة,https://www.rukn-eltatawer.com/qa/home-plumber-doha/,232,"critical_thin,template_boilerplate,local_doorway_variant,near_duplicate,keyword_cannibalization,no_h1_in_body",محتوى هزيل جداً (232 كلمة) ؛ نفس الهيكل العناوين في 868 صفحة (hash a6b89d30b159) ؛ صفحة مدينة×خدمة من مولّد الشبكة — تغطية محلية لكن خطر doorway/تكرار ؛ تشابه SimHash مسافة 0 مع https://www.rukn-eltatawer.com/qa/new-building-electrical-plumbing-doha/ ؛ نفس جذع الخدمة `home-plumber` على 10 URL ؛ لا H1 داخل جسم المقال (قد يعتمد على عنوان القالب)
شركة مكافحة الصراصير في الدوحة,https://www.rukn-eltatawer.com/qa/cockroach-control-doha/,241,"critical_thin,template_boilerplate,local_doorway_variant,near_duplicate,keyword_cannibalization,no_h1_in_body",محتوى هزيل جداً (241 كلمة) ؛ نفس الهيكل العناوين في 868 صفحة (hash a6b89d30b159) ؛ صفحة مدينة×خدمة من مولّد الشبكة — تغطية محلية لكن خطر doorway/تكرار ؛ تشابه SimHash مسافة 1 مع https://www.rukn-eltatawer.com/qa/flying-pest-control-doha/ ؛ نفس جذع الخدمة `cockroach-control` على 10 URL ؛ لا H1 داخل جسم المقال (قد يعتمد على عنوان القالب)
شركة مكافحة النمل الأبيض (الرمة) في الدوحة,https://www.rukn-eltatawer.com/qa/termite-control-doha/,238,"critical_thin,template_boilerplate,local_doorway_variant,keyword_cannibalization,no_h1_in_body",محتوى هزيل جداً (238 كلمة) ؛ نفس الهيكل العناوين في 868 صفحة (hash a6b89d30b159) ؛ صفحة مدينة×خدمة من مولّد الشبكة — تغطية محلية لكن خطر doorway/تكرار ؛ نفس جذع الخدمة `termite-control` على 10 URL ؛ لا H1 داخل جسم المقال (قد يعتمد على عنوان القالب)
شركة مكافحة الحشرات الطائرة في الدوحة,https://www.rukn-eltatawer.com/qa/flying-pest-control-doha/,242,"critical_thin,template_boilerplate,local_doorway_variant,city_variant_similar,keyword_cannibalization,no_h1_in_body",محتوى هزيل جداً (242 كلمة) ؛ نفس الهيكل العناوين في 868 صفحة (hash a6b89d30b159) ؛ صفحة مدينة×خدمة من مولّد الشبكة — تغطية محلية لكن خطر doorway/تكرار ؛ نفس جذع الخدمة `flying-pest-control` على 9 URL ؛ لا H1 داخل جسم المقال (قد يعتمد على عنوان القالب)
شركة مكافحة الحشرات الزاحفة في الدوحة,https://www.rukn-eltatawer.com/qa/crawling-pest-control-doha/,252,"critical_thin,template_boilerplate,local_doorway_variant,city_variant_similar,keyword_cannibalization,no_h1_in_body",محتوى هزيل جداً (252 كلمة) ؛ نفس الهيكل العناوين في 905 صفحة (hash cb24e6f8b3f9) ؛ صفحة مدينة×خدمة من مولّد الشبكة — تغطية محلية لكن خطر doorway/تكرار ؛ نفس جذع الخدمة `crawling-pest-control` على 9 URL ؛ لا H1 داخل جسم المقال (قد يعتمد على عنوان القالب)
شركة تركيب أجهزة تكييف طاقة شمسية في الدوحة,https://www.rukn-eltatawer.com/qa/solar-ac-installation-doha/,245,"critical_thin,template_boilerplate,local_doorway_variant,city_variant_similar,keyword_cannibalization,no_h1_in_body",محتوى هزيل جداً (245 كلمة) ؛ نفس الهيكل العناوين في 905 صفحة (hash cb24e6f8b3f9) ؛ صفحة مدينة×خدمة من مولّد الشبكة — تغطية محلية لكن خطر doorway/تكرار ؛ نفس جذع الخدمة `solar-ac-installation` على 9 URL ؛ لا H1 داخل جسم المقال (قد يعتمد على عنوان القالب)
شركة تنظيف وتزيين الحدائق في الدوحة,https://www.rukn-eltatawer.com/qa/garden-cleaning-doha/,234,"critical_thin,template_boilerplate,local_doorway_variant,city_variant_similar,keyword_cannibalization,no_h1_in_body",محتوى هزيل جداً (234 كلمة) ؛ نفس الهيكل العناوين في 868 صفحة (hash a6b89d30b159) ؛ صفحة مدينة×خدمة من مولّد الشبكة — تغطية محلية لكن خطر doorway/تكرار ؛ نفس جذع الخدمة `garden-cleaning` على 9 URL ؛ لا H1 داخل جسم المقال (قد يعتمد على عنوان القالب)
شركة تسليك مجاري في الدوحة,https://www.rukn-eltatawer.com/qa/drain-unclogging-doha/,243,"critical_thin,template_boilerplate,local_doorway_variant,city_variant_similar,keyword_cannibalization,no_h1_in_body",محتوى هزيل جداً (243 كلمة) ؛ نفس الهيكل العناوين في 905 صفحة (hash cb24e6f8b3f9) ؛ صفحة مدينة×خدمة من مولّد الشبكة — تغطية محلية لكن خطر doorway/تكرار ؛ نفس جذع الخدمة `drain-unclogging` على 9 URL ؛ لا H1 داخل جسم المقال (قد يعتمد على عنوان القالب)
شركة صيانة مبردات مياه في الدوحة,https://www.rukn-eltatawer.com/qa/water-cooler-maintenance-doha/,245,"critical_thin,template_boilerplate,local_doorway_variant,city_variant_similar,keyword_cannibalization,no_h1_in_body",محتوى هزيل جداً (245 كلمة) ؛ نفس الهيكل العناوين في 905 صفحة (hash cb24e6f8b3f9) ؛ صفحة مدينة×خدمة من مولّد الشبكة — تغطية محلية لكن خطر doorway/تكرار ؛ نفس جذع الخدمة `water-cooler-maintenance` على 9 URL ؛ لا H1 داخل جسم المقال (قد يعتمد على عنوان القالب)
شركة صيانة سخانات في الدوحة,https://www.rukn-eltatawer.com/qa/water-heater-maintenance-doha/,238,"critical_thin,template_boilerplate,local_doorway_variant,city_variant_similar,keyword_cannibalization,no_h1_in_body",محتوى هزيل جداً (238 كلمة) ؛ نفس الهيكل العناوين في 905 صفحة (hash cb24e6f8b3f9) ؛ صفحة مدينة×خدمة من مولّد الشبكة — تغطية محلية لكن خطر doorway/تكرار ؛ نفس جذع الخدمة `water-heater-maintenance` على 9 URL ؛ لا H1 داخل جسم المقال (قد يعتمد على عنوان القالب)
شركة صيانة ميكروويف في الدوحة,https://www.rukn-eltatawer.com/qa/microwave-maintenance-doha/,238,"critical_thin,template_boilerplate,local_doorway_variant,city_variant_similar,keyword_cannibalization,no_h1_in_body",محتوى هزيل جداً (238 كلمة) ؛ نفس الهيكل العناوين في 868 صفحة (hash a6b89d30b159) ؛ صفحة مدينة×خدمة من مولّد الشبكة — تغطية محلية لكن خطر doorway/تكرار ؛ نفس جذع الخدمة `microwave-maintenance` على 9 URL ؛ لا H1 داخل جسم المقال (قد يعتمد على عنوان القالب)
شركة صيانة نشافات في الدوحة,https://www.rukn-eltatawer.com/qa/dryer-maintenance-doha/,238,"critical_thin,template_boilerplate,local_doorway_variant,city_variant_similar,keyword_cannibalization,no_h1_in_body",محتوى هزيل جداً (238 كلمة) ؛ نفس الهيكل العناوين في 868 صفحة (hash a6b89d30b159) ؛ صفحة مدينة×خدمة من مولّد الشبكة — تغطية محلية لكن خطر doorway/تكرار ؛ نفس جذع الخدمة `dryer-maintenance` على 9 URL ؛ لا H1 داخل جسم المقال (قد يعتمد على عنوان القالب)
شركة صيانة غسالات في الدوحة,https://www.rukn-eltatawer.com/qa/washer-maintenance-doha/,234,"critical_thin,template_boilerplate,local_doorway_variant,keyword_cannibalization,no_h1_in_body",محتوى هزيل جداً (234 كلمة) ؛ نفس الهيكل العناوين في 905 صفحة (hash cb24e6f8b3f9) ؛ صفحة مدينة×خدمة من مولّد الشبكة — تغطية محلية لكن خطر doorway/تكرار ؛ نفس جذع الخدمة `washer-maintenance` على 9 URL ؛ لا H1 داخل جسم المقال (قد يعتمد على عنوان القالب)
شركة صيانة ثلاجات في الدوحة,https://www.rukn-eltatawer.com/qa/fridge-maintenance-doha/,248,"critical_thin,template_boilerplate,local_doorway_variant,city_variant_similar,keyword_cannibalization,no_h1_in_body",محتوى هزيل جداً (248 كلمة) ؛ نفس الهيكل العناوين في 905 صفحة (hash cb24e6f8b3f9) ؛ صفحة مدينة×خدمة من مولّد الشبكة — تغطية محلية لكن خطر doorway/تكرار ؛ نفس جذع الخدمة `fridge-maintenance` على 9 URL ؛ لا H1 داخل جسم المقال (قد يعتمد على عنوان القالب)
شركة صيانة الأجهزة الكهربائية في الدوحة,https://www.rukn-eltatawer.com/qa/appliance-maintenance-doha/,245,"critical_thin,template_boilerplate,local_doorway_variant,city_variant_similar,keyword_cannibalization,no_h1_in_body",محتوى هزيل جداً (245 كلمة) ؛ نفس الهيكل العناوين في 905 صفحة (hash cb24e6f8b3f9) ؛ صفحة مدينة×خدمة من مولّد الشبكة — تغطية محلية لكن خطر doorway/تكرار ؛ نفس جذع الخدمة `appliance-maintenance` على 9 URL ؛ لا H1 داخل جسم المقال (قد يعتمد على عنوان القالب)
شركة صيانة بوتاجازات في الدوحة,https://www.rukn-eltatawer.com/qa/stove-maintenance-doha/,238,"critical_thin,template_boilerplate,local_doorway_variant,city_variant_similar,keyword_cannibalization,no_h1_in_body",محتوى هزيل جداً (238 كلمة) ؛ نفس الهيكل العناوين في 868 صفحة (hash a6b89d30b159) ؛ صفحة مدينة×خدمة من مولّد الشبكة — تغطية محلية لكن خطر doorway/تكرار ؛ نفس جذع الخدمة `stove-maintenance` على 9 URL ؛ لا H1 داخل جسم المقال (قد يعتمد على عنوان القالب)
شركة صيانة أفران في الدوحة,https://www.rukn-eltatawer.com/qa/oven-maintenance-doha/,234,"critical_thin,template_boilerplate,local_doorway_variant,city_variant_similar,keyword_cannibalization,no_h1_in_body",محتوى هزيل جداً (234 كلمة) ؛ نفس الهيكل العناوين في 905 صفحة (hash cb24e6f8b3f9) ؛ صفحة مدينة×خدمة من مولّد الشبكة — تغطية محلية لكن خطر doorway/تكرار ؛ نفس جذع الخدمة `oven-maintenance` على 9 URL ؛ لا H1 داخل جسم المقال (قد يعتمد على عنوان القالب)
شركة صيانة أبواب أوتوماتيكية في الدوحة,https://www.rukn-eltatawer.com/qa/automatic-doors-maintenance-doha/,250,"critical_thin,template_boilerplate,local_doorway_variant,keyword_cannibalization,no_h1_in_body",محتوى هزيل جداً (250 كلمة) ؛ نفس الهيكل العناوين في 905 صفحة (hash cb24e6f8b3f9) ؛ صفحة مدينة×خدمة من مولّد الشبكة — تغطية محلية لكن خطر doorway/تكرار ؛ نفس جذع الخدمة `automatic-doors-maintenance` على 9 URL ؛ لا H1 داخل جسم المقال (قد يعتمد على عنوان القالب)
شركة صيانة كاميرات مراقبة في الدوحة,https://www.rukn-eltatawer.com/qa/cctv-maintenance-doha/,231,"critical_thin,template_boilerplate,local_doorway_variant,city_variant_similar,keyword_cannibalization,no_h1_in_body",محتوى هزيل جداً (231 كلمة) ؛ نفس الهيكل العناوين في 868 صفحة (hash a6b89d30b159) ؛ صفحة مدينة×خدمة من مولّد الشبكة — تغطية محلية لكن خطر doorway/تكرار ؛ نفس جذع الخدمة `cctv-maintenance` على 9 URL ؛ لا H1 داخل جسم المقال (قد يعتمد على عنوان القالب)
شركة صيانة مصاعد في الدوحة,https://www.rukn-eltatawer.com/qa/elevator-maintenance-doha/,248,"critical_thin,template_boilerplate,local_doorway_variant,city_variant_similar,keyword_cannibalization,no_h1_in_body",محتوى هزيل جداً (248 كلمة) ؛ نفس الهيكل العناوين في 905 صفحة (hash cb24e6f8b3f9) ؛ صفحة مدينة×خدمة من مولّد الشبكة — تغطية محلية لكن خطر doorway/تكرار ؛ نفس جذع الخدمة `elevator-maintenance` على 9 URL ؛ لا H1 داخل جسم المقال (قد يعتمد على عنوان القالب)
شركة صيانة مسابح في الدوحة,https://www.rukn-eltatawer.com/qa/pool-maintenance-doha/,234,"critical_thin,template_boilerplate,local_doorway_variant,keyword_cannibalization,no_h1_in_body",محتوى هزيل جداً (234 كلمة) ؛ نفس الهيكل العناوين في 905 صفحة (hash cb24e6f8b3f9) ؛ صفحة مدينة×خدمة من مولّد الشبكة — تغطية محلية لكن خطر doorway/تكرار ؛ نفس جذع الخدمة `pool-maintenance` على 9 URL ؛ لا H1 داخل جسم المقال (قد يعتمد على عنوان القالب)
شركة صيانة مباني في الدوحة,https://www.rukn-eltatawer.com/qa/building-maintenance-doha/,248,"critical_thin,template_boilerplate,local_doorway_variant,city_variant_similar,keyword_cannibalization,no_h1_in_body",محتوى هزيل جداً (248 كلمة) ؛ نفس الهيكل العناوين في 905 صفحة (hash cb24e6f8b3f9) ؛ صفحة مدينة×خدمة من مولّد الشبكة — تغطية محلية لكن خطر doorway/تكرار ؛ نفس جذع الخدمة `building-maintenance` على 9 URL ؛ لا H1 داخل جسم المقال (قد يعتمد على عنوان القالب)
شركة صيانة عامة في الدوحة,https://www.rukn-eltatawer.com/qa/general-maintenance-doha/,238,"critical_thin,template_boilerplate,local_doorway_variant,city_variant_similar,keyword_cannibalization,no_h1_in_body",محتوى هزيل جداً (238 كلمة) ؛ نفس الهيكل العناوين في 868 صفحة (hash a6b89d30b159) ؛ صفحة مدينة×خدمة من مولّد الشبكة — تغطية محلية لكن خطر doorway/تكرار ؛ نفس جذع الخدمة `general-maintenance` على 9 URL ؛ لا H1 داخل جسم المقال (قد يعتمد على عنوان القالب)
شركة تنظيف موكيت في الدوحة,https://www.rukn-eltatawer.com/qa/moquette-cleaning-doha/,233,"critical_thin,template_boilerplate,local_doorway_variant,city_variant_similar,keyword_cannibalization,no_h1_in_body",محتوى هزيل جداً (233 كلمة) ؛ نفس الهيكل العناوين في 868 صفحة (hash a6b89d30b159) ؛ صفحة مدينة×خدمة من مولّد الشبكة — تغطية محلية لكن خطر doorway/تكرار ؛ نفس جذع الخدمة `moquette-cleaning` على 9 URL ؛ لا H1 داخل جسم المقال (قد يعتمد على عنوان القالب)
شركة تنظيف سجاد في الدوحة,https://www.rukn-eltatawer.com/qa/carpet-cleaning-doha/,233,"critical_thin,template_boilerplate,local_doorway_variant,city_variant_similar,keyword_cannibalization,no_h1_in_body",محتوى هزيل جداً (233 كلمة) ؛ نفس الهيكل العناوين في 868 صفحة (hash a6b89d30b159) ؛ صفحة مدينة×خدمة من مولّد الشبكة — تغطية محلية لكن خطر doorway/تكرار ؛ نفس جذع الخدمة `carpet-cleaning` على 9 URL ؛ لا H1 داخل جسم المقال (قد يعتمد على عنوان القالب)
شركة تنظيف خزانات ديزل في الدوحة,https://www.rukn-eltatawer.com/qa/diesel-tank-cleaning-doha/,225,"critical_thin,template_boilerplate,local_doorway_variant,city_variant_similar,keyword_cannibalization,no_h1_in_body",محتوى هزيل جداً (225 كلمة) ؛ نفس الهيكل العناوين في 868 صفحة (hash a6b89d30b159) ؛ صفحة مدينة×خدمة من مولّد الشبكة — تغطية محلية لكن خطر doorway/تكرار ؛ نفس جذع الخدمة `diesel-tank-cleaning` على 9 URL ؛ لا H1 داخل جسم المقال (قد يعتمد على عنوان القالب)
شركة تنظيف خزانات مياه في الدوحة,https://www.rukn-eltatawer.com/qa/water-tank-cleaning-doha/,249,"critical_thin,template_boilerplate,local_doorway_variant,near_duplicate,keyword_cannibalization,no_h1_in_body",محتوى هزيل جداً (249 كلمة) ؛ نفس الهيكل العناوين في 905 صفحة (hash cb24e6f8b3f9) ؛ صفحة مدينة×خدمة من مولّد الشبكة — تغطية محلية لكن خطر doorway/تكرار ؛ تشابه SimHash مسافة 1 مع https://www.rukn-eltatawer.com/qa/glass-facade-cleaning-doha/ ؛ نفس جذع الخدمة `water-tank-cleaning` على 10 URL ؛ لا H1 داخل جسم المقال (قد يعتمد على عنوان القالب)
شركة تنظيف حمامات في الدوحة,https://www.rukn-eltatawer.com/qa/bathroom-cleaning-doha/,234,"critical_thin,template_boilerplate,local_doorway_variant,city_variant_similar,keyword_cannibalization,no_h1_in_body",محتوى هزيل جداً (234 كلمة) ؛ نفس الهيكل العناوين في 905 صفحة (hash cb24e6f8b3f9) ؛ صفحة مدينة×خدمة من مولّد الشبكة — تغطية محلية لكن خطر doorway/تكرار ؛ نفس جذع الخدمة `bathroom-cleaning` على 9 URL ؛ لا H1 داخل جسم المقال (قد يعتمد على عنوان القالب)
شركة تنظيف مطابخ في الدوحة,https://www.rukn-eltatawer.com/qa/kitchen-cleaning-doha/,234,"critical_thin,template_boilerplate,local_doorway_variant,city_variant_similar,keyword_cannibalization,no_h1_in_body",محتوى هزيل جداً (234 كلمة) ؛ نفس الهيكل العناوين في 905 صفحة (hash cb24e6f8b3f9) ؛ صفحة مدينة×خدمة من مولّد الشبكة — تغطية محلية لكن خطر doorway/تكرار ؛ نفس جذع الخدمة `kitchen-cleaning` على 9 URL ؛ لا H1 داخل جسم المقال (قد يعتمد على عنوان القالب)
شركة تنظيف مسابح في الدوحة,https://www.rukn-eltatawer.com/qa/pool-cleaning-doha/,233,"critical_thin,template_boilerplate,local_doorway_variant,city_variant_similar,keyword_cannibalization,no_h1_in_body",محتوى هزيل جداً (233 كلمة) ؛ نفس الهيكل العناوين في 868 صفحة (hash a6b89d30b159) ؛ صفحة مدينة×خدمة من مولّد الشبكة — تغطية محلية لكن خطر doorway/تكرار ؛ نفس جذع الخدمة `pool-cleaning` على 9 URL ؛ لا H1 داخل جسم المقال (قد يعتمد على عنوان القالب)
شركة عزل أسطح في الدوحة,https://www.rukn-eltatawer.com/qa/roof-insulation-doha/,248,"critical_thin,template_boilerplate,local_doorway_variant,city_variant_similar,keyword_cannibalization,no_h1_in_body",محتوى هزيل جداً (248 كلمة) ؛ نفس الهيكل العناوين في 868 صفحة (hash a6b89d30b159) ؛ صفحة مدينة×خدمة من مولّد الشبكة — تغطية محلية لكن خطر doorway/تكرار ؛ نفس جذع الخدمة `roof-insulation` على 9 URL ؛ لا H1 داخل جسم المقال (قد يعتمد على عنوان القالب)
شركة صيانة ثلاجات وتبريد تجاري في الدوحة,https://www.rukn-eltatawer.com/qa/commercial-refrigeration-maintenance-doha/,247,"critical_thin,template_boilerplate,local_doorway_variant,city_variant_similar,keyword_cannibalization,no_h1_in_body",محتوى هزيل جداً (247 كلمة) ؛ نفس الهيكل العناوين في 905 صفحة (hash cb24e6f8b3f9) ؛ صفحة مدينة×خدمة من مولّد الشبكة — تغطية محلية لكن خطر doorway/تكرار ؛ نفس جذع الخدمة `commercial-refrigeration-maintenance` على 9 URL ؛ لا H1 داخل جسم المقال (قد يعتمد على عنوان القالب)
شركة تركيب وصيانة سخانات مركزية في الدوحة,https://www.rukn-eltatawer.com/qa/central-heater-installation-maintenance-doha/,230,"critical_thin,template_boilerplate,local_doorway_variant,city_variant_similar,keyword_cannibalization,no_h1_in_body",محتوى هزيل جداً (230 كلمة) ؛ نفس الهيكل العناوين في 868 صفحة (hash a6b89d30b159) ؛ صفحة مدينة×خدمة من مولّد الشبكة — تغطية محلية لكن خطر doorway/تكرار ؛ نفس جذع الخدمة `central-heater-installation-maintenance` على 9 URL ؛ لا H1 داخل جسم المقال (قد يعتمد على عنوان القالب)
شركة صيانة مضخات مياه في الدوحة,https://www.rukn-eltatawer.com/qa/water-pump-maintenance-doha/,239,"critical_thin,template_boilerplate,local_doorway_variant,keyword_cannibalization,no_h1_in_body",محتوى هزيل جداً (239 كلمة) ؛ نفس الهيكل العناوين في 905 صفحة (hash cb24e6f8b3f9) ؛ صفحة مدينة×خدمة من مولّد الشبكة — تغطية محلية لكن خطر doorway/تكرار ؛ نفس جذع الخدمة `water-pump-maintenance` على 9 URL ؛ لا H1 داخل جسم المقال (قد يعتمد على عنوان القالب)
شركة صيانة لوحات كهرباء في الدوحة,https://www.rukn-eltatawer.com/qa/electric-panel-maintenance-doha/,241,"critical_thin,template_boilerplate,local_doorway_variant,city_variant_similar,keyword_cannibalization,no_h1_in_body",محتوى هزيل جداً (241 كلمة) ؛ نفس الهيكل العناوين في 905 صفحة (hash cb24e6f8b3f9) ؛ صفحة مدينة×خدمة من مولّد الشبكة — تغطية محلية لكن خطر doorway/تكرار ؛ نفس جذع الخدمة `electric-panel-maintenance` على 9 URL ؛ لا H1 داخل جسم المقال (قد يعتمد على عنوان القالب)
شركة صيانة ودهان بعد التسريبات في الدوحة,https://www.rukn-eltatawer.com/qa/post-leak-repaint-maintenance-doha/,264,"critical_thin,template_boilerplate,local_doorway_variant,keyword_cannibalization,no_h1_in_body",محتوى هزيل جداً (264 كلمة) ؛ نفس الهيكل العناوين في 868 صفحة (hash a6b89d30b159) ؛ صفحة مدينة×خدمة من مولّد الشبكة — تغطية محلية لكن خطر doorway/تكرار ؛ نفس جذع الخدمة `post-leak-repaint-maintenance` على 9 URL ؛ لا H1 داخل جسم المقال (قد يعتمد على عنوان القالب)
شركة مكافحة الصراصير في الريان,https://www.rukn-eltatawer.com/qa/cockroach-control-al-rayyan/,215,"critical_thin,template_boilerplate,local_doorway_variant,near_duplicate,keyword_cannibalization,no_h1_in_body",محتوى هزيل جداً (215 كلمة) ؛ نفس الهيكل العناوين في 868 صفحة (hash a6b89d30b159) ؛ صفحة مدينة×خدمة من مولّد الشبكة — تغطية محلية لكن خطر doorway/تكرار ؛ تشابه SimHash مسافة 2 مع https://www.rukn-eltatawer.com/qa/lizard-control-al-rayyan/ ؛ نفس جذع الخدمة `cockroach-control` على 10 URL ؛ لا H1 داخل جسم المقال (قد يعتمد على عنوان القالب)
شركة مكافحة النمل الأبيض (الرمة) في الريان,https://www.rukn-eltatawer.com/qa/termite-control-al-rayyan/,224,"critical_thin,template_boilerplate,local_doorway_variant,near_duplicate,keyword_cannibalization,no_h1_in_body",محتوى هزيل جداً (224 كلمة) ؛ نفس الهيكل العناوين في 905 صفحة (hash cb24e6f8b3f9) ؛ صفحة مدينة×خدمة من مولّد الشبكة — تغطية محلية لكن خطر doorway/تكرار ؛ تشابه SimHash مسافة 1 مع https://www.rukn-eltatawer.com/qa/chlorine-disinfection-al-rayyan/ ؛ نفس جذع الخدمة `termite-control` على 10 URL ؛ لا H1 داخل جسم المقال (قد يعتمد على عنوان القالب)
شركة مكافحة الحشرات الطائرة في الريان,https://www.rukn-eltatawer.com/qa/flying-pest-control-al-rayyan/,237,"critical_thin,template_boilerplate,local_doorway_variant,city_variant_similar,keyword_cannibalization,no_h1_in_body",محتوى هزيل جداً (237 كلمة) ؛ نفس الهيكل العناوين في 905 صفحة (hash cb24e6f8b3f9) ؛ صفحة مدينة×خدمة من مولّد الشبكة — تغطية محلية لكن خطر doorway/تكرار ؛ نفس جذع الخدمة `flying-pest-control` على 9 URL ؛ لا H1 داخل جسم المقال (قد يعتمد على عنوان القالب)
شركة مكافحة الحشرات الزاحفة في الريان,https://www.rukn-eltatawer.com/qa/crawling-pest-control-al-rayyan/,233,"critical_thin,template_boilerplate,local_doorway_variant,city_variant_similar,keyword_cannibalization,no_h1_in_body",محتوى هزيل جداً (233 كلمة) ؛ نفس الهيكل العناوين في 905 صفحة (hash cb24e6f8b3f9) ؛ صفحة مدينة×خدمة من مولّد الشبكة — تغطية محلية لكن خطر doorway/تكرار ؛ نفس جذع الخدمة `crawling-pest-control` على 9 URL ؛ لا H1 داخل جسم المقال (قد يعتمد على عنوان القالب)
شركة تركيب أجهزة تكييف طاقة شمسية في الريان,https://www.rukn-eltatawer.com/qa/solar-ac-installation-al-rayyan/,229,"critical_thin,template_boilerplate,local_doorway_variant,city_variant_similar,keyword_cannibalization,no_h1_in_body",محتوى هزيل جداً (229 كلمة) ؛ نفس الهيكل العناوين في 868 صفحة (hash a6b89d30b159) ؛ صفحة مدينة×خدمة من مولّد الشبكة — تغطية محلية لكن خطر doorway/تكرار ؛ نفس جذع الخدمة `solar-ac-installation` على 9 URL ؛ لا H1 داخل جسم المقال (قد يعتمد على عنوان القالب)
شركة شفط بيارات في الدوحة,https://www.rukn-eltatawer.com/qa/septic-tank-emptying-doha/,229,"critical_thin,template_boilerplate,local_doorway_variant,keyword_cannibalization,no_h1_in_body",محتوى هزيل جداً (229 كلمة) ؛ نفس الهيكل العناوين في 905 صفحة (hash cb24e6f8b3f9) ؛ صفحة مدينة×خدمة من مولّد الشبكة — تغطية محلية لكن خطر doorway/تكرار ؛ نفس جذع الخدمة `septic-tank-emptying` على 9 URL ؛ لا H1 داخل جسم المقال (قد يعتمد على عنوان القالب)
شركة ترميم وصيانة مباني في الدوحة,https://www.rukn-eltatawer.com/qa/building-renovation-doha/,246,"critical_thin,template_boilerplate,local_doorway_variant,keyword_cannibalization,no_h1_in_body",محتوى هزيل جداً (246 كلمة) ؛ نفس الهيكل العناوين في 905 صفحة (hash cb24e6f8b3f9) ؛ صفحة مدينة×خدمة من مولّد الشبكة — تغطية محلية لكن خطر doorway/تكرار ؛ نفس جذع الخدمة `building-renovation` على 9 URL ؛ لا H1 داخل جسم المقال (قد يعتمد على عنوان القالب)
شركة تبطين وصيانة خزانات مياه في الدوحة,https://www.rukn-eltatawer.com/qa/tank-lining-maintenance-doha/,260,"critical_thin,template_boilerplate,local_doorway_variant,city_variant_similar,keyword_cannibalization,no_h1_in_body",محتوى هزيل جداً (260 كلمة) ؛ نفس الهيكل العناوين في 905 صفحة (hash cb24e6f8b3f9) ؛ صفحة مدينة×خدمة من مولّد الشبكة — تغطية محلية لكن خطر doorway/تكرار ؛ نفس جذع الخدمة `tank-lining-maintenance` على 9 URL ؛ لا H1 داخل جسم المقال (قد يعتمد على عنوان القالب)
شركة عزل صوتي في الريان,https://www.rukn-eltatawer.com/qa/soundproofing-al-rayyan/,232,"critical_thin,template_boilerplate,local_doorway_variant,keyword_cannibalization,no_h1_in_body",محتوى هزيل جداً (232 كلمة) ؛ نفس الهيكل العناوين في 905 صفحة (hash cb24e6f8b3f9) ؛ صفحة مدينة×خدمة من مولّد الشبكة — تغطية محلية لكن خطر doorway/تكرار ؛ نفس جذع الخدمة `soundproofing` على 9 URL ؛ لا H1 داخل جسم المقال (قد يعتمد على عنوان القالب)
شركة عزل مائي في الريان,https://www.rukn-eltatawer.com/qa/waterproofing-al-rayyan/,253,"critical_thin,template_boilerplate,local_doorway_variant,city_variant_similar,keyword_cannibalization,no_h1_in_body",محتوى هزيل جداً (253 كلمة) ؛ نفس الهيكل العناوين في 905 صفحة (hash cb24e6f8b3f9) ؛ صفحة مدينة×خدمة من مولّد الشبكة — تغطية محلية لكن خطر doorway/تكرار ؛ نفس جذع الخدمة `waterproofing` على 9 URL ؛ لا H1 داخل جسم المقال (قد يعتمد على عنوان القالب)
شركة عزل حراري في الوكرة,https://www.rukn-eltatawer.com/qa/thermal-insulation-al-wakrah/,225,"critical_thin,template_boilerplate,local_doorway_variant,city_variant_similar,keyword_cannibalization,no_h1_in_body",محتوى هزيل جداً (225 كلمة) ؛ نفس الهيكل العناوين في 868 صفحة (hash a6b89d30b159) ؛ صفحة مدينة×خدمة من مولّد الشبكة — تغطية محلية لكن خطر doorway/تكرار ؛ نفس جذع الخدمة `thermal-insulation` على 9 URL ؛ لا H1 داخل جسم المقال (قد يعتمد على عنوان القالب)
شركة عزل حراري في الريان,https://www.rukn-eltatawer.com/qa/thermal-insulation-al-rayyan/,230,"critical_thin,template_boilerplate,local_doorway_variant,city_variant_similar,keyword_cannibalization,no_h1_in_body",محتوى هزيل جداً (230 كلمة) ؛ نفس الهيكل العناوين في 905 صفحة (hash cb24e6f8b3f9) ؛ صفحة مدينة×خدمة من مولّد الشبكة — تغطية محلية لكن خطر doorway/تكرار ؛ نفس جذع الخدمة `thermal-insulation` على 9 URL ؛ لا H1 داخل جسم المقال (قد يعتمد على عنوان القالب)
شركة عزل مطابخ في الريان,https://www.rukn-eltatawer.com/qa/kitchen-insulation-al-rayyan/,240,"critical_thin,template_boilerplate,local_doorway_variant,keyword_cannibalization,no_h1_in_body",محتوى هزيل جداً (240 كلمة) ؛ نفس الهيكل العناوين في 905 صفحة (hash cb24e6f8b3f9) ؛ صفحة مدينة×خدمة من مولّد الشبكة — تغطية محلية لكن خطر doorway/تكرار ؛ نفس جذع الخدمة `kitchen-insulation` على 9 URL ؛ لا H1 داخل جسم المقال (قد يعتمد على عنوان القالب)
شركة عزل حمامات في الريان,https://www.rukn-eltatawer.com/qa/bathroom-insulation-al-rayyan/,240,"critical_thin,template_boilerplate,local_doorway_variant,keyword_cannibalization,no_h1_in_body",محتوى هزيل جداً (240 كلمة) ؛ نفس الهيكل العناوين في 905 صفحة (hash cb24e6f8b3f9) ؛ صفحة مدينة×خدمة من مولّد الشبكة — تغطية محلية لكن خطر doorway/تكرار ؛ نفس جذع الخدمة `bathroom-insulation` على 9 URL ؛ لا H1 داخل جسم المقال (قد يعتمد على عنوان القالب)
شركة عزل خزانات في الريان,https://www.rukn-eltatawer.com/qa/tank-insulation-al-rayyan/,233,"critical_thin,template_boilerplate,local_doorway_variant,keyword_cannibalization,no_h1_in_body",محتوى هزيل جداً (233 كلمة) ؛ نفس الهيكل العناوين في 868 صفحة (hash a6b89d30b159) ؛ صفحة مدينة×خدمة من مولّد الشبكة — تغطية محلية لكن خطر doorway/تكرار ؛ نفس جذع الخدمة `tank-insulation` على 9 URL ؛ لا H1 داخل جسم المقال (قد يعتمد على عنوان القالب)
شركة عزل أسطح في الوكرة,https://www.rukn-eltatawer.com/qa/roof-insulation-al-wakrah/,236,"critical_thin,template_boilerplate,local_doorway_variant,city_variant_similar,keyword_cannibalization,no_h1_in_body",محتوى هزيل جداً (236 كلمة) ؛ نفس الهيكل العناوين في 905 صفحة (hash cb24e6f8b3f9) ؛ صفحة مدينة×خدمة من مولّد الشبكة — تغطية محلية لكن خطر doorway/تكرار ؛ نفس جذع الخدمة `roof-insulation` على 9 URL ؛ لا H1 داخل جسم المقال (قد يعتمد على عنوان القالب)
شركة عزل أسطح في الريان,https://www.rukn-eltatawer.com/qa/roof-insulation-al-rayyan/,237,"critical_thin,template_boilerplate,local_doorway_variant,city_variant_similar,keyword_cannibalization,no_h1_in_body",محتوى هزيل جداً (237 كلمة) ؛ نفس الهيكل العناوين في 868 صفحة (hash a6b89d30b159) ؛ صفحة مدينة×خدمة من مولّد الشبكة — تغطية محلية لكن خطر doorway/تكرار ؛ نفس جذع الخدمة `roof-insulation` على 9 URL ؛ لا H1 داخل جسم المقال (قد يعتمد على عنوان القالب)
شركة كشف تسربات التكييف في الوكرة,https://www.rukn-eltatawer.com/qa/ac-leak-detection-al-wakrah/,250,"critical_thin,template_boilerplate,local_doorway_variant,keyword_cannibalization,no_h1_in_body",محتوى هزيل جداً (250 كلمة) ؛ نفس الهيكل العناوين في 905 صفحة (hash cb24e6f8b3f9) ؛ صفحة مدينة×خدمة من مولّد الشبكة — تغطية محلية لكن خطر doorway/تكرار ؛ نفس جذع الخدمة `ac-leak-detection` على 9 URL ؛ لا H1 داخل جسم المقال (قد يعتمد على عنوان القالب)
شركة كشف تسربات التكييف في الريان,https://www.rukn-eltatawer.com/qa/ac-leak-detection-al-rayyan/,251,"critical_thin,template_boilerplate,local_doorway_variant,keyword_cannibalization,no_h1_in_body",محتوى هزيل جداً (251 كلمة) ؛ نفس الهيكل العناوين في 868 صفحة (hash a6b89d30b159) ؛ صفحة مدينة×خدمة من مولّد الشبكة — تغطية محلية لكن خطر doorway/تكرار ؛ نفس جذع الخدمة `ac-leak-detection` على 9 URL ؛ لا H1 داخل جسم المقال (قد يعتمد على عنوان القالب)
شركة كشف تسربات الغاز في الوكرة,https://www.rukn-eltatawer.com/qa/gas-leak-detection-al-wakrah/,245,"critical_thin,template_boilerplate,local_doorway_variant,city_variant_similar,keyword_cannibalization,no_h1_in_body",محتوى هزيل جداً (245 كلمة) ؛ نفس الهيكل العناوين في 868 صفحة (hash a6b89d30b159) ؛ صفحة مدينة×خدمة من مولّد الشبكة — تغطية محلية لكن خطر doorway/تكرار ؛ نفس جذع الخدمة `gas-leak-detection` على 9 URL ؛ لا H1 داخل جسم المقال (قد يعتمد على عنوان القالب)
شركة كشف تسربات الغاز في الريان,https://www.rukn-eltatawer.com/qa/gas-leak-detection-al-rayyan/,244,"critical_thin,template_boilerplate,local_doorway_variant,city_variant_similar,keyword_cannibalization,no_h1_in_body",محتوى هزيل جداً (244 كلمة) ؛ نفس الهيكل العناوين في 905 صفحة (hash cb24e6f8b3f9) ؛ صفحة مدينة×خدمة من مولّد الشبكة — تغطية محلية لكن خطر doorway/تكرار ؛ نفس جذع الخدمة `gas-leak-detection` على 9 URL ؛ لا H1 داخل جسم المقال (قد يعتمد على عنوان القالب)
شركة تركيب وصيانة أنظمة تنقية الهواء في الدوحة,https://www.rukn-eltatawer.com/qa/air-purification-doha/,254,"critical_thin,template_boilerplate,local_doorway_variant,keyword_cannibalization,no_h1_in_body",محتوى هزيل جداً (254 كلمة) ؛ نفس الهيكل العناوين في 905 صفحة (hash cb24e6f8b3f9) ؛ صفحة مدينة×خدمة من مولّد الشبكة — تغطية محلية لكن خطر doorway/تكرار ؛ نفس جذع الخدمة `air-purification` على 9 URL ؛ لا H1 داخل جسم المقال (قد يعتمد على عنوان القالب)
شركة تركيب وصيانة أجهزة تبريد مياه الخزانات في الدوحة,https://www.rukn-eltatawer.com/qa/tank-water-chiller-doha/,242,"critical_thin,template_boilerplate,local_doorway_variant,keyword_cannibalization,no_h1_in_body",محتوى هزيل جداً (242 كلمة) ؛ نفس الهيكل العناوين في 905 صفحة (hash cb24e6f8b3f9) ؛ صفحة مدينة×خدمة من مولّد الشبكة — تغطية محلية لكن خطر doorway/تكرار ؛ نفس جذع الخدمة `tank-water-chiller` على 9 URL ؛ لا H1 داخل جسم المقال (قد يعتمد على عنوان القالب)
شركة تركيب وصيانة فلاتر مياه في الدوحة,https://www.rukn-eltatawer.com/qa/water-filters-doha/,252,"critical_thin,template_boilerplate,local_doorway_variant,city_variant_similar,keyword_cannibalization,no_h1_in_body",محتوى هزيل جداً (252 كلمة) ؛ نفس الهيكل العناوين في 905 صفحة (hash cb24e6f8b3f9) ؛ صفحة مدينة×خدمة من مولّد الشبكة — تغطية محلية لكن خطر doorway/تكرار ؛ نفس جذع الخدمة `water-filters` على 9 URL ؛ لا H1 داخل جسم المقال (قد يعتمد على عنوان القالب)
شركة تركيب وصيانة محطات تحلية المياه في الدوحة,https://www.rukn-eltatawer.com/qa/ro-plants-doha/,239,"critical_thin,template_boilerplate,local_doorway_variant,keyword_cannibalization,no_h1_in_body",محتوى هزيل جداً (239 كلمة) ؛ نفس الهيكل العناوين في 868 صفحة (hash a6b89d30b159) ؛ صفحة مدينة×خدمة من مولّد الشبكة — تغطية محلية لكن خطر doorway/تكرار ؛ نفس جذع الخدمة `ro-plants` على 9 URL ؛ لا H1 داخل جسم المقال (قد يعتمد على عنوان القالب)
شركة تركيب وصيانة مضخات مياه وصرف صحي في الدوحة,https://www.rukn-eltatawer.com/qa/water-pumps-doha/,232,"critical_thin,template_boilerplate,local_doorway_variant,keyword_cannibalization,no_h1_in_body",محتوى هزيل جداً (232 كلمة) ؛ نفس الهيكل العناوين في 868 صفحة (hash a6b89d30b159) ؛ صفحة مدينة×خدمة من مولّد الشبكة — تغطية محلية لكن خطر doorway/تكرار ؛ نفس جذع الخدمة `water-pumps` على 9 URL ؛ لا H1 داخل جسم المقال (قد يعتمد على عنوان القالب)
شركة تركيب وصيانة شفاطات مطابخ في الدوحة,https://www.rukn-eltatawer.com/qa/kitchen-hoods-doha/,247,"critical_thin,template_boilerplate,local_doorway_variant,city_variant_similar,keyword_cannibalization,no_h1_in_body",محتوى هزيل جداً (247 كلمة) ؛ نفس الهيكل العناوين في 905 صفحة (hash cb24e6f8b3f9) ؛ صفحة مدينة×خدمة من مولّد الشبكة — تغطية محلية لكن خطر doorway/تكرار ؛ نفس جذع الخدمة `kitchen-hoods` على 9 URL ؛ لا H1 داخل جسم المقال (قد يعتمد على عنوان القالب)
شركة صيانة مكانس كهربائية في الدوحة,https://www.rukn-eltatawer.com/qa/vacuum-maintenance-doha/,236,"critical_thin,template_boilerplate,local_doorway_variant,city_variant_similar,keyword_cannibalization,no_h1_in_body",محتوى هزيل جداً (236 كلمة) ؛ نفس الهيكل العناوين في 905 صفحة (hash cb24e6f8b3f9) ؛ صفحة مدينة×خدمة من مولّد الشبكة — تغطية محلية لكن خطر doorway/تكرار ؛ نفس جذع الخدمة `vacuum-maintenance` على 9 URL ؛ لا H1 داخل جسم المقال (قد يعتمد على عنوان القالب)
شركة تنظيف محلات تجارية ومولات في الدوحة,https://www.rukn-eltatawer.com/qa/mall-cleaning-doha/,250,"critical_thin,template_boilerplate,local_doorway_variant,city_variant_similar,keyword_cannibalization,no_h1_in_body",محتوى هزيل جداً (250 كلمة) ؛ نفس الهيكل العناوين في 905 صفحة (hash cb24e6f8b3f9) ؛ صفحة مدينة×خدمة من مولّد الشبكة — تغطية محلية لكن خطر doorway/تكرار ؛ نفس جذع الخدمة `mall-cleaning` على 9 URL ؛ لا H1 داخل جسم المقال (قد يعتمد على عنوان القالب)
شركة تنظيف فلل في الدوحة,https://www.rukn-eltatawer.com/qa/villa-cleaning-doha/,238,"critical_thin,template_boilerplate,local_doorway_variant,near_duplicate,keyword_cannibalization,no_h1_in_body",محتوى هزيل جداً (238 كلمة) ؛ نفس الهيكل العناوين في 868 صفحة (hash a6b89d30b159) ؛ صفحة مدينة×خدمة من مولّد الشبكة — تغطية محلية لكن خطر doorway/تكرار ؛ تشابه SimHash مسافة 0 مع https://www.rukn-eltatawer.com/qa/stone-facade-cleaning-doha/ ؛ نفس جذع الخدمة `villa-cleaning` على 10 URL ؛ لا H1 داخل جسم المقال (قد يعتمد على عنوان القالب)
شركة تنظيف منازل في الدوحة,https://www.rukn-eltatawer.com/qa/home-cleaning-doha/,233,"critical_thin,template_boilerplate,local_doorway_variant,city_variant_similar,keyword_cannibalization,no_h1_in_body",محتوى هزيل جداً (233 كلمة) ؛ نفس الهيكل العناوين في 868 صفحة (hash a6b89d30b159) ؛ صفحة مدينة×خدمة من مولّد الشبكة — تغطية محلية لكن خطر doorway/تكرار ؛ نفس جذع الخدمة `home-cleaning` على 9 URL ؛ لا H1 داخل جسم المقال (قد يعتمد على عنوان القالب)
شركة عقود صيانة تكييف دورية في الريان,https://www.rukn-eltatawer.com/qa/ac-periodic-maintenance-contracts-al-rayyan/,221,"critical_thin,template_boilerplate,local_doorway_variant,city_variant_similar,keyword_cannibalization,no_h1_in_body",محتوى هزيل جداً (221 كلمة) ؛ نفس الهيكل العناوين في 905 صفحة (hash cb24e6f8b3f9) ؛ صفحة مدينة×خدمة من مولّد الشبكة — تغطية محلية لكن خطر doorway/تكرار ؛ نفس جذع الخدمة `ac-periodic-maintenance-contracts` على 9 URL ؛ لا H1 داخل جسم المقال (قد يعتمد على عنوان القالب)
شركة تركيب تكييف مركزي جديد في الريان,https://www.rukn-eltatawer.com/qa/new-central-ac-installation-al-rayyan/,214,"critical_thin,template_boilerplate,local_doorway_variant,city_variant_similar,keyword_cannibalization,no_h1_in_body",محتوى هزيل جداً (214 كلمة) ؛ نفس الهيكل العناوين في 868 صفحة (hash a6b89d30b159) ؛ صفحة مدينة×خدمة من مولّد الشبكة — تغطية محلية لكن خطر doorway/تكرار ؛ نفس جذع الخدمة `new-central-ac-installation` على 9 URL ؛ لا H1 داخل جسم المقال (قد يعتمد على عنوان القالب)
شركة صيانة دكتات التكييف في الريان,https://www.rukn-eltatawer.com/qa/ac-duct-maintenance-al-rayyan/,213,"critical_thin,template_boilerplate,local_doorway_variant,city_variant_similar,keyword_cannibalization,no_h1_in_body",محتوى هزيل جداً (213 كلمة) ؛ نفس الهيكل العناوين في 868 صفحة (hash a6b89d30b159) ؛ صفحة مدينة×خدمة من مولّد الشبكة — تغطية محلية لكن خطر doorway/تكرار ؛ نفس جذع الخدمة `ac-duct-maintenance` على 9 URL ؛ لا H1 داخل جسم المقال (قد يعتمد على عنوان القالب)
شركة نقل وتركيب مكيفات في الريان,https://www.rukn-eltatawer.com/qa/ac-relocation-installation-al-rayyan/,213,"critical_thin,template_boilerplate,local_doorway_variant,city_variant_similar,keyword_cannibalization,no_h1_in_body",محتوى هزيل جداً (213 كلمة) ؛ نفس الهيكل العناوين في 868 صفحة (hash a6b89d30b159) ؛ صفحة مدينة×خدمة من مولّد الشبكة — تغطية محلية لكن خطر doorway/تكرار ؛ نفس جذع الخدمة `ac-relocation-installation` على 9 URL ؛ لا H1 داخل جسم المقال (قد يعتمد على عنوان القالب)
شركة غسيل وتنظيف مكيفات في الريان,https://www.rukn-eltatawer.com/qa/ac-cleaning-washing-al-rayyan/,213,"critical_thin,template_boilerplate,local_doorway_variant,city_variant_similar,keyword_cannibalization,no_h1_in_body",محتوى هزيل جداً (213 كلمة) ؛ نفس الهيكل العناوين في 868 صفحة (hash a6b89d30b159) ؛ صفحة مدينة×خدمة من مولّد الشبكة — تغطية محلية لكن خطر doorway/تكرار ؛ نفس جذع الخدمة `ac-cleaning-washing` على 9 URL ؛ لا H1 داخل جسم المقال (قد يعتمد على عنوان القالب)
شركة تعبئة فريون مكيفات في الريان,https://www.rukn-eltatawer.com/qa/ac-freon-refill-al-rayyan/,230,"critical_thin,template_boilerplate,local_doorway_variant,keyword_cannibalization,no_h1_in_body",محتوى هزيل جداً (230 كلمة) ؛ نفس الهيكل العناوين في 905 صفحة (hash cb24e6f8b3f9) ؛ صفحة مدينة×خدمة من مولّد الشبكة — تغطية محلية لكن خطر doorway/تكرار ؛ نفس جذع الخدمة `ac-freon-refill` على 9 URL ؛ لا H1 داخل جسم المقال (قد يعتمد على عنوان القالب)
شركة تركيب وحدات تكييف نافذة في الريان,https://www.rukn-eltatawer.com/qa/window-ac-installation-al-rayyan/,235,"critical_thin,template_boilerplate,local_doorway_variant,city_variant_similar,keyword_cannibalization,no_h1_in_body",محتوى هزيل جداً (235 كلمة) ؛ نفس الهيكل العناوين في 905 صفحة (hash cb24e6f8b3f9) ؛ صفحة مدينة×خدمة من مولّد الشبكة — تغطية محلية لكن خطر doorway/تكرار ؛ نفس جذع الخدمة `window-ac-installation` على 9 URL ؛ لا H1 داخل جسم المقال (قد يعتمد على عنوان القالب)
شركة تركيب مكيفات سبليت في الريان,https://www.rukn-eltatawer.com/qa/split-ac-installation-al-rayyan/,223,"critical_thin,template_boilerplate,local_doorway_variant,city_variant_similar,keyword_cannibalization,no_h1_in_body",محتوى هزيل جداً (223 كلمة) ؛ نفس الهيكل العناوين في 868 صفحة (hash a6b89d30b159) ؛ صفحة مدينة×خدمة من مولّد الشبكة — تغطية محلية لكن خطر doorway/تكرار ؛ نفس جذع الخدمة `split-ac-installation` على 9 URL ؛ لا H1 داخل جسم المقال (قد يعتمد على عنوان القالب)
شركة عزل ودهان أسطح في الوكرة,https://www.rukn-eltatawer.com/qa/roof-insulation-painting-al-wakrah/,232,"critical_thin,template_boilerplate,local_doorway_variant,city_variant_similar,keyword_cannibalization,no_h1_in_body",محتوى هزيل جداً (232 كلمة) ؛ نفس الهيكل العناوين في 868 صفحة (hash a6b89d30b159) ؛ صفحة مدينة×خدمة من مولّد الشبكة — تغطية محلية لكن خطر doorway/تكرار ؛ نفس جذع الخدمة `roof-insulation-painting` على 9 URL ؛ لا H1 داخل جسم المقال (قد يعتمد على عنوان القالب)
شركة عزل ودهان أسطح في الريان,https://www.rukn-eltatawer.com/qa/roof-insulation-painting-al-rayyan/,231,"critical_thin,template_boilerplate,local_doorway_variant,keyword_cannibalization,no_h1_in_body",محتوى هزيل جداً (231 كلمة) ؛ نفس الهيكل العناوين في 905 صفحة (hash cb24e6f8b3f9) ؛ صفحة مدينة×خدمة من مولّد الشبكة — تغطية محلية لكن خطر doorway/تكرار ؛ نفس جذع الخدمة `roof-insulation-painting` على 9 URL ؛ لا H1 داخل جسم المقال (قد يعتمد على عنوان القالب)
فني تركيب وصيانة تكييف في الريان,https://www.rukn-eltatawer.com/qa/ac-tech-al-rayyan/,227,"critical_thin,template_boilerplate,local_doorway_variant,keyword_cannibalization,no_h1_in_body",محتوى هزيل جداً (227 كلمة) ؛ نفس الهيكل العناوين في 868 صفحة (hash a6b89d30b159) ؛ صفحة مدينة×خدمة من مولّد الشبكة — تغطية محلية لكن خطر doorway/تكرار ؛ نفس جذع الخدمة `ac-tech` على 9 URL ؛ لا H1 داخل جسم المقال (قد يعتمد على عنوان القالب)
شركة عزل مطابخ في الوكرة,https://www.rukn-eltatawer.com/qa/kitchen-insulation-al-wakrah/,225,"critical_thin,template_boilerplate,local_doorway_variant,city_variant_similar,keyword_cannibalization,no_h1_in_body",محتوى هزيل جداً (225 كلمة) ؛ نفس الهيكل العناوين في 868 صفحة (hash a6b89d30b159) ؛ صفحة مدينة×خدمة من مولّد الشبكة — تغطية محلية لكن خطر doorway/تكرار ؛ نفس جذع الخدمة `kitchen-insulation` على 9 URL ؛ لا H1 داخل جسم المقال (قد يعتمد على عنوان القالب)
شركة عزل حمامات في الوكرة,https://www.rukn-eltatawer.com/qa/bathroom-insulation-al-wakrah/,231,"critical_thin,template_boilerplate,local_doorway_variant,city_variant_similar,keyword_cannibalization,no_h1_in_body",محتوى هزيل جداً (231 كلمة) ؛ نفس الهيكل العناوين في 868 صفحة (hash a6b89d30b159) ؛ صفحة مدينة×خدمة من مولّد الشبكة — تغطية محلية لكن خطر doorway/تكرار ؛ نفس جذع الخدمة `bathroom-insulation` على 9 URL ؛ لا H1 داخل جسم المقال (قد يعتمد على عنوان القالب)
شركة عزل خزانات في الوكرة,https://www.rukn-eltatawer.com/qa/tank-insulation-al-wakrah/,248,"critical_thin,template_boilerplate,local_doorway_variant,keyword_cannibalization,no_h1_in_body",محتوى هزيل جداً (248 كلمة) ؛ نفس الهيكل العناوين في 905 صفحة (hash cb24e6f8b3f9) ؛ صفحة مدينة×خدمة من مولّد الشبكة — تغطية محلية لكن خطر doorway/تكرار ؛ نفس جذع الخدمة `tank-insulation` على 9 URL ؛ لا H1 داخل جسم المقال (قد يعتمد على عنوان القالب)
شركة كشف تسربات التكييف في أم صلال,https://www.rukn-eltatawer.com/qa/ac-leak-detection-umm-salal/,269,"critical_thin,template_boilerplate,local_doorway_variant,keyword_cannibalization,no_h1_in_body",محتوى هزيل جداً (269 كلمة) ؛ نفس الهيكل العناوين في 905 صفحة (hash cb24e6f8b3f9) ؛ صفحة مدينة×خدمة من مولّد الشبكة — تغطية محلية لكن خطر doorway/تكرار ؛ نفس جذع الخدمة `ac-leak-detection` على 9 URL ؛ لا H1 داخل جسم المقال (قد يعتمد على عنوان القالب)
شركة كشف تسربات التكييف في الخور,https://www.rukn-eltatawer.com/qa/ac-leak-detection-al-khor/,258,"critical_thin,template_boilerplate,local_doorway_variant,city_variant_similar,keyword_cannibalization,no_h1_in_body",محتوى هزيل جداً (258 كلمة) ؛ نفس الهيكل العناوين في 905 صفحة (hash cb24e6f8b3f9) ؛ صفحة مدينة×خدمة من مولّد الشبكة — تغطية محلية لكن خطر doorway/تكرار ؛ نفس جذع الخدمة `ac-leak-detection` على 9 URL ؛ لا H1 داخل جسم المقال (قد يعتمد على عنوان القالب)
شركة كشف تسربات الغاز في أم صلال,https://www.rukn-eltatawer.com/qa/gas-leak-detection-umm-salal/,257,"critical_thin,template_boilerplate,local_doorway_variant,keyword_cannibalization,no_h1_in_body",محتوى هزيل جداً (257 كلمة) ؛ نفس الهيكل العناوين في 868 صفحة (hash a6b89d30b159) ؛ صفحة مدينة×خدمة من مولّد الشبكة — تغطية محلية لكن خطر doorway/تكرار ؛ نفس جذع الخدمة `gas-leak-detection` على 9 URL ؛ لا H1 داخل جسم المقال (قد يعتمد على عنوان القالب)
شركة كشف تسربات الغاز في الخور,https://www.rukn-eltatawer.com/qa/gas-leak-detection-al-khor/,258,"critical_thin,template_boilerplate,local_doorway_variant,city_variant_similar,keyword_cannibalization,no_h1_in_body",محتوى هزيل جداً (258 كلمة) ؛ نفس الهيكل العناوين في 905 صفحة (hash cb24e6f8b3f9) ؛ صفحة مدينة×خدمة من مولّد الشبكة — تغطية محلية لكن خطر doorway/تكرار ؛ نفس جذع الخدمة `gas-leak-detection` على 9 URL ؛ لا H1 داخل جسم المقال (قد يعتمد على عنوان القالب)
شركة صيانة مكيفات سبليت في الوكرة,https://www.rukn-eltatawer.com/qa/split-ac-maintenance-al-wakrah/,215,"critical_thin,template_boilerplate,local_doorway_variant,near_duplicate,keyword_cannibalization,no_h1_in_body",محتوى هزيل جداً (215 كلمة) ؛ نفس الهيكل العناوين في 868 صفحة (hash a6b89d30b159) ؛ صفحة مدينة×خدمة من مولّد الشبكة — تغطية محلية لكن خطر doorway/تكرار ؛ تشابه SimHash مسافة 1 مع https://www.rukn-eltatawer.com/qa/ac-periodic-maintenance-contracts-al-wakrah/ ؛ نفس جذع الخدمة `split-ac-maintenance` على 10 URL ؛ لا H1 داخل جسم المقال (قد يعتمد على عنوان القالب)
شركة صيانة مكيفات سبليت في الريان,https://www.rukn-eltatawer.com/qa/split-ac-maintenance-al-rayyan/,234,"critical_thin,template_boilerplate,local_doorway_variant,keyword_cannibalization,no_h1_in_body",محتوى هزيل جداً (234 كلمة) ؛ نفس الهيكل العناوين في 905 صفحة (hash cb24e6f8b3f9) ؛ صفحة مدينة×خدمة من مولّد الشبكة — تغطية محلية لكن خطر doorway/تكرار ؛ نفس جذع الخدمة `split-ac-maintenance` على 10 URL ؛ لا H1 داخل جسم المقال (قد يعتمد على عنوان القالب)
شركة صيانة تكييف مركزي في الوكرة,https://www.rukn-eltatawer.com/qa/central-ac-maintenance-al-wakrah/,232,"critical_thin,template_boilerplate,local_doorway_variant,city_variant_similar,keyword_cannibalization,no_h1_in_body",محتوى هزيل جداً (232 كلمة) ؛ نفس الهيكل العناوين في 905 صفحة (hash cb24e6f8b3f9) ؛ صفحة مدينة×خدمة من مولّد الشبكة — تغطية محلية لكن خطر doorway/تكرار ؛ نفس جذع الخدمة `central-ac-maintenance` على 9 URL ؛ لا H1 داخل جسم المقال (قد يعتمد على عنوان القالب)
شركة صيانة تكييف مركزي في الريان,https://www.rukn-eltatawer.com/qa/central-ac-maintenance-al-rayyan/,227,"critical_thin,template_boilerplate,local_doorway_variant,city_variant_similar,keyword_cannibalization,no_h1_in_body",محتوى هزيل جداً (227 كلمة) ؛ نفس الهيكل العناوين في 868 صفحة (hash a6b89d30b159) ؛ صفحة مدينة×خدمة من مولّد الشبكة — تغطية محلية لكن خطر doorway/تكرار ؛ نفس جذع الخدمة `central-ac-maintenance` على 9 URL ؛ لا H1 داخل جسم المقال (قد يعتمد على عنوان القالب)
شركة صيانة سباكة في الريان,https://www.rukn-eltatawer.com/qa/plumbing-maintenance-al-rayyan/,222,"critical_thin,template_boilerplate,local_doorway_variant,near_duplicate,keyword_cannibalization,no_h1_in_body",محتوى هزيل جداً (222 كلمة) ؛ نفس الهيكل العناوين في 868 صفحة (hash a6b89d30b159) ؛ صفحة مدينة×خدمة من مولّد الشبكة — تغطية محلية لكن خطر doorway/تكرار ؛ تشابه SimHash مسافة 1 مع https://www.rukn-eltatawer.com/qa/home-plumber-elec-al-rayyan/ ؛ نفس جذع الخدمة `plumbing-maintenance` على 10 URL ؛ لا H1 داخل جسم المقال (قد يعتمد على عنوان القالب)
شركة صيانة كهرباء في الدوحة,https://www.rukn-eltatawer.com/qa/electrical-maintenance-doha/,221,"critical_thin,template_boilerplate,local_doorway_variant,city_variant_similar,keyword_cannibalization,no_h1_in_body",محتوى هزيل جداً (221 كلمة) ؛ نفس الهيكل العناوين في 868 صفحة (hash a6b89d30b159) ؛ صفحة مدينة×خدمة من مولّد الشبكة — تغطية محلية لكن خطر doorway/تكرار ؛ نفس جذع الخدمة `electrical-maintenance` على 9 URL ؛ لا H1 داخل جسم المقال (قد يعتمد على عنوان القالب)
شركة تنظيف وصيانة دكتات المكيفات في الوكرة,https://www.rukn-eltatawer.com/qa/duct-cleaning-al-wakrah/,234,"critical_thin,template_boilerplate,local_doorway_variant,city_variant_similar,keyword_cannibalization,no_h1_in_body",محتوى هزيل جداً (234 كلمة) ؛ نفس الهيكل العناوين في 905 صفحة (hash cb24e6f8b3f9) ؛ صفحة مدينة×خدمة من مولّد الشبكة — تغطية محلية لكن خطر doorway/تكرار ؛ نفس جذع الخدمة `duct-cleaning` على 9 URL ؛ لا H1 داخل جسم المقال (قد يعتمد على عنوان القالب)
شركة تنظيف مجالس في الدوحة,https://www.rukn-eltatawer.com/qa/majlis-cleaning-doha/,243,"critical_thin,template_boilerplate,local_doorway_variant,city_variant_similar,keyword_cannibalization,no_h1_in_body",محتوى هزيل جداً (243 كلمة) ؛ نفس الهيكل العناوين في 905 صفحة (hash cb24e6f8b3f9) ؛ صفحة مدينة×خدمة من مولّد الشبكة — تغطية محلية لكن خطر doorway/تكرار ؛ نفس جذع الخدمة `majlis-cleaning` على 9 URL ؛ لا H1 داخل جسم المقال (قد يعتمد على عنوان القالب)
شركة تنظيف مكاتب في الدوحة,https://www.rukn-eltatawer.com/qa/office-cleaning-doha/,248,"critical_thin,template_boilerplate,local_doorway_variant,city_variant_similar,keyword_cannibalization,no_h1_in_body",محتوى هزيل جداً (248 كلمة) ؛ نفس الهيكل العناوين في 905 صفحة (hash cb24e6f8b3f9) ؛ صفحة مدينة×خدمة من مولّد الشبكة — تغطية محلية لكن خطر doorway/تكرار ؛ نفس جذع الخدمة `office-cleaning` على 9 URL ؛ لا H1 داخل جسم المقال (قد يعتمد على عنوان القالب)
شركة تنظيف قصور في الدوحة,https://www.rukn-eltatawer.com/qa/palace-cleaning-doha/,248,"critical_thin,template_boilerplate,local_doorway_variant,city_variant_similar,keyword_cannibalization,no_h1_in_body",محتوى هزيل جداً (248 كلمة) ؛ نفس الهيكل العناوين في 905 صفحة (hash cb24e6f8b3f9) ؛ صفحة مدينة×خدمة من مولّد الشبكة — تغطية محلية لكن خطر doorway/تكرار ؛ نفس جذع الخدمة `palace-cleaning` على 9 URL ؛ لا H1 داخل جسم المقال (قد يعتمد على عنوان القالب)
شركة تنظيف شقق في الدوحة,https://www.rukn-eltatawer.com/qa/apartment-cleaning-doha/,224,"critical_thin,template_boilerplate,local_doorway_variant,near_duplicate,keyword_cannibalization,no_h1_in_body",محتوى هزيل جداً (224 كلمة) ؛ نفس الهيكل العناوين في 868 صفحة (hash a6b89d30b159) ؛ صفحة مدينة×خدمة من مولّد الشبكة — تغطية محلية لكن خطر doorway/تكرار ؛ تشابه SimHash مسافة 0 مع https://www.rukn-eltatawer.com/qa/diesel-tank-cleaning-doha/ ؛ نفس جذع الخدمة `apartment-cleaning` على 10 URL ؛ لا H1 داخل جسم المقال (قد يعتمد على عنوان القالب)
شركة عقود صيانة تكييف دورية في الوكرة,https://www.rukn-eltatawer.com/qa/ac-periodic-maintenance-contracts-al-wakrah/,216,"critical_thin,template_boilerplate,local_doorway_variant,city_variant_similar,keyword_cannibalization,no_h1_in_body",محتوى هزيل جداً (216 كلمة) ؛ نفس الهيكل العناوين في 868 صفحة (hash a6b89d30b159) ؛ صفحة مدينة×خدمة من مولّد الشبكة — تغطية محلية لكن خطر doorway/تكرار ؛ نفس جذع الخدمة `ac-periodic-maintenance-contracts` على 9 URL ؛ لا H1 داخل جسم المقال (قد يعتمد على عنوان القالب)
شركة تركيب تكييف مركزي جديد في الوكرة,https://www.rukn-eltatawer.com/qa/new-central-ac-installation-al-wakrah/,239,"critical_thin,template_boilerplate,local_doorway_variant,city_variant_similar,keyword_cannibalization,no_h1_in_body",محتوى هزيل جداً (239 كلمة) ؛ نفس الهيكل العناوين في 905 صفحة (hash cb24e6f8b3f9) ؛ صفحة مدينة×خدمة من مولّد الشبكة — تغطية محلية لكن خطر doorway/تكرار ؛ نفس جذع الخدمة `new-central-ac-installation` على 9 URL ؛ لا H1 داخل جسم المقال (قد يعتمد على عنوان القالب)
شركة صيانة دكتات التكييف في الوكرة,https://www.rukn-eltatawer.com/qa/ac-duct-maintenance-al-wakrah/,226,"critical_thin,template_boilerplate,local_doorway_variant,city_variant_similar,keyword_cannibalization,no_h1_in_body",محتوى هزيل جداً (226 كلمة) ؛ نفس الهيكل العناوين في 905 صفحة (hash cb24e6f8b3f9) ؛ صفحة مدينة×خدمة من مولّد الشبكة — تغطية محلية لكن خطر doorway/تكرار ؛ نفس جذع الخدمة `ac-duct-maintenance` على 9 URL ؛ لا H1 داخل جسم المقال (قد يعتمد على عنوان القالب)
شركة نقل وتركيب مكيفات في الوكرة,https://www.rukn-eltatawer.com/qa/ac-relocation-installation-al-wakrah/,232,"critical_thin,template_boilerplate,local_doorway_variant,city_variant_similar,keyword_cannibalization,no_h1_in_body",محتوى هزيل جداً (232 كلمة) ؛ نفس الهيكل العناوين في 905 صفحة (hash cb24e6f8b3f9) ؛ صفحة مدينة×خدمة من مولّد الشبكة — تغطية محلية لكن خطر doorway/تكرار ؛ نفس جذع الخدمة `ac-relocation-installation` على 9 URL ؛ لا H1 داخل جسم المقال (قد يعتمد على عنوان القالب)
شركة غسيل وتنظيف مكيفات في الوكرة,https://www.rukn-eltatawer.com/qa/ac-cleaning-washing-al-wakrah/,226,"critical_thin,template_boilerplate,local_doorway_variant,city_variant_similar,keyword_cannibalization,no_h1_in_body",محتوى هزيل جداً (226 كلمة) ؛ نفس الهيكل العناوين في 905 صفحة (hash cb24e6f8b3f9) ؛ صفحة مدينة×خدمة من مولّد الشبكة — تغطية محلية لكن خطر doorway/تكرار ؛ نفس جذع الخدمة `ac-cleaning-washing` على 9 URL ؛ لا H1 داخل جسم المقال (قد يعتمد على عنوان القالب)
شركة تعبئة فريون مكيفات في الوكرة,https://www.rukn-eltatawer.com/qa/ac-freon-refill-al-wakrah/,215,"critical_thin,template_boilerplate,local_doorway_variant,city_variant_similar,keyword_cannibalization,no_h1_in_body",محتوى هزيل جداً (215 كلمة) ؛ نفس الهيكل العناوين في 868 صفحة (hash a6b89d30b159) ؛ صفحة مدينة×خدمة من مولّد الشبكة — تغطية محلية لكن خطر doorway/تكرار ؛ نفس جذع الخدمة `ac-freon-refill` على 9 URL ؛ لا H1 داخل جسم المقال (قد يعتمد على عنوان القالب)
شركة تركيب وحدات تكييف نافذة في الوكرة,https://www.rukn-eltatawer.com/qa/window-ac-installation-al-wakrah/,228,"critical_thin,template_boilerplate,local_doorway_variant,city_variant_similar,keyword_cannibalization,no_h1_in_body",محتوى هزيل جداً (228 كلمة) ؛ نفس الهيكل العناوين في 868 صفحة (hash a6b89d30b159) ؛ صفحة مدينة×خدمة من مولّد الشبكة — تغطية محلية لكن خطر doorway/تكرار ؛ نفس جذع الخدمة `window-ac-installation` على 9 URL ؛ لا H1 داخل جسم المقال (قد يعتمد على عنوان القالب)
شركة تركيب مكيفات سبليت في الوكرة,https://www.rukn-eltatawer.com/qa/split-ac-installation-al-wakrah/,232,"critical_thin,template_boilerplate,local_doorway_variant,city_variant_similar,keyword_cannibalization,no_h1_in_body",محتوى هزيل جداً (232 كلمة) ؛ نفس الهيكل العناوين في 905 صفحة (hash cb24e6f8b3f9) ؛ صفحة مدينة×خدمة من مولّد الشبكة — تغطية محلية لكن خطر doorway/تكرار ؛ نفس جذع الخدمة `split-ac-installation` على 9 URL ؛ لا H1 داخل جسم المقال (قد يعتمد على عنوان القالب)
شركة كشف وإصلاح أعطال السباكة في الريان,https://www.rukn-eltatawer.com/qa/plumbing-fault-repair-al-rayyan/,220,"critical_thin,template_boilerplate,local_doorway_variant,city_variant_similar,keyword_cannibalization,no_h1_in_body",محتوى هزيل جداً (220 كلمة) ؛ نفس الهيكل العناوين في 868 صفحة (hash a6b89d30b159) ؛ صفحة مدينة×خدمة من مولّد الشبكة — تغطية محلية لكن خطر doorway/تكرار ؛ نفس جذع الخدمة `plumbing-fault-repair` على 9 URL ؛ لا H1 داخل جسم المقال (قد يعتمد على عنوان القالب)
شركة تأسيس كهرباء وسباكة لمبنى جديد في الريان,https://www.rukn-eltatawer.com/qa/new-building-electrical-plumbing-al-rayyan/,232,"critical_thin,template_boilerplate,local_doorway_variant,city_variant_similar,keyword_cannibalization,no_h1_in_body",محتوى هزيل جداً (232 كلمة) ؛ نفس الهيكل العناوين في 905 صفحة (hash cb24e6f8b3f9) ؛ صفحة مدينة×خدمة من مولّد الشبكة — تغطية محلية لكن خطر doorway/تكرار ؛ نفس جذع الخدمة `new-building-electrical-plumbing` على 9 URL ؛ لا H1 داخل جسم المقال (قد يعتمد على عنوان القالب)
شركة صيانة مواسير صرف صحي في الريان,https://www.rukn-eltatawer.com/qa/drainage-pipe-maintenance-al-rayyan/,227,"critical_thin,template_boilerplate,local_doorway_variant,keyword_cannibalization,no_h1_in_body",محتوى هزيل جداً (227 كلمة) ؛ نفس الهيكل العناوين في 905 صفحة (hash cb24e6f8b3f9) ؛ صفحة مدينة×خدمة من مولّد الشبكة — تغطية محلية لكن خطر doorway/تكرار ؛ نفس جذع الخدمة `drainage-pipe-maintenance` على 9 URL ؛ لا H1 داخل جسم المقال (قد يعتمد على عنوان القالب)
شركة سباك منازل في الريان,https://www.rukn-eltatawer.com/qa/home-plumber-elec-al-rayyan/,222,"critical_thin,template_boilerplate,local_doorway_variant,city_variant_similar,keyword_cannibalization,no_h1_in_body",محتوى هزيل جداً (222 كلمة) ؛ نفس الهيكل العناوين في 868 صفحة (hash a6b89d30b159) ؛ صفحة مدينة×خدمة من مولّد الشبكة — تغطية محلية لكن خطر doorway/تكرار ؛ نفس جذع الخدمة `home-plumber-elec` على 9 URL ؛ لا H1 داخل جسم المقال (قد يعتمد على عنوان القالب)
شركة عزل ودهان أسطح في أم صلال,https://www.rukn-eltatawer.com/qa/roof-insulation-painting-umm-salal/,257,"critical_thin,template_boilerplate,local_doorway_variant,city_variant_similar,keyword_cannibalization,no_h1_in_body",محتوى هزيل جداً (257 كلمة) ؛ نفس الهيكل العناوين في 868 صفحة (hash a6b89d30b159) ؛ صفحة مدينة×خدمة من مولّد الشبكة — تغطية محلية لكن خطر doorway/تكرار ؛ نفس جذع الخدمة `roof-insulation-painting` على 9 URL ؛ لا H1 داخل جسم المقال (قد يعتمد على عنوان القالب)
شركة عزل ودهان أسطح في الخور,https://www.rukn-eltatawer.com/qa/roof-insulation-painting-al-khor/,246,"critical_thin,template_boilerplate,local_doorway_variant,city_variant_similar,keyword_cannibalization,no_h1_in_body",محتوى هزيل جداً (246 كلمة) ؛ نفس الهيكل العناوين في 905 صفحة (hash cb24e6f8b3f9) ؛ صفحة مدينة×خدمة من مولّد الشبكة — تغطية محلية لكن خطر doorway/تكرار ؛ نفس جذع الخدمة `roof-insulation-painting` على 9 URL ؛ لا H1 داخل جسم المقال (قد يعتمد على عنوان القالب)
فني تركيب وصيانة تكييف في الوكرة,https://www.rukn-eltatawer.com/qa/ac-tech-al-wakrah/,238,"critical_thin,template_boilerplate,local_doorway_variant,city_variant_similar,keyword_cannibalization,no_h1_in_body",محتوى هزيل جداً (238 كلمة) ؛ نفس الهيكل العناوين في 905 صفحة (hash cb24e6f8b3f9) ؛ صفحة مدينة×خدمة من مولّد الشبكة — تغطية محلية لكن خطر doorway/تكرار ؛ نفس جذع الخدمة `ac-tech` على 9 URL ؛ لا H1 داخل جسم المقال (قد يعتمد على عنوان القالب)
سباك منازل في الريان,https://www.rukn-eltatawer.com/qa/home-plumber-al-rayyan/,224,"critical_thin,template_boilerplate,local_doorway_variant,near_duplicate,keyword_cannibalization,no_h1_in_body",محتوى هزيل جداً (224 كلمة) ؛ نفس الهيكل العناوين في 905 صفحة (hash cb24e6f8b3f9) ؛ صفحة مدينة×خدمة من مولّد الشبكة — تغطية محلية لكن خطر doorway/تكرار ؛ تشابه SimHash مسافة 1 مع https://www.rukn-eltatawer.com/qa/water-pumps-al-rayyan/ ؛ نفس جذع الخدمة `home-plumber` على 10 URL ؛ لا H1 داخل جسم المقال (قد يعتمد على عنوان القالب)
شركة مكافحة الصراصير في الوكرة,https://www.rukn-eltatawer.com/qa/cockroach-control-al-wakrah/,240,"critical_thin,template_boilerplate,local_doorway_variant,near_duplicate,keyword_cannibalization,no_h1_in_body",محتوى هزيل جداً (240 كلمة) ؛ نفس الهيكل العناوين في 905 صفحة (hash cb24e6f8b3f9) ؛ صفحة مدينة×خدمة من مولّد الشبكة — تغطية محلية لكن خطر doorway/تكرار ؛ تشابه SimHash مسافة 0 مع https://www.rukn-eltatawer.com/qa/ant-control-al-wakrah/ ؛ نفس جذع الخدمة `cockroach-control` على 10 URL ؛ لا H1 داخل جسم المقال (قد يعتمد على عنوان القالب)
شركة مكافحة النمل الأبيض (الرمة) في الوكرة,https://www.rukn-eltatawer.com/qa/termite-control-al-wakrah/,231,"critical_thin,template_boilerplate,local_doorway_variant,near_duplicate,keyword_cannibalization,no_h1_in_body",محتوى هزيل جداً (231 كلمة) ؛ نفس الهيكل العناوين في 868 صفحة (hash a6b89d30b159) ؛ صفحة مدينة×خدمة من مولّد الشبكة — تغطية محلية لكن خطر doorway/تكرار ؛ تشابه SimHash مسافة 0 مع https://www.rukn-eltatawer.com/qa/scorpion-control-al-wakrah/ ؛ نفس جذع الخدمة `termite-control` على 10 URL ؛ لا H1 داخل جسم المقال (قد يعتمد على عنوان القالب)
شركة مكافحة الحشرات الطائرة في الوكرة,https://www.rukn-eltatawer.com/qa/flying-pest-control-al-wakrah/,218,"critical_thin,template_boilerplate,local_doorway_variant,city_variant_similar,keyword_cannibalization,no_h1_in_body",محتوى هزيل جداً (218 كلمة) ؛ نفس الهيكل العناوين في 868 صفحة (hash a6b89d30b159) ؛ صفحة مدينة×خدمة من مولّد الشبكة — تغطية محلية لكن خطر doorway/تكرار ؛ نفس جذع الخدمة `flying-pest-control` على 9 URL ؛ لا H1 داخل جسم المقال (قد يعتمد على عنوان القالب)
شركة مكافحة الحشرات الزاحفة في الوكرة,https://www.rukn-eltatawer.com/qa/crawling-pest-control-al-wakrah/,230,"critical_thin,template_boilerplate,local_doorway_variant,city_variant_similar,keyword_cannibalization,no_h1_in_body",محتوى هزيل جداً (230 كلمة) ؛ نفس الهيكل العناوين في 868 صفحة (hash a6b89d30b159) ؛ صفحة مدينة×خدمة من مولّد الشبكة — تغطية محلية لكن خطر doorway/تكرار ؛ نفس جذع الخدمة `crawling-pest-control` على 9 URL ؛ لا H1 داخل جسم المقال (قد يعتمد على عنوان القالب)
شركة تركيب أجهزة تكييف طاقة شمسية في الوكرة,https://www.rukn-eltatawer.com/qa/solar-ac-installation-al-wakrah/,234,"critical_thin,template_boilerplate,local_doorway_variant,city_variant_similar,keyword_cannibalization,no_h1_in_body",محتوى هزيل جداً (234 كلمة) ؛ نفس الهيكل العناوين في 905 صفحة (hash cb24e6f8b3f9) ؛ صفحة مدينة×خدمة من مولّد الشبكة — تغطية محلية لكن خطر doorway/تكرار ؛ نفس جذع الخدمة `solar-ac-installation` على 9 URL ؛ لا H1 داخل جسم المقال (قد يعتمد على عنوان القالب)
شركة تنظيف وتزيين الحدائق في الريان,https://www.rukn-eltatawer.com/qa/garden-cleaning-al-rayyan/,224,"critical_thin,template_boilerplate,local_doorway_variant,city_variant_similar,keyword_cannibalization,no_h1_in_body",محتوى هزيل جداً (224 كلمة) ؛ نفس الهيكل العناوين في 868 صفحة (hash a6b89d30b159) ؛ صفحة مدينة×خدمة من مولّد الشبكة — تغطية محلية لكن خطر doorway/تكرار ؛ نفس جذع الخدمة `garden-cleaning` على 9 URL ؛ لا H1 داخل جسم المقال (قد يعتمد على عنوان القالب)
شركة تسليك مجاري في الريان,https://www.rukn-eltatawer.com/qa/drain-unclogging-al-rayyan/,222,"critical_thin,template_boilerplate,local_doorway_variant,keyword_cannibalization,no_h1_in_body",محتوى هزيل جداً (222 كلمة) ؛ نفس الهيكل العناوين في 868 صفحة (hash a6b89d30b159) ؛ صفحة مدينة×خدمة من مولّد الشبكة — تغطية محلية لكن خطر doorway/تكرار ؛ نفس جذع الخدمة `drain-unclogging` على 9 URL ؛ لا H1 داخل جسم المقال (قد يعتمد على عنوان القالب)
شركة عزل صوتي في الوكرة,https://www.rukn-eltatawer.com/qa/soundproofing-al-wakrah/,223,"critical_thin,template_boilerplate,local_doorway_variant,keyword_cannibalization,no_h1_in_body",محتوى هزيل جداً (223 كلمة) ؛ نفس الهيكل العناوين في 868 صفحة (hash a6b89d30b159) ؛ صفحة مدينة×خدمة من مولّد الشبكة — تغطية محلية لكن خطر doorway/تكرار ؛ نفس جذع الخدمة `soundproofing` على 9 URL ؛ لا H1 داخل جسم المقال (قد يعتمد على عنوان القالب)
شركة عزل مائي في الوكرة,https://www.rukn-eltatawer.com/qa/waterproofing-al-wakrah/,244,"critical_thin,template_boilerplate,local_doorway_variant,city_variant_similar,keyword_cannibalization,no_h1_in_body",محتوى هزيل جداً (244 كلمة) ؛ نفس الهيكل العناوين في 868 صفحة (hash a6b89d30b159) ؛ صفحة مدينة×خدمة من مولّد الشبكة — تغطية محلية لكن خطر doorway/تكرار ؛ نفس جذع الخدمة `waterproofing` على 9 URL ؛ لا H1 داخل جسم المقال (قد يعتمد على عنوان القالب)
شركة عزل حراري في أم صلال,https://www.rukn-eltatawer.com/qa/thermal-insulation-umm-salal/,250,"critical_thin,template_boilerplate,local_doorway_variant,city_variant_similar,keyword_cannibalization,no_h1_in_body",محتوى هزيل جداً (250 كلمة) ؛ نفس الهيكل العناوين في 868 صفحة (hash a6b89d30b159) ؛ صفحة مدينة×خدمة من مولّد الشبكة — تغطية محلية لكن خطر doorway/تكرار ؛ نفس جذع الخدمة `thermal-insulation` على 9 URL ؛ لا H1 داخل جسم المقال (قد يعتمد على عنوان القالب)
شركة عزل حراري في الخور,https://www.rukn-eltatawer.com/qa/thermal-insulation-al-khor/,235,"critical_thin,template_boilerplate,local_doorway_variant,city_variant_similar,keyword_cannibalization,no_h1_in_body",محتوى هزيل جداً (235 كلمة) ؛ نفس الهيكل العناوين في 868 صفحة (hash a6b89d30b159) ؛ صفحة مدينة×خدمة من مولّد الشبكة — تغطية محلية لكن خطر doorway/تكرار ؛ نفس جذع الخدمة `thermal-insulation` على 9 URL ؛ لا H1 داخل جسم المقال (قد يعتمد على عنوان القالب)
شركة تنظيف وصيانة دكتات المكيفات في الريان,https://www.rukn-eltatawer.com/qa/duct-cleaning-al-rayyan/,215,"critical_thin,template_boilerplate,local_doorway_variant,city_variant_similar,keyword_cannibalization,no_h1_in_body",محتوى هزيل جداً (215 كلمة) ؛ نفس الهيكل العناوين في 868 صفحة (hash a6b89d30b159) ؛ صفحة مدينة×خدمة من مولّد الشبكة — تغطية محلية لكن خطر doorway/تكرار ؛ نفس جذع الخدمة `duct-cleaning` على 9 URL ؛ لا H1 داخل جسم المقال (قد يعتمد على عنوان القالب)
شركة تنظيف حمامات في الريان,https://www.rukn-eltatawer.com/qa/bathroom-cleaning-al-rayyan/,234,"critical_thin,template_boilerplate,local_doorway_variant,city_variant_similar,keyword_cannibalization,no_h1_in_body",محتوى هزيل جداً (234 كلمة) ؛ نفس الهيكل العناوين في 905 صفحة (hash cb24e6f8b3f9) ؛ صفحة مدينة×خدمة من مولّد الشبكة — تغطية محلية لكن خطر doorway/تكرار ؛ نفس جذع الخدمة `bathroom-cleaning` على 9 URL ؛ لا H1 داخل جسم المقال (قد يعتمد على عنوان القالب)
شركة تنظيف مطابخ في الريان,https://www.rukn-eltatawer.com/qa/kitchen-cleaning-al-rayyan/,220,"critical_thin,template_boilerplate,local_doorway_variant,city_variant_similar,keyword_cannibalization,no_h1_in_body",محتوى هزيل جداً (220 كلمة) ؛ نفس الهيكل العناوين في 905 صفحة (hash cb24e6f8b3f9) ؛ صفحة مدينة×خدمة من مولّد الشبكة — تغطية محلية لكن خطر doorway/تكرار ؛ نفس جذع الخدمة `kitchen-cleaning` على 9 URL ؛ لا H1 داخل جسم المقال (قد يعتمد على عنوان القالب)
شركة تنظيف مسابح في الريان,https://www.rukn-eltatawer.com/qa/pool-cleaning-al-rayyan/,213,"critical_thin,template_boilerplate,local_doorway_variant,city_variant_similar,keyword_cannibalization,no_h1_in_body",محتوى هزيل جداً (213 كلمة) ؛ نفس الهيكل العناوين في 868 صفحة (hash a6b89d30b159) ؛ صفحة مدينة×خدمة من مولّد الشبكة — تغطية محلية لكن خطر doorway/تكرار ؛ نفس جذع الخدمة `pool-cleaning` على 9 URL ؛ لا H1 داخل جسم المقال (قد يعتمد على عنوان القالب)
شركة تنظيف محلات تجارية ومولات في الريان,https://www.rukn-eltatawer.com/qa/mall-cleaning-al-rayyan/,215,"critical_thin,template_boilerplate,local_doorway_variant,keyword_cannibalization,no_h1_in_body",محتوى هزيل جداً (215 كلمة) ؛ نفس الهيكل العناوين في 868 صفحة (hash a6b89d30b159) ؛ صفحة مدينة×خدمة من مولّد الشبكة — تغطية محلية لكن خطر doorway/تكرار ؛ نفس جذع الخدمة `mall-cleaning` على 9 URL ؛ لا H1 داخل جسم المقال (قد يعتمد على عنوان القالب)
شركة تنظيف فلل في الريان,https://www.rukn-eltatawer.com/qa/villa-cleaning-al-rayyan/,223,"critical_thin,template_boilerplate,local_doorway_variant,near_duplicate,keyword_cannibalization,no_h1_in_body",محتوى هزيل جداً (223 كلمة) ؛ نفس الهيكل العناوين في 868 صفحة (hash a6b89d30b159) ؛ صفحة مدينة×خدمة من مولّد الشبكة — تغطية محلية لكن خطر doorway/تكرار ؛ تشابه SimHash مسافة 1 مع https://www.rukn-eltatawer.com/qa/garden-cleaning-al-rayyan/ ؛ نفس جذع الخدمة `villa-cleaning` على 10 URL ؛ لا H1 داخل جسم المقال (قد يعتمد على عنوان القالب)
شركة تنظيف منازل في الريان,https://www.rukn-eltatawer.com/qa/home-cleaning-al-rayyan/,220,"critical_thin,template_boilerplate,local_doorway_variant,city_variant_similar,keyword_cannibalization,no_h1_in_body",محتوى هزيل جداً (220 كلمة) ؛ نفس الهيكل العناوين في 905 صفحة (hash cb24e6f8b3f9) ؛ صفحة مدينة×خدمة من مولّد الشبكة — تغطية محلية لكن خطر doorway/تكرار ؛ نفس جذع الخدمة `home-cleaning` على 9 URL ؛ لا H1 داخل جسم المقال (قد يعتمد على عنوان القالب)
شركة عقود صيانة تكييف دورية في أم صلال,https://www.rukn-eltatawer.com/qa/ac-periodic-maintenance-contracts-umm-salal/,235,"critical_thin,template_boilerplate,local_doorway_variant,city_variant_similar,keyword_cannibalization,no_h1_in_body",محتوى هزيل جداً (235 كلمة) ؛ نفس الهيكل العناوين في 868 صفحة (hash a6b89d30b159) ؛ صفحة مدينة×خدمة من مولّد الشبكة — تغطية محلية لكن خطر doorway/تكرار ؛ نفس جذع الخدمة `ac-periodic-maintenance-contracts` على 9 URL ؛ لا H1 داخل جسم المقال (قد يعتمد على عنوان القالب)
شركة عقود صيانة تكييف دورية في الخور,https://www.rukn-eltatawer.com/qa/ac-periodic-maintenance-contracts-al-khor/,241,"critical_thin,template_boilerplate,local_doorway_variant,city_variant_similar,keyword_cannibalization,no_h1_in_body",محتوى هزيل جداً (241 كلمة) ؛ نفس الهيكل العناوين في 905 صفحة (hash cb24e6f8b3f9) ؛ صفحة مدينة×خدمة من مولّد الشبكة — تغطية محلية لكن خطر doorway/تكرار ؛ نفس جذع الخدمة `ac-periodic-maintenance-contracts` على 9 URL ؛ لا H1 داخل جسم المقال (قد يعتمد على عنوان القالب)
شركة تركيب تكييف مركزي جديد في أم صلال,https://www.rukn-eltatawer.com/qa/new-central-ac-installation-umm-salal/,259,"critical_thin,template_boilerplate,local_doorway_variant,city_variant_similar,keyword_cannibalization,no_h1_in_body",محتوى هزيل جداً (259 كلمة) ؛ نفس الهيكل العناوين في 905 صفحة (hash cb24e6f8b3f9) ؛ صفحة مدينة×خدمة من مولّد الشبكة — تغطية محلية لكن خطر doorway/تكرار ؛ نفس جذع الخدمة `new-central-ac-installation` على 9 URL ؛ لا H1 داخل جسم المقال (قد يعتمد على عنوان القالب)
شركة تركيب تكييف مركزي جديد في الخور,https://www.rukn-eltatawer.com/qa/new-central-ac-installation-al-khor/,231,"critical_thin,template_boilerplate,local_doorway_variant,city_variant_similar,keyword_cannibalization,no_h1_in_body",محتوى هزيل جداً (231 كلمة) ؛ نفس الهيكل العناوين في 868 صفحة (hash a6b89d30b159) ؛ صفحة مدينة×خدمة من مولّد الشبكة — تغطية محلية لكن خطر doorway/تكرار ؛ نفس جذع الخدمة `new-central-ac-installation` على 9 URL ؛ لا H1 داخل جسم المقال (قد يعتمد على عنوان القالب)
شركة صيانة دكتات التكييف في أم صلال,https://www.rukn-eltatawer.com/qa/ac-duct-maintenance-umm-salal/,258,"critical_thin,template_boilerplate,local_doorway_variant,city_variant_similar,keyword_cannibalization,no_h1_in_body",محتوى هزيل جداً (258 كلمة) ؛ نفس الهيكل العناوين في 905 صفحة (hash cb24e6f8b3f9) ؛ صفحة مدينة×خدمة من مولّد الشبكة — تغطية محلية لكن خطر doorway/تكرار ؛ نفس جذع الخدمة `ac-duct-maintenance` على 9 URL ؛ لا H1 داخل جسم المقال (قد يعتمد على عنوان القالب)
شركة صيانة دكتات التكييف في الخور,https://www.rukn-eltatawer.com/qa/ac-duct-maintenance-al-khor/,225,"critical_thin,template_boilerplate,local_doorway_variant,keyword_cannibalization,no_h1_in_body",محتوى هزيل جداً (225 كلمة) ؛ نفس الهيكل العناوين في 868 صفحة (hash a6b89d30b159) ؛ صفحة مدينة×خدمة من مولّد الشبكة — تغطية محلية لكن خطر doorway/تكرار ؛ نفس جذع الخدمة `ac-duct-maintenance` على 9 URL ؛ لا H1 داخل جسم المقال (قد يعتمد على عنوان القالب)
شركة نقل وتركيب مكيفات في أم صلال,https://www.rukn-eltatawer.com/qa/ac-relocation-installation-umm-salal/,246,"critical_thin,template_boilerplate,local_doorway_variant,city_variant_similar,keyword_cannibalization,no_h1_in_body",محتوى هزيل جداً (246 كلمة) ؛ نفس الهيكل العناوين في 905 صفحة (hash cb24e6f8b3f9) ؛ صفحة مدينة×خدمة من مولّد الشبكة — تغطية محلية لكن خطر doorway/تكرار ؛ نفس جذع الخدمة `ac-relocation-installation` على 9 URL ؛ لا H1 داخل جسم المقال (قد يعتمد على عنوان القالب)
شركة نقل وتركيب مكيفات في الخور,https://www.rukn-eltatawer.com/qa/ac-relocation-installation-al-khor/,240,"critical_thin,template_boilerplate,local_doorway_variant,city_variant_similar,keyword_cannibalization,no_h1_in_body",محتوى هزيل جداً (240 كلمة) ؛ نفس الهيكل العناوين في 905 صفحة (hash cb24e6f8b3f9) ؛ صفحة مدينة×خدمة من مولّد الشبكة — تغطية محلية لكن خطر doorway/تكرار ؛ نفس جذع الخدمة `ac-relocation-installation` على 9 URL ؛ لا H1 داخل جسم المقال (قد يعتمد على عنوان القالب)
شركة غسيل وتنظيف مكيفات في أم صلال,https://www.rukn-eltatawer.com/qa/ac-cleaning-washing-umm-salal/,252,"critical_thin,template_boilerplate,local_doorway_variant,city_variant_similar,keyword_cannibalization,no_h1_in_body",محتوى هزيل جداً (252 كلمة) ؛ نفس الهيكل العناوين في 905 صفحة (hash cb24e6f8b3f9) ؛ صفحة مدينة×خدمة من مولّد الشبكة — تغطية محلية لكن خطر doorway/تكرار ؛ نفس جذع الخدمة `ac-cleaning-washing` على 9 URL ؛ لا H1 داخل جسم المقال (قد يعتمد على عنوان القالب)
شركة عزل مطابخ في أم صلال,https://www.rukn-eltatawer.com/qa/kitchen-insulation-umm-salal/,256,"critical_thin,template_boilerplate,local_doorway_variant,city_variant_similar,keyword_cannibalization,no_h1_in_body",محتوى هزيل جداً (256 كلمة) ؛ نفس الهيكل العناوين في 868 صفحة (hash a6b89d30b159) ؛ صفحة مدينة×خدمة من مولّد الشبكة — تغطية محلية لكن خطر doorway/تكرار ؛ نفس جذع الخدمة `kitchen-insulation` على 9 URL ؛ لا H1 داخل جسم المقال (قد يعتمد على عنوان القالب)
شركة عزل مطابخ في الخور,https://www.rukn-eltatawer.com/qa/kitchen-insulation-al-khor/,252,"critical_thin,template_boilerplate,local_doorway_variant,city_variant_similar,keyword_cannibalization,no_h1_in_body",محتوى هزيل جداً (252 كلمة) ؛ نفس الهيكل العناوين في 905 صفحة (hash cb24e6f8b3f9) ؛ صفحة مدينة×خدمة من مولّد الشبكة — تغطية محلية لكن خطر doorway/تكرار ؛ نفس جذع الخدمة `kitchen-insulation` على 9 URL ؛ لا H1 داخل جسم المقال (قد يعتمد على عنوان القالب)
شركة عزل حمامات في أم صلال,https://www.rukn-eltatawer.com/qa/bathroom-insulation-umm-salal/,244,"critical_thin,template_boilerplate,local_doorway_variant,city_variant_similar,keyword_cannibalization,no_h1_in_body",محتوى هزيل جداً (244 كلمة) ؛ نفس الهيكل العناوين في 868 صفحة (hash a6b89d30b159) ؛ صفحة مدينة×خدمة من مولّد الشبكة — تغطية محلية لكن خطر doorway/تكرار ؛ نفس جذع الخدمة `bathroom-insulation` على 9 URL ؛ لا H1 داخل جسم المقال (قد يعتمد على عنوان القالب)
شركة عزل حمامات في الخور,https://www.rukn-eltatawer.com/qa/bathroom-insulation-al-khor/,250,"critical_thin,template_boilerplate,local_doorway_variant,city_variant_similar,keyword_cannibalization,no_h1_in_body",محتوى هزيل جداً (250 كلمة) ؛ نفس الهيكل العناوين في 905 صفحة (hash cb24e6f8b3f9) ؛ صفحة مدينة×خدمة من مولّد الشبكة — تغطية محلية لكن خطر doorway/تكرار ؛ نفس جذع الخدمة `bathroom-insulation` على 9 URL ؛ لا H1 داخل جسم المقال (قد يعتمد على عنوان القالب)
شركة عزل خزانات في أم صلال,https://www.rukn-eltatawer.com/qa/tank-insulation-umm-salal/,256,"critical_thin,template_boilerplate,local_doorway_variant,city_variant_similar,keyword_cannibalization,no_h1_in_body",محتوى هزيل جداً (256 كلمة) ؛ نفس الهيكل العناوين في 905 صفحة (hash cb24e6f8b3f9) ؛ صفحة مدينة×خدمة من مولّد الشبكة — تغطية محلية لكن خطر doorway/تكرار ؛ نفس جذع الخدمة `tank-insulation` على 9 URL ؛ لا H1 داخل جسم المقال (قد يعتمد على عنوان القالب)
شركة عزل خزانات في الخور,https://www.rukn-eltatawer.com/qa/tank-insulation-al-khor/,235,"critical_thin,template_boilerplate,local_doorway_variant,city_variant_similar,keyword_cannibalization,no_h1_in_body",محتوى هزيل جداً (235 كلمة) ؛ نفس الهيكل العناوين في 868 صفحة (hash a6b89d30b159) ؛ صفحة مدينة×خدمة من مولّد الشبكة — تغطية محلية لكن خطر doorway/تكرار ؛ نفس جذع الخدمة `tank-insulation` على 9 URL ؛ لا H1 داخل جسم المقال (قد يعتمد على عنوان القالب)
شركة عزل أسطح في أم صلال,https://www.rukn-eltatawer.com/qa/roof-insulation-umm-salal/,262,"critical_thin,template_boilerplate,local_doorway_variant,city_variant_similar,keyword_cannibalization,no_h1_in_body",محتوى هزيل جداً (262 كلمة) ؛ نفس الهيكل العناوين في 905 صفحة (hash cb24e6f8b3f9) ؛ صفحة مدينة×خدمة من مولّد الشبكة — تغطية محلية لكن خطر doorway/تكرار ؛ نفس جذع الخدمة `roof-insulation` على 9 URL ؛ لا H1 داخل جسم المقال (قد يعتمد على عنوان القالب)
شركة عزل أسطح في الخور,https://www.rukn-eltatawer.com/qa/roof-insulation-al-khor/,250,"critical_thin,template_boilerplate,local_doorway_variant,city_variant_similar,keyword_cannibalization,no_h1_in_body",محتوى هزيل جداً (250 كلمة) ؛ نفس الهيكل العناوين في 905 صفحة (hash cb24e6f8b3f9) ؛ صفحة مدينة×خدمة من مولّد الشبكة — تغطية محلية لكن خطر doorway/تكرار ؛ نفس جذع الخدمة `roof-insulation` على 9 URL ؛ لا H1 داخل جسم المقال (قد يعتمد على عنوان القالب)
شركة تركيب وصيانة أنظمة تنقية الهواء في الريان,https://www.rukn-eltatawer.com/qa/air-purification-al-rayyan/,225,"critical_thin,template_boilerplate,local_doorway_variant,city_variant_similar,keyword_cannibalization,no_h1_in_body",محتوى هزيل جداً (225 كلمة) ؛ نفس الهيكل العناوين في 905 صفحة (hash cb24e6f8b3f9) ؛ صفحة مدينة×خدمة من مولّد الشبكة — تغطية محلية لكن خطر doorway/تكرار ؛ نفس جذع الخدمة `air-purification` على 9 URL ؛ لا H1 داخل جسم المقال (قد يعتمد على عنوان القالب)
شركة تركيب وصيانة أجهزة تبريد مياه الخزانات في الريان,https://www.rukn-eltatawer.com/qa/tank-water-chiller-al-rayyan/,227,"critical_thin,template_boilerplate,local_doorway_variant,city_variant_similar,keyword_cannibalization,no_h1_in_body",محتوى هزيل جداً (227 كلمة) ؛ نفس الهيكل العناوين في 905 صفحة (hash cb24e6f8b3f9) ؛ صفحة مدينة×خدمة من مولّد الشبكة — تغطية محلية لكن خطر doorway/تكرار ؛ نفس جذع الخدمة `tank-water-chiller` على 9 URL ؛ لا H1 داخل جسم المقال (قد يعتمد على عنوان القالب)
شركة تركيب وصيانة فلاتر مياه في الريان,https://www.rukn-eltatawer.com/qa/water-filters-al-rayyan/,237,"critical_thin,template_boilerplate,local_doorway_variant,city_variant_similar,keyword_cannibalization,no_h1_in_body",محتوى هزيل جداً (237 كلمة) ؛ نفس الهيكل العناوين في 905 صفحة (hash cb24e6f8b3f9) ؛ صفحة مدينة×خدمة من مولّد الشبكة — تغطية محلية لكن خطر doorway/تكرار ؛ نفس جذع الخدمة `water-filters` على 9 URL ؛ لا H1 داخل جسم المقال (قد يعتمد على عنوان القالب)
شركة تنظيف المداخن والشفاطات في الريان,https://www.rukn-eltatawer.com/qa/chimney-cleaning-al-rayyan/,214,"critical_thin,template_boilerplate,local_doorway_variant,keyword_cannibalization,no_h1_in_body",محتوى هزيل جداً (214 كلمة) ؛ نفس الهيكل العناوين في 868 صفحة (hash a6b89d30b159) ؛ صفحة مدينة×خدمة من مولّد الشبكة — تغطية محلية لكن خطر doorway/تكرار ؛ نفس جذع الخدمة `chimney-cleaning` على 9 URL ؛ لا H1 داخل جسم المقال (قد يعتمد على عنوان القالب)
شركة تنظيف وتعقيم شامل في الريان,https://www.rukn-eltatawer.com/qa/deep-cleaning-al-rayyan/,214,"critical_thin,template_boilerplate,local_doorway_variant,city_variant_similar,keyword_cannibalization,no_h1_in_body",محتوى هزيل جداً (214 كلمة) ؛ نفس الهيكل العناوين في 868 صفحة (hash a6b89d30b159) ؛ صفحة مدينة×خدمة من مولّد الشبكة — تغطية محلية لكن خطر doorway/تكرار ؛ نفس جذع الخدمة `deep-cleaning` على 9 URL ؛ لا H1 داخل جسم المقال (قد يعتمد على عنوان القالب)
شركة تنظيف كراجات ومواقف سيارات في الريان,https://www.rukn-eltatawer.com/qa/garage-cleaning-al-rayyan/,222,"critical_thin,template_boilerplate,local_doorway_variant,city_variant_similar,keyword_cannibalization,no_h1_in_body",محتوى هزيل جداً (222 كلمة) ؛ نفس الهيكل العناوين في 905 صفحة (hash cb24e6f8b3f9) ؛ صفحة مدينة×خدمة من مولّد الشبكة — تغطية محلية لكن خطر doorway/تكرار ؛ نفس جذع الخدمة `garage-cleaning` على 9 URL ؛ لا H1 داخل جسم المقال (قد يعتمد على عنوان القالب)
شركة تنظيف واجهات حجرية في الريان,https://www.rukn-eltatawer.com/qa/stone-facade-cleaning-al-rayyan/,214,"critical_thin,template_boilerplate,local_doorway_variant,city_variant_similar,keyword_cannibalization,no_h1_in_body",محتوى هزيل جداً (214 كلمة) ؛ نفس الهيكل العناوين في 868 صفحة (hash a6b89d30b159) ؛ صفحة مدينة×خدمة من مولّد الشبكة — تغطية محلية لكن خطر doorway/تكرار ؛ نفس جذع الخدمة `stone-facade-cleaning` على 9 URL ؛ لا H1 داخل جسم المقال (قد يعتمد على عنوان القالب)
شركة تنظيف واجهات زجاجية في الريان,https://www.rukn-eltatawer.com/qa/glass-facade-cleaning-al-rayyan/,235,"critical_thin,template_boilerplate,local_doorway_variant,city_variant_similar,keyword_cannibalization,no_h1_in_body",محتوى هزيل جداً (235 كلمة) ؛ نفس الهيكل العناوين في 905 صفحة (hash cb24e6f8b3f9) ؛ صفحة مدينة×خدمة من مولّد الشبكة — تغطية محلية لكن خطر doorway/تكرار ؛ نفس جذع الخدمة `glass-facade-cleaning` على 9 URL ؛ لا H1 داخل جسم المقال (قد يعتمد على عنوان القالب)
شركة تنظيف أرضيات رخام وجلي رخام في الريان,https://www.rukn-eltatawer.com/qa/marble-polishing-al-rayyan/,230,"critical_thin,template_boilerplate,local_doorway_variant,city_variant_similar,keyword_cannibalization,no_h1_in_body",محتوى هزيل جداً (230 كلمة) ؛ نفس الهيكل العناوين في 868 صفحة (hash a6b89d30b159) ؛ صفحة مدينة×خدمة من مولّد الشبكة — تغطية محلية لكن خطر doorway/تكرار ؛ نفس جذع الخدمة `marble-polishing` على 9 URL ؛ لا H1 داخل جسم المقال (قد يعتمد على عنوان القالب)
شركة تنظيف مراتب في الريان,https://www.rukn-eltatawer.com/qa/mattress-cleaning-al-rayyan/,213,"critical_thin,template_boilerplate,local_doorway_variant,city_variant_similar,keyword_cannibalization,no_h1_in_body",محتوى هزيل جداً (213 كلمة) ؛ نفس الهيكل العناوين في 868 صفحة (hash a6b89d30b159) ؛ صفحة مدينة×خدمة من مولّد الشبكة — تغطية محلية لكن خطر doorway/تكرار ؛ نفس جذع الخدمة `mattress-cleaning` على 9 URL ؛ لا H1 داخل جسم المقال (قد يعتمد على عنوان القالب)
شركة تنظيف ستائر في الريان,https://www.rukn-eltatawer.com/qa/curtain-cleaning-al-rayyan/,227,"critical_thin,template_boilerplate,local_doorway_variant,city_variant_similar,keyword_cannibalization,no_h1_in_body",محتوى هزيل جداً (227 كلمة) ؛ نفس الهيكل العناوين في 868 صفحة (hash a6b89d30b159) ؛ صفحة مدينة×خدمة من مولّد الشبكة — تغطية محلية لكن خطر doorway/تكرار ؛ نفس جذع الخدمة `curtain-cleaning` على 9 URL ؛ لا H1 داخل جسم المقال (قد يعتمد على عنوان القالب)
شركة تنظيف كنب في الريان,https://www.rukn-eltatawer.com/qa/sofa-cleaning-al-rayyan/,213,"critical_thin,template_boilerplate,local_doorway_variant,city_variant_similar,keyword_cannibalization,no_h1_in_body",محتوى هزيل جداً (213 كلمة) ؛ نفس الهيكل العناوين في 868 صفحة (hash a6b89d30b159) ؛ صفحة مدينة×خدمة من مولّد الشبكة — تغطية محلية لكن خطر doorway/تكرار ؛ نفس جذع الخدمة `sofa-cleaning` على 9 URL ؛ لا H1 داخل جسم المقال (قد يعتمد على عنوان القالب)
شركة تنظيف موكيت في الريان,https://www.rukn-eltatawer.com/qa/moquette-cleaning-al-rayyan/,227,"critical_thin,template_boilerplate,local_doorway_variant,city_variant_similar,keyword_cannibalization,no_h1_in_body",محتوى هزيل جداً (227 كلمة) ؛ نفس الهيكل العناوين في 868 صفحة (hash a6b89d30b159) ؛ صفحة مدينة×خدمة من مولّد الشبكة — تغطية محلية لكن خطر doorway/تكرار ؛ نفس جذع الخدمة `moquette-cleaning` على 9 URL ؛ لا H1 داخل جسم المقال (قد يعتمد على عنوان القالب)
شركة تنظيف سجاد في الريان,https://www.rukn-eltatawer.com/qa/carpet-cleaning-al-rayyan/,234,"critical_thin,template_boilerplate,local_doorway_variant,city_variant_similar,keyword_cannibalization,no_h1_in_body",محتوى هزيل جداً (234 كلمة) ؛ نفس الهيكل العناوين في 905 صفحة (hash cb24e6f8b3f9) ؛ صفحة مدينة×خدمة من مولّد الشبكة — تغطية محلية لكن خطر doorway/تكرار ؛ نفس جذع الخدمة `carpet-cleaning` على 9 URL ؛ لا H1 داخل جسم المقال (قد يعتمد على عنوان القالب)
شركة تنظيف خزانات ديزل في الريان,https://www.rukn-eltatawer.com/qa/diesel-tank-cleaning-al-rayyan/,224,"critical_thin,template_boilerplate,local_doorway_variant,city_variant_similar,keyword_cannibalization,no_h1_in_body",محتوى هزيل جداً (224 كلمة) ؛ نفس الهيكل العناوين في 868 صفحة (hash a6b89d30b159) ؛ صفحة مدينة×خدمة من مولّد الشبكة — تغطية محلية لكن خطر doorway/تكرار ؛ نفس جذع الخدمة `diesel-tank-cleaning` على 9 URL ؛ لا H1 داخل جسم المقال (قد يعتمد على عنوان القالب)
شركة تنظيف خزانات مياه في الريان,https://www.rukn-eltatawer.com/qa/water-tank-cleaning-al-rayyan/,231,"critical_thin,template_boilerplate,local_doorway_variant,near_duplicate,keyword_cannibalization,no_h1_in_body",محتوى هزيل جداً (231 كلمة) ؛ نفس الهيكل العناوين في 905 صفحة (hash cb24e6f8b3f9) ؛ صفحة مدينة×خدمة من مولّد الشبكة — تغطية محلية لكن خطر doorway/تكرار ؛ تشابه SimHash مسافة 2 مع https://www.rukn-eltatawer.com/qa/majlis-cleaning-al-rayyan/ ؛ نفس جذع الخدمة `water-tank-cleaning` على 10 URL ؛ لا H1 داخل جسم المقال (قد يعتمد على عنوان القالب)
شركة تنظيف مجالس في الريان,https://www.rukn-eltatawer.com/qa/majlis-cleaning-al-rayyan/,230,"critical_thin,template_boilerplate,local_doorway_variant,city_variant_similar,keyword_cannibalization,no_h1_in_body",محتوى هزيل جداً (230 كلمة) ؛ نفس الهيكل العناوين في 905 صفحة (hash cb24e6f8b3f9) ؛ صفحة مدينة×خدمة من مولّد الشبكة — تغطية محلية لكن خطر doorway/تكرار ؛ نفس جذع الخدمة `majlis-cleaning` على 9 URL ؛ لا H1 داخل جسم المقال (قد يعتمد على عنوان القالب)
شركة تنظيف مكاتب في الريان,https://www.rukn-eltatawer.com/qa/office-cleaning-al-rayyan/,234,"critical_thin,template_boilerplate,local_doorway_variant,city_variant_similar,keyword_cannibalization,no_h1_in_body",محتوى هزيل جداً (234 كلمة) ؛ نفس الهيكل العناوين في 905 صفحة (hash cb24e6f8b3f9) ؛ صفحة مدينة×خدمة من مولّد الشبكة — تغطية محلية لكن خطر doorway/تكرار ؛ نفس جذع الخدمة `office-cleaning` على 9 URL ؛ لا H1 داخل جسم المقال (قد يعتمد على عنوان القالب)
شركة تنظيف قصور في الريان,https://www.rukn-eltatawer.com/qa/palace-cleaning-al-rayyan/,227,"critical_thin,template_boilerplate,local_doorway_variant,city_variant_similar,keyword_cannibalization,no_h1_in_body",محتوى هزيل جداً (227 كلمة) ؛ نفس الهيكل العناوين في 868 صفحة (hash a6b89d30b159) ؛ صفحة مدينة×خدمة من مولّد الشبكة — تغطية محلية لكن خطر doorway/تكرار ؛ نفس جذع الخدمة `palace-cleaning` على 9 URL ؛ لا H1 داخل جسم المقال (قد يعتمد على عنوان القالب)
شركة تنظيف شقق في الريان,https://www.rukn-eltatawer.com/qa/apartment-cleaning-al-rayyan/,227,"critical_thin,template_boilerplate,local_doorway_variant,near_duplicate,keyword_cannibalization,no_h1_in_body",محتوى هزيل جداً (227 كلمة) ؛ نفس الهيكل العناوين في 868 صفحة (hash a6b89d30b159) ؛ صفحة مدينة×خدمة من مولّد الشبكة — تغطية محلية لكن خطر doorway/تكرار ؛ تشابه SimHash مسافة 0 مع https://www.rukn-eltatawer.com/qa/marble-polishing-al-rayyan/ ؛ نفس جذع الخدمة `apartment-cleaning` على 10 URL ؛ لا H1 داخل جسم المقال (قد يعتمد على عنوان القالب)
شركة صيانة ثلاجات وتبريد تجاري في الريان,https://www.rukn-eltatawer.com/qa/commercial-refrigeration-maintenance-al-rayyan/,226,"critical_thin,template_boilerplate,local_doorway_variant,city_variant_similar,keyword_cannibalization,no_h1_in_body",محتوى هزيل جداً (226 كلمة) ؛ نفس الهيكل العناوين في 868 صفحة (hash a6b89d30b159) ؛ صفحة مدينة×خدمة من مولّد الشبكة — تغطية محلية لكن خطر doorway/تكرار ؛ نفس جذع الخدمة `commercial-refrigeration-maintenance` على 9 URL ؛ لا H1 داخل جسم المقال (قد يعتمد على عنوان القالب)
شركة غسيل وتنظيف مكيفات في الخور,https://www.rukn-eltatawer.com/qa/ac-cleaning-washing-al-khor/,232,"critical_thin,template_boilerplate,local_doorway_variant,city_variant_similar,keyword_cannibalization,no_h1_in_body",محتوى هزيل جداً (232 كلمة) ؛ نفس الهيكل العناوين في 868 صفحة (hash a6b89d30b159) ؛ صفحة مدينة×خدمة من مولّد الشبكة — تغطية محلية لكن خطر doorway/تكرار ؛ نفس جذع الخدمة `ac-cleaning-washing` على 9 URL ؛ لا H1 داخل جسم المقال (قد يعتمد على عنوان القالب)
شركة تعبئة فريون مكيفات في أم صلال,https://www.rukn-eltatawer.com/qa/ac-freon-refill-umm-salal/,234,"critical_thin,template_boilerplate,local_doorway_variant,city_variant_similar,keyword_cannibalization,no_h1_in_body",محتوى هزيل جداً (234 كلمة) ؛ نفس الهيكل العناوين في 868 صفحة (hash a6b89d30b159) ؛ صفحة مدينة×خدمة من مولّد الشبكة — تغطية محلية لكن خطر doorway/تكرار ؛ نفس جذع الخدمة `ac-freon-refill` على 9 URL ؛ لا H1 داخل جسم المقال (قد يعتمد على عنوان القالب)
شركة تعبئة فريون مكيفات في الخور,https://www.rukn-eltatawer.com/qa/ac-freon-refill-al-khor/,242,"critical_thin,template_boilerplate,local_doorway_variant,city_variant_similar,keyword_cannibalization,no_h1_in_body",محتوى هزيل جداً (242 كلمة) ؛ نفس الهيكل العناوين في 905 صفحة (hash cb24e6f8b3f9) ؛ صفحة مدينة×خدمة من مولّد الشبكة — تغطية محلية لكن خطر doorway/تكرار ؛ نفس جذع الخدمة `ac-freon-refill` على 9 URL ؛ لا H1 داخل جسم المقال (قد يعتمد على عنوان القالب)
شركة تركيب وحدات تكييف نافذة في أم صلال,https://www.rukn-eltatawer.com/qa/window-ac-installation-umm-salal/,247,"critical_thin,template_boilerplate,local_doorway_variant,city_variant_similar,keyword_cannibalization,no_h1_in_body",محتوى هزيل جداً (247 كلمة) ؛ نفس الهيكل العناوين في 868 صفحة (hash a6b89d30b159) ؛ صفحة مدينة×خدمة من مولّد الشبكة — تغطية محلية لكن خطر doorway/تكرار ؛ نفس جذع الخدمة `window-ac-installation` على 9 URL ؛ لا H1 داخل جسم المقال (قد يعتمد على عنوان القالب)
شركة تركيب وحدات تكييف نافذة في الخور,https://www.rukn-eltatawer.com/qa/window-ac-installation-al-khor/,243,"critical_thin,template_boilerplate,local_doorway_variant,keyword_cannibalization,no_h1_in_body",محتوى هزيل جداً (243 كلمة) ؛ نفس الهيكل العناوين في 905 صفحة (hash cb24e6f8b3f9) ؛ صفحة مدينة×خدمة من مولّد الشبكة — تغطية محلية لكن خطر doorway/تكرار ؛ نفس جذع الخدمة `window-ac-installation` على 9 URL ؛ لا H1 داخل جسم المقال (قد يعتمد على عنوان القالب)
شركة تركيب مكيفات سبليت في أم صلال,https://www.rukn-eltatawer.com/qa/split-ac-installation-umm-salal/,258,"critical_thin,template_boilerplate,local_doorway_variant,city_variant_similar,keyword_cannibalization,no_h1_in_body",محتوى هزيل جداً (258 كلمة) ؛ نفس الهيكل العناوين في 905 صفحة (hash cb24e6f8b3f9) ؛ صفحة مدينة×خدمة من مولّد الشبكة — تغطية محلية لكن خطر doorway/تكرار ؛ نفس جذع الخدمة `split-ac-installation` على 9 URL ؛ لا H1 داخل جسم المقال (قد يعتمد على عنوان القالب)
شركة تركيب مكيفات سبليت في الخور,https://www.rukn-eltatawer.com/qa/split-ac-installation-al-khor/,225,"critical_thin,template_boilerplate,local_doorway_variant,city_variant_similar,keyword_cannibalization,no_h1_in_body",محتوى هزيل جداً (225 كلمة) ؛ نفس الهيكل العناوين في 868 صفحة (hash a6b89d30b159) ؛ صفحة مدينة×خدمة من مولّد الشبكة — تغطية محلية لكن خطر doorway/تكرار ؛ نفس جذع الخدمة `split-ac-installation` على 9 URL ؛ لا H1 داخل جسم المقال (قد يعتمد على عنوان القالب)
شركة كشف وإصلاح أعطال السباكة في الوكرة,https://www.rukn-eltatawer.com/qa/plumbing-fault-repair-al-wakrah/,229,"critical_thin,template_boilerplate,local_doorway_variant,city_variant_similar,keyword_cannibalization,no_h1_in_body",محتوى هزيل جداً (229 كلمة) ؛ نفس الهيكل العناوين في 905 صفحة (hash cb24e6f8b3f9) ؛ صفحة مدينة×خدمة من مولّد الشبكة — تغطية محلية لكن خطر doorway/تكرار ؛ نفس جذع الخدمة `plumbing-fault-repair` على 9 URL ؛ لا H1 داخل جسم المقال (قد يعتمد على عنوان القالب)
شركة تركيب وصيانة سخانات مركزية في الريان,https://www.rukn-eltatawer.com/qa/central-heater-installation-maintenance-al-rayyan/,220,"critical_thin,template_boilerplate,local_doorway_variant,city_variant_similar,keyword_cannibalization,no_h1_in_body",محتوى هزيل جداً (220 كلمة) ؛ نفس الهيكل العناوين في 868 صفحة (hash a6b89d30b159) ؛ صفحة مدينة×خدمة من مولّد الشبكة — تغطية محلية لكن خطر doorway/تكرار ؛ نفس جذع الخدمة `central-heater-installation-maintenance` على 9 URL ؛ لا H1 داخل جسم المقال (قد يعتمد على عنوان القالب)
شركة صيانة مضخات مياه في الريان,https://www.rukn-eltatawer.com/qa/water-pump-maintenance-al-rayyan/,216,"critical_thin,template_boilerplate,local_doorway_variant,city_variant_similar,keyword_cannibalization,no_h1_in_body",محتوى هزيل جداً (216 كلمة) ؛ نفس الهيكل العناوين في 905 صفحة (hash cb24e6f8b3f9) ؛ صفحة مدينة×خدمة من مولّد الشبكة — تغطية محلية لكن خطر doorway/تكرار ؛ نفس جذع الخدمة `water-pump-maintenance` على 9 URL ؛ لا H1 داخل جسم المقال (قد يعتمد على عنوان القالب)
شركة تأسيس كهرباء وسباكة لمبنى جديد في الوكرة,https://www.rukn-eltatawer.com/qa/new-building-electrical-plumbing-al-wakrah/,219,"critical_thin,template_boilerplate,local_doorway_variant,city_variant_similar,keyword_cannibalization,no_h1_in_body",محتوى هزيل جداً (219 كلمة) ؛ نفس الهيكل العناوين في 868 صفحة (hash a6b89d30b159) ؛ صفحة مدينة×خدمة من مولّد الشبكة — تغطية محلية لكن خطر doorway/تكرار ؛ نفس جذع الخدمة `new-building-electrical-plumbing` على 9 URL ؛ لا H1 داخل جسم المقال (قد يعتمد على عنوان القالب)
شركة صيانة مواسير صرف صحي في الوكرة,https://www.rukn-eltatawer.com/qa/drainage-pipe-maintenance-al-wakrah/,218,"critical_thin,template_boilerplate,local_doorway_variant,city_variant_similar,keyword_cannibalization,no_h1_in_body",محتوى هزيل جداً (218 كلمة) ؛ نفس الهيكل العناوين في 868 صفحة (hash a6b89d30b159) ؛ صفحة مدينة×خدمة من مولّد الشبكة — تغطية محلية لكن خطر doorway/تكرار ؛ نفس جذع الخدمة `drainage-pipe-maintenance` على 9 URL ؛ لا H1 داخل جسم المقال (قد يعتمد على عنوان القالب)
شركة سباك منازل في الوكرة,https://www.rukn-eltatawer.com/qa/home-plumber-elec-al-wakrah/,221,"critical_thin,template_boilerplate,local_doorway_variant,city_variant_similar,keyword_cannibalization,no_h1_in_body",محتوى هزيل جداً (221 كلمة) ؛ نفس الهيكل العناوين في 905 صفحة (hash cb24e6f8b3f9) ؛ صفحة مدينة×خدمة من مولّد الشبكة — تغطية محلية لكن خطر doorway/تكرار ؛ نفس جذع الخدمة `home-plumber-elec` على 9 URL ؛ لا H1 داخل جسم المقال (قد يعتمد على عنوان القالب)
شركة صيانة لوحات كهرباء في الريان,https://www.rukn-eltatawer.com/qa/electric-panel-maintenance-al-rayyan/,232,"critical_thin,template_boilerplate,local_doorway_variant,city_variant_similar,keyword_cannibalization,no_h1_in_body",محتوى هزيل جداً (232 كلمة) ؛ نفس الهيكل العناوين في 905 صفحة (hash cb24e6f8b3f9) ؛ صفحة مدينة×خدمة من مولّد الشبكة — تغطية محلية لكن خطر doorway/تكرار ؛ نفس جذع الخدمة `electric-panel-maintenance` على 9 URL ؛ لا H1 داخل جسم المقال (قد يعتمد على عنوان القالب)
شركة صيانة ودهان بعد التسريبات في الريان,https://www.rukn-eltatawer.com/qa/post-leak-repaint-maintenance-al-rayyan/,245,"critical_thin,template_boilerplate,local_doorway_variant,city_variant_similar,keyword_cannibalization,no_h1_in_body",محتوى هزيل جداً (245 كلمة) ؛ نفس الهيكل العناوين في 905 صفحة (hash cb24e6f8b3f9) ؛ صفحة مدينة×خدمة من مولّد الشبكة — تغطية محلية لكن خطر doorway/تكرار ؛ نفس جذع الخدمة `post-leak-repaint-maintenance` على 9 URL ؛ لا H1 داخل جسم المقال (قد يعتمد على عنوان القالب)
شركة عزل ودهان أسطح في الظعاين,https://www.rukn-eltatawer.com/qa/roof-insulation-painting-al-daayen/,230,"critical_thin,template_boilerplate,local_doorway_variant,keyword_cannibalization,no_h1_in_body",محتوى هزيل جداً (230 كلمة) ؛ نفس الهيكل العناوين في 905 صفحة (hash cb24e6f8b3f9) ؛ صفحة مدينة×خدمة من مولّد الشبكة — تغطية محلية لكن خطر doorway/تكرار ؛ نفس جذع الخدمة `roof-insulation-painting` على 9 URL ؛ لا H1 داخل جسم المقال (قد يعتمد على عنوان القالب)
فني تركيب وصيانة تكييف في أم صلال,https://www.rukn-eltatawer.com/qa/ac-tech-umm-salal/,252,"critical_thin,template_boilerplate,local_doorway_variant,city_variant_similar,keyword_cannibalization,no_h1_in_body",محتوى هزيل جداً (252 كلمة) ؛ نفس الهيكل العناوين في 905 صفحة (hash cb24e6f8b3f9) ؛ صفحة مدينة×خدمة من مولّد الشبكة — تغطية محلية لكن خطر doorway/تكرار ؛ نفس جذع الخدمة `ac-tech` على 9 URL ؛ لا H1 داخل جسم المقال (قد يعتمد على عنوان القالب)
فني تركيب وصيانة تكييف في الخور,https://www.rukn-eltatawer.com/qa/ac-tech-al-khor/,232,"critical_thin,template_boilerplate,local_doorway_variant,city_variant_similar,keyword_cannibalization,no_h1_in_body",محتوى هزيل جداً (232 كلمة) ؛ نفس الهيكل العناوين في 868 صفحة (hash a6b89d30b159) ؛ صفحة مدينة×خدمة من مولّد الشبكة — تغطية محلية لكن خطر doorway/تكرار ؛ نفس جذع الخدمة `ac-tech` على 9 URL ؛ لا H1 داخل جسم المقال (قد يعتمد على عنوان القالب)
سباك منازل في الوكرة,https://www.rukn-eltatawer.com/qa/home-plumber-al-wakrah/,215,"critical_thin,template_boilerplate,local_doorway_variant,near_duplicate,keyword_cannibalization,no_h1_in_body",محتوى هزيل جداً (215 كلمة) ؛ نفس الهيكل العناوين في 868 صفحة (hash a6b89d30b159) ؛ صفحة مدينة×خدمة من مولّد الشبكة — تغطية محلية لكن خطر doorway/تكرار ؛ تشابه SimHash مسافة 0 مع https://www.rukn-eltatawer.com/qa/septic-tank-emptying-al-wakrah/ ؛ نفس جذع الخدمة `home-plumber` على 10 URL ؛ لا H1 داخل جسم المقال (قد يعتمد على عنوان القالب)
شركة مكافحة الصراصير في أم صلال,https://www.rukn-eltatawer.com/qa/cockroach-control-umm-salal/,251,"critical_thin,template_boilerplate,local_doorway_variant,near_duplicate,keyword_cannibalization,no_h1_in_body",محتوى هزيل جداً (251 كلمة) ؛ نفس الهيكل العناوين في 905 صفحة (hash cb24e6f8b3f9) ؛ صفحة مدينة×خدمة من مولّد الشبكة — تغطية محلية لكن خطر doorway/تكرار ؛ تشابه SimHash مسافة 0 مع https://www.rukn-eltatawer.com/qa/bed-bug-control-umm-salal/ ؛ نفس جذع الخدمة `cockroach-control` على 10 URL ؛ لا H1 داخل جسم المقال (قد يعتمد على عنوان القالب)
شركة تركيب أجهزة تكييف طاقة شمسية في أم صلال,https://www.rukn-eltatawer.com/qa/solar-ac-installation-umm-salal/,254,"critical_thin,template_boilerplate,local_doorway_variant,city_variant_similar,keyword_cannibalization,no_h1_in_body",محتوى هزيل جداً (254 كلمة) ؛ نفس الهيكل العناوين في 905 صفحة (hash cb24e6f8b3f9) ؛ صفحة مدينة×خدمة من مولّد الشبكة — تغطية محلية لكن خطر doorway/تكرار ؛ نفس جذع الخدمة `solar-ac-installation` على 9 URL ؛ لا H1 داخل جسم المقال (قد يعتمد على عنوان القالب)
شركة تركيب أجهزة تكييف طاقة شمسية في الخور,https://www.rukn-eltatawer.com/qa/solar-ac-installation-al-khor/,242,"critical_thin,template_boilerplate,local_doorway_variant,city_variant_similar,keyword_cannibalization,no_h1_in_body",محتوى هزيل جداً (242 كلمة) ؛ نفس الهيكل العناوين في 905 صفحة (hash cb24e6f8b3f9) ؛ صفحة مدينة×خدمة من مولّد الشبكة — تغطية محلية لكن خطر doorway/تكرار ؛ نفس جذع الخدمة `solar-ac-installation` على 9 URL ؛ لا H1 داخل جسم المقال (قد يعتمد على عنوان القالب)
شركة تسليك مجاري في الوكرة,https://www.rukn-eltatawer.com/qa/drain-unclogging-al-wakrah/,227,"critical_thin,template_boilerplate,local_doorway_variant,city_variant_similar,keyword_cannibalization,no_h1_in_body",محتوى هزيل جداً (227 كلمة) ؛ نفس الهيكل العناوين في 905 صفحة (hash cb24e6f8b3f9) ؛ صفحة مدينة×خدمة من مولّد الشبكة — تغطية محلية لكن خطر doorway/تكرار ؛ نفس جذع الخدمة `drain-unclogging` على 9 URL ؛ لا H1 داخل جسم المقال (قد يعتمد على عنوان القالب)
شركة شفط بيارات في الريان,https://www.rukn-eltatawer.com/qa/septic-tank-emptying-al-rayyan/,229,"critical_thin,template_boilerplate,local_doorway_variant,city_variant_similar,keyword_cannibalization,no_h1_in_body",محتوى هزيل جداً (229 كلمة) ؛ نفس الهيكل العناوين في 905 صفحة (hash cb24e6f8b3f9) ؛ صفحة مدينة×خدمة من مولّد الشبكة — تغطية محلية لكن خطر doorway/تكرار ؛ نفس جذع الخدمة `septic-tank-emptying` على 9 URL ؛ لا H1 داخل جسم المقال (قد يعتمد على عنوان القالب)
شركة ترميم وصيانة مباني في الريان,https://www.rukn-eltatawer.com/qa/building-renovation-al-rayyan/,225,"critical_thin,template_boilerplate,local_doorway_variant,keyword_cannibalization,no_h1_in_body",محتوى هزيل جداً (225 كلمة) ؛ نفس الهيكل العناوين في 868 صفحة (hash a6b89d30b159) ؛ صفحة مدينة×خدمة من مولّد الشبكة — تغطية محلية لكن خطر doorway/تكرار ؛ نفس جذع الخدمة `building-renovation` على 9 URL ؛ لا H1 داخل جسم المقال (قد يعتمد على عنوان القالب)
شركة تبطين وصيانة خزانات مياه في الريان,https://www.rukn-eltatawer.com/qa/tank-lining-maintenance-al-rayyan/,239,"critical_thin,template_boilerplate,local_doorway_variant,city_variant_similar,keyword_cannibalization,no_h1_in_body",محتوى هزيل جداً (239 كلمة) ؛ نفس الهيكل العناوين في 868 صفحة (hash a6b89d30b159) ؛ صفحة مدينة×خدمة من مولّد الشبكة — تغطية محلية لكن خطر doorway/تكرار ؛ نفس جذع الخدمة `tank-lining-maintenance` على 9 URL ؛ لا H1 داخل جسم المقال (قد يعتمد على عنوان القالب)
شركة عزل صوتي في أم صلال,https://www.rukn-eltatawer.com/qa/soundproofing-umm-salal/,236,"critical_thin,template_boilerplate,local_doorway_variant,keyword_cannibalization,no_h1_in_body",محتوى هزيل جداً (236 كلمة) ؛ نفس الهيكل العناوين في 868 صفحة (hash a6b89d30b159) ؛ صفحة مدينة×خدمة من مولّد الشبكة — تغطية محلية لكن خطر doorway/تكرار ؛ نفس جذع الخدمة `soundproofing` على 9 URL ؛ لا H1 داخل جسم المقال (قد يعتمد على عنوان القالب)
شركة عزل صوتي في الخور,https://www.rukn-eltatawer.com/qa/soundproofing-al-khor/,242,"critical_thin,template_boilerplate,local_doorway_variant,city_variant_similar,keyword_cannibalization,no_h1_in_body",محتوى هزيل جداً (242 كلمة) ؛ نفس الهيكل العناوين في 905 صفحة (hash cb24e6f8b3f9) ؛ صفحة مدينة×خدمة من مولّد الشبكة — تغطية محلية لكن خطر doorway/تكرار ؛ نفس جذع الخدمة `soundproofing` على 9 URL ؛ لا H1 داخل جسم المقال (قد يعتمد على عنوان القالب)
شركة عزل مائي في أم صلال,https://www.rukn-eltatawer.com/qa/waterproofing-umm-salal/,268,"critical_thin,template_boilerplate,local_doorway_variant,city_variant_similar,keyword_cannibalization,no_h1_in_body",محتوى هزيل جداً (268 كلمة) ؛ نفس الهيكل العناوين في 868 صفحة (hash a6b89d30b159) ؛ صفحة مدينة×خدمة من مولّد الشبكة — تغطية محلية لكن خطر doorway/تكرار ؛ نفس جذع الخدمة `waterproofing` على 9 URL ؛ لا H1 داخل جسم المقال (قد يعتمد على عنوان القالب)
شركة عزل مائي في الخور,https://www.rukn-eltatawer.com/qa/waterproofing-al-khor/,247,"critical_thin,template_boilerplate,local_doorway_variant,keyword_cannibalization,no_h1_in_body",محتوى هزيل جداً (247 كلمة) ؛ نفس الهيكل العناوين في 868 صفحة (hash a6b89d30b159) ؛ صفحة مدينة×خدمة من مولّد الشبكة — تغطية محلية لكن خطر doorway/تكرار ؛ نفس جذع الخدمة `waterproofing` على 9 URL ؛ لا H1 داخل جسم المقال (قد يعتمد على عنوان القالب)
شركة صيانة تكييف مركزي في أم صلال,https://www.rukn-eltatawer.com/qa/central-ac-maintenance-umm-salal/,252,"critical_thin,template_boilerplate,local_doorway_variant,city_variant_similar,keyword_cannibalization,no_h1_in_body",محتوى هزيل جداً (252 كلمة) ؛ نفس الهيكل العناوين في 905 صفحة (hash cb24e6f8b3f9) ؛ صفحة مدينة×خدمة من مولّد الشبكة — تغطية محلية لكن خطر doorway/تكرار ؛ نفس جذع الخدمة `central-ac-maintenance` على 9 URL ؛ لا H1 داخل جسم المقال (قد يعتمد على عنوان القالب)
شركة صيانة تكييف مركزي في الخور,https://www.rukn-eltatawer.com/qa/central-ac-maintenance-al-khor/,242,"critical_thin,template_boilerplate,local_doorway_variant,keyword_cannibalization,no_h1_in_body",محتوى هزيل جداً (242 كلمة) ؛ نفس الهيكل العناوين في 905 صفحة (hash cb24e6f8b3f9) ؛ صفحة مدينة×خدمة من مولّد الشبكة — تغطية محلية لكن خطر doorway/تكرار ؛ نفس جذع الخدمة `central-ac-maintenance` على 9 URL ؛ لا H1 داخل جسم المقال (قد يعتمد على عنوان القالب)
شركة صيانة سباكة في الوكرة,https://www.rukn-eltatawer.com/qa/plumbing-maintenance-al-wakrah/,233,"critical_thin,template_boilerplate,local_doorway_variant,near_duplicate,keyword_cannibalization,no_h1_in_body",محتوى هزيل جداً (233 كلمة) ؛ نفس الهيكل العناوين في 905 صفحة (hash cb24e6f8b3f9) ؛ صفحة مدينة×خدمة من مولّد الشبكة — تغطية محلية لكن خطر doorway/تكرار ؛ تشابه SimHash مسافة 0 مع https://www.rukn-eltatawer.com/qa/water-heater-maintenance-al-wakrah/ ؛ نفس جذع الخدمة `plumbing-maintenance` على 10 URL ؛ لا H1 داخل جسم المقال (قد يعتمد على عنوان القالب)
شركة صيانة مباني في الريان,https://www.rukn-eltatawer.com/qa/building-maintenance-al-rayyan/,233,"critical_thin,template_boilerplate,local_doorway_variant,city_variant_similar,keyword_cannibalization,no_h1_in_body",محتوى هزيل جداً (233 كلمة) ؛ نفس الهيكل العناوين في 905 صفحة (hash cb24e6f8b3f9) ؛ صفحة مدينة×خدمة من مولّد الشبكة — تغطية محلية لكن خطر doorway/تكرار ؛ نفس جذع الخدمة `building-maintenance` على 9 URL ؛ لا H1 داخل جسم المقال (قد يعتمد على عنوان القالب)
شركة صيانة عامة في الريان,https://www.rukn-eltatawer.com/qa/general-maintenance-al-rayyan/,229,"critical_thin,template_boilerplate,local_doorway_variant,city_variant_similar,keyword_cannibalization,no_h1_in_body",محتوى هزيل جداً (229 كلمة) ؛ نفس الهيكل العناوين في 905 صفحة (hash cb24e6f8b3f9) ؛ صفحة مدينة×خدمة من مولّد الشبكة — تغطية محلية لكن خطر doorway/تكرار ؛ نفس جذع الخدمة `general-maintenance` على 9 URL ؛ لا H1 داخل جسم المقال (قد يعتمد على عنوان القالب)
شركة عقود صيانة تكييف دورية في الظعاين,https://www.rukn-eltatawer.com/qa/ac-periodic-maintenance-contracts-al-daayen/,220,"critical_thin,template_boilerplate,local_doorway_variant,keyword_cannibalization,no_h1_in_body",محتوى هزيل جداً (220 كلمة) ؛ نفس الهيكل العناوين في 905 صفحة (hash cb24e6f8b3f9) ؛ صفحة مدينة×خدمة من مولّد الشبكة — تغطية محلية لكن خطر doorway/تكرار ؛ نفس جذع الخدمة `ac-periodic-maintenance-contracts` على 9 URL ؛ لا H1 داخل جسم المقال (قد يعتمد على عنوان القالب)
شركة تركيب تكييف مركزي جديد في الظعاين,https://www.rukn-eltatawer.com/qa/new-central-ac-installation-al-daayen/,221,"critical_thin,template_boilerplate,local_doorway_variant,city_variant_similar,keyword_cannibalization,no_h1_in_body",محتوى هزيل جداً (221 كلمة) ؛ نفس الهيكل العناوين في 868 صفحة (hash a6b89d30b159) ؛ صفحة مدينة×خدمة من مولّد الشبكة — تغطية محلية لكن خطر doorway/تكرار ؛ نفس جذع الخدمة `new-central-ac-installation` على 9 URL ؛ لا H1 داخل جسم المقال (قد يعتمد على عنوان القالب)
شركة صيانة دكتات التكييف في الظعاين,https://www.rukn-eltatawer.com/qa/ac-duct-maintenance-al-daayen/,220,"critical_thin,template_boilerplate,local_doorway_variant,city_variant_similar,keyword_cannibalization,no_h1_in_body",محتوى هزيل جداً (220 كلمة) ؛ نفس الهيكل العناوين في 868 صفحة (hash a6b89d30b159) ؛ صفحة مدينة×خدمة من مولّد الشبكة — تغطية محلية لكن خطر doorway/تكرار ؛ نفس جذع الخدمة `ac-duct-maintenance` على 9 URL ؛ لا H1 داخل جسم المقال (قد يعتمد على عنوان القالب)
شركة نقل وتركيب مكيفات في الظعاين,https://www.rukn-eltatawer.com/qa/ac-relocation-installation-al-daayen/,220,"critical_thin,template_boilerplate,local_doorway_variant,keyword_cannibalization,no_h1_in_body",محتوى هزيل جداً (220 كلمة) ؛ نفس الهيكل العناوين في 868 صفحة (hash a6b89d30b159) ؛ صفحة مدينة×خدمة من مولّد الشبكة — تغطية محلية لكن خطر doorway/تكرار ؛ نفس جذع الخدمة `ac-relocation-installation` على 9 URL ؛ لا H1 داخل جسم المقال (قد يعتمد على عنوان القالب)
شركة مكافحة الصراصير في الخور,https://www.rukn-eltatawer.com/qa/cockroach-control-al-khor/,231,"critical_thin,template_boilerplate,local_doorway_variant,near_duplicate,keyword_cannibalization,no_h1_in_body",محتوى هزيل جداً (231 كلمة) ؛ نفس الهيكل العناوين في 868 صفحة (hash a6b89d30b159) ؛ صفحة مدينة×خدمة من مولّد الشبكة — تغطية محلية لكن خطر doorway/تكرار ؛ تشابه SimHash مسافة 2 مع https://www.rukn-eltatawer.com/qa/flying-pest-control-al-khor/ ؛ نفس جذع الخدمة `cockroach-control` على 10 URL ؛ لا H1 داخل جسم المقال (قد يعتمد على عنوان القالب)
شركة مكافحة النمل الأبيض (الرمة) في أم صلال,https://www.rukn-eltatawer.com/qa/termite-control-umm-salal/,235,"critical_thin,template_boilerplate,local_doorway_variant,near_duplicate,keyword_cannibalization,no_h1_in_body",محتوى هزيل جداً (235 كلمة) ؛ نفس الهيكل العناوين في 868 صفحة (hash a6b89d30b159) ؛ صفحة مدينة×خدمة من مولّد الشبكة — تغطية محلية لكن خطر doorway/تكرار ؛ تشابه SimHash مسافة 0 مع https://www.rukn-eltatawer.com/qa/chlorine-disinfection-umm-salal/ ؛ نفس جذع الخدمة `termite-control` على 10 URL ؛ لا H1 داخل جسم المقال (قد يعتمد على عنوان القالب)
شركة مكافحة النمل الأبيض (الرمة) في الخور,https://www.rukn-eltatawer.com/qa/termite-control-al-khor/,235,"critical_thin,template_boilerplate,local_doorway_variant,near_duplicate,keyword_cannibalization,no_h1_in_body",محتوى هزيل جداً (235 كلمة) ؛ نفس الهيكل العناوين في 868 صفحة (hash a6b89d30b159) ؛ صفحة مدينة×خدمة من مولّد الشبكة — تغطية محلية لكن خطر doorway/تكرار ؛ تشابه SimHash مسافة 1 مع https://www.rukn-eltatawer.com/qa/scorpion-control-al-khor/ ؛ نفس جذع الخدمة `termite-control` على 10 URL ؛ لا H1 داخل جسم المقال (قد يعتمد على عنوان القالب)
شركة مكافحة الحشرات الطائرة في أم صلال,https://www.rukn-eltatawer.com/qa/flying-pest-control-umm-salal/,234,"critical_thin,template_boilerplate,local_doorway_variant,city_variant_similar,keyword_cannibalization,no_h1_in_body",محتوى هزيل جداً (234 كلمة) ؛ نفس الهيكل العناوين في 868 صفحة (hash a6b89d30b159) ؛ صفحة مدينة×خدمة من مولّد الشبكة — تغطية محلية لكن خطر doorway/تكرار ؛ نفس جذع الخدمة `flying-pest-control` على 9 URL ؛ لا H1 داخل جسم المقال (قد يعتمد على عنوان القالب)
شركة مكافحة الحشرات الطائرة في الخور,https://www.rukn-eltatawer.com/qa/flying-pest-control-al-khor/,232,"critical_thin,template_boilerplate,local_doorway_variant,city_variant_similar,keyword_cannibalization,no_h1_in_body",محتوى هزيل جداً (232 كلمة) ؛ نفس الهيكل العناوين في 868 صفحة (hash a6b89d30b159) ؛ صفحة مدينة×خدمة من مولّد الشبكة — تغطية محلية لكن خطر doorway/تكرار ؛ نفس جذع الخدمة `flying-pest-control` على 9 URL ؛ لا H1 داخل جسم المقال (قد يعتمد على عنوان القالب)
شركة مكافحة الحشرات الزاحفة في أم صلال,https://www.rukn-eltatawer.com/qa/crawling-pest-control-umm-salal/,246,"critical_thin,template_boilerplate,local_doorway_variant,city_variant_similar,keyword_cannibalization,no_h1_in_body",محتوى هزيل جداً (246 كلمة) ؛ نفس الهيكل العناوين في 868 صفحة (hash a6b89d30b159) ؛ صفحة مدينة×خدمة من مولّد الشبكة — تغطية محلية لكن خطر doorway/تكرار ؛ نفس جذع الخدمة `crawling-pest-control` على 9 URL ؛ لا H1 داخل جسم المقال (قد يعتمد على عنوان القالب)
شركة مكافحة الحشرات الزاحفة في الخور,https://www.rukn-eltatawer.com/qa/crawling-pest-control-al-khor/,234,"critical_thin,template_boilerplate,local_doorway_variant,city_variant_similar,keyword_cannibalization,no_h1_in_body",محتوى هزيل جداً (234 كلمة) ؛ نفس الهيكل العناوين في 868 صفحة (hash a6b89d30b159) ؛ صفحة مدينة×خدمة من مولّد الشبكة — تغطية محلية لكن خطر doorway/تكرار ؛ نفس جذع الخدمة `crawling-pest-control` على 9 URL ؛ لا H1 داخل جسم المقال (قد يعتمد على عنوان القالب)
شركة تنظيف وتزيين الحدائق في الوكرة,https://www.rukn-eltatawer.com/qa/garden-cleaning-al-wakrah/,227,"critical_thin,template_boilerplate,local_doorway_variant,city_variant_similar,keyword_cannibalization,no_h1_in_body",محتوى هزيل جداً (227 كلمة) ؛ نفس الهيكل العناوين في 905 صفحة (hash cb24e6f8b3f9) ؛ صفحة مدينة×خدمة من مولّد الشبكة — تغطية محلية لكن خطر doorway/تكرار ؛ نفس جذع الخدمة `garden-cleaning` على 9 URL ؛ لا H1 داخل جسم المقال (قد يعتمد على عنوان القالب)
شركة عزل حراري في الظعاين,https://www.rukn-eltatawer.com/qa/thermal-insulation-al-daayen/,241,"critical_thin,template_boilerplate,local_doorway_variant,city_variant_similar,keyword_cannibalization,no_h1_in_body",محتوى هزيل جداً (241 كلمة) ؛ نفس الهيكل العناوين في 905 صفحة (hash cb24e6f8b3f9) ؛ صفحة مدينة×خدمة من مولّد الشبكة — تغطية محلية لكن خطر doorway/تكرار ؛ نفس جذع الخدمة `thermal-insulation` على 9 URL ؛ لا H1 داخل جسم المقال (قد يعتمد على عنوان القالب)
شركة عزل مطابخ في الظعاين,https://www.rukn-eltatawer.com/qa/kitchen-insulation-al-daayen/,238,"critical_thin,template_boilerplate,local_doorway_variant,keyword_cannibalization,no_h1_in_body",محتوى هزيل جداً (238 كلمة) ؛ نفس الهيكل العناوين في 905 صفحة (hash cb24e6f8b3f9) ؛ صفحة مدينة×خدمة من مولّد الشبكة — تغطية محلية لكن خطر doorway/تكرار ؛ نفس جذع الخدمة `kitchen-insulation` على 9 URL ؛ لا H1 داخل جسم المقال (قد يعتمد على عنوان القالب)
شركة عزل أسطح في الظعاين,https://www.rukn-eltatawer.com/qa/roof-insulation-al-daayen/,233,"critical_thin,template_boilerplate,local_doorway_variant,city_variant_similar,keyword_cannibalization,no_h1_in_body",محتوى هزيل جداً (233 كلمة) ؛ نفس الهيكل العناوين في 868 صفحة (hash a6b89d30b159) ؛ صفحة مدينة×خدمة من مولّد الشبكة — تغطية محلية لكن خطر doorway/تكرار ؛ نفس جذع الخدمة `roof-insulation` على 9 URL ؛ لا H1 داخل جسم المقال (قد يعتمد على عنوان القالب)
شركة كشف تسربات التكييف في الظعاين,https://www.rukn-eltatawer.com/qa/ac-leak-detection-al-daayen/,233,"critical_thin,template_boilerplate,local_doorway_variant,keyword_cannibalization,no_h1_in_body",محتوى هزيل جداً (233 كلمة) ؛ نفس الهيكل العناوين في 868 صفحة (hash a6b89d30b159) ؛ صفحة مدينة×خدمة من مولّد الشبكة — تغطية محلية لكن خطر doorway/تكرار ؛ نفس جذع الخدمة `ac-leak-detection` على 9 URL ؛ لا H1 داخل جسم المقال (قد يعتمد على عنوان القالب)
شركة كشف تسربات الغاز في الظعاين,https://www.rukn-eltatawer.com/qa/gas-leak-detection-al-daayen/,253,"critical_thin,template_boilerplate,local_doorway_variant,city_variant_similar,keyword_cannibalization,no_h1_in_body",محتوى هزيل جداً (253 كلمة) ؛ نفس الهيكل العناوين في 905 صفحة (hash cb24e6f8b3f9) ؛ صفحة مدينة×خدمة من مولّد الشبكة — تغطية محلية لكن خطر doorway/تكرار ؛ نفس جذع الخدمة `gas-leak-detection` على 9 URL ؛ لا H1 داخل جسم المقال (قد يعتمد على عنوان القالب)
شركة تركيب وصيانة محطات تحلية المياه في الريان,https://www.rukn-eltatawer.com/qa/ro-plants-al-rayyan/,225,"critical_thin,template_boilerplate,local_doorway_variant,keyword_cannibalization,no_h1_in_body",محتوى هزيل جداً (225 كلمة) ؛ نفس الهيكل العناوين في 905 صفحة (hash cb24e6f8b3f9) ؛ صفحة مدينة×خدمة من مولّد الشبكة — تغطية محلية لكن خطر doorway/تكرار ؛ نفس جذع الخدمة `ro-plants` على 9 URL ؛ لا H1 داخل جسم المقال (قد يعتمد على عنوان القالب)
شركة تركيب وصيانة مضخات مياه وصرف صحي في الريان,https://www.rukn-eltatawer.com/qa/water-pumps-al-rayyan/,229,"critical_thin,template_boilerplate,local_doorway_variant,city_variant_similar,keyword_cannibalization,no_h1_in_body",محتوى هزيل جداً (229 كلمة) ؛ نفس الهيكل العناوين في 905 صفحة (hash cb24e6f8b3f9) ؛ صفحة مدينة×خدمة من مولّد الشبكة — تغطية محلية لكن خطر doorway/تكرار ؛ نفس جذع الخدمة `water-pumps` على 9 URL ؛ لا H1 داخل جسم المقال (قد يعتمد على عنوان القالب)
شركة تركيب وصيانة شفاطات مطابخ في الريان,https://www.rukn-eltatawer.com/qa/kitchen-hoods-al-rayyan/,230,"critical_thin,template_boilerplate,local_doorway_variant,keyword_cannibalization,no_h1_in_body",محتوى هزيل جداً (230 كلمة) ؛ نفس الهيكل العناوين في 868 صفحة (hash a6b89d30b159) ؛ صفحة مدينة×خدمة من مولّد الشبكة — تغطية محلية لكن خطر doorway/تكرار ؛ نفس جذع الخدمة `kitchen-hoods` على 9 URL ؛ لا H1 داخل جسم المقال (قد يعتمد على عنوان القالب)
شركة صيانة مكانس كهربائية في الريان,https://www.rukn-eltatawer.com/qa/vacuum-maintenance-al-rayyan/,235,"critical_thin,template_boilerplate,local_doorway_variant,keyword_cannibalization,no_h1_in_body",محتوى هزيل جداً (235 كلمة) ؛ نفس الهيكل العناوين في 905 صفحة (hash cb24e6f8b3f9) ؛ صفحة مدينة×خدمة من مولّد الشبكة — تغطية محلية لكن خطر doorway/تكرار ؛ نفس جذع الخدمة `vacuum-maintenance` على 9 URL ؛ لا H1 داخل جسم المقال (قد يعتمد على عنوان القالب)
شركة صيانة مبردات مياه في الريان,https://www.rukn-eltatawer.com/qa/water-cooler-maintenance-al-rayyan/,231,"critical_thin,template_boilerplate,local_doorway_variant,city_variant_similar,keyword_cannibalization,no_h1_in_body",محتوى هزيل جداً (231 كلمة) ؛ نفس الهيكل العناوين في 905 صفحة (hash cb24e6f8b3f9) ؛ صفحة مدينة×خدمة من مولّد الشبكة — تغطية محلية لكن خطر doorway/تكرار ؛ نفس جذع الخدمة `water-cooler-maintenance` على 9 URL ؛ لا H1 داخل جسم المقال (قد يعتمد على عنوان القالب)
شركة صيانة سخانات في الريان,https://www.rukn-eltatawer.com/qa/water-heater-maintenance-al-rayyan/,218,"critical_thin,template_boilerplate,local_doorway_variant,city_variant_similar,keyword_cannibalization,no_h1_in_body",محتوى هزيل جداً (218 كلمة) ؛ نفس الهيكل العناوين في 868 صفحة (hash a6b89d30b159) ؛ صفحة مدينة×خدمة من مولّد الشبكة — تغطية محلية لكن خطر doorway/تكرار ؛ نفس جذع الخدمة `water-heater-maintenance` على 9 URL ؛ لا H1 داخل جسم المقال (قد يعتمد على عنوان القالب)
شركة صيانة ميكروويف في الريان,https://www.rukn-eltatawer.com/qa/microwave-maintenance-al-rayyan/,212,"critical_thin,template_boilerplate,local_doorway_variant,keyword_cannibalization,no_h1_in_body",محتوى هزيل جداً (212 كلمة) ؛ نفس الهيكل العناوين في 868 صفحة (hash a6b89d30b159) ؛ صفحة مدينة×خدمة من مولّد الشبكة — تغطية محلية لكن خطر doorway/تكرار ؛ نفس جذع الخدمة `microwave-maintenance` على 9 URL ؛ لا H1 داخل جسم المقال (قد يعتمد على عنوان القالب)
شركة صيانة نشافات في الريان,https://www.rukn-eltatawer.com/qa/dryer-maintenance-al-rayyan/,219,"critical_thin,template_boilerplate,local_doorway_variant,city_variant_similar,keyword_cannibalization,no_h1_in_body",محتوى هزيل جداً (219 كلمة) ؛ نفس الهيكل العناوين في 905 صفحة (hash cb24e6f8b3f9) ؛ صفحة مدينة×خدمة من مولّد الشبكة — تغطية محلية لكن خطر doorway/تكرار ؛ نفس جذع الخدمة `dryer-maintenance` على 9 URL ؛ لا H1 داخل جسم المقال (قد يعتمد على عنوان القالب)
شركة صيانة غسالات في الريان,https://www.rukn-eltatawer.com/qa/washer-maintenance-al-rayyan/,233,"critical_thin,template_boilerplate,local_doorway_variant,city_variant_similar,keyword_cannibalization,no_h1_in_body",محتوى هزيل جداً (233 كلمة) ؛ نفس الهيكل العناوين في 905 صفحة (hash cb24e6f8b3f9) ؛ صفحة مدينة×خدمة من مولّد الشبكة — تغطية محلية لكن خطر doorway/تكرار ؛ نفس جذع الخدمة `washer-maintenance` على 9 URL ؛ لا H1 داخل جسم المقال (قد يعتمد على عنوان القالب)
شركة صيانة ثلاجات في الريان,https://www.rukn-eltatawer.com/qa/fridge-maintenance-al-rayyan/,222,"critical_thin,template_boilerplate,local_doorway_variant,city_variant_similar,keyword_cannibalization,no_h1_in_body",محتوى هزيل جداً (222 كلمة) ؛ نفس الهيكل العناوين في 868 صفحة (hash a6b89d30b159) ؛ صفحة مدينة×خدمة من مولّد الشبكة — تغطية محلية لكن خطر doorway/تكرار ؛ نفس جذع الخدمة `fridge-maintenance` على 9 URL ؛ لا H1 داخل جسم المقال (قد يعتمد على عنوان القالب)
شركة صيانة الأجهزة الكهربائية في الريان,https://www.rukn-eltatawer.com/qa/appliance-maintenance-al-rayyan/,214,"critical_thin,template_boilerplate,local_doorway_variant,keyword_cannibalization,no_h1_in_body",محتوى هزيل جداً (214 كلمة) ؛ نفس الهيكل العناوين في 868 صفحة (hash a6b89d30b159) ؛ صفحة مدينة×خدمة من مولّد الشبكة — تغطية محلية لكن خطر doorway/تكرار ؛ نفس جذع الخدمة `appliance-maintenance` على 9 URL ؛ لا H1 داخل جسم المقال (قد يعتمد على عنوان القالب)
شركة صيانة بوتاجازات في الريان,https://www.rukn-eltatawer.com/qa/stove-maintenance-al-rayyan/,226,"critical_thin,template_boilerplate,local_doorway_variant,keyword_cannibalization,no_h1_in_body",محتوى هزيل جداً (226 كلمة) ؛ نفس الهيكل العناوين في 868 صفحة (hash a6b89d30b159) ؛ صفحة مدينة×خدمة من مولّد الشبكة — تغطية محلية لكن خطر doorway/تكرار ؛ نفس جذع الخدمة `stove-maintenance` على 9 URL ؛ لا H1 داخل جسم المقال (قد يعتمد على عنوان القالب)
شركة صيانة أفران في الريان,https://www.rukn-eltatawer.com/qa/oven-maintenance-al-rayyan/,229,"critical_thin,template_boilerplate,local_doorway_variant,city_variant_similar,keyword_cannibalization,no_h1_in_body",محتوى هزيل جداً (229 كلمة) ؛ نفس الهيكل العناوين في 905 صفحة (hash cb24e6f8b3f9) ؛ صفحة مدينة×خدمة من مولّد الشبكة — تغطية محلية لكن خطر doorway/تكرار ؛ نفس جذع الخدمة `oven-maintenance` على 9 URL ؛ لا H1 داخل جسم المقال (قد يعتمد على عنوان القالب)
شركة صيانة أبواب أوتوماتيكية في الريان,https://www.rukn-eltatawer.com/qa/automatic-doors-maintenance-al-rayyan/,224,"critical_thin,template_boilerplate,local_doorway_variant,keyword_cannibalization,no_h1_in_body",محتوى هزيل جداً (224 كلمة) ؛ نفس الهيكل العناوين في 868 صفحة (hash a6b89d30b159) ؛ صفحة مدينة×خدمة من مولّد الشبكة — تغطية محلية لكن خطر doorway/تكرار ؛ نفس جذع الخدمة `automatic-doors-maintenance` على 9 URL ؛ لا H1 داخل جسم المقال (قد يعتمد على عنوان القالب)
شركة صيانة كاميرات مراقبة في الريان,https://www.rukn-eltatawer.com/qa/cctv-maintenance-al-rayyan/,221,"critical_thin,template_boilerplate,local_doorway_variant,city_variant_similar,keyword_cannibalization,no_h1_in_body",محتوى هزيل جداً (221 كلمة) ؛ نفس الهيكل العناوين في 868 صفحة (hash a6b89d30b159) ؛ صفحة مدينة×خدمة من مولّد الشبكة — تغطية محلية لكن خطر doorway/تكرار ؛ نفس جذع الخدمة `cctv-maintenance` على 9 URL ؛ لا H1 داخل جسم المقال (قد يعتمد على عنوان القالب)
شركة صيانة مصاعد في الريان,https://www.rukn-eltatawer.com/qa/elevator-maintenance-al-rayyan/,226,"critical_thin,template_boilerplate,local_doorway_variant,keyword_cannibalization,no_h1_in_body",محتوى هزيل جداً (226 كلمة) ؛ نفس الهيكل العناوين في 868 صفحة (hash a6b89d30b159) ؛ صفحة مدينة×خدمة من مولّد الشبكة — تغطية محلية لكن خطر doorway/تكرار ؛ نفس جذع الخدمة `elevator-maintenance` على 9 URL ؛ لا H1 داخل جسم المقال (قد يعتمد على عنوان القالب)
شركة صيانة مسابح في الريان,https://www.rukn-eltatawer.com/qa/pool-maintenance-al-rayyan/,212,"critical_thin,template_boilerplate,local_doorway_variant,keyword_cannibalization,no_h1_in_body",محتوى هزيل جداً (212 كلمة) ؛ نفس الهيكل العناوين في 868 صفحة (hash a6b89d30b159) ؛ صفحة مدينة×خدمة من مولّد الشبكة — تغطية محلية لكن خطر doorway/تكرار ؛ نفس جذع الخدمة `pool-maintenance` على 9 URL ؛ لا H1 داخل جسم المقال (قد يعتمد على عنوان القالب)
شركة صيانة مكيفات سبليت في أم صلال,https://www.rukn-eltatawer.com/qa/split-ac-maintenance-umm-salal/,246,"critical_thin,template_boilerplate,local_doorway_variant,near_duplicate,keyword_cannibalization,no_h1_in_body",محتوى هزيل جداً (246 كلمة) ؛ نفس الهيكل العناوين في 868 صفحة (hash a6b89d30b159) ؛ صفحة مدينة×خدمة من مولّد الشبكة — تغطية محلية لكن خطر doorway/تكرار ؛ تشابه SimHash مسافة 1 مع https://www.rukn-eltatawer.com/qa/sewerage-company-in-umm-salal/ ؛ نفس جذع الخدمة `split-ac-maintenance` على 10 URL ؛ لا H1 داخل جسم المقال (قد يعتمد على عنوان القالب)
شركة صيانة مكيفات سبليت في الخور,https://www.rukn-eltatawer.com/qa/split-ac-maintenance-al-khor/,232,"critical_thin,template_boilerplate,local_doorway_variant,near_duplicate,keyword_cannibalization,no_h1_in_body",محتوى هزيل جداً (232 كلمة) ؛ نفس الهيكل العناوين في 868 صفحة (hash a6b89d30b159) ؛ صفحة مدينة×خدمة من مولّد الشبكة — تغطية محلية لكن خطر doorway/تكرار ؛ تشابه SimHash مسافة 0 مع https://www.rukn-eltatawer.com/qa/ac-tech-al-khor/ ؛ نفس جذع الخدمة `split-ac-maintenance` على 10 URL ؛ لا H1 داخل جسم المقال (قد يعتمد على عنوان القالب)
شركة تنظيف مجالس في الوكرة,https://www.rukn-eltatawer.com/qa/majlis-cleaning-al-wakrah/,221,"critical_thin,template_boilerplate,local_doorway_variant,city_variant_similar,keyword_cannibalization,no_h1_in_body",محتوى هزيل جداً (221 كلمة) ؛ نفس الهيكل العناوين في 868 صفحة (hash a6b89d30b159) ؛ صفحة مدينة×خدمة من مولّد الشبكة — تغطية محلية لكن خطر doorway/تكرار ؛ نفس جذع الخدمة `majlis-cleaning` على 9 URL ؛ لا H1 داخل جسم المقال (قد يعتمد على عنوان القالب)
شركة تنظيف مكاتب في الوكرة,https://www.rukn-eltatawer.com/qa/office-cleaning-al-wakrah/,221,"critical_thin,template_boilerplate,local_doorway_variant,city_variant_similar,keyword_cannibalization,no_h1_in_body",محتوى هزيل جداً (221 كلمة) ؛ نفس الهيكل العناوين في 868 صفحة (hash a6b89d30b159) ؛ صفحة مدينة×خدمة من مولّد الشبكة — تغطية محلية لكن خطر doorway/تكرار ؛ نفس جذع الخدمة `office-cleaning` على 9 URL ؛ لا H1 داخل جسم المقال (قد يعتمد على عنوان القالب)
شركة تنظيف فلل في الوكرة,https://www.rukn-eltatawer.com/qa/villa-cleaning-al-wakrah/,238,"critical_thin,template_boilerplate,local_doorway_variant,near_duplicate,keyword_cannibalization,no_h1_in_body",محتوى هزيل جداً (238 كلمة) ؛ نفس الهيكل العناوين في 905 صفحة (hash cb24e6f8b3f9) ؛ صفحة مدينة×خدمة من مولّد الشبكة — تغطية محلية لكن خطر doorway/تكرار ؛ تشابه SimHash مسافة 2 مع https://www.rukn-eltatawer.com/qa/curtain-cleaning-al-wakrah/ ؛ نفس جذع الخدمة `villa-cleaning` على 10 URL ؛ لا H1 داخل جسم المقال (قد يعتمد على عنوان القالب)
شركة تنظيف منازل في الوكرة,https://www.rukn-eltatawer.com/qa/home-cleaning-al-wakrah/,221,"critical_thin,template_boilerplate,local_doorway_variant,city_variant_similar,keyword_cannibalization,no_h1_in_body",محتوى هزيل جداً (221 كلمة) ؛ نفس الهيكل العناوين في 868 صفحة (hash a6b89d30b159) ؛ صفحة مدينة×خدمة من مولّد الشبكة — تغطية محلية لكن خطر doorway/تكرار ؛ نفس جذع الخدمة `home-cleaning` على 9 URL ؛ لا H1 داخل جسم المقال (قد يعتمد على عنوان القالب)
شركة غسيل وتنظيف مكيفات في الظعاين,https://www.rukn-eltatawer.com/qa/ac-cleaning-washing-al-daayen/,220,"critical_thin,template_boilerplate,local_doorway_variant,keyword_cannibalization,no_h1_in_body",محتوى هزيل جداً (220 كلمة) ؛ نفس الهيكل العناوين في 868 صفحة (hash a6b89d30b159) ؛ صفحة مدينة×خدمة من مولّد الشبكة — تغطية محلية لكن خطر doorway/تكرار ؛ نفس جذع الخدمة `ac-cleaning-washing` على 9 URL ؛ لا H1 داخل جسم المقال (قد يعتمد على عنوان القالب)
شركة تعبئة فريون مكيفات في الظعاين,https://www.rukn-eltatawer.com/qa/ac-freon-refill-al-daayen/,219,"critical_thin,template_boilerplate,local_doorway_variant,city_variant_similar,keyword_cannibalization,no_h1_in_body",محتوى هزيل جداً (219 كلمة) ؛ نفس الهيكل العناوين في 905 صفحة (hash cb24e6f8b3f9) ؛ صفحة مدينة×خدمة من مولّد الشبكة — تغطية محلية لكن خطر doorway/تكرار ؛ نفس جذع الخدمة `ac-freon-refill` على 9 URL ؛ لا H1 داخل جسم المقال (قد يعتمد على عنوان القالب)
شركة تركيب وحدات تكييف نافذة في الظعاين,https://www.rukn-eltatawer.com/qa/window-ac-installation-al-daayen/,229,"critical_thin,template_boilerplate,local_doorway_variant,city_variant_similar,keyword_cannibalization,no_h1_in_body",محتوى هزيل جداً (229 كلمة) ؛ نفس الهيكل العناوين في 905 صفحة (hash cb24e6f8b3f9) ؛ صفحة مدينة×خدمة من مولّد الشبكة — تغطية محلية لكن خطر doorway/تكرار ؛ نفس جذع الخدمة `window-ac-installation` على 9 URL ؛ لا H1 داخل جسم المقال (قد يعتمد على عنوان القالب)
شركة تركيب مكيفات سبليت في الظعاين,https://www.rukn-eltatawer.com/qa/split-ac-installation-al-daayen/,220,"critical_thin,template_boilerplate,local_doorway_variant,city_variant_similar,keyword_cannibalization,no_h1_in_body",محتوى هزيل جداً (220 كلمة) ؛ نفس الهيكل العناوين في 868 صفحة (hash a6b89d30b159) ؛ صفحة مدينة×خدمة من مولّد الشبكة — تغطية محلية لكن خطر doorway/تكرار ؛ نفس جذع الخدمة `split-ac-installation` على 9 URL ؛ لا H1 داخل جسم المقال (قد يعتمد على عنوان القالب)
شركة كشف وإصلاح أعطال السباكة في أم صلال,https://www.rukn-eltatawer.com/qa/plumbing-fault-repair-umm-salal/,249,"critical_thin,template_boilerplate,local_doorway_variant,city_variant_similar,keyword_cannibalization,no_h1_in_body",محتوى هزيل جداً (249 كلمة) ؛ نفس الهيكل العناوين في 905 صفحة (hash cb24e6f8b3f9) ؛ صفحة مدينة×خدمة من مولّد الشبكة — تغطية محلية لكن خطر doorway/تكرار ؛ نفس جذع الخدمة `plumbing-fault-repair` على 9 URL ؛ لا H1 داخل جسم المقال (قد يعتمد على عنوان القالب)
شركة كشف وإصلاح أعطال السباكة في الخور,https://www.rukn-eltatawer.com/qa/plumbing-fault-repair-al-khor/,227,"critical_thin,template_boilerplate,local_doorway_variant,city_variant_similar,keyword_cannibalization,no_h1_in_body",محتوى هزيل جداً (227 كلمة) ؛ نفس الهيكل العناوين في 868 صفحة (hash a6b89d30b159) ؛ صفحة مدينة×خدمة من مولّد الشبكة — تغطية محلية لكن خطر doorway/تكرار ؛ نفس جذع الخدمة `plumbing-fault-repair` على 9 URL ؛ لا H1 داخل جسم المقال (قد يعتمد على عنوان القالب)
شركة شفط بيارات في الوكرة,https://www.rukn-eltatawer.com/qa/septic-tank-emptying-al-wakrah/,216,"critical_thin,template_boilerplate,local_doorway_variant,city_variant_similar,keyword_cannibalization,no_h1_in_body",محتوى هزيل جداً (216 كلمة) ؛ نفس الهيكل العناوين في 868 صفحة (hash a6b89d30b159) ؛ صفحة مدينة×خدمة من مولّد الشبكة — تغطية محلية لكن خطر doorway/تكرار ؛ نفس جذع الخدمة `septic-tank-emptying` على 9 URL ؛ لا H1 داخل جسم المقال (قد يعتمد على عنوان القالب)
شركة تبطين وصيانة خزانات مياه في الوكرة,https://www.rukn-eltatawer.com/qa/tank-lining-maintenance-al-wakrah/,238,"critical_thin,template_boilerplate,local_doorway_variant,city_variant_similar,keyword_cannibalization,no_h1_in_body",محتوى هزيل جداً (238 كلمة) ؛ نفس الهيكل العناوين في 905 صفحة (hash cb24e6f8b3f9) ؛ صفحة مدينة×خدمة من مولّد الشبكة — تغطية محلية لكن خطر doorway/تكرار ؛ نفس جذع الخدمة `tank-lining-maintenance` على 9 URL ؛ لا H1 داخل جسم المقال (قد يعتمد على عنوان القالب)
شركة عزل صوتي في الظعاين,https://www.rukn-eltatawer.com/qa/soundproofing-al-daayen/,230,"critical_thin,template_boilerplate,local_doorway_variant,keyword_cannibalization,no_h1_in_body",محتوى هزيل جداً (230 كلمة) ؛ نفس الهيكل العناوين في 905 صفحة (hash cb24e6f8b3f9) ؛ صفحة مدينة×خدمة من مولّد الشبكة — تغطية محلية لكن خطر doorway/تكرار ؛ نفس جذع الخدمة `soundproofing` على 9 URL ؛ لا H1 داخل جسم المقال (قد يعتمد على عنوان القالب)
شركة عزل مائي في الظعاين,https://www.rukn-eltatawer.com/qa/waterproofing-al-daayen/,249,"critical_thin,template_boilerplate,local_doorway_variant,city_variant_similar,keyword_cannibalization,no_h1_in_body",محتوى هزيل جداً (249 كلمة) ؛ نفس الهيكل العناوين في 905 صفحة (hash cb24e6f8b3f9) ؛ صفحة مدينة×خدمة من مولّد الشبكة — تغطية محلية لكن خطر doorway/تكرار ؛ نفس جذع الخدمة `waterproofing` على 9 URL ؛ لا H1 داخل جسم المقال (قد يعتمد على عنوان القالب)
شركة عزل حمامات في الظعاين,https://www.rukn-eltatawer.com/qa/bathroom-insulation-al-daayen/,241,"critical_thin,template_boilerplate,local_doorway_variant,city_variant_similar,keyword_cannibalization,no_h1_in_body",محتوى هزيل جداً (241 كلمة) ؛ نفس الهيكل العناوين في 905 صفحة (hash cb24e6f8b3f9) ؛ صفحة مدينة×خدمة من مولّد الشبكة — تغطية محلية لكن خطر doorway/تكرار ؛ نفس جذع الخدمة `bathroom-insulation` على 9 URL ؛ لا H1 داخل جسم المقال (قد يعتمد على عنوان القالب)
شركة عزل خزانات في الظعاين,https://www.rukn-eltatawer.com/qa/tank-insulation-al-daayen/,233,"critical_thin,template_boilerplate,local_doorway_variant,city_variant_similar,keyword_cannibalization,no_h1_in_body",محتوى هزيل جداً (233 كلمة) ؛ نفس الهيكل العناوين في 868 صفحة (hash a6b89d30b159) ؛ صفحة مدينة×خدمة من مولّد الشبكة — تغطية محلية لكن خطر doorway/تكرار ؛ نفس جذع الخدمة `tank-insulation` على 9 URL ؛ لا H1 داخل جسم المقال (قد يعتمد على عنوان القالب)
شركة تركيب وصيانة أجهزة تبريد مياه الخزانات في الوكرة,https://www.rukn-eltatawer.com/qa/tank-water-chiller-al-wakrah/,222,"critical_thin,template_boilerplate,local_doorway_variant,city_variant_similar,keyword_cannibalization,no_h1_in_body",محتوى هزيل جداً (222 كلمة) ؛ نفس الهيكل العناوين في 868 صفحة (hash a6b89d30b159) ؛ صفحة مدينة×خدمة من مولّد الشبكة — تغطية محلية لكن خطر doorway/تكرار ؛ نفس جذع الخدمة `tank-water-chiller` على 9 URL ؛ لا H1 داخل جسم المقال (قد يعتمد على عنوان القالب)
شركة صيانة تكييف مركزي في الظعاين,https://www.rukn-eltatawer.com/qa/central-ac-maintenance-al-daayen/,223,"critical_thin,template_boilerplate,local_doorway_variant,keyword_cannibalization,no_h1_in_body",محتوى هزيل جداً (223 كلمة) ؛ نفس الهيكل العناوين في 868 صفحة (hash a6b89d30b159) ؛ صفحة مدينة×خدمة من مولّد الشبكة — تغطية محلية لكن خطر doorway/تكرار ؛ نفس جذع الخدمة `central-ac-maintenance` على 9 URL ؛ لا H1 داخل جسم المقال (قد يعتمد على عنوان القالب)
شركة صيانة سباكة في أم صلال,https://www.rukn-eltatawer.com/qa/plumbing-maintenance-umm-salal/,253,"critical_thin,template_boilerplate,local_doorway_variant,near_duplicate,keyword_cannibalization,no_h1_in_body",محتوى هزيل جداً (253 كلمة) ؛ نفس الهيكل العناوين في 905 صفحة (hash cb24e6f8b3f9) ؛ صفحة مدينة×خدمة من مولّد الشبكة — تغطية محلية لكن خطر doorway/تكرار ؛ تشابه SimHash مسافة 1 مع https://www.rukn-eltatawer.com/qa/solar-water-heaters-umm-salal/ ؛ نفس جذع الخدمة `plumbing-maintenance` على 10 URL ؛ لا H1 داخل جسم المقال (قد يعتمد على عنوان القالب)
شركة صيانة سباكة في الخور,https://www.rukn-eltatawer.com/qa/plumbing-maintenance-al-khor/,220,"critical_thin,template_boilerplate,local_doorway_variant,near_duplicate,keyword_cannibalization,no_h1_in_body",محتوى هزيل جداً (220 كلمة) ؛ نفس الهيكل العناوين في 868 صفحة (hash a6b89d30b159) ؛ صفحة مدينة×خدمة من مولّد الشبكة — تغطية محلية لكن خطر doorway/تكرار ؛ تشابه SimHash مسافة 0 مع https://www.rukn-eltatawer.com/qa/water-pump-maintenance-al-khor/ ؛ نفس جذع الخدمة `plumbing-maintenance` على 10 URL ؛ لا H1 داخل جسم المقال (قد يعتمد على عنوان القالب)
شركة صيانة كهرباء في الريان,https://www.rukn-eltatawer.com/qa/electrical-maintenance-al-rayyan/,210,"critical_thin,template_boilerplate,local_doorway_variant,city_variant_similar,keyword_cannibalization,no_h1_in_body",محتوى هزيل جداً (210 كلمة) ؛ نفس الهيكل العناوين في 868 صفحة (hash a6b89d30b159) ؛ صفحة مدينة×خدمة من مولّد الشبكة — تغطية محلية لكن خطر doorway/تكرار ؛ نفس جذع الخدمة `electrical-maintenance` على 9 URL ؛ لا H1 داخل جسم المقال (قد يعتمد على عنوان القالب)
شركة تنظيف المداخن والشفاطات في الوكرة,https://www.rukn-eltatawer.com/qa/chimney-cleaning-al-wakrah/,233,"critical_thin,template_boilerplate,local_doorway_variant,city_variant_similar,keyword_cannibalization,no_h1_in_body",محتوى هزيل جداً (233 كلمة) ؛ نفس الهيكل العناوين في 905 صفحة (hash cb24e6f8b3f9) ؛ صفحة مدينة×خدمة من مولّد الشبكة — تغطية محلية لكن خطر doorway/تكرار ؛ نفس جذع الخدمة `chimney-cleaning` على 9 URL ؛ لا H1 داخل جسم المقال (قد يعتمد على عنوان القالب)
شركة تنظيف وصيانة دكتات المكيفات في أم صلال,https://www.rukn-eltatawer.com/qa/duct-cleaning-umm-salal/,254,"critical_thin,template_boilerplate,local_doorway_variant,city_variant_similar,keyword_cannibalization,no_h1_in_body",محتوى هزيل جداً (254 كلمة) ؛ نفس الهيكل العناوين في 905 صفحة (hash cb24e6f8b3f9) ؛ صفحة مدينة×خدمة من مولّد الشبكة — تغطية محلية لكن خطر doorway/تكرار ؛ نفس جذع الخدمة `duct-cleaning` على 9 URL ؛ لا H1 داخل جسم المقال (قد يعتمد على عنوان القالب)
شركة تنظيف وصيانة دكتات المكيفات في الخور,https://www.rukn-eltatawer.com/qa/duct-cleaning-al-khor/,232,"critical_thin,template_boilerplate,local_doorway_variant,city_variant_similar,keyword_cannibalization,no_h1_in_body",محتوى هزيل جداً (232 كلمة) ؛ نفس الهيكل العناوين في 868 صفحة (hash a6b89d30b159) ؛ صفحة مدينة×خدمة من مولّد الشبكة — تغطية محلية لكن خطر doorway/تكرار ؛ نفس جذع الخدمة `duct-cleaning` على 9 URL ؛ لا H1 داخل جسم المقال (قد يعتمد على عنوان القالب)
شركة تنظيف وتعقيم شامل في الوكرة,https://www.rukn-eltatawer.com/qa/deep-cleaning-al-wakrah/,227,"critical_thin,template_boilerplate,local_doorway_variant,city_variant_similar,keyword_cannibalization,no_h1_in_body",محتوى هزيل جداً (227 كلمة) ؛ نفس الهيكل العناوين في 905 صفحة (hash cb24e6f8b3f9) ؛ صفحة مدينة×خدمة من مولّد الشبكة — تغطية محلية لكن خطر doorway/تكرار ؛ نفس جذع الخدمة `deep-cleaning` على 9 URL ؛ لا H1 داخل جسم المقال (قد يعتمد على عنوان القالب)
شركة تنظيف كراجات ومواقف سيارات في الوكرة,https://www.rukn-eltatawer.com/qa/garage-cleaning-al-wakrah/,229,"critical_thin,template_boilerplate,local_doorway_variant,keyword_cannibalization,no_h1_in_body",محتوى هزيل جداً (229 كلمة) ؛ نفس الهيكل العناوين في 868 صفحة (hash a6b89d30b159) ؛ صفحة مدينة×خدمة من مولّد الشبكة — تغطية محلية لكن خطر doorway/تكرار ؛ نفس جذع الخدمة `garage-cleaning` على 9 URL ؛ لا H1 داخل جسم المقال (قد يعتمد على عنوان القالب)
شركة تنظيف واجهات حجرية في الوكرة,https://www.rukn-eltatawer.com/qa/stone-facade-cleaning-al-wakrah/,227,"critical_thin,template_boilerplate,local_doorway_variant,city_variant_similar,keyword_cannibalization,no_h1_in_body",محتوى هزيل جداً (227 كلمة) ؛ نفس الهيكل العناوين في 905 صفحة (hash cb24e6f8b3f9) ؛ صفحة مدينة×خدمة من مولّد الشبكة — تغطية محلية لكن خطر doorway/تكرار ؛ نفس جذع الخدمة `stone-facade-cleaning` على 9 URL ؛ لا H1 داخل جسم المقال (قد يعتمد على عنوان القالب)
شركة تنظيف واجهات زجاجية في الوكرة,https://www.rukn-eltatawer.com/qa/glass-facade-cleaning-al-wakrah/,222,"critical_thin,template_boilerplate,local_doorway_variant,city_variant_similar,keyword_cannibalization,no_h1_in_body",محتوى هزيل جداً (222 كلمة) ؛ نفس الهيكل العناوين في 868 صفحة (hash a6b89d30b159) ؛ صفحة مدينة×خدمة من مولّد الشبكة — تغطية محلية لكن خطر doorway/تكرار ؛ نفس جذع الخدمة `glass-facade-cleaning` على 9 URL ؛ لا H1 داخل جسم المقال (قد يعتمد على عنوان القالب)
شركة تنظيف أرضيات رخام وجلي رخام في الوكرة,https://www.rukn-eltatawer.com/qa/marble-polishing-al-wakrah/,229,"critical_thin,template_boilerplate,local_doorway_variant,city_variant_similar,keyword_cannibalization,no_h1_in_body",محتوى هزيل جداً (229 كلمة) ؛ نفس الهيكل العناوين في 905 صفحة (hash cb24e6f8b3f9) ؛ صفحة مدينة×خدمة من مولّد الشبكة — تغطية محلية لكن خطر doorway/تكرار ؛ نفس جذع الخدمة `marble-polishing` على 9 URL ؛ لا H1 داخل جسم المقال (قد يعتمد على عنوان القالب)
شركة تنظيف مراتب في الوكرة,https://www.rukn-eltatawer.com/qa/mattress-cleaning-al-wakrah/,232,"critical_thin,template_boilerplate,local_doorway_variant,city_variant_similar,keyword_cannibalization,no_h1_in_body",محتوى هزيل جداً (232 كلمة) ؛ نفس الهيكل العناوين في 905 صفحة (hash cb24e6f8b3f9) ؛ صفحة مدينة×خدمة من مولّد الشبكة — تغطية محلية لكن خطر doorway/تكرار ؛ نفس جذع الخدمة `mattress-cleaning` على 9 URL ؛ لا H1 داخل جسم المقال (قد يعتمد على عنوان القالب)
شركة تنظيف ستائر في الوكرة,https://www.rukn-eltatawer.com/qa/curtain-cleaning-al-wakrah/,238,"critical_thin,template_boilerplate,local_doorway_variant,city_variant_similar,keyword_cannibalization,no_h1_in_body",محتوى هزيل جداً (238 كلمة) ؛ نفس الهيكل العناوين في 905 صفحة (hash cb24e6f8b3f9) ؛ صفحة مدينة×خدمة من مولّد الشبكة — تغطية محلية لكن خطر doorway/تكرار ؛ نفس جذع الخدمة `curtain-cleaning` على 9 URL ؛ لا H1 داخل جسم المقال (قد يعتمد على عنوان القالب)
شركة تنظيف كنب في الوكرة,https://www.rukn-eltatawer.com/qa/sofa-cleaning-al-wakrah/,232,"critical_thin,template_boilerplate,local_doorway_variant,city_variant_similar,keyword_cannibalization,no_h1_in_body",محتوى هزيل جداً (232 كلمة) ؛ نفس الهيكل العناوين في 905 صفحة (hash cb24e6f8b3f9) ؛ صفحة مدينة×خدمة من مولّد الشبكة — تغطية محلية لكن خطر doorway/تكرار ؛ نفس جذع الخدمة `sofa-cleaning` على 9 URL ؛ لا H1 داخل جسم المقال (قد يعتمد على عنوان القالب)
شركة تنظيف موكيت في الوكرة,https://www.rukn-eltatawer.com/qa/moquette-cleaning-al-wakrah/,232,"critical_thin,template_boilerplate,local_doorway_variant,city_variant_similar,keyword_cannibalization,no_h1_in_body",محتوى هزيل جداً (232 كلمة) ؛ نفس الهيكل العناوين في 905 صفحة (hash cb24e6f8b3f9) ؛ صفحة مدينة×خدمة من مولّد الشبكة — تغطية محلية لكن خطر doorway/تكرار ؛ نفس جذع الخدمة `moquette-cleaning` على 9 URL ؛ لا H1 داخل جسم المقال (قد يعتمد على عنوان القالب)
شركة تنظيف سجاد في الوكرة,https://www.rukn-eltatawer.com/qa/carpet-cleaning-al-wakrah/,227,"critical_thin,template_boilerplate,local_doorway_variant,keyword_cannibalization,no_h1_in_body",محتوى هزيل جداً (227 كلمة) ؛ نفس الهيكل العناوين في 868 صفحة (hash a6b89d30b159) ؛ صفحة مدينة×خدمة من مولّد الشبكة — تغطية محلية لكن خطر doorway/تكرار ؛ نفس جذع الخدمة `carpet-cleaning` على 9 URL ؛ لا H1 داخل جسم المقال (قد يعتمد على عنوان القالب)
شركة تنظيف خزانات ديزل في الوكرة,https://www.rukn-eltatawer.com/qa/diesel-tank-cleaning-al-wakrah/,239,"critical_thin,template_boilerplate,local_doorway_variant,keyword_cannibalization,no_h1_in_body",محتوى هزيل جداً (239 كلمة) ؛ نفس الهيكل العناوين في 905 صفحة (hash cb24e6f8b3f9) ؛ صفحة مدينة×خدمة من مولّد الشبكة — تغطية محلية لكن خطر doorway/تكرار ؛ نفس جذع الخدمة `diesel-tank-cleaning` على 9 URL ؛ لا H1 داخل جسم المقال (قد يعتمد على عنوان القالب)
شركة تنظيف خزانات مياه في الوكرة,https://www.rukn-eltatawer.com/qa/water-tank-cleaning-al-wakrah/,228,"critical_thin,template_boilerplate,local_doorway_variant,near_duplicate,keyword_cannibalization,no_h1_in_body",محتوى هزيل جداً (228 كلمة) ؛ نفس الهيكل العناوين في 868 صفحة (hash a6b89d30b159) ؛ صفحة مدينة×خدمة من مولّد الشبكة — تغطية محلية لكن خطر doorway/تكرار ؛ تشابه SimHash مسافة 2 مع https://www.rukn-eltatawer.com/qa/kitchen-cleaning-al-wakrah/ ؛ نفس جذع الخدمة `water-tank-cleaning` على 10 URL ؛ لا H1 داخل جسم المقال (قد يعتمد على عنوان القالب)
شركة تنظيف حمامات في الوكرة,https://www.rukn-eltatawer.com/qa/bathroom-cleaning-al-wakrah/,221,"critical_thin,template_boilerplate,local_doorway_variant,city_variant_similar,keyword_cannibalization,no_h1_in_body",محتوى هزيل جداً (221 كلمة) ؛ نفس الهيكل العناوين في 868 صفحة (hash a6b89d30b159) ؛ صفحة مدينة×خدمة من مولّد الشبكة — تغطية محلية لكن خطر doorway/تكرار ؛ نفس جذع الخدمة `bathroom-cleaning` على 9 URL ؛ لا H1 داخل جسم المقال (قد يعتمد على عنوان القالب)
شركة تنظيف مطابخ في الوكرة,https://www.rukn-eltatawer.com/qa/kitchen-cleaning-al-wakrah/,221,"critical_thin,template_boilerplate,local_doorway_variant,city_variant_similar,keyword_cannibalization,no_h1_in_body",محتوى هزيل جداً (221 كلمة) ؛ نفس الهيكل العناوين في 868 صفحة (hash a6b89d30b159) ؛ صفحة مدينة×خدمة من مولّد الشبكة — تغطية محلية لكن خطر doorway/تكرار ؛ نفس جذع الخدمة `kitchen-cleaning` على 9 URL ؛ لا H1 داخل جسم المقال (قد يعتمد على عنوان القالب)
شركة تنظيف مسابح في الوكرة,https://www.rukn-eltatawer.com/qa/pool-cleaning-al-wakrah/,226,"critical_thin,template_boilerplate,local_doorway_variant,city_variant_similar,keyword_cannibalization,no_h1_in_body",محتوى هزيل جداً (226 كلمة) ؛ نفس الهيكل العناوين في 905 صفحة (hash cb24e6f8b3f9) ؛ صفحة مدينة×خدمة من مولّد الشبكة — تغطية محلية لكن خطر doorway/تكرار ؛ نفس جذع الخدمة `pool-cleaning` على 9 URL ؛ لا H1 داخل جسم المقال (قد يعتمد على عنوان القالب)
شركة تنظيف محلات تجارية ومولات في الوكرة,https://www.rukn-eltatawer.com/qa/mall-cleaning-al-wakrah/,228,"critical_thin,template_boilerplate,local_doorway_variant,city_variant_similar,keyword_cannibalization,no_h1_in_body",محتوى هزيل جداً (228 كلمة) ؛ نفس الهيكل العناوين في 905 صفحة (hash cb24e6f8b3f9) ؛ صفحة مدينة×خدمة من مولّد الشبكة — تغطية محلية لكن خطر doorway/تكرار ؛ نفس جذع الخدمة `mall-cleaning` على 9 URL ؛ لا H1 داخل جسم المقال (قد يعتمد على عنوان القالب)
شركة تنظيف قصور في الوكرة,https://www.rukn-eltatawer.com/qa/palace-cleaning-al-wakrah/,232,"critical_thin,template_boilerplate,local_doorway_variant,city_variant_similar,keyword_cannibalization,no_h1_in_body",محتوى هزيل جداً (232 كلمة) ؛ نفس الهيكل العناوين في 905 صفحة (hash cb24e6f8b3f9) ؛ صفحة مدينة×خدمة من مولّد الشبكة — تغطية محلية لكن خطر doorway/تكرار ؛ نفس جذع الخدمة `palace-cleaning` على 9 URL ؛ لا H1 داخل جسم المقال (قد يعتمد على عنوان القالب)
شركة تنظيف شقق في الوكرة,https://www.rukn-eltatawer.com/qa/apartment-cleaning-al-wakrah/,232,"critical_thin,template_boilerplate,local_doorway_variant,near_duplicate,keyword_cannibalization,no_h1_in_body",محتوى هزيل جداً (232 كلمة) ؛ نفس الهيكل العناوين في 905 صفحة (hash cb24e6f8b3f9) ؛ صفحة مدينة×خدمة من مولّد الشبكة — تغطية محلية لكن خطر doorway/تكرار ؛ تشابه SimHash مسافة 0 مع https://www.rukn-eltatawer.com/qa/duct-cleaning-al-wakrah/ ؛ نفس جذع الخدمة `apartment-cleaning` على 10 URL ؛ لا H1 داخل جسم المقال (قد يعتمد على عنوان القالب)
شركة عقود صيانة تكييف دورية في الشحانية,https://www.rukn-eltatawer.com/qa/ac-periodic-maintenance-contracts-al-shahaniya/,224,"critical_thin,template_boilerplate,local_doorway_variant,city_variant_similar,keyword_cannibalization,no_h1_in_body",محتوى هزيل جداً (224 كلمة) ؛ نفس الهيكل العناوين في 868 صفحة (hash a6b89d30b159) ؛ صفحة مدينة×خدمة من مولّد الشبكة — تغطية محلية لكن خطر doorway/تكرار ؛ نفس جذع الخدمة `ac-periodic-maintenance-contracts` على 9 URL ؛ لا H1 داخل جسم المقال (قد يعتمد على عنوان القالب)
شركة عقود صيانة تكييف دورية في الشمال,https://www.rukn-eltatawer.com/qa/ac-periodic-maintenance-contracts-al-shamal/,218,"critical_thin,template_boilerplate,local_doorway_variant,city_variant_similar,keyword_cannibalization,no_h1_in_body",محتوى هزيل جداً (218 كلمة) ؛ نفس الهيكل العناوين في 905 صفحة (hash cb24e6f8b3f9) ؛ صفحة مدينة×خدمة من مولّد الشبكة — تغطية محلية لكن خطر doorway/تكرار ؛ نفس جذع الخدمة `ac-periodic-maintenance-contracts` على 9 URL ؛ لا H1 داخل جسم المقال (قد يعتمد على عنوان القالب)
شركة صيانة ثلاجات وتبريد تجاري في الوكرة,https://www.rukn-eltatawer.com/qa/commercial-refrigeration-maintenance-al-wakrah/,235,"critical_thin,template_boilerplate,local_doorway_variant,city_variant_similar,keyword_cannibalization,no_h1_in_body",محتوى هزيل جداً (235 كلمة) ؛ نفس الهيكل العناوين في 905 صفحة (hash cb24e6f8b3f9) ؛ صفحة مدينة×خدمة من مولّد الشبكة — تغطية محلية لكن خطر doorway/تكرار ؛ نفس جذع الخدمة `commercial-refrigeration-maintenance` على 9 URL ؛ لا H1 داخل جسم المقال (قد يعتمد على عنوان القالب)
شركة تركيب تكييف مركزي جديد في الشحانية,https://www.rukn-eltatawer.com/qa/new-central-ac-installation-al-shahaniya/,221,"critical_thin,template_boilerplate,local_doorway_variant,keyword_cannibalization,no_h1_in_body",محتوى هزيل جداً (221 كلمة) ؛ نفس الهيكل العناوين في 868 صفحة (hash a6b89d30b159) ؛ صفحة مدينة×خدمة من مولّد الشبكة — تغطية محلية لكن خطر doorway/تكرار ؛ نفس جذع الخدمة `new-central-ac-installation` على 9 URL ؛ لا H1 داخل جسم المقال (قد يعتمد على عنوان القالب)
شركة تركيب تكييف مركزي جديد في الشمال,https://www.rukn-eltatawer.com/qa/new-central-ac-installation-al-shamal/,225,"critical_thin,template_boilerplate,local_doorway_variant,city_variant_similar,keyword_cannibalization,no_h1_in_body",محتوى هزيل جداً (225 كلمة) ؛ نفس الهيكل العناوين في 868 صفحة (hash a6b89d30b159) ؛ صفحة مدينة×خدمة من مولّد الشبكة — تغطية محلية لكن خطر doorway/تكرار ؛ نفس جذع الخدمة `new-central-ac-installation` على 9 URL ؛ لا H1 داخل جسم المقال (قد يعتمد على عنوان القالب)
شركة تأسيس كهرباء وسباكة لمبنى جديد في أم صلال,https://www.rukn-eltatawer.com/qa/new-building-electrical-plumbing-umm-salal/,244,"critical_thin,template_boilerplate,local_doorway_variant,keyword_cannibalization,no_h1_in_body",محتوى هزيل جداً (244 كلمة) ؛ نفس الهيكل العناوين في 868 صفحة (hash a6b89d30b159) ؛ صفحة مدينة×خدمة من مولّد الشبكة — تغطية محلية لكن خطر doorway/تكرار ؛ نفس جذع الخدمة `new-building-electrical-plumbing` على 9 URL ؛ لا H1 داخل جسم المقال (قد يعتمد على عنوان القالب)
شركة تأسيس كهرباء وسباكة لمبنى جديد في الخور,https://www.rukn-eltatawer.com/qa/new-building-electrical-plumbing-al-khor/,228,"critical_thin,template_boilerplate,local_doorway_variant,city_variant_similar,keyword_cannibalization,no_h1_in_body",محتوى هزيل جداً (228 كلمة) ؛ نفس الهيكل العناوين في 868 صفحة (hash a6b89d30b159) ؛ صفحة مدينة×خدمة من مولّد الشبكة — تغطية محلية لكن خطر doorway/تكرار ؛ نفس جذع الخدمة `new-building-electrical-plumbing` على 9 URL ؛ لا H1 داخل جسم المقال (قد يعتمد على عنوان القالب)
شركة صيانة مواسير صرف صحي في أم صلال,https://www.rukn-eltatawer.com/qa/drainage-pipe-maintenance-umm-salal/,237,"critical_thin,template_boilerplate,local_doorway_variant,city_variant_similar,keyword_cannibalization,no_h1_in_body",محتوى هزيل جداً (237 كلمة) ؛ نفس الهيكل العناوين في 868 صفحة (hash a6b89d30b159) ؛ صفحة مدينة×خدمة من مولّد الشبكة — تغطية محلية لكن خطر doorway/تكرار ؛ نفس جذع الخدمة `drainage-pipe-maintenance` على 9 URL ؛ لا H1 داخل جسم المقال (قد يعتمد على عنوان القالب)
شركة صيانة مواسير صرف صحي في الخور,https://www.rukn-eltatawer.com/qa/drainage-pipe-maintenance-al-khor/,232,"critical_thin,template_boilerplate,local_doorway_variant,city_variant_similar,keyword_cannibalization,no_h1_in_body",محتوى هزيل جداً (232 كلمة) ؛ نفس الهيكل العناوين في 905 صفحة (hash cb24e6f8b3f9) ؛ صفحة مدينة×خدمة من مولّد الشبكة — تغطية محلية لكن خطر doorway/تكرار ؛ نفس جذع الخدمة `drainage-pipe-maintenance` على 9 URL ؛ لا H1 داخل جسم المقال (قد يعتمد على عنوان القالب)
شركة سباك منازل في أم صلال,https://www.rukn-eltatawer.com/qa/home-plumber-elec-umm-salal/,247,"critical_thin,template_boilerplate,local_doorway_variant,city_variant_similar,keyword_cannibalization,no_h1_in_body",محتوى هزيل جداً (247 كلمة) ؛ نفس الهيكل العناوين في 905 صفحة (hash cb24e6f8b3f9) ؛ صفحة مدينة×خدمة من مولّد الشبكة — تغطية محلية لكن خطر doorway/تكرار ؛ نفس جذع الخدمة `home-plumber-elec` على 9 URL ؛ لا H1 داخل جسم المقال (قد يعتمد على عنوان القالب)
شركة سباك منازل في الخور,https://www.rukn-eltatawer.com/qa/home-plumber-elec-al-khor/,230,"critical_thin,template_boilerplate,local_doorway_variant,city_variant_similar,keyword_cannibalization,no_h1_in_body",محتوى هزيل جداً (230 كلمة) ؛ نفس الهيكل العناوين في 905 صفحة (hash cb24e6f8b3f9) ؛ صفحة مدينة×خدمة من مولّد الشبكة — تغطية محلية لكن خطر doorway/تكرار ؛ نفس جذع الخدمة `home-plumber-elec` على 9 URL ؛ لا H1 داخل جسم المقال (قد يعتمد على عنوان القالب)
شركة عزل ودهان أسطح في الشحانية,https://www.rukn-eltatawer.com/qa/roof-insulation-painting-al-shahaniya/,241,"critical_thin,template_boilerplate,local_doorway_variant,city_variant_similar,keyword_cannibalization,no_h1_in_body",محتوى هزيل جداً (241 كلمة) ؛ نفس الهيكل العناوين في 905 صفحة (hash cb24e6f8b3f9) ؛ صفحة مدينة×خدمة من مولّد الشبكة — تغطية محلية لكن خطر doorway/تكرار ؛ نفس جذع الخدمة `roof-insulation-painting` على 9 URL ؛ لا H1 داخل جسم المقال (قد يعتمد على عنوان القالب)
شركة عزل ودهان أسطح في الشمال,https://www.rukn-eltatawer.com/qa/roof-insulation-painting-al-shamal/,228,"critical_thin,template_boilerplate,local_doorway_variant,city_variant_similar,keyword_cannibalization,no_h1_in_body",محتوى هزيل جداً (228 كلمة) ؛ نفس الهيكل العناوين في 905 صفحة (hash cb24e6f8b3f9) ؛ صفحة مدينة×خدمة من مولّد الشبكة — تغطية محلية لكن خطر doorway/تكرار ؛ نفس جذع الخدمة `roof-insulation-painting` على 9 URL ؛ لا H1 داخل جسم المقال (قد يعتمد على عنوان القالب)
فني تركيب وصيانة تكييف في الظعاين,https://www.rukn-eltatawer.com/qa/ac-tech-al-daayen/,211,"critical_thin,template_boilerplate,local_doorway_variant,keyword_cannibalization,no_h1_in_body",محتوى هزيل جداً (211 كلمة) ؛ نفس الهيكل العناوين في 868 صفحة (hash a6b89d30b159) ؛ صفحة مدينة×خدمة من مولّد الشبكة — تغطية محلية لكن خطر doorway/تكرار ؛ نفس جذع الخدمة `ac-tech` على 9 URL ؛ لا H1 داخل جسم المقال (قد يعتمد على عنوان القالب)
سباك منازل في أم صلال,https://www.rukn-eltatawer.com/qa/home-plumber-umm-salal/,234,"critical_thin,template_boilerplate,local_doorway_variant,near_duplicate,keyword_cannibalization,no_h1_in_body",محتوى هزيل جداً (234 كلمة) ؛ نفس الهيكل العناوين في 868 صفحة (hash a6b89d30b159) ؛ صفحة مدينة×خدمة من مولّد الشبكة — تغطية محلية لكن خطر doorway/تكرار ؛ تشابه SimHash مسافة 0 مع https://www.rukn-eltatawer.com/qa/septic-tank-emptying-umm-salal/ ؛ نفس جذع الخدمة `home-plumber` على 10 URL ؛ لا H1 داخل جسم المقال (قد يعتمد على عنوان القالب)
سباك منازل في الخور,https://www.rukn-eltatawer.com/qa/home-plumber-al-khor/,229,"critical_thin,template_boilerplate,local_doorway_variant,near_duplicate,keyword_cannibalization,no_h1_in_body",محتوى هزيل جداً (229 كلمة) ؛ نفس الهيكل العناوين في 905 صفحة (hash cb24e6f8b3f9) ؛ صفحة مدينة×خدمة من مولّد الشبكة — تغطية محلية لكن خطر doorway/تكرار ؛ تشابه SimHash مسافة 1 مع https://www.rukn-eltatawer.com/qa/drainage-pipe-maintenance-al-khor/ ؛ نفس جذع الخدمة `home-plumber` على 10 URL ؛ لا H1 داخل جسم المقال (قد يعتمد على عنوان القالب)
شركة تركيب أجهزة تكييف طاقة شمسية في الظعاين,https://www.rukn-eltatawer.com/qa/solar-ac-installation-al-daayen/,213,"critical_thin,template_boilerplate,local_doorway_variant,keyword_cannibalization,no_h1_in_body",محتوى هزيل جداً (213 كلمة) ؛ نفس الهيكل العناوين في 868 صفحة (hash a6b89d30b159) ؛ صفحة مدينة×خدمة من مولّد الشبكة — تغطية محلية لكن خطر doorway/تكرار ؛ نفس جذع الخدمة `solar-ac-installation` على 9 URL ؛ لا H1 داخل جسم المقال (قد يعتمد على عنوان القالب)
شركة تسليك مجاري في أم صلال,https://www.rukn-eltatawer.com/qa/drain-unclogging-umm-salal/,247,"critical_thin,template_boilerplate,local_doorway_variant,city_variant_similar,keyword_cannibalization,no_h1_in_body",محتوى هزيل جداً (247 كلمة) ؛ نفس الهيكل العناوين في 905 صفحة (hash cb24e6f8b3f9) ؛ صفحة مدينة×خدمة من مولّد الشبكة — تغطية محلية لكن خطر doorway/تكرار ؛ نفس جذع الخدمة `drain-unclogging` على 9 URL ؛ لا H1 داخل جسم المقال (قد يعتمد على عنوان القالب)
شركة تسليك مجاري في الخور,https://www.rukn-eltatawer.com/qa/drain-unclogging-al-khor/,220,"critical_thin,template_boilerplate,local_doorway_variant,city_variant_similar,keyword_cannibalization,no_h1_in_body",محتوى هزيل جداً (220 كلمة) ؛ نفس الهيكل العناوين في 868 صفحة (hash a6b89d30b159) ؛ صفحة مدينة×خدمة من مولّد الشبكة — تغطية محلية لكن خطر doorway/تكرار ؛ نفس جذع الخدمة `drain-unclogging` على 9 URL ؛ لا H1 داخل جسم المقال (قد يعتمد على عنوان القالب)
شركة عزل حراري في الشحانية,https://www.rukn-eltatawer.com/qa/thermal-insulation-al-shahaniya/,240,"critical_thin,template_boilerplate,local_doorway_variant,city_variant_similar,keyword_cannibalization,no_h1_in_body",محتوى هزيل جداً (240 كلمة) ؛ نفس الهيكل العناوين في 905 صفحة (hash cb24e6f8b3f9) ؛ صفحة مدينة×خدمة من مولّد الشبكة — تغطية محلية لكن خطر doorway/تكرار ؛ نفس جذع الخدمة `thermal-insulation` على 9 URL ؛ لا H1 داخل جسم المقال (قد يعتمد على عنوان القالب)
شركة عزل حراري في الشمال,https://www.rukn-eltatawer.com/qa/thermal-insulation-al-shamal/,242,"critical_thin,template_boilerplate,local_doorway_variant,city_variant_similar,keyword_cannibalization,no_h1_in_body",محتوى هزيل جداً (242 كلمة) ؛ نفس الهيكل العناوين في 905 صفحة (hash cb24e6f8b3f9) ؛ صفحة مدينة×خدمة من مولّد الشبكة — تغطية محلية لكن خطر doorway/تكرار ؛ نفس جذع الخدمة `thermal-insulation` على 9 URL ؛ لا H1 داخل جسم المقال (قد يعتمد على عنوان القالب)
شركة عزل مطابخ في الشحانية,https://www.rukn-eltatawer.com/qa/kitchen-insulation-al-shahaniya/,235,"critical_thin,template_boilerplate,local_doorway_variant,city_variant_similar,keyword_cannibalization,no_h1_in_body",محتوى هزيل جداً (235 كلمة) ؛ نفس الهيكل العناوين في 905 صفحة (hash cb24e6f8b3f9) ؛ صفحة مدينة×خدمة من مولّد الشبكة — تغطية محلية لكن خطر doorway/تكرار ؛ نفس جذع الخدمة `kitchen-insulation` على 9 URL ؛ لا H1 داخل جسم المقال (قد يعتمد على عنوان القالب)
شركة عزل مطابخ في الشمال,https://www.rukn-eltatawer.com/qa/kitchen-insulation-al-shamal/,239,"critical_thin,template_boilerplate,local_doorway_variant,keyword_cannibalization,no_h1_in_body",محتوى هزيل جداً (239 كلمة) ؛ نفس الهيكل العناوين في 905 صفحة (hash cb24e6f8b3f9) ؛ صفحة مدينة×خدمة من مولّد الشبكة — تغطية محلية لكن خطر doorway/تكرار ؛ نفس جذع الخدمة `kitchen-insulation` على 9 URL ؛ لا H1 داخل جسم المقال (قد يعتمد على عنوان القالب)
شركة عزل حمامات في الشحانية,https://www.rukn-eltatawer.com/qa/bathroom-insulation-al-shahaniya/,235,"critical_thin,template_boilerplate,local_doorway_variant,city_variant_similar,keyword_cannibalization,no_h1_in_body",محتوى هزيل جداً (235 كلمة) ؛ نفس الهيكل العناوين في 905 صفحة (hash cb24e6f8b3f9) ؛ صفحة مدينة×خدمة من مولّد الشبكة — تغطية محلية لكن خطر doorway/تكرار ؛ نفس جذع الخدمة `bathroom-insulation` على 9 URL ؛ لا H1 داخل جسم المقال (قد يعتمد على عنوان القالب)
شركة عزل حمامات في الشمال,https://www.rukn-eltatawer.com/qa/bathroom-insulation-al-shamal/,242,"critical_thin,template_boilerplate,local_doorway_variant,city_variant_similar,keyword_cannibalization,no_h1_in_body",محتوى هزيل جداً (242 كلمة) ؛ نفس الهيكل العناوين في 905 صفحة (hash cb24e6f8b3f9) ؛ صفحة مدينة×خدمة من مولّد الشبكة — تغطية محلية لكن خطر doorway/تكرار ؛ نفس جذع الخدمة `bathroom-insulation` على 9 URL ؛ لا H1 داخل جسم المقال (قد يعتمد على عنوان القالب)
شركة عزل خزانات في الشحانية,https://www.rukn-eltatawer.com/qa/tank-insulation-al-shahaniya/,243,"critical_thin,template_boilerplate,local_doorway_variant,city_variant_similar,keyword_cannibalization,no_h1_in_body",محتوى هزيل جداً (243 كلمة) ؛ نفس الهيكل العناوين في 905 صفحة (hash cb24e6f8b3f9) ؛ صفحة مدينة×خدمة من مولّد الشبكة — تغطية محلية لكن خطر doorway/تكرار ؛ نفس جذع الخدمة `tank-insulation` على 9 URL ؛ لا H1 داخل جسم المقال (قد يعتمد على عنوان القالب)
شركة عزل خزانات في الشمال,https://www.rukn-eltatawer.com/qa/tank-insulation-al-shamal/,234,"critical_thin,template_boilerplate,local_doorway_variant,city_variant_similar,keyword_cannibalization,no_h1_in_body",محتوى هزيل جداً (234 كلمة) ؛ نفس الهيكل العناوين في 868 صفحة (hash a6b89d30b159) ؛ صفحة مدينة×خدمة من مولّد الشبكة — تغطية محلية لكن خطر doorway/تكرار ؛ نفس جذع الخدمة `tank-insulation` على 9 URL ؛ لا H1 داخل جسم المقال (قد يعتمد على عنوان القالب)
شركة عزل أسطح في الشحانية,https://www.rukn-eltatawer.com/qa/roof-insulation-al-shahaniya/,235,"critical_thin,template_boilerplate,local_doorway_variant,city_variant_similar,keyword_cannibalization,no_h1_in_body",محتوى هزيل جداً (235 كلمة) ؛ نفس الهيكل العناوين في 905 صفحة (hash cb24e6f8b3f9) ؛ صفحة مدينة×خدمة من مولّد الشبكة — تغطية محلية لكن خطر doorway/تكرار ؛ نفس جذع الخدمة `roof-insulation` على 9 URL ؛ لا H1 داخل جسم المقال (قد يعتمد على عنوان القالب)
شركة عزل أسطح في الشمال,https://www.rukn-eltatawer.com/qa/roof-insulation-al-shamal/,237,"critical_thin,template_boilerplate,local_doorway_variant,city_variant_similar,keyword_cannibalization,no_h1_in_body",محتوى هزيل جداً (237 كلمة) ؛ نفس الهيكل العناوين في 868 صفحة (hash a6b89d30b159) ؛ صفحة مدينة×خدمة من مولّد الشبكة — تغطية محلية لكن خطر doorway/تكرار ؛ نفس جذع الخدمة `roof-insulation` على 9 URL ؛ لا H1 داخل جسم المقال (قد يعتمد على عنوان القالب)
شركة كشف تسربات التكييف في الشحانية,https://www.rukn-eltatawer.com/qa/ac-leak-detection-al-shahaniya/,255,"critical_thin,template_boilerplate,local_doorway_variant,city_variant_similar,keyword_cannibalization,no_h1_in_body",محتوى هزيل جداً (255 كلمة) ؛ نفس الهيكل العناوين في 905 صفحة (hash cb24e6f8b3f9) ؛ صفحة مدينة×خدمة من مولّد الشبكة — تغطية محلية لكن خطر doorway/تكرار ؛ نفس جذع الخدمة `ac-leak-detection` على 9 URL ؛ لا H1 داخل جسم المقال (قد يعتمد على عنوان القالب)
شركة كشف تسربات التكييف في الشمال,https://www.rukn-eltatawer.com/qa/ac-leak-detection-al-shamal/,248,"critical_thin,template_boilerplate,local_doorway_variant,city_variant_similar,keyword_cannibalization,no_h1_in_body",محتوى هزيل جداً (248 كلمة) ؛ نفس الهيكل العناوين في 868 صفحة (hash a6b89d30b159) ؛ صفحة مدينة×خدمة من مولّد الشبكة — تغطية محلية لكن خطر doorway/تكرار ؛ نفس جذع الخدمة `ac-leak-detection` على 9 URL ؛ لا H1 داخل جسم المقال (قد يعتمد على عنوان القالب)
شركة كشف تسربات الغاز في الشحانية,https://www.rukn-eltatawer.com/qa/gas-leak-detection-al-shahaniya/,247,"critical_thin,template_boilerplate,local_doorway_variant,keyword_cannibalization,no_h1_in_body",محتوى هزيل جداً (247 كلمة) ؛ نفس الهيكل العناوين في 905 صفحة (hash cb24e6f8b3f9) ؛ صفحة مدينة×خدمة من مولّد الشبكة — تغطية محلية لكن خطر doorway/تكرار ؛ نفس جذع الخدمة `gas-leak-detection` على 9 URL ؛ لا H1 داخل جسم المقال (قد يعتمد على عنوان القالب)
شركة كشف تسربات الغاز في الشمال,https://www.rukn-eltatawer.com/qa/gas-leak-detection-al-shamal/,253,"critical_thin,template_boilerplate,local_doorway_variant,city_variant_similar,keyword_cannibalization,no_h1_in_body",محتوى هزيل جداً (253 كلمة) ؛ نفس الهيكل العناوين في 905 صفحة (hash cb24e6f8b3f9) ؛ صفحة مدينة×خدمة من مولّد الشبكة — تغطية محلية لكن خطر doorway/تكرار ؛ نفس جذع الخدمة `gas-leak-detection` على 9 URL ؛ لا H1 داخل جسم المقال (قد يعتمد على عنوان القالب)
شركة صيانة مصاعد في الوكرة,https://www.rukn-eltatawer.com/qa/elevator-maintenance-al-wakrah/,231,"critical_thin,template_boilerplate,local_doorway_variant,keyword_cannibalization,no_h1_in_body",محتوى هزيل جداً (231 كلمة) ؛ نفس الهيكل العناوين في 905 صفحة (hash cb24e6f8b3f9) ؛ صفحة مدينة×خدمة من مولّد الشبكة — تغطية محلية لكن خطر doorway/تكرار ؛ نفس جذع الخدمة `elevator-maintenance` على 9 URL ؛ لا H1 داخل جسم المقال (قد يعتمد على عنوان القالب)
شركة صيانة مسابح في الوكرة,https://www.rukn-eltatawer.com/qa/pool-maintenance-al-wakrah/,225,"critical_thin,template_boilerplate,local_doorway_variant,city_variant_similar,keyword_cannibalization,no_h1_in_body",محتوى هزيل جداً (225 كلمة) ؛ نفس الهيكل العناوين في 905 صفحة (hash cb24e6f8b3f9) ؛ صفحة مدينة×خدمة من مولّد الشبكة — تغطية محلية لكن خطر doorway/تكرار ؛ نفس جذع الخدمة `pool-maintenance` على 9 URL ؛ لا H1 داخل جسم المقال (قد يعتمد على عنوان القالب)
شركة صيانة مكيفات سبليت في الظعاين,https://www.rukn-eltatawer.com/qa/split-ac-maintenance-al-daayen/,219,"critical_thin,template_boilerplate,local_doorway_variant,near_duplicate,keyword_cannibalization,no_h1_in_body",محتوى هزيل جداً (219 كلمة) ؛ نفس الهيكل العناوين في 905 صفحة (hash cb24e6f8b3f9) ؛ صفحة مدينة×خدمة من مولّد الشبكة — تغطية محلية لكن خطر doorway/تكرار ؛ تشابه SimHash مسافة 1 مع https://www.rukn-eltatawer.com/qa/ac-freon-refill-al-daayen/ ؛ نفس جذع الخدمة `split-ac-maintenance` على 10 URL ؛ لا H1 داخل جسم المقال (قد يعتمد على عنوان القالب)
شركة صيانة كهرباء في الوكرة,https://www.rukn-eltatawer.com/qa/electrical-maintenance-al-wakrah/,229,"critical_thin,template_boilerplate,local_doorway_variant,city_variant_similar,keyword_cannibalization,no_h1_in_body",محتوى هزيل جداً (229 كلمة) ؛ نفس الهيكل العناوين في 905 صفحة (hash cb24e6f8b3f9) ؛ صفحة مدينة×خدمة من مولّد الشبكة — تغطية محلية لكن خطر doorway/تكرار ؛ نفس جذع الخدمة `electrical-maintenance` على 9 URL ؛ لا H1 داخل جسم المقال (قد يعتمد على عنوان القالب)
شركة صيانة مباني في الوكرة,https://www.rukn-eltatawer.com/qa/building-maintenance-al-wakrah/,220,"critical_thin,template_boilerplate,local_doorway_variant,city_variant_similar,keyword_cannibalization,no_h1_in_body",محتوى هزيل جداً (220 كلمة) ؛ نفس الهيكل العناوين في 868 صفحة (hash a6b89d30b159) ؛ صفحة مدينة×خدمة من مولّد الشبكة — تغطية محلية لكن خطر doorway/تكرار ؛ نفس جذع الخدمة `building-maintenance` على 9 URL ؛ لا H1 داخل جسم المقال (قد يعتمد على عنوان القالب)
شركة صيانة عامة في الوكرة,https://www.rukn-eltatawer.com/qa/general-maintenance-al-wakrah/,226,"critical_thin,template_boilerplate,local_doorway_variant,city_variant_similar,keyword_cannibalization,no_h1_in_body",محتوى هزيل جداً (226 كلمة) ؛ نفس الهيكل العناوين في 868 صفحة (hash a6b89d30b159) ؛ صفحة مدينة×خدمة من مولّد الشبكة — تغطية محلية لكن خطر doorway/تكرار ؛ نفس جذع الخدمة `general-maintenance` على 9 URL ؛ لا H1 داخل جسم المقال (قد يعتمد على عنوان القالب)
شركة تنظيف وصيانة دكتات المكيفات في الظعاين,https://www.rukn-eltatawer.com/qa/duct-cleaning-al-daayen/,222,"critical_thin,template_boilerplate,local_doorway_variant,city_variant_similar,keyword_cannibalization,no_h1_in_body",محتوى هزيل جداً (222 كلمة) ؛ نفس الهيكل العناوين في 868 صفحة (hash a6b89d30b159) ؛ صفحة مدينة×خدمة من مولّد الشبكة — تغطية محلية لكن خطر doorway/تكرار ؛ نفس جذع الخدمة `duct-cleaning` على 9 URL ؛ لا H1 داخل جسم المقال (قد يعتمد على عنوان القالب)
شركة صيانة دكتات التكييف في الشحانية,https://www.rukn-eltatawer.com/qa/ac-duct-maintenance-al-shahaniya/,220,"critical_thin,template_boilerplate,local_doorway_variant,city_variant_similar,keyword_cannibalization,no_h1_in_body",محتوى هزيل جداً (220 كلمة) ؛ نفس الهيكل العناوين في 868 صفحة (hash a6b89d30b159) ؛ صفحة مدينة×خدمة من مولّد الشبكة — تغطية محلية لكن خطر doorway/تكرار ؛ نفس جذع الخدمة `ac-duct-maintenance` على 9 URL ؛ لا H1 داخل جسم المقال (قد يعتمد على عنوان القالب)
شركة صيانة دكتات التكييف في الشمال,https://www.rukn-eltatawer.com/qa/ac-duct-maintenance-al-shamal/,224,"critical_thin,template_boilerplate,local_doorway_variant,city_variant_similar,keyword_cannibalization,no_h1_in_body",محتوى هزيل جداً (224 كلمة) ؛ نفس الهيكل العناوين في 868 صفحة (hash a6b89d30b159) ؛ صفحة مدينة×خدمة من مولّد الشبكة — تغطية محلية لكن خطر doorway/تكرار ؛ نفس جذع الخدمة `ac-duct-maintenance` على 9 URL ؛ لا H1 داخل جسم المقال (قد يعتمد على عنوان القالب)
شركة نقل وتركيب مكيفات في الشحانية,https://www.rukn-eltatawer.com/qa/ac-relocation-installation-al-shahaniya/,230,"critical_thin,template_boilerplate,local_doorway_variant,city_variant_similar,keyword_cannibalization,no_h1_in_body",محتوى هزيل جداً (230 كلمة) ؛ نفس الهيكل العناوين في 905 صفحة (hash cb24e6f8b3f9) ؛ صفحة مدينة×خدمة من مولّد الشبكة — تغطية محلية لكن خطر doorway/تكرار ؛ نفس جذع الخدمة `ac-relocation-installation` على 9 URL ؛ لا H1 داخل جسم المقال (قد يعتمد على عنوان القالب)
شركة نقل وتركيب مكيفات في الشمال,https://www.rukn-eltatawer.com/qa/ac-relocation-installation-al-shamal/,224,"critical_thin,template_boilerplate,local_doorway_variant,city_variant_similar,keyword_cannibalization,no_h1_in_body",محتوى هزيل جداً (224 كلمة) ؛ نفس الهيكل العناوين في 868 صفحة (hash a6b89d30b159) ؛ صفحة مدينة×خدمة من مولّد الشبكة — تغطية محلية لكن خطر doorway/تكرار ؛ نفس جذع الخدمة `ac-relocation-installation` على 9 URL ؛ لا H1 داخل جسم المقال (قد يعتمد على عنوان القالب)
شركة غسيل وتنظيف مكيفات في الشحانية,https://www.rukn-eltatawer.com/qa/ac-cleaning-washing-al-shahaniya/,225,"critical_thin,template_boilerplate,local_doorway_variant,city_variant_similar,keyword_cannibalization,no_h1_in_body",محتوى هزيل جداً (225 كلمة) ؛ نفس الهيكل العناوين في 905 صفحة (hash cb24e6f8b3f9) ؛ صفحة مدينة×خدمة من مولّد الشبكة — تغطية محلية لكن خطر doorway/تكرار ؛ نفس جذع الخدمة `ac-cleaning-washing` على 9 URL ؛ لا H1 داخل جسم المقال (قد يعتمد على عنوان القالب)
شركة غسيل وتنظيف مكيفات في الشمال,https://www.rukn-eltatawer.com/qa/ac-cleaning-washing-al-shamal/,212,"critical_thin,template_boilerplate,local_doorway_variant,city_variant_similar,keyword_cannibalization,no_h1_in_body",محتوى هزيل جداً (212 كلمة) ؛ نفس الهيكل العناوين في 868 صفحة (hash a6b89d30b159) ؛ صفحة مدينة×خدمة من مولّد الشبكة — تغطية محلية لكن خطر doorway/تكرار ؛ نفس جذع الخدمة `ac-cleaning-washing` على 9 URL ؛ لا H1 داخل جسم المقال (قد يعتمد على عنوان القالب)
شركة تركيب وصيانة سخانات مركزية في الوكرة,https://www.rukn-eltatawer.com/qa/central-heater-installation-maintenance-al-wakrah/,223,"critical_thin,template_boilerplate,local_doorway_variant,city_variant_similar,keyword_cannibalization,no_h1_in_body",محتوى هزيل جداً (223 كلمة) ؛ نفس الهيكل العناوين في 905 صفحة (hash cb24e6f8b3f9) ؛ صفحة مدينة×خدمة من مولّد الشبكة — تغطية محلية لكن خطر doorway/تكرار ؛ نفس جذع الخدمة `central-heater-installation-maintenance` على 9 URL ؛ لا H1 داخل جسم المقال (قد يعتمد على عنوان القالب)
شركة صيانة مضخات مياه في الوكرة,https://www.rukn-eltatawer.com/qa/water-pump-maintenance-al-wakrah/,211,"critical_thin,template_boilerplate,local_doorway_variant,city_variant_similar,keyword_cannibalization,no_h1_in_body",محتوى هزيل جداً (211 كلمة) ؛ نفس الهيكل العناوين في 868 صفحة (hash a6b89d30b159) ؛ صفحة مدينة×خدمة من مولّد الشبكة — تغطية محلية لكن خطر doorway/تكرار ؛ نفس جذع الخدمة `water-pump-maintenance` على 9 URL ؛ لا H1 داخل جسم المقال (قد يعتمد على عنوان القالب)
شركة صيانة لوحات كهرباء في الوكرة,https://www.rukn-eltatawer.com/qa/electric-panel-maintenance-al-wakrah/,225,"critical_thin,template_boilerplate,local_doorway_variant,city_variant_similar,keyword_cannibalization,no_h1_in_body",محتوى هزيل جداً (225 كلمة) ؛ نفس الهيكل العناوين في 868 صفحة (hash a6b89d30b159) ؛ صفحة مدينة×خدمة من مولّد الشبكة — تغطية محلية لكن خطر doorway/تكرار ؛ نفس جذع الخدمة `electric-panel-maintenance` على 9 URL ؛ لا H1 داخل جسم المقال (قد يعتمد على عنوان القالب)
شركة صيانة ودهان بعد التسريبات في الوكرة,https://www.rukn-eltatawer.com/qa/post-leak-repaint-maintenance-al-wakrah/,252,"critical_thin,template_boilerplate,local_doorway_variant,city_variant_similar,keyword_cannibalization,no_h1_in_body",محتوى هزيل جداً (252 كلمة) ؛ نفس الهيكل العناوين في 868 صفحة (hash a6b89d30b159) ؛ صفحة مدينة×خدمة من مولّد الشبكة — تغطية محلية لكن خطر doorway/تكرار ؛ نفس جذع الخدمة `post-leak-repaint-maintenance` على 9 URL ؛ لا H1 داخل جسم المقال (قد يعتمد على عنوان القالب)
شركة ترميم وصيانة مباني في الوكرة,https://www.rukn-eltatawer.com/qa/building-renovation-al-wakrah/,224,"critical_thin,template_boilerplate,local_doorway_variant,city_variant_similar,keyword_cannibalization,no_h1_in_body",محتوى هزيل جداً (224 كلمة) ؛ نفس الهيكل العناوين في 905 صفحة (hash cb24e6f8b3f9) ؛ صفحة مدينة×خدمة من مولّد الشبكة — تغطية محلية لكن خطر doorway/تكرار ؛ نفس جذع الخدمة `building-renovation` على 9 URL ؛ لا H1 داخل جسم المقال (قد يعتمد على عنوان القالب)
شركة عزل صوتي في الشحانية,https://www.rukn-eltatawer.com/qa/soundproofing-al-shahaniya/,225,"critical_thin,template_boilerplate,local_doorway_variant,city_variant_similar,keyword_cannibalization,no_h1_in_body",محتوى هزيل جداً (225 كلمة) ؛ نفس الهيكل العناوين في 868 صفحة (hash a6b89d30b159) ؛ صفحة مدينة×خدمة من مولّد الشبكة — تغطية محلية لكن خطر doorway/تكرار ؛ نفس جذع الخدمة `soundproofing` على 9 URL ؛ لا H1 داخل جسم المقال (قد يعتمد على عنوان القالب)
شركة عزل صوتي في الشمال,https://www.rukn-eltatawer.com/qa/soundproofing-al-shamal/,234,"critical_thin,template_boilerplate,local_doorway_variant,city_variant_similar,keyword_cannibalization,no_h1_in_body",محتوى هزيل جداً (234 كلمة) ؛ نفس الهيكل العناوين في 905 صفحة (hash cb24e6f8b3f9) ؛ صفحة مدينة×خدمة من مولّد الشبكة — تغطية محلية لكن خطر doorway/تكرار ؛ نفس جذع الخدمة `soundproofing` على 9 URL ؛ لا H1 داخل جسم المقال (قد يعتمد على عنوان القالب)
شركة عزل مائي في الشحانية,https://www.rukn-eltatawer.com/qa/waterproofing-al-shahaniya/,236,"critical_thin,template_boilerplate,local_doorway_variant,keyword_cannibalization,no_h1_in_body",محتوى هزيل جداً (236 كلمة) ؛ نفس الهيكل العناوين في 868 صفحة (hash a6b89d30b159) ؛ صفحة مدينة×خدمة من مولّد الشبكة — تغطية محلية لكن خطر doorway/تكرار ؛ نفس جذع الخدمة `waterproofing` على 9 URL ؛ لا H1 داخل جسم المقال (قد يعتمد على عنوان القالب)
شركة عزل مائي في الشمال,https://www.rukn-eltatawer.com/qa/waterproofing-al-shamal/,240,"critical_thin,template_boilerplate,local_doorway_variant,city_variant_similar,keyword_cannibalization,no_h1_in_body",محتوى هزيل جداً (240 كلمة) ؛ نفس الهيكل العناوين في 905 صفحة (hash cb24e6f8b3f9) ؛ صفحة مدينة×خدمة من مولّد الشبكة — تغطية محلية لكن خطر doorway/تكرار ؛ نفس جذع الخدمة `waterproofing` على 9 URL ؛ لا H1 داخل جسم المقال (قد يعتمد على عنوان القالب)
شركة تركيب وصيانة أنظمة تنقية الهواء في الوكرة,https://www.rukn-eltatawer.com/qa/air-purification-al-wakrah/,232,"critical_thin,template_boilerplate,local_doorway_variant,city_variant_similar,keyword_cannibalization,no_h1_in_body",محتوى هزيل جداً (232 كلمة) ؛ نفس الهيكل العناوين في 868 صفحة (hash a6b89d30b159) ؛ صفحة مدينة×خدمة من مولّد الشبكة — تغطية محلية لكن خطر doorway/تكرار ؛ نفس جذع الخدمة `air-purification` على 9 URL ؛ لا H1 داخل جسم المقال (قد يعتمد على عنوان القالب)
شركة تركيب وصيانة فلاتر مياه في الوكرة,https://www.rukn-eltatawer.com/qa/water-filters-al-wakrah/,218,"critical_thin,template_boilerplate,local_doorway_variant,city_variant_similar,keyword_cannibalization,no_h1_in_body",محتوى هزيل جداً (218 كلمة) ؛ نفس الهيكل العناوين في 868 صفحة (hash a6b89d30b159) ؛ صفحة مدينة×خدمة من مولّد الشبكة — تغطية محلية لكن خطر doorway/تكرار ؛ نفس جذع الخدمة `water-filters` على 9 URL ؛ لا H1 داخل جسم المقال (قد يعتمد على عنوان القالب)
شركة تركيب وصيانة محطات تحلية المياه في الوكرة,https://www.rukn-eltatawer.com/qa/ro-plants-al-wakrah/,226,"critical_thin,template_boilerplate,local_doorway_variant,keyword_cannibalization,no_h1_in_body",محتوى هزيل جداً (226 كلمة) ؛ نفس الهيكل العناوين في 868 صفحة (hash a6b89d30b159) ؛ صفحة مدينة×خدمة من مولّد الشبكة — تغطية محلية لكن خطر doorway/تكرار ؛ نفس جذع الخدمة `ro-plants` على 9 URL ؛ لا H1 داخل جسم المقال (قد يعتمد على عنوان القالب)
شركة تركيب وصيانة مضخات مياه وصرف صحي في الوكرة,https://www.rukn-eltatawer.com/qa/water-pumps-al-wakrah/,214,"critical_thin,template_boilerplate,local_doorway_variant,city_variant_similar,keyword_cannibalization,no_h1_in_body",محتوى هزيل جداً (214 كلمة) ؛ نفس الهيكل العناوين في 868 صفحة (hash a6b89d30b159) ؛ صفحة مدينة×خدمة من مولّد الشبكة — تغطية محلية لكن خطر doorway/تكرار ؛ نفس جذع الخدمة `water-pumps` على 9 URL ؛ لا H1 داخل جسم المقال (قد يعتمد على عنوان القالب)
شركة تركيب وصيانة شفاطات مطابخ في الوكرة,https://www.rukn-eltatawer.com/qa/kitchen-hoods-al-wakrah/,235,"critical_thin,template_boilerplate,local_doorway_variant,keyword_cannibalization,no_h1_in_body",محتوى هزيل جداً (235 كلمة) ؛ نفس الهيكل العناوين في 905 صفحة (hash cb24e6f8b3f9) ؛ صفحة مدينة×خدمة من مولّد الشبكة — تغطية محلية لكن خطر doorway/تكرار ؛ نفس جذع الخدمة `kitchen-hoods` على 9 URL ؛ لا H1 داخل جسم المقال (قد يعتمد على عنوان القالب)
شركة صيانة مكانس كهربائية في الوكرة,https://www.rukn-eltatawer.com/qa/vacuum-maintenance-al-wakrah/,216,"critical_thin,template_boilerplate,local_doorway_variant,city_variant_similar,keyword_cannibalization,no_h1_in_body",محتوى هزيل جداً (216 كلمة) ؛ نفس الهيكل العناوين في 868 صفحة (hash a6b89d30b159) ؛ صفحة مدينة×خدمة من مولّد الشبكة — تغطية محلية لكن خطر doorway/تكرار ؛ نفس جذع الخدمة `vacuum-maintenance` على 9 URL ؛ لا H1 داخل جسم المقال (قد يعتمد على عنوان القالب)
شركة صيانة مبردات مياه في الوكرة,https://www.rukn-eltatawer.com/qa/water-cooler-maintenance-al-wakrah/,216,"critical_thin,template_boilerplate,local_doorway_variant,city_variant_similar,keyword_cannibalization,no_h1_in_body",محتوى هزيل جداً (216 كلمة) ؛ نفس الهيكل العناوين في 868 صفحة (hash a6b89d30b159) ؛ صفحة مدينة×خدمة من مولّد الشبكة — تغطية محلية لكن خطر doorway/تكرار ؛ نفس جذع الخدمة `water-cooler-maintenance` على 9 URL ؛ لا H1 داخل جسم المقال (قد يعتمد على عنوان القالب)
شركة صيانة سخانات في الوكرة,https://www.rukn-eltatawer.com/qa/water-heater-maintenance-al-wakrah/,233,"critical_thin,template_boilerplate,local_doorway_variant,city_variant_similar,keyword_cannibalization,no_h1_in_body",محتوى هزيل جداً (233 كلمة) ؛ نفس الهيكل العناوين في 905 صفحة (hash cb24e6f8b3f9) ؛ صفحة مدينة×خدمة من مولّد الشبكة — تغطية محلية لكن خطر doorway/تكرار ؛ نفس جذع الخدمة `water-heater-maintenance` على 9 URL ؛ لا H1 داخل جسم المقال (قد يعتمد على عنوان القالب)
شركة صيانة ميكروويف في الوكرة,https://www.rukn-eltatawer.com/qa/microwave-maintenance-al-wakrah/,225,"critical_thin,template_boilerplate,local_doorway_variant,city_variant_similar,keyword_cannibalization,no_h1_in_body",محتوى هزيل جداً (225 كلمة) ؛ نفس الهيكل العناوين في 905 صفحة (hash cb24e6f8b3f9) ؛ صفحة مدينة×خدمة من مولّد الشبكة — تغطية محلية لكن خطر doorway/تكرار ؛ نفس جذع الخدمة `microwave-maintenance` على 9 URL ؛ لا H1 داخل جسم المقال (قد يعتمد على عنوان القالب)
شركة صيانة نشافات في الوكرة,https://www.rukn-eltatawer.com/qa/dryer-maintenance-al-wakrah/,214,"critical_thin,template_boilerplate,local_doorway_variant,city_variant_similar,keyword_cannibalization,no_h1_in_body",محتوى هزيل جداً (214 كلمة) ؛ نفس الهيكل العناوين في 868 صفحة (hash a6b89d30b159) ؛ صفحة مدينة×خدمة من مولّد الشبكة — تغطية محلية لكن خطر doorway/تكرار ؛ نفس جذع الخدمة `dryer-maintenance` على 9 URL ؛ لا H1 داخل جسم المقال (قد يعتمد على عنوان القالب)
شركة صيانة غسالات في الوكرة,https://www.rukn-eltatawer.com/qa/washer-maintenance-al-wakrah/,226,"critical_thin,template_boilerplate,local_doorway_variant,city_variant_similar,keyword_cannibalization,no_h1_in_body",محتوى هزيل جداً (226 كلمة) ؛ نفس الهيكل العناوين في 868 صفحة (hash a6b89d30b159) ؛ صفحة مدينة×خدمة من مولّد الشبكة — تغطية محلية لكن خطر doorway/تكرار ؛ نفس جذع الخدمة `washer-maintenance` على 9 URL ؛ لا H1 داخل جسم المقال (قد يعتمد على عنوان القالب)
شركة صيانة ثلاجات في الوكرة,https://www.rukn-eltatawer.com/qa/fridge-maintenance-al-wakrah/,237,"critical_thin,template_boilerplate,local_doorway_variant,city_variant_similar,keyword_cannibalization,no_h1_in_body",محتوى هزيل جداً (237 كلمة) ؛ نفس الهيكل العناوين في 905 صفحة (hash cb24e6f8b3f9) ؛ صفحة مدينة×خدمة من مولّد الشبكة — تغطية محلية لكن خطر doorway/تكرار ؛ نفس جذع الخدمة `fridge-maintenance` على 9 URL ؛ لا H1 داخل جسم المقال (قد يعتمد على عنوان القالب)
شركة صيانة الأجهزة الكهربائية في الوكرة,https://www.rukn-eltatawer.com/qa/appliance-maintenance-al-wakrah/,233,"critical_thin,template_boilerplate,local_doorway_variant,keyword_cannibalization,no_h1_in_body",محتوى هزيل جداً (233 كلمة) ؛ نفس الهيكل العناوين في 905 صفحة (hash cb24e6f8b3f9) ؛ صفحة مدينة×خدمة من مولّد الشبكة — تغطية محلية لكن خطر doorway/تكرار ؛ نفس جذع الخدمة `appliance-maintenance` على 9 URL ؛ لا H1 داخل جسم المقال (قد يعتمد على عنوان القالب)
شركة صيانة بوتاجازات في الوكرة,https://www.rukn-eltatawer.com/qa/stove-maintenance-al-wakrah/,231,"critical_thin,template_boilerplate,local_doorway_variant,keyword_cannibalization,no_h1_in_body",محتوى هزيل جداً (231 كلمة) ؛ نفس الهيكل العناوين في 905 صفحة (hash cb24e6f8b3f9) ؛ صفحة مدينة×خدمة من مولّد الشبكة — تغطية محلية لكن خطر doorway/تكرار ؛ نفس جذع الخدمة `stove-maintenance` على 9 URL ؛ لا H1 داخل جسم المقال (قد يعتمد على عنوان القالب)
شركة صيانة أفران في الوكرة,https://www.rukn-eltatawer.com/qa/oven-maintenance-al-wakrah/,226,"critical_thin,template_boilerplate,local_doorway_variant,city_variant_similar,keyword_cannibalization,no_h1_in_body",محتوى هزيل جداً (226 كلمة) ؛ نفس الهيكل العناوين في 868 صفحة (hash a6b89d30b159) ؛ صفحة مدينة×خدمة من مولّد الشبكة — تغطية محلية لكن خطر doorway/تكرار ؛ نفس جذع الخدمة `oven-maintenance` على 9 URL ؛ لا H1 داخل جسم المقال (قد يعتمد على عنوان القالب)
شركة صيانة أبواب أوتوماتيكية في الوكرة,https://www.rukn-eltatawer.com/qa/automatic-doors-maintenance-al-wakrah/,239,"critical_thin,template_boilerplate,local_doorway_variant,keyword_cannibalization,no_h1_in_body",محتوى هزيل جداً (239 كلمة) ؛ نفس الهيكل العناوين في 905 صفحة (hash cb24e6f8b3f9) ؛ صفحة مدينة×خدمة من مولّد الشبكة — تغطية محلية لكن خطر doorway/تكرار ؛ نفس جذع الخدمة `automatic-doors-maintenance` على 9 URL ؛ لا H1 داخل جسم المقال (قد يعتمد على عنوان القالب)
شركة صيانة كاميرات مراقبة في الوكرة,https://www.rukn-eltatawer.com/qa/cctv-maintenance-al-wakrah/,230,"critical_thin,template_boilerplate,local_doorway_variant,keyword_cannibalization,no_h1_in_body",محتوى هزيل جداً (230 كلمة) ؛ نفس الهيكل العناوين في 905 صفحة (hash cb24e6f8b3f9) ؛ صفحة مدينة×خدمة من مولّد الشبكة — تغطية محلية لكن خطر doorway/تكرار ؛ نفس جذع الخدمة `cctv-maintenance` على 9 URL ؛ لا H1 داخل جسم المقال (قد يعتمد على عنوان القالب)
شركة تنظيف واجهات زجاجية في أم صلال,https://www.rukn-eltatawer.com/qa/glass-facade-cleaning-umm-salal/,247,"critical_thin,template_boilerplate,local_doorway_variant,city_variant_similar,keyword_cannibalization,no_h1_in_body",محتوى هزيل جداً (247 كلمة) ؛ نفس الهيكل العناوين في 868 صفحة (hash a6b89d30b159) ؛ صفحة مدينة×خدمة من مولّد الشبكة — تغطية محلية لكن خطر doorway/تكرار ؛ نفس جذع الخدمة `glass-facade-cleaning` على 9 URL ؛ لا H1 داخل جسم المقال (قد يعتمد على عنوان القالب)
شركة تنظيف واجهات زجاجية في الخور,https://www.rukn-eltatawer.com/qa/glass-facade-cleaning-al-khor/,233,"critical_thin,template_boilerplate,local_doorway_variant,city_variant_similar,keyword_cannibalization,no_h1_in_body",محتوى هزيل جداً (233 كلمة) ؛ نفس الهيكل العناوين في 868 صفحة (hash a6b89d30b159) ؛ صفحة مدينة×خدمة من مولّد الشبكة — تغطية محلية لكن خطر doorway/تكرار ؛ نفس جذع الخدمة `glass-facade-cleaning` على 9 URL ؛ لا H1 داخل جسم المقال (قد يعتمد على عنوان القالب)
شركة تنظيف أرضيات رخام وجلي رخام في أم صلال,https://www.rukn-eltatawer.com/qa/marble-polishing-umm-salal/,261,"critical_thin,template_boilerplate,local_doorway_variant,city_variant_similar,keyword_cannibalization,no_h1_in_body",محتوى هزيل جداً (261 كلمة) ؛ نفس الهيكل العناوين في 905 صفحة (hash cb24e6f8b3f9) ؛ صفحة مدينة×خدمة من مولّد الشبكة — تغطية محلية لكن خطر doorway/تكرار ؛ نفس جذع الخدمة `marble-polishing` على 9 URL ؛ لا H1 داخل جسم المقال (قد يعتمد على عنوان القالب)
شركة تنظيف فلل في أم صلال,https://www.rukn-eltatawer.com/qa/villa-cleaning-umm-salal/,246,"critical_thin,template_boilerplate,local_doorway_variant,near_duplicate,keyword_cannibalization,no_h1_in_body",محتوى هزيل جداً (246 كلمة) ؛ نفس الهيكل العناوين في 905 صفحة (hash cb24e6f8b3f9) ؛ صفحة مدينة×خدمة من مولّد الشبكة — تغطية محلية لكن خطر doorway/تكرار ؛ تشابه SimHash مسافة 0 مع https://www.rukn-eltatawer.com/qa/moquette-cleaning-umm-salal/ ؛ نفس جذع الخدمة `villa-cleaning` على 10 URL ؛ لا H1 داخل جسم المقال (قد يعتمد على عنوان القالب)
شركة تنظيف فلل في الخور,https://www.rukn-eltatawer.com/qa/villa-cleaning-al-khor/,240,"critical_thin,template_boilerplate,local_doorway_variant,near_duplicate,keyword_cannibalization,no_h1_in_body",محتوى هزيل جداً (240 كلمة) ؛ نفس الهيكل العناوين في 905 صفحة (hash cb24e6f8b3f9) ؛ صفحة مدينة×خدمة من مولّد الشبكة — تغطية محلية لكن خطر doorway/تكرار ؛ تشابه SimHash مسافة 0 مع https://www.rukn-eltatawer.com/qa/chimney-cleaning-al-khor/ ؛ نفس جذع الخدمة `villa-cleaning` على 10 URL ؛ لا H1 داخل جسم المقال (قد يعتمد على عنوان القالب)
شركة تنظيف منازل في أم صلال,https://www.rukn-eltatawer.com/qa/home-cleaning-umm-salal/,240,"critical_thin,template_boilerplate,local_doorway_variant,city_variant_similar,keyword_cannibalization,no_h1_in_body",محتوى هزيل جداً (240 كلمة) ؛ نفس الهيكل العناوين في 868 صفحة (hash a6b89d30b159) ؛ صفحة مدينة×خدمة من مولّد الشبكة — تغطية محلية لكن خطر doorway/تكرار ؛ نفس جذع الخدمة `home-cleaning` على 9 URL ؛ لا H1 داخل جسم المقال (قد يعتمد على عنوان القالب)
شركة تنظيف منازل في الخور,https://www.rukn-eltatawer.com/qa/home-cleaning-al-khor/,242,"critical_thin,template_boilerplate,local_doorway_variant,city_variant_similar,keyword_cannibalization,no_h1_in_body",محتوى هزيل جداً (242 كلمة) ؛ نفس الهيكل العناوين في 905 صفحة (hash cb24e6f8b3f9) ؛ صفحة مدينة×خدمة من مولّد الشبكة — تغطية محلية لكن خطر doorway/تكرار ؛ نفس جذع الخدمة `home-cleaning` على 9 URL ؛ لا H1 داخل جسم المقال (قد يعتمد على عنوان القالب)
شركة صيانة ثلاجات وتبريد تجاري في أم صلال,https://www.rukn-eltatawer.com/qa/commercial-refrigeration-maintenance-umm-salal/,261,"critical_thin,template_boilerplate,local_doorway_variant,city_variant_similar,keyword_cannibalization,no_h1_in_body",محتوى هزيل جداً (261 كلمة) ؛ نفس الهيكل العناوين في 905 صفحة (hash cb24e6f8b3f9) ؛ صفحة مدينة×خدمة من مولّد الشبكة — تغطية محلية لكن خطر doorway/تكرار ؛ نفس جذع الخدمة `commercial-refrigeration-maintenance` على 9 URL ؛ لا H1 داخل جسم المقال (قد يعتمد على عنوان القالب)
شركة تعبئة فريون مكيفات في الشحانية,https://www.rukn-eltatawer.com/qa/ac-freon-refill-al-shahaniya/,230,"critical_thin,template_boilerplate,local_doorway_variant,city_variant_similar,keyword_cannibalization,no_h1_in_body",محتوى هزيل جداً (230 كلمة) ؛ نفس الهيكل العناوين في 905 صفحة (hash cb24e6f8b3f9) ؛ صفحة مدينة×خدمة من مولّد الشبكة — تغطية محلية لكن خطر doorway/تكرار ؛ نفس جذع الخدمة `ac-freon-refill` على 9 URL ؛ لا H1 داخل جسم المقال (قد يعتمد على عنوان القالب)
شركة تعبئة فريون مكيفات في الشمال,https://www.rukn-eltatawer.com/qa/ac-freon-refill-al-shamal/,229,"critical_thin,template_boilerplate,local_doorway_variant,city_variant_similar,keyword_cannibalization,no_h1_in_body",محتوى هزيل جداً (229 كلمة) ؛ نفس الهيكل العناوين في 905 صفحة (hash cb24e6f8b3f9) ؛ صفحة مدينة×خدمة من مولّد الشبكة — تغطية محلية لكن خطر doorway/تكرار ؛ نفس جذع الخدمة `ac-freon-refill` على 9 URL ؛ لا H1 داخل جسم المقال (قد يعتمد على عنوان القالب)
شركة تركيب وحدات تكييف نافذة في الشحانية,https://www.rukn-eltatawer.com/qa/window-ac-installation-al-shahaniya/,221,"critical_thin,template_boilerplate,local_doorway_variant,city_variant_similar,keyword_cannibalization,no_h1_in_body",محتوى هزيل جداً (221 كلمة) ؛ نفس الهيكل العناوين في 868 صفحة (hash a6b89d30b159) ؛ صفحة مدينة×خدمة من مولّد الشبكة — تغطية محلية لكن خطر doorway/تكرار ؛ نفس جذع الخدمة `window-ac-installation` على 9 URL ؛ لا H1 داخل جسم المقال (قد يعتمد على عنوان القالب)
شركة تركيب وحدات تكييف نافذة في الشمال,https://www.rukn-eltatawer.com/qa/window-ac-installation-al-shamal/,218,"critical_thin,template_boilerplate,local_doorway_variant,city_variant_similar,keyword_cannibalization,no_h1_in_body",محتوى هزيل جداً (218 كلمة) ؛ نفس الهيكل العناوين في 905 صفحة (hash cb24e6f8b3f9) ؛ صفحة مدينة×خدمة من مولّد الشبكة — تغطية محلية لكن خطر doorway/تكرار ؛ نفس جذع الخدمة `window-ac-installation` على 9 URL ؛ لا H1 داخل جسم المقال (قد يعتمد على عنوان القالب)
شركة تركيب مكيفات سبليت في الشحانية,https://www.rukn-eltatawer.com/qa/split-ac-installation-al-shahaniya/,225,"critical_thin,template_boilerplate,local_doorway_variant,city_variant_similar,keyword_cannibalization,no_h1_in_body",محتوى هزيل جداً (225 كلمة) ؛ نفس الهيكل العناوين في 905 صفحة (hash cb24e6f8b3f9) ؛ صفحة مدينة×خدمة من مولّد الشبكة — تغطية محلية لكن خطر doorway/تكرار ؛ نفس جذع الخدمة `split-ac-installation` على 9 URL ؛ لا H1 داخل جسم المقال (قد يعتمد على عنوان القالب)
شركة تركيب مكيفات سبليت في الشمال,https://www.rukn-eltatawer.com/qa/split-ac-installation-al-shamal/,212,"critical_thin,template_boilerplate,local_doorway_variant,city_variant_similar,keyword_cannibalization,no_h1_in_body",محتوى هزيل جداً (212 كلمة) ؛ نفس الهيكل العناوين في 868 صفحة (hash a6b89d30b159) ؛ صفحة مدينة×خدمة من مولّد الشبكة — تغطية محلية لكن خطر doorway/تكرار ؛ نفس جذع الخدمة `split-ac-installation` على 9 URL ؛ لا H1 داخل جسم المقال (قد يعتمد على عنوان القالب)
فني تركيب وصيانة تكييف في الشحانية,https://www.rukn-eltatawer.com/qa/ac-tech-al-shahaniya/,230,"critical_thin,template_boilerplate,local_doorway_variant,city_variant_similar,keyword_cannibalization,no_h1_in_body",محتوى هزيل جداً (230 كلمة) ؛ نفس الهيكل العناوين في 905 صفحة (hash cb24e6f8b3f9) ؛ صفحة مدينة×خدمة من مولّد الشبكة — تغطية محلية لكن خطر doorway/تكرار ؛ نفس جذع الخدمة `ac-tech` على 9 URL ؛ لا H1 داخل جسم المقال (قد يعتمد على عنوان القالب)
فني تركيب وصيانة تكييف في الشمال,https://www.rukn-eltatawer.com/qa/ac-tech-al-shamal/,224,"critical_thin,template_boilerplate,local_doorway_variant,city_variant_similar,keyword_cannibalization,no_h1_in_body",محتوى هزيل جداً (224 كلمة) ؛ نفس الهيكل العناوين في 868 صفحة (hash a6b89d30b159) ؛ صفحة مدينة×خدمة من مولّد الشبكة — تغطية محلية لكن خطر doorway/تكرار ؛ نفس جذع الخدمة `ac-tech` على 9 URL ؛ لا H1 داخل جسم المقال (قد يعتمد على عنوان القالب)
شركة مكافحة الصراصير في الظعاين,https://www.rukn-eltatawer.com/qa/cockroach-control-al-daayen/,211,"critical_thin,template_boilerplate,local_doorway_variant,near_duplicate,keyword_cannibalization,no_h1_in_body",محتوى هزيل جداً (211 كلمة) ؛ نفس الهيكل العناوين في 868 صفحة (hash a6b89d30b159) ؛ صفحة مدينة×خدمة من مولّد الشبكة — تغطية محلية لكن خطر doorway/تكرار ؛ تشابه SimHash مسافة 0 مع https://www.rukn-eltatawer.com/qa/ozone-disinfection-al-daayen/ ؛ نفس جذع الخدمة `cockroach-control` على 10 URL ؛ لا H1 داخل جسم المقال (قد يعتمد على عنوان القالب)
شركة مكافحة النمل الأبيض (الرمة) في الظعاين,https://www.rukn-eltatawer.com/qa/termite-control-al-daayen/,233,"critical_thin,template_boilerplate,local_doorway_variant,near_duplicate,keyword_cannibalization,no_h1_in_body",محتوى هزيل جداً (233 كلمة) ؛ نفس الهيكل العناوين في 905 صفحة (hash cb24e6f8b3f9) ؛ صفحة مدينة×خدمة من مولّد الشبكة — تغطية محلية لكن خطر doorway/تكرار ؛ تشابه SimHash مسافة 0 مع https://www.rukn-eltatawer.com/qa/bird-control-al-daayen/ ؛ نفس جذع الخدمة `termite-control` على 10 URL ؛ لا H1 داخل جسم المقال (قد يعتمد على عنوان القالب)
شركة مكافحة الحشرات الطائرة في الظعاين,https://www.rukn-eltatawer.com/qa/flying-pest-control-al-daayen/,229,"critical_thin,template_boilerplate,local_doorway_variant,city_variant_similar,keyword_cannibalization,no_h1_in_body",محتوى هزيل جداً (229 كلمة) ؛ نفس الهيكل العناوين في 905 صفحة (hash cb24e6f8b3f9) ؛ صفحة مدينة×خدمة من مولّد الشبكة — تغطية محلية لكن خطر doorway/تكرار ؛ نفس جذع الخدمة `flying-pest-control` على 9 URL ؛ لا H1 داخل جسم المقال (قد يعتمد على عنوان القالب)
شركة مكافحة الحشرات الزاحفة في الظعاين,https://www.rukn-eltatawer.com/qa/crawling-pest-control-al-daayen/,229,"critical_thin,template_boilerplate,local_doorway_variant,city_variant_similar,keyword_cannibalization,no_h1_in_body",محتوى هزيل جداً (229 كلمة) ؛ نفس الهيكل العناوين في 905 صفحة (hash cb24e6f8b3f9) ؛ صفحة مدينة×خدمة من مولّد الشبكة — تغطية محلية لكن خطر doorway/تكرار ؛ نفس جذع الخدمة `crawling-pest-control` على 9 URL ؛ لا H1 داخل جسم المقال (قد يعتمد على عنوان القالب)
شركة تركيب أجهزة تكييف طاقة شمسية في الشحانية,https://www.rukn-eltatawer.com/qa/solar-ac-installation-al-shahaniya/,235,"critical_thin,template_boilerplate,local_doorway_variant,keyword_cannibalization,no_h1_in_body",محتوى هزيل جداً (235 كلمة) ؛ نفس الهيكل العناوين في 905 صفحة (hash cb24e6f8b3f9) ؛ صفحة مدينة×خدمة من مولّد الشبكة — تغطية محلية لكن خطر doorway/تكرار ؛ نفس جذع الخدمة `solar-ac-installation` على 9 URL ؛ لا H1 داخل جسم المقال (قد يعتمد على عنوان القالب)
شركة تركيب أجهزة تكييف طاقة شمسية في الشمال,https://www.rukn-eltatawer.com/qa/solar-ac-installation-al-shamal/,214,"critical_thin,template_boilerplate,local_doorway_variant,city_variant_similar,keyword_cannibalization,no_h1_in_body",محتوى هزيل جداً (214 كلمة) ؛ نفس الهيكل العناوين في 868 صفحة (hash a6b89d30b159) ؛ صفحة مدينة×خدمة من مولّد الشبكة — تغطية محلية لكن خطر doorway/تكرار ؛ نفس جذع الخدمة `solar-ac-installation` على 9 URL ؛ لا H1 داخل جسم المقال (قد يعتمد على عنوان القالب)
شركة تنظيف وتزيين الحدائق في أم صلال,https://www.rukn-eltatawer.com/qa/garden-cleaning-umm-salal/,253,"critical_thin,template_boilerplate,local_doorway_variant,city_variant_similar,keyword_cannibalization,no_h1_in_body",محتوى هزيل جداً (253 كلمة) ؛ نفس الهيكل العناوين في 905 صفحة (hash cb24e6f8b3f9) ؛ صفحة مدينة×خدمة من مولّد الشبكة — تغطية محلية لكن خطر doorway/تكرار ؛ نفس جذع الخدمة `garden-cleaning` على 9 URL ؛ لا H1 داخل جسم المقال (قد يعتمد على عنوان القالب)
شركة تنظيف وتزيين الحدائق في الخور,https://www.rukn-eltatawer.com/qa/garden-cleaning-al-khor/,233,"critical_thin,template_boilerplate,local_doorway_variant,city_variant_similar,keyword_cannibalization,no_h1_in_body",محتوى هزيل جداً (233 كلمة) ؛ نفس الهيكل العناوين في 868 صفحة (hash a6b89d30b159) ؛ صفحة مدينة×خدمة من مولّد الشبكة — تغطية محلية لكن خطر doorway/تكرار ؛ نفس جذع الخدمة `garden-cleaning` على 9 URL ؛ لا H1 داخل جسم المقال (قد يعتمد على عنوان القالب)
شركة صيانة مكيفات سبليت في الشحانية,https://www.rukn-eltatawer.com/qa/split-ac-maintenance-al-shahaniya/,220,"critical_thin,template_boilerplate,local_doorway_variant,near_duplicate,keyword_cannibalization,no_h1_in_body",محتوى هزيل جداً (220 كلمة) ؛ نفس الهيكل العناوين في 868 صفحة (hash a6b89d30b159) ؛ صفحة مدينة×خدمة من مولّد الشبكة — تغطية محلية لكن خطر doorway/تكرار ؛ تشابه SimHash مسافة 0 مع https://www.rukn-eltatawer.com/qa/ac-duct-maintenance-al-shahaniya/ ؛ نفس جذع الخدمة `split-ac-maintenance` على 10 URL ؛ لا H1 داخل جسم المقال (قد يعتمد على عنوان القالب)
شركة صيانة مكيفات سبليت في الشمال,https://www.rukn-eltatawer.com/qa/split-ac-maintenance-al-shamal/,232,"critical_thin,template_boilerplate,local_doorway_variant,near_duplicate,keyword_cannibalization,no_h1_in_body",محتوى هزيل جداً (232 كلمة) ؛ نفس الهيكل العناوين في 905 صفحة (hash cb24e6f8b3f9) ؛ صفحة مدينة×خدمة من مولّد الشبكة — تغطية محلية لكن خطر doorway/تكرار ؛ تشابه SimHash مسافة 2 مع https://www.rukn-eltatawer.com/qa/soundproofing-al-shamal/ ؛ نفس جذع الخدمة `split-ac-maintenance` على 10 URL ؛ لا H1 داخل جسم المقال (قد يعتمد على عنوان القالب)
شركة صيانة تكييف مركزي في الشحانية,https://www.rukn-eltatawer.com/qa/central-ac-maintenance-al-shahaniya/,215,"critical_thin,template_boilerplate,local_doorway_variant,keyword_cannibalization,no_h1_in_body",محتوى هزيل جداً (215 كلمة) ؛ نفس الهيكل العناوين في 868 صفحة (hash a6b89d30b159) ؛ صفحة مدينة×خدمة من مولّد الشبكة — تغطية محلية لكن خطر doorway/تكرار ؛ نفس جذع الخدمة `central-ac-maintenance` على 9 URL ؛ لا H1 داخل جسم المقال (قد يعتمد على عنوان القالب)
شركة صيانة تكييف مركزي في الشمال,https://www.rukn-eltatawer.com/qa/central-ac-maintenance-al-shamal/,212,"critical_thin,template_boilerplate,local_doorway_variant,city_variant_similar,keyword_cannibalization,no_h1_in_body",محتوى هزيل جداً (212 كلمة) ؛ نفس الهيكل العناوين في 868 صفحة (hash a6b89d30b159) ؛ صفحة مدينة×خدمة من مولّد الشبكة — تغطية محلية لكن خطر doorway/تكرار ؛ نفس جذع الخدمة `central-ac-maintenance` على 9 URL ؛ لا H1 داخل جسم المقال (قد يعتمد على عنوان القالب)
شركة تنظيف المداخن والشفاطات في أم صلال,https://www.rukn-eltatawer.com/qa/chimney-cleaning-umm-salal/,259,"critical_thin,template_boilerplate,local_doorway_variant,city_variant_similar,keyword_cannibalization,no_h1_in_body",محتوى هزيل جداً (259 كلمة) ؛ نفس الهيكل العناوين في 905 صفحة (hash cb24e6f8b3f9) ؛ صفحة مدينة×خدمة من مولّد الشبكة — تغطية محلية لكن خطر doorway/تكرار ؛ نفس جذع الخدمة `chimney-cleaning` على 9 URL ؛ لا H1 داخل جسم المقال (قد يعتمد على عنوان القالب)
شركة تنظيف المداخن والشفاطات في الخور,https://www.rukn-eltatawer.com/qa/chimney-cleaning-al-khor/,241,"critical_thin,template_boilerplate,local_doorway_variant,city_variant_similar,keyword_cannibalization,no_h1_in_body",محتوى هزيل جداً (241 كلمة) ؛ نفس الهيكل العناوين في 905 صفحة (hash cb24e6f8b3f9) ؛ صفحة مدينة×خدمة من مولّد الشبكة — تغطية محلية لكن خطر doorway/تكرار ؛ نفس جذع الخدمة `chimney-cleaning` على 9 URL ؛ لا H1 داخل جسم المقال (قد يعتمد على عنوان القالب)
شركة تنظيف وتعقيم شامل في أم صلال,https://www.rukn-eltatawer.com/qa/deep-cleaning-umm-salal/,259,"critical_thin,template_boilerplate,local_doorway_variant,city_variant_similar,keyword_cannibalization,no_h1_in_body",محتوى هزيل جداً (259 كلمة) ؛ نفس الهيكل العناوين في 905 صفحة (hash cb24e6f8b3f9) ؛ صفحة مدينة×خدمة من مولّد الشبكة — تغطية محلية لكن خطر doorway/تكرار ؛ نفس جذع الخدمة `deep-cleaning` على 9 URL ؛ لا H1 داخل جسم المقال (قد يعتمد على عنوان القالب)
شركة تنظيف وتعقيم شامل في الخور,https://www.rukn-eltatawer.com/qa/deep-cleaning-al-khor/,233,"critical_thin,template_boilerplate,local_doorway_variant,city_variant_similar,keyword_cannibalization,no_h1_in_body",محتوى هزيل جداً (233 كلمة) ؛ نفس الهيكل العناوين في 868 صفحة (hash a6b89d30b159) ؛ صفحة مدينة×خدمة من مولّد الشبكة — تغطية محلية لكن خطر doorway/تكرار ؛ نفس جذع الخدمة `deep-cleaning` على 9 URL ؛ لا H1 داخل جسم المقال (قد يعتمد على عنوان القالب)
شركة تنظيف كراجات ومواقف سيارات في أم صلال,https://www.rukn-eltatawer.com/qa/garage-cleaning-umm-salal/,236,"critical_thin,template_boilerplate,local_doorway_variant,keyword_cannibalization,no_h1_in_body",محتوى هزيل جداً (236 كلمة) ؛ نفس الهيكل العناوين في 868 صفحة (hash a6b89d30b159) ؛ صفحة مدينة×خدمة من مولّد الشبكة — تغطية محلية لكن خطر doorway/تكرار ؛ نفس جذع الخدمة `garage-cleaning` على 9 URL ؛ لا H1 داخل جسم المقال (قد يعتمد على عنوان القالب)
شركة تنظيف كراجات ومواقف سيارات في الخور,https://www.rukn-eltatawer.com/qa/garage-cleaning-al-khor/,234,"critical_thin,template_boilerplate,local_doorway_variant,city_variant_similar,keyword_cannibalization,no_h1_in_body",محتوى هزيل جداً (234 كلمة) ؛ نفس الهيكل العناوين في 868 صفحة (hash a6b89d30b159) ؛ صفحة مدينة×خدمة من مولّد الشبكة — تغطية محلية لكن خطر doorway/تكرار ؛ نفس جذع الخدمة `garage-cleaning` على 9 URL ؛ لا H1 داخل جسم المقال (قد يعتمد على عنوان القالب)
شركة تنظيف واجهات حجرية في أم صلال,https://www.rukn-eltatawer.com/qa/stone-facade-cleaning-umm-salal/,259,"critical_thin,template_boilerplate,local_doorway_variant,city_variant_similar,keyword_cannibalization,no_h1_in_body",محتوى هزيل جداً (259 كلمة) ؛ نفس الهيكل العناوين في 905 صفحة (hash cb24e6f8b3f9) ؛ صفحة مدينة×خدمة من مولّد الشبكة — تغطية محلية لكن خطر doorway/تكرار ؛ نفس جذع الخدمة `stone-facade-cleaning` على 9 URL ؛ لا H1 داخل جسم المقال (قد يعتمد على عنوان القالب)
شركة تنظيف واجهات حجرية في الخور,https://www.rukn-eltatawer.com/qa/stone-facade-cleaning-al-khor/,231,"critical_thin,template_boilerplate,local_doorway_variant,city_variant_similar,keyword_cannibalization,no_h1_in_body",محتوى هزيل جداً (231 كلمة) ؛ نفس الهيكل العناوين في 868 صفحة (hash a6b89d30b159) ؛ صفحة مدينة×خدمة من مولّد الشبكة — تغطية محلية لكن خطر doorway/تكرار ؛ نفس جذع الخدمة `stone-facade-cleaning` على 9 URL ؛ لا H1 داخل جسم المقال (قد يعتمد على عنوان القالب)
شركة تنظيف محلات تجارية ومولات في الخور,https://www.rukn-eltatawer.com/qa/mall-cleaning-al-khor/,227,"critical_thin,template_boilerplate,local_doorway_variant,city_variant_similar,keyword_cannibalization,no_h1_in_body",محتوى هزيل جداً (227 كلمة) ؛ نفس الهيكل العناوين في 868 صفحة (hash a6b89d30b159) ؛ صفحة مدينة×خدمة من مولّد الشبكة — تغطية محلية لكن خطر doorway/تكرار ؛ نفس جذع الخدمة `mall-cleaning` على 9 URL ؛ لا H1 داخل جسم المقال (قد يعتمد على عنوان القالب)
شركة تنظيف مجالس في أم صلال,https://www.rukn-eltatawer.com/qa/majlis-cleaning-umm-salal/,234,"critical_thin,template_boilerplate,local_doorway_variant,city_variant_similar,keyword_cannibalization,no_h1_in_body",محتوى هزيل جداً (234 كلمة) ؛ نفس الهيكل العناوين في 868 صفحة (hash a6b89d30b159) ؛ صفحة مدينة×خدمة من مولّد الشبكة — تغطية محلية لكن خطر doorway/تكرار ؛ نفس جذع الخدمة `majlis-cleaning` على 9 URL ؛ لا H1 داخل جسم المقال (قد يعتمد على عنوان القالب)
شركة تنظيف مجالس في الخور,https://www.rukn-eltatawer.com/qa/majlis-cleaning-al-khor/,242,"critical_thin,template_boilerplate,local_doorway_variant,city_variant_similar,keyword_cannibalization,no_h1_in_body",محتوى هزيل جداً (242 كلمة) ؛ نفس الهيكل العناوين في 905 صفحة (hash cb24e6f8b3f9) ؛ صفحة مدينة×خدمة من مولّد الشبكة — تغطية محلية لكن خطر doorway/تكرار ؛ نفس جذع الخدمة `majlis-cleaning` على 9 URL ؛ لا H1 داخل جسم المقال (قد يعتمد على عنوان القالب)
شركة تنظيف مكاتب في أم صلال,https://www.rukn-eltatawer.com/qa/office-cleaning-umm-salal/,240,"critical_thin,template_boilerplate,local_doorway_variant,city_variant_similar,keyword_cannibalization,no_h1_in_body",محتوى هزيل جداً (240 كلمة) ؛ نفس الهيكل العناوين في 868 صفحة (hash a6b89d30b159) ؛ صفحة مدينة×خدمة من مولّد الشبكة — تغطية محلية لكن خطر doorway/تكرار ؛ نفس جذع الخدمة `office-cleaning` على 9 URL ؛ لا H1 داخل جسم المقال (قد يعتمد على عنوان القالب)
شركة تنظيف مكاتب في الخور,https://www.rukn-eltatawer.com/qa/office-cleaning-al-khor/,242,"critical_thin,template_boilerplate,local_doorway_variant,city_variant_similar,keyword_cannibalization,no_h1_in_body",محتوى هزيل جداً (242 كلمة) ؛ نفس الهيكل العناوين في 905 صفحة (hash cb24e6f8b3f9) ؛ صفحة مدينة×خدمة من مولّد الشبكة — تغطية محلية لكن خطر doorway/تكرار ؛ نفس جذع الخدمة `office-cleaning` على 9 URL ؛ لا H1 داخل جسم المقال (قد يعتمد على عنوان القالب)
شركة تنظيف قصور في أم صلال,https://www.rukn-eltatawer.com/qa/palace-cleaning-umm-salal/,252,"critical_thin,template_boilerplate,local_doorway_variant,city_variant_similar,keyword_cannibalization,no_h1_in_body",محتوى هزيل جداً (252 كلمة) ؛ نفس الهيكل العناوين في 905 صفحة (hash cb24e6f8b3f9) ؛ صفحة مدينة×خدمة من مولّد الشبكة — تغطية محلية لكن خطر doorway/تكرار ؛ نفس جذع الخدمة `palace-cleaning` على 9 URL ؛ لا H1 داخل جسم المقال (قد يعتمد على عنوان القالب)
شركة صيانة ثلاجات وتبريد تجاري في الخور,https://www.rukn-eltatawer.com/qa/commercial-refrigeration-maintenance-al-khor/,227,"critical_thin,template_boilerplate,local_doorway_variant,city_variant_similar,keyword_cannibalization,no_h1_in_body",محتوى هزيل جداً (227 كلمة) ؛ نفس الهيكل العناوين في 868 صفحة (hash a6b89d30b159) ؛ صفحة مدينة×خدمة من مولّد الشبكة — تغطية محلية لكن خطر doorway/تكرار ؛ نفس جذع الخدمة `commercial-refrigeration-maintenance` على 9 URL ؛ لا H1 داخل جسم المقال (قد يعتمد على عنوان القالب)
شركة كشف وإصلاح أعطال السباكة في الظعاين,https://www.rukn-eltatawer.com/qa/plumbing-fault-repair-al-daayen/,220,"critical_thin,template_boilerplate,local_doorway_variant,keyword_cannibalization,no_h1_in_body",محتوى هزيل جداً (220 كلمة) ؛ نفس الهيكل العناوين في 868 صفحة (hash a6b89d30b159) ؛ صفحة مدينة×خدمة من مولّد الشبكة — تغطية محلية لكن خطر doorway/تكرار ؛ نفس جذع الخدمة `plumbing-fault-repair` على 9 URL ؛ لا H1 داخل جسم المقال (قد يعتمد على عنوان القالب)
شركة تركيب وصيانة سخانات مركزية في أم صلال,https://www.rukn-eltatawer.com/qa/central-heater-installation-maintenance-umm-salal/,243,"critical_thin,template_boilerplate,local_doorway_variant,keyword_cannibalization,no_h1_in_body",محتوى هزيل جداً (243 كلمة) ؛ نفس الهيكل العناوين في 905 صفحة (hash cb24e6f8b3f9) ؛ صفحة مدينة×خدمة من مولّد الشبكة — تغطية محلية لكن خطر doorway/تكرار ؛ نفس جذع الخدمة `central-heater-installation-maintenance` على 9 URL ؛ لا H1 داخل جسم المقال (قد يعتمد على عنوان القالب)
شركة تركيب وصيانة سخانات مركزية في الخور,https://www.rukn-eltatawer.com/qa/central-heater-installation-maintenance-al-khor/,237,"critical_thin,template_boilerplate,local_doorway_variant,city_variant_similar,keyword_cannibalization,no_h1_in_body",محتوى هزيل جداً (237 كلمة) ؛ نفس الهيكل العناوين في 905 صفحة (hash cb24e6f8b3f9) ؛ صفحة مدينة×خدمة من مولّد الشبكة — تغطية محلية لكن خطر doorway/تكرار ؛ نفس جذع الخدمة `central-heater-installation-maintenance` على 9 URL ؛ لا H1 داخل جسم المقال (قد يعتمد على عنوان القالب)
شركة صيانة مضخات مياه في أم صلال,https://www.rukn-eltatawer.com/qa/water-pump-maintenance-umm-salal/,230,"critical_thin,template_boilerplate,local_doorway_variant,city_variant_similar,keyword_cannibalization,no_h1_in_body",محتوى هزيل جداً (230 كلمة) ؛ نفس الهيكل العناوين في 868 صفحة (hash a6b89d30b159) ؛ صفحة مدينة×خدمة من مولّد الشبكة — تغطية محلية لكن خطر doorway/تكرار ؛ نفس جذع الخدمة `water-pump-maintenance` على 9 URL ؛ لا H1 داخل جسم المقال (قد يعتمد على عنوان القالب)
شركة تأسيس كهرباء وسباكة لمبنى جديد في الظعاين,https://www.rukn-eltatawer.com/qa/new-building-electrical-plumbing-al-daayen/,229,"critical_thin,template_boilerplate,local_doorway_variant,city_variant_similar,keyword_cannibalization,no_h1_in_body",محتوى هزيل جداً (229 كلمة) ؛ نفس الهيكل العناوين في 905 صفحة (hash cb24e6f8b3f9) ؛ صفحة مدينة×خدمة من مولّد الشبكة — تغطية محلية لكن خطر doorway/تكرار ؛ نفس جذع الخدمة `new-building-electrical-plumbing` على 9 URL ؛ لا H1 داخل جسم المقال (قد يعتمد على عنوان القالب)
شركة تركيب وصيانة أجهزة تبريد مياه الخزانات في الخور,https://www.rukn-eltatawer.com/qa/tank-water-chiller-al-khor/,238,"critical_thin,template_boilerplate,local_doorway_variant,city_variant_similar,keyword_cannibalization,no_h1_in_body",محتوى هزيل جداً (238 كلمة) ؛ نفس الهيكل العناوين في 868 صفحة (hash a6b89d30b159) ؛ صفحة مدينة×خدمة من مولّد الشبكة — تغطية محلية لكن خطر doorway/تكرار ؛ نفس جذع الخدمة `tank-water-chiller` على 9 URL ؛ لا H1 داخل جسم المقال (قد يعتمد على عنوان القالب)
شركة تركيب وصيانة فلاتر مياه في أم صلال,https://www.rukn-eltatawer.com/qa/water-filters-umm-salal/,237,"critical_thin,template_boilerplate,local_doorway_variant,city_variant_similar,keyword_cannibalization,no_h1_in_body",محتوى هزيل جداً (237 كلمة) ؛ نفس الهيكل العناوين في 868 صفحة (hash a6b89d30b159) ؛ صفحة مدينة×خدمة من مولّد الشبكة — تغطية محلية لكن خطر doorway/تكرار ؛ نفس جذع الخدمة `water-filters` على 9 URL ؛ لا H1 داخل جسم المقال (قد يعتمد على عنوان القالب)
شركة تركيب وصيانة فلاتر مياه في الخور,https://www.rukn-eltatawer.com/qa/water-filters-al-khor/,232,"critical_thin,template_boilerplate,local_doorway_variant,city_variant_similar,keyword_cannibalization,no_h1_in_body",محتوى هزيل جداً (232 كلمة) ؛ نفس الهيكل العناوين في 868 صفحة (hash a6b89d30b159) ؛ صفحة مدينة×خدمة من مولّد الشبكة — تغطية محلية لكن خطر doorway/تكرار ؛ نفس جذع الخدمة `water-filters` على 9 URL ؛ لا H1 داخل جسم المقال (قد يعتمد على عنوان القالب)
شركة صيانة سباكة في الظعاين,https://www.rukn-eltatawer.com/qa/plumbing-maintenance-al-daayen/,218,"critical_thin,template_boilerplate,local_doorway_variant,near_duplicate,keyword_cannibalization,no_h1_in_body",محتوى هزيل جداً (218 كلمة) ؛ نفس الهيكل العناوين في 868 صفحة (hash a6b89d30b159) ؛ صفحة مدينة×خدمة من مولّد الشبكة — تغطية محلية لكن خطر doorway/تكرار ؛ تشابه SimHash مسافة 0 مع https://www.rukn-eltatawer.com/qa/drain-unclogging-al-daayen/ ؛ نفس جذع الخدمة `plumbing-maintenance` على 10 URL ؛ لا H1 داخل جسم المقال (قد يعتمد على عنوان القالب)
شركة صيانة مباني في أم صلال,https://www.rukn-eltatawer.com/qa/building-maintenance-umm-salal/,233,"critical_thin,template_boilerplate,local_doorway_variant,city_variant_similar,keyword_cannibalization,no_h1_in_body",محتوى هزيل جداً (233 كلمة) ؛ نفس الهيكل العناوين في 868 صفحة (hash a6b89d30b159) ؛ صفحة مدينة×خدمة من مولّد الشبكة — تغطية محلية لكن خطر doorway/تكرار ؛ نفس جذع الخدمة `building-maintenance` على 9 URL ؛ لا H1 داخل جسم المقال (قد يعتمد على عنوان القالب)
شركة صيانة مباني في الخور,https://www.rukn-eltatawer.com/qa/building-maintenance-al-khor/,230,"critical_thin,template_boilerplate,local_doorway_variant,city_variant_similar,keyword_cannibalization,no_h1_in_body",محتوى هزيل جداً (230 كلمة) ؛ نفس الهيكل العناوين في 868 صفحة (hash a6b89d30b159) ؛ صفحة مدينة×خدمة من مولّد الشبكة — تغطية محلية لكن خطر doorway/تكرار ؛ نفس جذع الخدمة `building-maintenance` على 9 URL ؛ لا H1 داخل جسم المقال (قد يعتمد على عنوان القالب)
شركة صيانة عامة في أم صلال,https://www.rukn-eltatawer.com/qa/general-maintenance-umm-salal/,239,"critical_thin,template_boilerplate,local_doorway_variant,city_variant_similar,keyword_cannibalization,no_h1_in_body",محتوى هزيل جداً (239 كلمة) ؛ نفس الهيكل العناوين في 868 صفحة (hash a6b89d30b159) ؛ صفحة مدينة×خدمة من مولّد الشبكة — تغطية محلية لكن خطر doorway/تكرار ؛ نفس جذع الخدمة `general-maintenance` على 9 URL ؛ لا H1 داخل جسم المقال (قد يعتمد على عنوان القالب)
شركة صيانة عامة في الخور,https://www.rukn-eltatawer.com/qa/general-maintenance-al-khor/,238,"critical_thin,template_boilerplate,local_doorway_variant,city_variant_similar,keyword_cannibalization,no_h1_in_body",محتوى هزيل جداً (238 كلمة) ؛ نفس الهيكل العناوين في 905 صفحة (hash cb24e6f8b3f9) ؛ صفحة مدينة×خدمة من مولّد الشبكة — تغطية محلية لكن خطر doorway/تكرار ؛ نفس جذع الخدمة `general-maintenance` على 9 URL ؛ لا H1 داخل جسم المقال (قد يعتمد على عنوان القالب)
شركة تنظيف وصيانة دكتات المكيفات في الشحانية,https://www.rukn-eltatawer.com/qa/duct-cleaning-al-shahaniya/,227,"critical_thin,template_boilerplate,local_doorway_variant,keyword_cannibalization,no_h1_in_body",محتوى هزيل جداً (227 كلمة) ؛ نفس الهيكل العناوين في 905 صفحة (hash cb24e6f8b3f9) ؛ صفحة مدينة×خدمة من مولّد الشبكة — تغطية محلية لكن خطر doorway/تكرار ؛ نفس جذع الخدمة `duct-cleaning` على 9 URL ؛ لا H1 داخل جسم المقال (قد يعتمد على عنوان القالب)
شركة تنظيف وصيانة دكتات المكيفات في الشمال,https://www.rukn-eltatawer.com/qa/duct-cleaning-al-shamal/,214,"critical_thin,template_boilerplate,local_doorway_variant,city_variant_similar,keyword_cannibalization,no_h1_in_body",محتوى هزيل جداً (214 كلمة) ؛ نفس الهيكل العناوين في 868 صفحة (hash a6b89d30b159) ؛ صفحة مدينة×خدمة من مولّد الشبكة — تغطية محلية لكن خطر doorway/تكرار ؛ نفس جذع الخدمة `duct-cleaning` على 9 URL ؛ لا H1 داخل جسم المقال (قد يعتمد على عنوان القالب)
شركة تنظيف أرضيات رخام وجلي رخام في الخور,https://www.rukn-eltatawer.com/qa/marble-polishing-al-khor/,243,"critical_thin,template_boilerplate,local_doorway_variant,city_variant_similar,keyword_cannibalization,no_h1_in_body",محتوى هزيل جداً (243 كلمة) ؛ نفس الهيكل العناوين في 905 صفحة (hash cb24e6f8b3f9) ؛ صفحة مدينة×خدمة من مولّد الشبكة — تغطية محلية لكن خطر doorway/تكرار ؛ نفس جذع الخدمة `marble-polishing` على 9 URL ؛ لا H1 داخل جسم المقال (قد يعتمد على عنوان القالب)
شركة تنظيف مراتب في أم صلال,https://www.rukn-eltatawer.com/qa/mattress-cleaning-umm-salal/,252,"critical_thin,template_boilerplate,local_doorway_variant,city_variant_similar,keyword_cannibalization,no_h1_in_body",محتوى هزيل جداً (252 كلمة) ؛ نفس الهيكل العناوين في 905 صفحة (hash cb24e6f8b3f9) ؛ صفحة مدينة×خدمة من مولّد الشبكة — تغطية محلية لكن خطر doorway/تكرار ؛ نفس جذع الخدمة `mattress-cleaning` على 9 URL ؛ لا H1 داخل جسم المقال (قد يعتمد على عنوان القالب)
شركة تنظيف مراتب في الخور,https://www.rukn-eltatawer.com/qa/mattress-cleaning-al-khor/,230,"critical_thin,template_boilerplate,local_doorway_variant,city_variant_similar,keyword_cannibalization,no_h1_in_body",محتوى هزيل جداً (230 كلمة) ؛ نفس الهيكل العناوين في 868 صفحة (hash a6b89d30b159) ؛ صفحة مدينة×خدمة من مولّد الشبكة — تغطية محلية لكن خطر doorway/تكرار ؛ نفس جذع الخدمة `mattress-cleaning` على 9 URL ؛ لا H1 داخل جسم المقال (قد يعتمد على عنوان القالب)
شركة تنظيف ستائر في أم صلال,https://www.rukn-eltatawer.com/qa/curtain-cleaning-umm-salal/,258,"critical_thin,template_boilerplate,local_doorway_variant,city_variant_similar,keyword_cannibalization,no_h1_in_body",محتوى هزيل جداً (258 كلمة) ؛ نفس الهيكل العناوين في 905 صفحة (hash cb24e6f8b3f9) ؛ صفحة مدينة×خدمة من مولّد الشبكة — تغطية محلية لكن خطر doorway/تكرار ؛ نفس جذع الخدمة `curtain-cleaning` على 9 URL ؛ لا H1 داخل جسم المقال (قد يعتمد على عنوان القالب)
شركة تنظيف ستائر في الخور,https://www.rukn-eltatawer.com/qa/curtain-cleaning-al-khor/,240,"critical_thin,template_boilerplate,local_doorway_variant,city_variant_similar,keyword_cannibalization,no_h1_in_body",محتوى هزيل جداً (240 كلمة) ؛ نفس الهيكل العناوين في 905 صفحة (hash cb24e6f8b3f9) ؛ صفحة مدينة×خدمة من مولّد الشبكة — تغطية محلية لكن خطر doorway/تكرار ؛ نفس جذع الخدمة `curtain-cleaning` على 9 URL ؛ لا H1 داخل جسم المقال (قد يعتمد على عنوان القالب)
شركة تنظيف كنب في أم صلال,https://www.rukn-eltatawer.com/qa/sofa-cleaning-umm-salal/,258,"critical_thin,template_boilerplate,local_doorway_variant,city_variant_similar,keyword_cannibalization,no_h1_in_body",محتوى هزيل جداً (258 كلمة) ؛ نفس الهيكل العناوين في 905 صفحة (hash cb24e6f8b3f9) ؛ صفحة مدينة×خدمة من مولّد الشبكة — تغطية محلية لكن خطر doorway/تكرار ؛ نفس جذع الخدمة `sofa-cleaning` على 9 URL ؛ لا H1 داخل جسم المقال (قد يعتمد على عنوان القالب)
شركة تنظيف كنب في الخور,https://www.rukn-eltatawer.com/qa/sofa-cleaning-al-khor/,230,"critical_thin,template_boilerplate,local_doorway_variant,city_variant_similar,keyword_cannibalization,no_h1_in_body",محتوى هزيل جداً (230 كلمة) ؛ نفس الهيكل العناوين في 868 صفحة (hash a6b89d30b159) ؛ صفحة مدينة×خدمة من مولّد الشبكة — تغطية محلية لكن خطر doorway/تكرار ؛ نفس جذع الخدمة `sofa-cleaning` على 9 URL ؛ لا H1 داخل جسم المقال (قد يعتمد على عنوان القالب)
شركة تنظيف موكيت في أم صلال,https://www.rukn-eltatawer.com/qa/moquette-cleaning-umm-salal/,246,"critical_thin,template_boilerplate,local_doorway_variant,city_variant_similar,keyword_cannibalization,no_h1_in_body",محتوى هزيل جداً (246 كلمة) ؛ نفس الهيكل العناوين في 905 صفحة (hash cb24e6f8b3f9) ؛ صفحة مدينة×خدمة من مولّد الشبكة — تغطية محلية لكن خطر doorway/تكرار ؛ نفس جذع الخدمة `moquette-cleaning` على 9 URL ؛ لا H1 داخل جسم المقال (قد يعتمد على عنوان القالب)
شركة تنظيف موكيت في الخور,https://www.rukn-eltatawer.com/qa/moquette-cleaning-al-khor/,225,"critical_thin,template_boilerplate,local_doorway_variant,city_variant_similar,keyword_cannibalization,no_h1_in_body",محتوى هزيل جداً (225 كلمة) ؛ نفس الهيكل العناوين في 868 صفحة (hash a6b89d30b159) ؛ صفحة مدينة×خدمة من مولّد الشبكة — تغطية محلية لكن خطر doorway/تكرار ؛ نفس جذع الخدمة `moquette-cleaning` على 9 URL ؛ لا H1 داخل جسم المقال (قد يعتمد على عنوان القالب)
شركة تنظيف سجاد في أم صلال,https://www.rukn-eltatawer.com/qa/carpet-cleaning-umm-salal/,246,"critical_thin,template_boilerplate,local_doorway_variant,city_variant_similar,keyword_cannibalization,no_h1_in_body",محتوى هزيل جداً (246 كلمة) ؛ نفس الهيكل العناوين في 868 صفحة (hash a6b89d30b159) ؛ صفحة مدينة×خدمة من مولّد الشبكة — تغطية محلية لكن خطر doorway/تكرار ؛ نفس جذع الخدمة `carpet-cleaning` على 9 URL ؛ لا H1 داخل جسم المقال (قد يعتمد على عنوان القالب)
شركة تنظيف سجاد في الخور,https://www.rukn-eltatawer.com/qa/carpet-cleaning-al-khor/,230,"critical_thin,template_boilerplate,local_doorway_variant,city_variant_similar,keyword_cannibalization,no_h1_in_body",محتوى هزيل جداً (230 كلمة) ؛ نفس الهيكل العناوين في 868 صفحة (hash a6b89d30b159) ؛ صفحة مدينة×خدمة من مولّد الشبكة — تغطية محلية لكن خطر doorway/تكرار ؛ نفس جذع الخدمة `carpet-cleaning` على 9 URL ؛ لا H1 داخل جسم المقال (قد يعتمد على عنوان القالب)
شركة تنظيف خزانات ديزل في أم صلال,https://www.rukn-eltatawer.com/qa/diesel-tank-cleaning-umm-salal/,247,"critical_thin,template_boilerplate,local_doorway_variant,city_variant_similar,keyword_cannibalization,no_h1_in_body",محتوى هزيل جداً (247 كلمة) ؛ نفس الهيكل العناوين في 905 صفحة (hash cb24e6f8b3f9) ؛ صفحة مدينة×خدمة من مولّد الشبكة — تغطية محلية لكن خطر doorway/تكرار ؛ نفس جذع الخدمة `diesel-tank-cleaning` على 9 URL ؛ لا H1 داخل جسم المقال (قد يعتمد على عنوان القالب)
شركة تنظيف خزانات ديزل في الخور,https://www.rukn-eltatawer.com/qa/diesel-tank-cleaning-al-khor/,236,"critical_thin,template_boilerplate,local_doorway_variant,keyword_cannibalization,no_h1_in_body",محتوى هزيل جداً (236 كلمة) ؛ نفس الهيكل العناوين في 905 صفحة (hash cb24e6f8b3f9) ؛ صفحة مدينة×خدمة من مولّد الشبكة — تغطية محلية لكن خطر doorway/تكرار ؛ نفس جذع الخدمة `diesel-tank-cleaning` على 9 URL ؛ لا H1 داخل جسم المقال (قد يعتمد على عنوان القالب)
شركة تنظيف خزانات مياه في أم صلال,https://www.rukn-eltatawer.com/qa/water-tank-cleaning-umm-salal/,241,"critical_thin,template_boilerplate,local_doorway_variant,near_duplicate,keyword_cannibalization,no_h1_in_body",محتوى هزيل جداً (241 كلمة) ؛ نفس الهيكل العناوين في 868 صفحة (hash a6b89d30b159) ؛ صفحة مدينة×خدمة من مولّد الشبكة — تغطية محلية لكن خطر doorway/تكرار ؛ تشابه SimHash مسافة 0 مع https://www.rukn-eltatawer.com/qa/home-cleaning-umm-salal/ ؛ نفس جذع الخدمة `water-tank-cleaning` على 10 URL ؛ لا H1 داخل جسم المقال (قد يعتمد على عنوان القالب)
شركة تنظيف خزانات مياه في الخور,https://www.rukn-eltatawer.com/qa/water-tank-cleaning-al-khor/,243,"critical_thin,template_boilerplate,local_doorway_variant,near_duplicate,keyword_cannibalization,no_h1_in_body",محتوى هزيل جداً (243 كلمة) ؛ نفس الهيكل العناوين في 905 صفحة (hash cb24e6f8b3f9) ؛ صفحة مدينة×خدمة من مولّد الشبكة — تغطية محلية لكن خطر doorway/تكرار ؛ تشابه SimHash مسافة 0 مع https://www.rukn-eltatawer.com/qa/home-cleaning-al-khor/ ؛ نفس جذع الخدمة `water-tank-cleaning` على 10 URL ؛ لا H1 داخل جسم المقال (قد يعتمد على عنوان القالب)
شركة تنظيف حمامات في أم صلال,https://www.rukn-eltatawer.com/qa/bathroom-cleaning-umm-salal/,246,"critical_thin,template_boilerplate,local_doorway_variant,city_variant_similar,keyword_cannibalization,no_h1_in_body",محتوى هزيل جداً (246 كلمة) ؛ نفس الهيكل العناوين في 868 صفحة (hash a6b89d30b159) ؛ صفحة مدينة×خدمة من مولّد الشبكة — تغطية محلية لكن خطر doorway/تكرار ؛ نفس جذع الخدمة `bathroom-cleaning` على 9 URL ؛ لا H1 داخل جسم المقال (قد يعتمد على عنوان القالب)
شركة تنظيف حمامات في الخور,https://www.rukn-eltatawer.com/qa/bathroom-cleaning-al-khor/,232,"critical_thin,template_boilerplate,local_doorway_variant,city_variant_similar,keyword_cannibalization,no_h1_in_body",محتوى هزيل جداً (232 كلمة) ؛ نفس الهيكل العناوين في 868 صفحة (hash a6b89d30b159) ؛ صفحة مدينة×خدمة من مولّد الشبكة — تغطية محلية لكن خطر doorway/تكرار ؛ نفس جذع الخدمة `bathroom-cleaning` على 9 URL ؛ لا H1 داخل جسم المقال (قد يعتمد على عنوان القالب)
شركة تنظيف مطابخ في أم صلال,https://www.rukn-eltatawer.com/qa/kitchen-cleaning-umm-salal/,246,"critical_thin,template_boilerplate,local_doorway_variant,city_variant_similar,keyword_cannibalization,no_h1_in_body",محتوى هزيل جداً (246 كلمة) ؛ نفس الهيكل العناوين في 868 صفحة (hash a6b89d30b159) ؛ صفحة مدينة×خدمة من مولّد الشبكة — تغطية محلية لكن خطر doorway/تكرار ؛ نفس جذع الخدمة `kitchen-cleaning` على 9 URL ؛ لا H1 داخل جسم المقال (قد يعتمد على عنوان القالب)
شركة تنظيف مطابخ في الخور,https://www.rukn-eltatawer.com/qa/kitchen-cleaning-al-khor/,242,"critical_thin,template_boilerplate,local_doorway_variant,city_variant_similar,keyword_cannibalization,no_h1_in_body",محتوى هزيل جداً (242 كلمة) ؛ نفس الهيكل العناوين في 905 صفحة (hash cb24e6f8b3f9) ؛ صفحة مدينة×خدمة من مولّد الشبكة — تغطية محلية لكن خطر doorway/تكرار ؛ نفس جذع الخدمة `kitchen-cleaning` على 9 URL ؛ لا H1 داخل جسم المقال (قد يعتمد على عنوان القالب)
شركة تنظيف مسابح في أم صلال,https://www.rukn-eltatawer.com/qa/pool-cleaning-umm-salal/,246,"critical_thin,template_boilerplate,local_doorway_variant,city_variant_similar,keyword_cannibalization,no_h1_in_body",محتوى هزيل جداً (246 كلمة) ؛ نفس الهيكل العناوين في 905 صفحة (hash cb24e6f8b3f9) ؛ صفحة مدينة×خدمة من مولّد الشبكة — تغطية محلية لكن خطر doorway/تكرار ؛ نفس جذع الخدمة `pool-cleaning` على 9 URL ؛ لا H1 داخل جسم المقال (قد يعتمد على عنوان القالب)
شركة تنظيف مسابح في الخور,https://www.rukn-eltatawer.com/qa/pool-cleaning-al-khor/,242,"critical_thin,template_boilerplate,local_doorway_variant,city_variant_similar,keyword_cannibalization,no_h1_in_body",محتوى هزيل جداً (242 كلمة) ؛ نفس الهيكل العناوين في 905 صفحة (hash cb24e6f8b3f9) ؛ صفحة مدينة×خدمة من مولّد الشبكة — تغطية محلية لكن خطر doorway/تكرار ؛ نفس جذع الخدمة `pool-cleaning` على 9 URL ؛ لا H1 داخل جسم المقال (قد يعتمد على عنوان القالب)
شركة تنظيف محلات تجارية ومولات في أم صلال,https://www.rukn-eltatawer.com/qa/mall-cleaning-umm-salal/,254,"critical_thin,template_boilerplate,local_doorway_variant,city_variant_similar,keyword_cannibalization,no_h1_in_body",محتوى هزيل جداً (254 كلمة) ؛ نفس الهيكل العناوين في 905 صفحة (hash cb24e6f8b3f9) ؛ صفحة مدينة×خدمة من مولّد الشبكة — تغطية محلية لكن خطر doorway/تكرار ؛ نفس جذع الخدمة `mall-cleaning` على 9 URL ؛ لا H1 داخل جسم المقال (قد يعتمد على عنوان القالب)
شركة تركيب وصيانة أجهزة تبريد مياه الخزانات في أم صلال,https://www.rukn-eltatawer.com/qa/tank-water-chiller-umm-salal/,253,"critical_thin,template_boilerplate,local_doorway_variant,keyword_cannibalization,no_h1_in_body",محتوى هزيل جداً (253 كلمة) ؛ نفس الهيكل العناوين في 868 صفحة (hash a6b89d30b159) ؛ صفحة مدينة×خدمة من مولّد الشبكة — تغطية محلية لكن خطر doorway/تكرار ؛ نفس جذع الخدمة `tank-water-chiller` على 9 URL ؛ لا H1 داخل جسم المقال (قد يعتمد على عنوان القالب)
شركة تنظيف قصور في الخور,https://www.rukn-eltatawer.com/qa/palace-cleaning-al-khor/,230,"critical_thin,template_boilerplate,local_doorway_variant,city_variant_similar,keyword_cannibalization,no_h1_in_body",محتوى هزيل جداً (230 كلمة) ؛ نفس الهيكل العناوين في 868 صفحة (hash a6b89d30b159) ؛ صفحة مدينة×خدمة من مولّد الشبكة — تغطية محلية لكن خطر doorway/تكرار ؛ نفس جذع الخدمة `palace-cleaning` على 9 URL ؛ لا H1 داخل جسم المقال (قد يعتمد على عنوان القالب)
شركة تنظيف شقق في أم صلال,https://www.rukn-eltatawer.com/qa/apartment-cleaning-umm-salal/,252,"critical_thin,template_boilerplate,local_doorway_variant,near_duplicate,keyword_cannibalization,no_h1_in_body",محتوى هزيل جداً (252 كلمة) ؛ نفس الهيكل العناوين في 905 صفحة (hash cb24e6f8b3f9) ؛ صفحة مدينة×خدمة من مولّد الشبكة — تغطية محلية لكن خطر doorway/تكرار ؛ تشابه SimHash مسافة 0 مع https://www.rukn-eltatawer.com/qa/duct-cleaning-umm-salal/ ؛ نفس جذع الخدمة `apartment-cleaning` على 10 URL ؛ لا H1 داخل جسم المقال (قد يعتمد على عنوان القالب)
شركة تنظيف شقق في الخور,https://www.rukn-eltatawer.com/qa/apartment-cleaning-al-khor/,240,"critical_thin,template_boilerplate,local_doorway_variant,near_duplicate,keyword_cannibalization,no_h1_in_body",محتوى هزيل جداً (240 كلمة) ؛ نفس الهيكل العناوين في 905 صفحة (hash cb24e6f8b3f9) ؛ صفحة مدينة×خدمة من مولّد الشبكة — تغطية محلية لكن خطر doorway/تكرار ؛ تشابه SimHash مسافة 0 مع https://www.rukn-eltatawer.com/qa/villa-cleaning-al-khor/ ؛ نفس جذع الخدمة `apartment-cleaning` على 10 URL ؛ لا H1 داخل جسم المقال (قد يعتمد على عنوان القالب)
شراء معدات مطاعم مستعملة في قطر,https://www.rukn-eltatawer.com/qa/shra-madat-mtaam-mstamlh-fy-qtr/,464,"thin_content,no_h1_in_body,noindex,missing_canonical",أقل من 1000 كلمة (464) ؛ لا H1 داخل جسم المقال (قد يعتمد على عنوان القالب) ؛ robots noindex على الصفحة الحية
شراء سكراب في قطر,https://www.rukn-eltatawer.com/qa/shra-skrab-fy-qtr/,452,"thin_content,no_h1_in_body,noindex,missing_canonical",أقل من 1000 كلمة (452) ؛ لا H1 داخل جسم المقال (قد يعتمد على عنوان القالب) ؛ robots noindex على الصفحة الحية
شراء أجهزة كهربائية مستعملة في قطر,https://www.rukn-eltatawer.com/qa/shra-ajhzh-khrbayyh-mstamlh-fy-qtr/,423,"thin_content,no_h1_in_body,noindex,missing_canonical",أقل من 1000 كلمة (423) ؛ لا H1 داخل جسم المقال (قد يعتمد على عنوان القالب) ؛ robots noindex على الصفحة الحية
شراء مكيفات مستعملة في قطر,https://www.rukn-eltatawer.com/qa/shra-mkyfat-mstamlh-fy-qtr/,461,"thin_content,no_h1_in_body,noindex,missing_canonical",أقل من 1000 كلمة (461) ؛ لا H1 داخل جسم المقال (قد يعتمد على عنوان القالب) ؛ robots noindex على الصفحة الحية
شراء أثاث مستعمل في قطر,https://www.rukn-eltatawer.com/qa/shra-athath-mstaml-fy-qtr/,471,"thin_content,no_h1_in_body,noindex,missing_canonical",أقل من 1000 كلمة (471) ؛ لا H1 داخل جسم المقال (قد يعتمد على عنوان القالب) ؛ robots noindex على الصفحة الحية
شركة تخزين بضائع في قطر,https://www.rukn-eltatawer.com/qa/shrkh-tkhzyn-bdaya-fy-qtr/,411,"thin_content,no_h1_in_body,noindex,missing_canonical",أقل من 1000 كلمة (411) ؛ لا H1 داخل جسم المقال (قد يعتمد على عنوان القالب) ؛ robots noindex على الصفحة الحية
شركة تخزين أثاث في قطر,https://www.rukn-eltatawer.com/qa/shrkh-tkhzyn-athath-fy-qtr/,426,"thin_content,no_h1_in_body,noindex,missing_canonical",أقل من 1000 كلمة (426) ؛ لا H1 داخل جسم المقال (قد يعتمد على عنوان القالب) ؛ robots noindex على الصفحة الحية
شركة تنظيف منازل في قطر,https://www.rukn-eltatawer.com/qa/house-cleaning-in-qatar/,607,"thin_content,similar_content,no_h1_in_body",أقل من 1000 كلمة (607) ؛ محتوى مشابه (hamming 6) ؛ لا H1 داخل جسم المقال (قد يعتمد على عنوان القالب)
مكتب استقدام في قطر,https://www.rukn-eltatawer.com/qa/recruitment-in-qatar/,2117,"no_h1_in_body,no_internal_links_in_body,intent_mismatch",لا H1 داخل جسم المقال (قد يعتمد على عنوان القالب) ؛ لا روابط داخلية في الجسم ؛ H1 الحي لا يطابق العنوان: ركن التطور قطر — الخدمات المنزلية المتكاملة في كل مدن الدولة
شركة مكافحة الصراصير في قطر,https://www.rukn-eltatawer.com/qa/cockroach-control-in-qatar/,618,"thin_content,similar_content,keyword_cannibalization,no_h1_in_body",أقل من 1000 كلمة (618) ؛ محتوى مشابه (hamming 5) ؛ نفس جذع الخدمة `cockroach-control` على 10 URL ؛ لا H1 داخل جسم المقال (قد يعتمد على عنوان القالب)
شركة كشف تسربات الغاز في الدوحة,https://www.rukn-eltatawer.com/qa/gas-leak-detection-doha/,259,"critical_thin,template_boilerplate,local_doorway_variant,city_variant_similar,keyword_cannibalization,no_h1_in_body",محتوى هزيل جداً (259 كلمة) ؛ نفس الهيكل العناوين في 905 صفحة (hash cb24e6f8b3f9) ؛ صفحة مدينة×خدمة من مولّد الشبكة — تغطية محلية لكن خطر doorway/تكرار ؛ نفس جذع الخدمة `gas-leak-detection` على 9 URL ؛ لا H1 داخل جسم المقال (قد يعتمد على عنوان القالب)
شركة تسليك مجاري في الدوحة,https://www.rukn-eltatawer.com/qa/sewerage-company-in-doha/,248,"critical_thin,template_boilerplate,local_doorway_variant,city_variant_similar,keyword_cannibalization,no_h1_in_body",محتوى هزيل جداً (248 كلمة) ؛ نفس الهيكل العناوين في 905 صفحة (hash cb24e6f8b3f9) ؛ صفحة مدينة×خدمة من مولّد الشبكة — تغطية محلية لكن خطر doorway/تكرار ؛ نفس جذع الخدمة `sewerage-company-in` على 9 URL ؛ لا H1 داخل جسم المقال (قد يعتمد على عنوان القالب)
شركة صيانة مضخات مياه في الخور,https://www.rukn-eltatawer.com/qa/water-pump-maintenance-al-khor/,221,"critical_thin,template_boilerplate,local_doorway_variant,city_variant_similar,keyword_cannibalization,no_h1_in_body",محتوى هزيل جداً (221 كلمة) ؛ نفس الهيكل العناوين في 868 صفحة (hash a6b89d30b159) ؛ صفحة مدينة×خدمة من مولّد الشبكة — تغطية محلية لكن خطر doorway/تكرار ؛ نفس جذع الخدمة `water-pump-maintenance` على 9 URL ؛ لا H1 داخل جسم المقال (قد يعتمد على عنوان القالب)
شركة صيانة مواسير صرف صحي في الظعاين,https://www.rukn-eltatawer.com/qa/drainage-pipe-maintenance-al-daayen/,228,"critical_thin,template_boilerplate,local_doorway_variant,city_variant_similar,keyword_cannibalization,no_h1_in_body",محتوى هزيل جداً (228 كلمة) ؛ نفس الهيكل العناوين في 905 صفحة (hash cb24e6f8b3f9) ؛ صفحة مدينة×خدمة من مولّد الشبكة — تغطية محلية لكن خطر doorway/تكرار ؛ نفس جذع الخدمة `drainage-pipe-maintenance` على 9 URL ؛ لا H1 داخل جسم المقال (قد يعتمد على عنوان القالب)
شركة سباك منازل في الظعاين,https://www.rukn-eltatawer.com/qa/home-plumber-elec-al-daayen/,206,"critical_thin,template_boilerplate,local_doorway_variant,keyword_cannibalization,no_h1_in_body",محتوى هزيل جداً (206 كلمة) ؛ نفس الهيكل العناوين في 868 صفحة (hash a6b89d30b159) ؛ صفحة مدينة×خدمة من مولّد الشبكة — تغطية محلية لكن خطر doorway/تكرار ؛ نفس جذع الخدمة `home-plumber-elec` على 9 URL ؛ لا H1 داخل جسم المقال (قد يعتمد على عنوان القالب)
شركة صيانة لوحات كهرباء في أم صلال,https://www.rukn-eltatawer.com/qa/electric-panel-maintenance-umm-salal/,232,"critical_thin,template_boilerplate,local_doorway_variant,city_variant_similar,keyword_cannibalization,no_h1_in_body",محتوى هزيل جداً (232 كلمة) ؛ نفس الهيكل العناوين في 868 صفحة (hash a6b89d30b159) ؛ صفحة مدينة×خدمة من مولّد الشبكة — تغطية محلية لكن خطر doorway/تكرار ؛ نفس جذع الخدمة `electric-panel-maintenance` على 9 URL ؛ لا H1 داخل جسم المقال (قد يعتمد على عنوان القالب)
شركة صيانة لوحات كهرباء في الخور,https://www.rukn-eltatawer.com/qa/electric-panel-maintenance-al-khor/,223,"critical_thin,template_boilerplate,local_doorway_variant,city_variant_similar,keyword_cannibalization,no_h1_in_body",محتوى هزيل جداً (223 كلمة) ؛ نفس الهيكل العناوين في 868 صفحة (hash a6b89d30b159) ؛ صفحة مدينة×خدمة من مولّد الشبكة — تغطية محلية لكن خطر doorway/تكرار ؛ نفس جذع الخدمة `electric-panel-maintenance` على 9 URL ؛ لا H1 داخل جسم المقال (قد يعتمد على عنوان القالب)
شركة صيانة ودهان بعد التسريبات في أم صلال,https://www.rukn-eltatawer.com/qa/post-leak-repaint-maintenance-umm-salal/,270,"critical_thin,template_boilerplate,local_doorway_variant,city_variant_similar,keyword_cannibalization,no_h1_in_body",محتوى هزيل جداً (270 كلمة) ؛ نفس الهيكل العناوين في 868 صفحة (hash a6b89d30b159) ؛ صفحة مدينة×خدمة من مولّد الشبكة — تغطية محلية لكن خطر doorway/تكرار ؛ نفس جذع الخدمة `post-leak-repaint-maintenance` على 9 URL ؛ لا H1 داخل جسم المقال (قد يعتمد على عنوان القالب)
شركة صيانة ودهان بعد التسريبات في الخور,https://www.rukn-eltatawer.com/qa/post-leak-repaint-maintenance-al-khor/,264,"critical_thin,template_boilerplate,local_doorway_variant,city_variant_similar,keyword_cannibalization,no_h1_in_body",محتوى هزيل جداً (264 كلمة) ؛ نفس الهيكل العناوين في 905 صفحة (hash cb24e6f8b3f9) ؛ صفحة مدينة×خدمة من مولّد الشبكة — تغطية محلية لكن خطر doorway/تكرار ؛ نفس جذع الخدمة `post-leak-repaint-maintenance` على 9 URL ؛ لا H1 داخل جسم المقال (قد يعتمد على عنوان القالب)
سباك منازل في الظعاين,https://www.rukn-eltatawer.com/qa/home-plumber-al-daayen/,213,"critical_thin,template_boilerplate,local_doorway_variant,near_duplicate,keyword_cannibalization,no_h1_in_body",محتوى هزيل جداً (213 كلمة) ؛ نفس الهيكل العناوين في 905 صفحة (hash cb24e6f8b3f9) ؛ صفحة مدينة×خدمة من مولّد الشبكة — تغطية محلية لكن خطر doorway/تكرار ؛ تشابه SimHash مسافة 1 مع https://www.rukn-eltatawer.com/qa/waterproofing-al-daayen/ ؛ نفس جذع الخدمة `home-plumber` على 10 URL ؛ لا H1 داخل جسم المقال (قد يعتمد على عنوان القالب)
شركة مكافحة الصراصير في الشحانية,https://www.rukn-eltatawer.com/qa/cockroach-control-al-shahaniya/,215,"critical_thin,template_boilerplate,local_doorway_variant,keyword_cannibalization,no_h1_in_body",محتوى هزيل جداً (215 كلمة) ؛ نفس الهيكل العناوين في 868 صفحة (hash a6b89d30b159) ؛ صفحة مدينة×خدمة من مولّد الشبكة — تغطية محلية لكن خطر doorway/تكرار ؛ نفس جذع الخدمة `cockroach-control` على 10 URL ؛ لا H1 داخل جسم المقال (قد يعتمد على عنوان القالب)
شركة مكافحة الصراصير في الشمال,https://www.rukn-eltatawer.com/qa/cockroach-control-al-shamal/,214,"critical_thin,template_boilerplate,local_doorway_variant,near_duplicate,keyword_cannibalization,no_h1_in_body",محتوى هزيل جداً (214 كلمة) ؛ نفس الهيكل العناوين في 868 صفحة (hash a6b89d30b159) ؛ صفحة مدينة×خدمة من مولّد الشبكة — تغطية محلية لكن خطر doorway/تكرار ؛ تشابه SimHash مسافة 0 مع https://www.rukn-eltatawer.com/qa/ant-control-al-shamal/ ؛ نفس جذع الخدمة `cockroach-control` على 10 URL ؛ لا H1 داخل جسم المقال (قد يعتمد على عنوان القالب)
شركة مكافحة النمل الأبيض (الرمة) في الشحانية,https://www.rukn-eltatawer.com/qa/termite-control-al-shahaniya/,232,"critical_thin,template_boilerplate,local_doorway_variant,near_duplicate,keyword_cannibalization,no_h1_in_body",محتوى هزيل جداً (232 كلمة) ؛ نفس الهيكل العناوين في 905 صفحة (hash cb24e6f8b3f9) ؛ صفحة مدينة×خدمة من مولّد الشبكة — تغطية محلية لكن خطر doorway/تكرار ؛ تشابه SimHash مسافة 2 مع https://www.rukn-eltatawer.com/qa/bed-bug-control-al-shahaniya/ ؛ نفس جذع الخدمة `termite-control` على 10 URL ؛ لا H1 داخل جسم المقال (قد يعتمد على عنوان القالب)
شركة مكافحة النمل الأبيض (الرمة) في الشمال,https://www.rukn-eltatawer.com/qa/termite-control-al-shamal/,233,"critical_thin,template_boilerplate,local_doorway_variant,near_duplicate,keyword_cannibalization,no_h1_in_body",محتوى هزيل جداً (233 كلمة) ؛ نفس الهيكل العناوين في 905 صفحة (hash cb24e6f8b3f9) ؛ صفحة مدينة×خدمة من مولّد الشبكة — تغطية محلية لكن خطر doorway/تكرار ؛ تشابه SimHash مسافة 1 مع https://www.rukn-eltatawer.com/qa/roof-insulation-al-shamal/ ؛ نفس جذع الخدمة `termite-control` على 10 URL ؛ لا H1 داخل جسم المقال (قد يعتمد على عنوان القالب)
شركة مكافحة الحشرات الطائرة في الشحانية,https://www.rukn-eltatawer.com/qa/flying-pest-control-al-shahaniya/,224,"critical_thin,template_boilerplate,local_doorway_variant,city_variant_similar,keyword_cannibalization,no_h1_in_body",محتوى هزيل جداً (224 كلمة) ؛ نفس الهيكل العناوين في 868 صفحة (hash a6b89d30b159) ؛ صفحة مدينة×خدمة من مولّد الشبكة — تغطية محلية لكن خطر doorway/تكرار ؛ نفس جذع الخدمة `flying-pest-control` على 9 URL ؛ لا H1 داخل جسم المقال (قد يعتمد على عنوان القالب)
شركة كشف وإصلاح أعطال السباكة في الشحانية,https://www.rukn-eltatawer.com/qa/plumbing-fault-repair-al-shahaniya/,217,"critical_thin,template_boilerplate,local_doorway_variant,keyword_cannibalization,no_h1_in_body",محتوى هزيل جداً (217 كلمة) ؛ نفس الهيكل العناوين في 868 صفحة (hash a6b89d30b159) ؛ صفحة مدينة×خدمة من مولّد الشبكة — تغطية محلية لكن خطر doorway/تكرار ؛ نفس جذع الخدمة `plumbing-fault-repair` على 9 URL ؛ لا H1 داخل جسم المقال (قد يعتمد على عنوان القالب)
شركة كشف وإصلاح أعطال السباكة في الشمال,https://www.rukn-eltatawer.com/qa/plumbing-fault-repair-al-shamal/,221,"critical_thin,template_boilerplate,local_doorway_variant,city_variant_similar,keyword_cannibalization,no_h1_in_body",محتوى هزيل جداً (221 كلمة) ؛ نفس الهيكل العناوين في 868 صفحة (hash a6b89d30b159) ؛ صفحة مدينة×خدمة من مولّد الشبكة — تغطية محلية لكن خطر doorway/تكرار ؛ نفس جذع الخدمة `plumbing-fault-repair` على 9 URL ؛ لا H1 داخل جسم المقال (قد يعتمد على عنوان القالب)
شركة تأسيس كهرباء وسباكة لمبنى جديد في الشحانية,https://www.rukn-eltatawer.com/qa/new-building-electrical-plumbing-al-shahaniya/,231,"critical_thin,template_boilerplate,local_doorway_variant,city_variant_similar,keyword_cannibalization,no_h1_in_body",محتوى هزيل جداً (231 كلمة) ؛ نفس الهيكل العناوين في 905 صفحة (hash cb24e6f8b3f9) ؛ صفحة مدينة×خدمة من مولّد الشبكة — تغطية محلية لكن خطر doorway/تكرار ؛ نفس جذع الخدمة `new-building-electrical-plumbing` على 9 URL ؛ لا H1 داخل جسم المقال (قد يعتمد على عنوان القالب)
شركة تأسيس كهرباء وسباكة لمبنى جديد في الشمال,https://www.rukn-eltatawer.com/qa/new-building-electrical-plumbing-al-shamal/,227,"critical_thin,template_boilerplate,local_doorway_variant,city_variant_similar,keyword_cannibalization,no_h1_in_body",محتوى هزيل جداً (227 كلمة) ؛ نفس الهيكل العناوين في 905 صفحة (hash cb24e6f8b3f9) ؛ صفحة مدينة×خدمة من مولّد الشبكة — تغطية محلية لكن خطر doorway/تكرار ؛ نفس جذع الخدمة `new-building-electrical-plumbing` على 9 URL ؛ لا H1 داخل جسم المقال (قد يعتمد على عنوان القالب)
شركة صيانة مواسير صرف صحي في الشحانية,https://www.rukn-eltatawer.com/qa/drainage-pipe-maintenance-al-shahaniya/,230,"critical_thin,template_boilerplate,local_doorway_variant,city_variant_similar,keyword_cannibalization,no_h1_in_body",محتوى هزيل جداً (230 كلمة) ؛ نفس الهيكل العناوين في 905 صفحة (hash cb24e6f8b3f9) ؛ صفحة مدينة×خدمة من مولّد الشبكة — تغطية محلية لكن خطر doorway/تكرار ؛ نفس جذع الخدمة `drainage-pipe-maintenance` على 9 URL ؛ لا H1 داخل جسم المقال (قد يعتمد على عنوان القالب)
شركة صيانة مواسير صرف صحي في الشمال,https://www.rukn-eltatawer.com/qa/drainage-pipe-maintenance-al-shamal/,214,"critical_thin,template_boilerplate,local_doorway_variant,city_variant_similar,keyword_cannibalization,no_h1_in_body",محتوى هزيل جداً (214 كلمة) ؛ نفس الهيكل العناوين في 905 صفحة (hash cb24e6f8b3f9) ؛ صفحة مدينة×خدمة من مولّد الشبكة — تغطية محلية لكن خطر doorway/تكرار ؛ نفس جذع الخدمة `drainage-pipe-maintenance` على 9 URL ؛ لا H1 داخل جسم المقال (قد يعتمد على عنوان القالب)
شركة سباك منازل في الشحانية,https://www.rukn-eltatawer.com/qa/home-plumber-elec-al-shahaniya/,218,"critical_thin,template_boilerplate,local_doorway_variant,keyword_cannibalization,no_h1_in_body",محتوى هزيل جداً (218 كلمة) ؛ نفس الهيكل العناوين في 868 صفحة (hash a6b89d30b159) ؛ صفحة مدينة×خدمة من مولّد الشبكة — تغطية محلية لكن خطر doorway/تكرار ؛ نفس جذع الخدمة `home-plumber-elec` على 9 URL ؛ لا H1 داخل جسم المقال (قد يعتمد على عنوان القالب)
شركة سباك منازل في الشمال,https://www.rukn-eltatawer.com/qa/home-plumber-elec-al-shamal/,219,"critical_thin,template_boilerplate,local_doorway_variant,city_variant_similar,keyword_cannibalization,no_h1_in_body",محتوى هزيل جداً (219 كلمة) ؛ نفس الهيكل العناوين في 868 صفحة (hash a6b89d30b159) ؛ صفحة مدينة×خدمة من مولّد الشبكة — تغطية محلية لكن خطر doorway/تكرار ؛ نفس جذع الخدمة `home-plumber-elec` على 9 URL ؛ لا H1 داخل جسم المقال (قد يعتمد على عنوان القالب)
سباك منازل في الشحانية,https://www.rukn-eltatawer.com/qa/home-plumber-al-shahaniya/,217,"critical_thin,template_boilerplate,local_doorway_variant,near_duplicate,keyword_cannibalization,no_h1_in_body",محتوى هزيل جداً (217 كلمة) ؛ نفس الهيكل العناوين في 868 صفحة (hash a6b89d30b159) ؛ صفحة مدينة×خدمة من مولّد الشبكة — تغطية محلية لكن خطر doorway/تكرار ؛ تشابه SimHash مسافة 3 مع https://www.rukn-eltatawer.com/qa/humidity-treatment-al-shahaniya/ ؛ نفس جذع الخدمة `home-plumber` على 10 URL ؛ لا H1 داخل جسم المقال (قد يعتمد على عنوان القالب)
شركة تركيب وصيانة محطات تحلية المياه في أم صلال,https://www.rukn-eltatawer.com/qa/ro-plants-umm-salal/,245,"critical_thin,template_boilerplate,local_doorway_variant,city_variant_similar,keyword_cannibalization,no_h1_in_body",محتوى هزيل جداً (245 كلمة) ؛ نفس الهيكل العناوين في 868 صفحة (hash a6b89d30b159) ؛ صفحة مدينة×خدمة من مولّد الشبكة — تغطية محلية لكن خطر doorway/تكرار ؛ نفس جذع الخدمة `ro-plants` على 9 URL ؛ لا H1 داخل جسم المقال (قد يعتمد على عنوان القالب)
شركة تركيب وصيانة محطات تحلية المياه في الخور,https://www.rukn-eltatawer.com/qa/ro-plants-al-khor/,229,"critical_thin,template_boilerplate,local_doorway_variant,keyword_cannibalization,no_h1_in_body",محتوى هزيل جداً (229 كلمة) ؛ نفس الهيكل العناوين في 868 صفحة (hash a6b89d30b159) ؛ صفحة مدينة×خدمة من مولّد الشبكة — تغطية محلية لكن خطر doorway/تكرار ؛ نفس جذع الخدمة `ro-plants` على 9 URL ؛ لا H1 داخل جسم المقال (قد يعتمد على عنوان القالب)
شركة تركيب وصيانة مضخات مياه وصرف صحي في أم صلال,https://www.rukn-eltatawer.com/qa/water-pumps-umm-salal/,239,"critical_thin,template_boilerplate,local_doorway_variant,city_variant_similar,keyword_cannibalization,no_h1_in_body",محتوى هزيل جداً (239 كلمة) ؛ نفس الهيكل العناوين في 868 صفحة (hash a6b89d30b159) ؛ صفحة مدينة×خدمة من مولّد الشبكة — تغطية محلية لكن خطر doorway/تكرار ؛ نفس جذع الخدمة `water-pumps` على 9 URL ؛ لا H1 داخل جسم المقال (قد يعتمد على عنوان القالب)
شركة تركيب وصيانة مضخات مياه وصرف صحي في الخور,https://www.rukn-eltatawer.com/qa/water-pumps-al-khor/,229,"critical_thin,template_boilerplate,local_doorway_variant,city_variant_similar,keyword_cannibalization,no_h1_in_body",محتوى هزيل جداً (229 كلمة) ؛ نفس الهيكل العناوين في 868 صفحة (hash a6b89d30b159) ؛ صفحة مدينة×خدمة من مولّد الشبكة — تغطية محلية لكن خطر doorway/تكرار ؛ نفس جذع الخدمة `water-pumps` على 9 URL ؛ لا H1 داخل جسم المقال (قد يعتمد على عنوان القالب)
شركة تركيب وصيانة شفاطات مطابخ في أم صلال,https://www.rukn-eltatawer.com/qa/kitchen-hoods-umm-salal/,249,"critical_thin,template_boilerplate,local_doorway_variant,city_variant_similar,keyword_cannibalization,no_h1_in_body",محتوى هزيل جداً (249 كلمة) ؛ نفس الهيكل العناوين في 905 صفحة (hash cb24e6f8b3f9) ؛ صفحة مدينة×خدمة من مولّد الشبكة — تغطية محلية لكن خطر doorway/تكرار ؛ نفس جذع الخدمة `kitchen-hoods` على 9 URL ؛ لا H1 داخل جسم المقال (قد يعتمد على عنوان القالب)
شركة تركيب وصيانة شفاطات مطابخ في الخور,https://www.rukn-eltatawer.com/qa/kitchen-hoods-al-khor/,237,"critical_thin,template_boilerplate,local_doorway_variant,city_variant_similar,keyword_cannibalization,no_h1_in_body",محتوى هزيل جداً (237 كلمة) ؛ نفس الهيكل العناوين في 905 صفحة (hash cb24e6f8b3f9) ؛ صفحة مدينة×خدمة من مولّد الشبكة — تغطية محلية لكن خطر doorway/تكرار ؛ نفس جذع الخدمة `kitchen-hoods` على 9 URL ؛ لا H1 داخل جسم المقال (قد يعتمد على عنوان القالب)
شركة صيانة مكانس كهربائية في أم صلال,https://www.rukn-eltatawer.com/qa/vacuum-maintenance-umm-salal/,247,"critical_thin,template_boilerplate,local_doorway_variant,city_variant_similar,keyword_cannibalization,no_h1_in_body",محتوى هزيل جداً (247 كلمة) ؛ نفس الهيكل العناوين في 868 صفحة (hash a6b89d30b159) ؛ صفحة مدينة×خدمة من مولّد الشبكة — تغطية محلية لكن خطر doorway/تكرار ؛ نفس جذع الخدمة `vacuum-maintenance` على 9 URL ؛ لا H1 داخل جسم المقال (قد يعتمد على عنوان القالب)
شركة صيانة مكانس كهربائية في الخور,https://www.rukn-eltatawer.com/qa/vacuum-maintenance-al-khor/,240,"critical_thin,template_boilerplate,local_doorway_variant,city_variant_similar,keyword_cannibalization,no_h1_in_body",محتوى هزيل جداً (240 كلمة) ؛ نفس الهيكل العناوين في 905 صفحة (hash cb24e6f8b3f9) ؛ صفحة مدينة×خدمة من مولّد الشبكة — تغطية محلية لكن خطر doorway/تكرار ؛ نفس جذع الخدمة `vacuum-maintenance` على 9 URL ؛ لا H1 داخل جسم المقال (قد يعتمد على عنوان القالب)
شركة صيانة مبردات مياه في أم صلال,https://www.rukn-eltatawer.com/qa/water-cooler-maintenance-umm-salal/,235,"critical_thin,template_boilerplate,local_doorway_variant,city_variant_similar,keyword_cannibalization,no_h1_in_body",محتوى هزيل جداً (235 كلمة) ؛ نفس الهيكل العناوين في 868 صفحة (hash a6b89d30b159) ؛ صفحة مدينة×خدمة من مولّد الشبكة — تغطية محلية لكن خطر doorway/تكرار ؛ نفس جذع الخدمة `water-cooler-maintenance` على 9 URL ؛ لا H1 داخل جسم المقال (قد يعتمد على عنوان القالب)
شركة صيانة مبردات مياه في الخور,https://www.rukn-eltatawer.com/qa/water-cooler-maintenance-al-khor/,225,"critical_thin,template_boilerplate,local_doorway_variant,city_variant_similar,keyword_cannibalization,no_h1_in_body",محتوى هزيل جداً (225 كلمة) ؛ نفس الهيكل العناوين في 868 صفحة (hash a6b89d30b159) ؛ صفحة مدينة×خدمة من مولّد الشبكة — تغطية محلية لكن خطر doorway/تكرار ؛ نفس جذع الخدمة `water-cooler-maintenance` على 9 URL ؛ لا H1 داخل جسم المقال (قد يعتمد على عنوان القالب)
شركة صيانة سخانات في أم صلال,https://www.rukn-eltatawer.com/qa/water-heater-maintenance-umm-salal/,247,"critical_thin,template_boilerplate,local_doorway_variant,city_variant_similar,keyword_cannibalization,no_h1_in_body",محتوى هزيل جداً (247 كلمة) ؛ نفس الهيكل العناوين في 905 صفحة (hash cb24e6f8b3f9) ؛ صفحة مدينة×خدمة من مولّد الشبكة — تغطية محلية لكن خطر doorway/تكرار ؛ نفس جذع الخدمة `water-heater-maintenance` على 9 URL ؛ لا H1 داخل جسم المقال (قد يعتمد على عنوان القالب)
شركة صيانة سخانات في الخور,https://www.rukn-eltatawer.com/qa/water-heater-maintenance-al-khor/,220,"critical_thin,template_boilerplate,local_doorway_variant,city_variant_similar,keyword_cannibalization,no_h1_in_body",محتوى هزيل جداً (220 كلمة) ؛ نفس الهيكل العناوين في 868 صفحة (hash a6b89d30b159) ؛ صفحة مدينة×خدمة من مولّد الشبكة — تغطية محلية لكن خطر doorway/تكرار ؛ نفس جذع الخدمة `water-heater-maintenance` على 9 URL ؛ لا H1 داخل جسم المقال (قد يعتمد على عنوان القالب)
شركة صيانة ميكروويف في أم صلال,https://www.rukn-eltatawer.com/qa/microwave-maintenance-umm-salal/,257,"critical_thin,template_boilerplate,local_doorway_variant,city_variant_similar,keyword_cannibalization,no_h1_in_body",محتوى هزيل جداً (257 كلمة) ؛ نفس الهيكل العناوين في 905 صفحة (hash cb24e6f8b3f9) ؛ صفحة مدينة×خدمة من مولّد الشبكة — تغطية محلية لكن خطر doorway/تكرار ؛ نفس جذع الخدمة `microwave-maintenance` على 9 URL ؛ لا H1 داخل جسم المقال (قد يعتمد على عنوان القالب)
شركة صيانة ميكروويف في الخور,https://www.rukn-eltatawer.com/qa/microwave-maintenance-al-khor/,238,"critical_thin,template_boilerplate,local_doorway_variant,city_variant_similar,keyword_cannibalization,no_h1_in_body",محتوى هزيل جداً (238 كلمة) ؛ نفس الهيكل العناوين في 905 صفحة (hash cb24e6f8b3f9) ؛ صفحة مدينة×خدمة من مولّد الشبكة — تغطية محلية لكن خطر doorway/تكرار ؛ نفس جذع الخدمة `microwave-maintenance` على 9 URL ؛ لا H1 داخل جسم المقال (قد يعتمد على عنوان القالب)
شركة صيانة نشافات في أم صلال,https://www.rukn-eltatawer.com/qa/dryer-maintenance-umm-salal/,239,"critical_thin,template_boilerplate,local_doorway_variant,city_variant_similar,keyword_cannibalization,no_h1_in_body",محتوى هزيل جداً (239 كلمة) ؛ نفس الهيكل العناوين في 868 صفحة (hash a6b89d30b159) ؛ صفحة مدينة×خدمة من مولّد الشبكة — تغطية محلية لكن خطر doorway/تكرار ؛ نفس جذع الخدمة `dryer-maintenance` على 9 URL ؛ لا H1 داخل جسم المقال (قد يعتمد على عنوان القالب)
شركة صيانة نشافات في الخور,https://www.rukn-eltatawer.com/qa/dryer-maintenance-al-khor/,230,"critical_thin,template_boilerplate,local_doorway_variant,city_variant_similar,keyword_cannibalization,no_h1_in_body",محتوى هزيل جداً (230 كلمة) ؛ نفس الهيكل العناوين في 868 صفحة (hash a6b89d30b159) ؛ صفحة مدينة×خدمة من مولّد الشبكة — تغطية محلية لكن خطر doorway/تكرار ؛ نفس جذع الخدمة `dryer-maintenance` على 9 URL ؛ لا H1 داخل جسم المقال (قد يعتمد على عنوان القالب)
شركة صيانة غسالات في أم صلال,https://www.rukn-eltatawer.com/qa/washer-maintenance-umm-salal/,239,"critical_thin,template_boilerplate,local_doorway_variant,city_variant_similar,keyword_cannibalization,no_h1_in_body",محتوى هزيل جداً (239 كلمة) ؛ نفس الهيكل العناوين في 868 صفحة (hash a6b89d30b159) ؛ صفحة مدينة×خدمة من مولّد الشبكة — تغطية محلية لكن خطر doorway/تكرار ؛ نفس جذع الخدمة `washer-maintenance` على 9 URL ؛ لا H1 داخل جسم المقال (قد يعتمد على عنوان القالب)
شركة صيانة غسالات في الخور,https://www.rukn-eltatawer.com/qa/washer-maintenance-al-khor/,238,"critical_thin,template_boilerplate,local_doorway_variant,city_variant_similar,keyword_cannibalization,no_h1_in_body",محتوى هزيل جداً (238 كلمة) ؛ نفس الهيكل العناوين في 905 صفحة (hash cb24e6f8b3f9) ؛ صفحة مدينة×خدمة من مولّد الشبكة — تغطية محلية لكن خطر doorway/تكرار ؛ نفس جذع الخدمة `washer-maintenance` على 9 URL ؛ لا H1 داخل جسم المقال (قد يعتمد على عنوان القالب)
شركة صيانة ثلاجات في أم صلال,https://www.rukn-eltatawer.com/qa/fridge-maintenance-umm-salal/,245,"critical_thin,template_boilerplate,local_doorway_variant,city_variant_similar,keyword_cannibalization,no_h1_in_body",محتوى هزيل جداً (245 كلمة) ؛ نفس الهيكل العناوين في 905 صفحة (hash cb24e6f8b3f9) ؛ صفحة مدينة×خدمة من مولّد الشبكة — تغطية محلية لكن خطر doorway/تكرار ؛ نفس جذع الخدمة `fridge-maintenance` على 9 URL ؛ لا H1 داخل جسم المقال (قد يعتمد على عنوان القالب)
شركة صيانة ثلاجات في الخور,https://www.rukn-eltatawer.com/qa/fridge-maintenance-al-khor/,230,"critical_thin,template_boilerplate,local_doorway_variant,city_variant_similar,keyword_cannibalization,no_h1_in_body",محتوى هزيل جداً (230 كلمة) ؛ نفس الهيكل العناوين في 868 صفحة (hash a6b89d30b159) ؛ صفحة مدينة×خدمة من مولّد الشبكة — تغطية محلية لكن خطر doorway/تكرار ؛ نفس جذع الخدمة `fridge-maintenance` على 9 URL ؛ لا H1 داخل جسم المقال (قد يعتمد على عنوان القالب)
شركة صيانة الأجهزة الكهربائية في أم صلال,https://www.rukn-eltatawer.com/qa/appliance-maintenance-umm-salal/,253,"critical_thin,template_boilerplate,local_doorway_variant,city_variant_similar,keyword_cannibalization,no_h1_in_body",محتوى هزيل جداً (253 كلمة) ؛ نفس الهيكل العناوين في 905 صفحة (hash cb24e6f8b3f9) ؛ صفحة مدينة×خدمة من مولّد الشبكة — تغطية محلية لكن خطر doorway/تكرار ؛ نفس جذع الخدمة `appliance-maintenance` على 9 URL ؛ لا H1 داخل جسم المقال (قد يعتمد على عنوان القالب)
شركة صيانة الأجهزة الكهربائية في الخور,https://www.rukn-eltatawer.com/qa/appliance-maintenance-al-khor/,232,"critical_thin,template_boilerplate,local_doorway_variant,city_variant_similar,keyword_cannibalization,no_h1_in_body",محتوى هزيل جداً (232 كلمة) ؛ نفس الهيكل العناوين في 868 صفحة (hash a6b89d30b159) ؛ صفحة مدينة×خدمة من مولّد الشبكة — تغطية محلية لكن خطر doorway/تكرار ؛ نفس جذع الخدمة `appliance-maintenance` على 9 URL ؛ لا H1 داخل جسم المقال (قد يعتمد على عنوان القالب)
شركة صيانة بوتاجازات في أم صلال,https://www.rukn-eltatawer.com/qa/stove-maintenance-umm-salal/,251,"critical_thin,template_boilerplate,local_doorway_variant,city_variant_similar,keyword_cannibalization,no_h1_in_body",محتوى هزيل جداً (251 كلمة) ؛ نفس الهيكل العناوين في 905 صفحة (hash cb24e6f8b3f9) ؛ صفحة مدينة×خدمة من مولّد الشبكة — تغطية محلية لكن خطر doorway/تكرار ؛ نفس جذع الخدمة `stove-maintenance` على 9 URL ؛ لا H1 داخل جسم المقال (قد يعتمد على عنوان القالب)
سباك منازل في الشمال,https://www.rukn-eltatawer.com/qa/home-plumber-al-shamal/,226,"critical_thin,template_boilerplate,local_doorway_variant,near_duplicate,keyword_cannibalization,no_h1_in_body",محتوى هزيل جداً (226 كلمة) ؛ نفس الهيكل العناوين في 905 صفحة (hash cb24e6f8b3f9) ؛ صفحة مدينة×خدمة من مولّد الشبكة — تغطية محلية لكن خطر doorway/تكرار ؛ تشابه SimHash مسافة 1 مع https://www.rukn-eltatawer.com/qa/steam-disinfection-al-shamal/ ؛ نفس جذع الخدمة `home-plumber` على 10 URL ؛ لا H1 داخل جسم المقال (قد يعتمد على عنوان القالب)
شركة تنظيف وتزيين الحدائق في الظعاين,https://www.rukn-eltatawer.com/qa/garden-cleaning-al-daayen/,212,"critical_thin,template_boilerplate,local_doorway_variant,city_variant_similar,keyword_cannibalization,no_h1_in_body",محتوى هزيل جداً (212 كلمة) ؛ نفس الهيكل العناوين في 868 صفحة (hash a6b89d30b159) ؛ صفحة مدينة×خدمة من مولّد الشبكة — تغطية محلية لكن خطر doorway/تكرار ؛ نفس جذع الخدمة `garden-cleaning` على 9 URL ؛ لا H1 داخل جسم المقال (قد يعتمد على عنوان القالب)
شركة تسليك مجاري في الشحانية,https://www.rukn-eltatawer.com/qa/drain-unclogging-al-shahaniya/,228,"critical_thin,template_boilerplate,local_doorway_variant,city_variant_similar,keyword_cannibalization,no_h1_in_body",محتوى هزيل جداً (228 كلمة) ؛ نفس الهيكل العناوين في 905 صفحة (hash cb24e6f8b3f9) ؛ صفحة مدينة×خدمة من مولّد الشبكة — تغطية محلية لكن خطر doorway/تكرار ؛ نفس جذع الخدمة `drain-unclogging` على 9 URL ؛ لا H1 داخل جسم المقال (قد يعتمد على عنوان القالب)
شركة تسليك مجاري في الشمال,https://www.rukn-eltatawer.com/qa/drain-unclogging-al-shamal/,219,"critical_thin,template_boilerplate,local_doorway_variant,city_variant_similar,keyword_cannibalization,no_h1_in_body",محتوى هزيل جداً (219 كلمة) ؛ نفس الهيكل العناوين في 868 صفحة (hash a6b89d30b159) ؛ صفحة مدينة×خدمة من مولّد الشبكة — تغطية محلية لكن خطر doorway/تكرار ؛ نفس جذع الخدمة `drain-unclogging` على 9 URL ؛ لا H1 داخل جسم المقال (قد يعتمد على عنوان القالب)
شركة شفط بيارات في الظعاين,https://www.rukn-eltatawer.com/qa/septic-tank-emptying-al-daayen/,214,"critical_thin,template_boilerplate,local_doorway_variant,keyword_cannibalization,no_h1_in_body",محتوى هزيل جداً (214 كلمة) ؛ نفس الهيكل العناوين في 905 صفحة (hash cb24e6f8b3f9) ؛ صفحة مدينة×خدمة من مولّد الشبكة — تغطية محلية لكن خطر doorway/تكرار ؛ نفس جذع الخدمة `septic-tank-emptying` على 9 URL ؛ لا H1 داخل جسم المقال (قد يعتمد على عنوان القالب)
شركة تبطين وصيانة خزانات مياه في الظعاين,https://www.rukn-eltatawer.com/qa/tank-lining-maintenance-al-daayen/,223,"critical_thin,template_boilerplate,local_doorway_variant,keyword_cannibalization,no_h1_in_body",محتوى هزيل جداً (223 كلمة) ؛ نفس الهيكل العناوين في 868 صفحة (hash a6b89d30b159) ؛ صفحة مدينة×خدمة من مولّد الشبكة — تغطية محلية لكن خطر doorway/تكرار ؛ نفس جذع الخدمة `tank-lining-maintenance` على 9 URL ؛ لا H1 داخل جسم المقال (قد يعتمد على عنوان القالب)
شركة تركيب وصيانة أجهزة تبريد مياه الخزانات في الظعاين,https://www.rukn-eltatawer.com/qa/tank-water-chiller-al-daayen/,233,"critical_thin,template_boilerplate,local_doorway_variant,city_variant_similar,keyword_cannibalization,no_h1_in_body",محتوى هزيل جداً (233 كلمة) ؛ نفس الهيكل العناوين في 905 صفحة (hash cb24e6f8b3f9) ؛ صفحة مدينة×خدمة من مولّد الشبكة — تغطية محلية لكن خطر doorway/تكرار ؛ نفس جذع الخدمة `tank-water-chiller` على 9 URL ؛ لا H1 داخل جسم المقال (قد يعتمد على عنوان القالب)
شركة صيانة بوتاجازات في الخور,https://www.rukn-eltatawer.com/qa/stove-maintenance-al-khor/,238,"critical_thin,template_boilerplate,local_doorway_variant,city_variant_similar,keyword_cannibalization,no_h1_in_body",محتوى هزيل جداً (238 كلمة) ؛ نفس الهيكل العناوين في 905 صفحة (hash cb24e6f8b3f9) ؛ صفحة مدينة×خدمة من مولّد الشبكة — تغطية محلية لكن خطر doorway/تكرار ؛ نفس جذع الخدمة `stove-maintenance` على 9 URL ؛ لا H1 داخل جسم المقال (قد يعتمد على عنوان القالب)
شركة صيانة أفران في أم صلال,https://www.rukn-eltatawer.com/qa/oven-maintenance-umm-salal/,233,"critical_thin,template_boilerplate,local_doorway_variant,city_variant_similar,keyword_cannibalization,no_h1_in_body",محتوى هزيل جداً (233 كلمة) ؛ نفس الهيكل العناوين في 868 صفحة (hash a6b89d30b159) ؛ صفحة مدينة×خدمة من مولّد الشبكة — تغطية محلية لكن خطر doorway/تكرار ؛ نفس جذع الخدمة `oven-maintenance` على 9 URL ؛ لا H1 داخل جسم المقال (قد يعتمد على عنوان القالب)
شركة صيانة أفران في الخور,https://www.rukn-eltatawer.com/qa/oven-maintenance-al-khor/,233,"critical_thin,template_boilerplate,local_doorway_variant,city_variant_similar,keyword_cannibalization,no_h1_in_body",محتوى هزيل جداً (233 كلمة) ؛ نفس الهيكل العناوين في 905 صفحة (hash cb24e6f8b3f9) ؛ صفحة مدينة×خدمة من مولّد الشبكة — تغطية محلية لكن خطر doorway/تكرار ؛ نفس جذع الخدمة `oven-maintenance` على 9 URL ؛ لا H1 داخل جسم المقال (قد يعتمد على عنوان القالب)
شركة صيانة أبواب أوتوماتيكية في أم صلال,https://www.rukn-eltatawer.com/qa/automatic-doors-maintenance-umm-salal/,259,"critical_thin,template_boilerplate,local_doorway_variant,city_variant_similar,keyword_cannibalization,no_h1_in_body",محتوى هزيل جداً (259 كلمة) ؛ نفس الهيكل العناوين في 905 صفحة (hash cb24e6f8b3f9) ؛ صفحة مدينة×خدمة من مولّد الشبكة — تغطية محلية لكن خطر doorway/تكرار ؛ نفس جذع الخدمة `automatic-doors-maintenance` على 9 URL ؛ لا H1 داخل جسم المقال (قد يعتمد على عنوان القالب)
شركة صيانة أبواب أوتوماتيكية في الخور,https://www.rukn-eltatawer.com/qa/automatic-doors-maintenance-al-khor/,230,"critical_thin,template_boilerplate,local_doorway_variant,city_variant_similar,keyword_cannibalization,no_h1_in_body",محتوى هزيل جداً (230 كلمة) ؛ نفس الهيكل العناوين في 868 صفحة (hash a6b89d30b159) ؛ صفحة مدينة×خدمة من مولّد الشبكة — تغطية محلية لكن خطر doorway/تكرار ؛ نفس جذع الخدمة `automatic-doors-maintenance` على 9 URL ؛ لا H1 داخل جسم المقال (قد يعتمد على عنوان القالب)
شركة صيانة كاميرات مراقبة في أم صلال,https://www.rukn-eltatawer.com/qa/cctv-maintenance-umm-salal/,250,"critical_thin,template_boilerplate,local_doorway_variant,city_variant_similar,keyword_cannibalization,no_h1_in_body",محتوى هزيل جداً (250 كلمة) ؛ نفس الهيكل العناوين في 905 صفحة (hash cb24e6f8b3f9) ؛ صفحة مدينة×خدمة من مولّد الشبكة — تغطية محلية لكن خطر doorway/تكرار ؛ نفس جذع الخدمة `cctv-maintenance` على 9 URL ؛ لا H1 داخل جسم المقال (قد يعتمد على عنوان القالب)
شركة صيانة كاميرات مراقبة في الخور,https://www.rukn-eltatawer.com/qa/cctv-maintenance-al-khor/,228,"critical_thin,template_boilerplate,local_doorway_variant,city_variant_similar,keyword_cannibalization,no_h1_in_body",محتوى هزيل جداً (228 كلمة) ؛ نفس الهيكل العناوين في 868 صفحة (hash a6b89d30b159) ؛ صفحة مدينة×خدمة من مولّد الشبكة — تغطية محلية لكن خطر doorway/تكرار ؛ نفس جذع الخدمة `cctv-maintenance` على 9 URL ؛ لا H1 داخل جسم المقال (قد يعتمد على عنوان القالب)
شركة صيانة مصاعد في أم صلال,https://www.rukn-eltatawer.com/qa/elevator-maintenance-umm-salal/,251,"critical_thin,template_boilerplate,local_doorway_variant,city_variant_similar,keyword_cannibalization,no_h1_in_body",محتوى هزيل جداً (251 كلمة) ؛ نفس الهيكل العناوين في 905 صفحة (hash cb24e6f8b3f9) ؛ صفحة مدينة×خدمة من مولّد الشبكة — تغطية محلية لكن خطر doorway/تكرار ؛ نفس جذع الخدمة `elevator-maintenance` على 9 URL ؛ لا H1 داخل جسم المقال (قد يعتمد على عنوان القالب)
شركة صيانة مصاعد في الخور,https://www.rukn-eltatawer.com/qa/elevator-maintenance-al-khor/,233,"critical_thin,template_boilerplate,local_doorway_variant,city_variant_similar,keyword_cannibalization,no_h1_in_body",محتوى هزيل جداً (233 كلمة) ؛ نفس الهيكل العناوين في 905 صفحة (hash cb24e6f8b3f9) ؛ صفحة مدينة×خدمة من مولّد الشبكة — تغطية محلية لكن خطر doorway/تكرار ؛ نفس جذع الخدمة `elevator-maintenance` على 9 URL ؛ لا H1 داخل جسم المقال (قد يعتمد على عنوان القالب)
شركة صيانة مسابح في أم صلال,https://www.rukn-eltatawer.com/qa/pool-maintenance-umm-salal/,251,"critical_thin,template_boilerplate,local_doorway_variant,city_variant_similar,keyword_cannibalization,no_h1_in_body",محتوى هزيل جداً (251 كلمة) ؛ نفس الهيكل العناوين في 905 صفحة (hash cb24e6f8b3f9) ؛ صفحة مدينة×خدمة من مولّد الشبكة — تغطية محلية لكن خطر doorway/تكرار ؛ نفس جذع الخدمة `pool-maintenance` على 9 URL ؛ لا H1 داخل جسم المقال (قد يعتمد على عنوان القالب)
شركة صيانة مسابح في الخور,https://www.rukn-eltatawer.com/qa/pool-maintenance-al-khor/,230,"critical_thin,template_boilerplate,local_doorway_variant,city_variant_similar,keyword_cannibalization,no_h1_in_body",محتوى هزيل جداً (230 كلمة) ؛ نفس الهيكل العناوين في 868 صفحة (hash a6b89d30b159) ؛ صفحة مدينة×خدمة من مولّد الشبكة — تغطية محلية لكن خطر doorway/تكرار ؛ نفس جذع الخدمة `pool-maintenance` على 9 URL ؛ لا H1 داخل جسم المقال (قد يعتمد على عنوان القالب)
شركة صيانة سباكة في الشحانية,https://www.rukn-eltatawer.com/qa/plumbing-maintenance-al-shahaniya/,225,"critical_thin,template_boilerplate,local_doorway_variant,near_duplicate,keyword_cannibalization,no_h1_in_body",محتوى هزيل جداً (225 كلمة) ؛ نفس الهيكل العناوين في 905 صفحة (hash cb24e6f8b3f9) ؛ صفحة مدينة×خدمة من مولّد الشبكة — تغطية محلية لكن خطر doorway/تكرار ؛ تشابه SimHash مسافة 2 مع https://www.rukn-eltatawer.com/qa/central-heater-installation-maintenance-al-shahaniya/ ؛ نفس جذع الخدمة `plumbing-maintenance` على 10 URL ؛ لا H1 داخل جسم المقال (قد يعتمد على عنوان القالب)
شركة صيانة سباكة في الشمال,https://www.rukn-eltatawer.com/qa/plumbing-maintenance-al-shamal/,219,"critical_thin,template_boilerplate,local_doorway_variant,near_duplicate,keyword_cannibalization,no_h1_in_body",محتوى هزيل جداً (219 كلمة) ؛ نفس الهيكل العناوين في 868 صفحة (hash a6b89d30b159) ؛ صفحة مدينة×خدمة من مولّد الشبكة — تغطية محلية لكن خطر doorway/تكرار ؛ تشابه SimHash مسافة 1 مع https://www.rukn-eltatawer.com/qa/drain-unclogging-al-shamal/ ؛ نفس جذع الخدمة `plumbing-maintenance` على 10 URL ؛ لا H1 داخل جسم المقال (قد يعتمد على عنوان القالب)
شركة صيانة كهرباء في أم صلال,https://www.rukn-eltatawer.com/qa/electrical-maintenance-umm-salal/,243,"critical_thin,template_boilerplate,local_doorway_variant,city_variant_similar,keyword_cannibalization,no_h1_in_body",محتوى هزيل جداً (243 كلمة) ؛ نفس الهيكل العناوين في 905 صفحة (hash cb24e6f8b3f9) ؛ صفحة مدينة×خدمة من مولّد الشبكة — تغطية محلية لكن خطر doorway/تكرار ؛ نفس جذع الخدمة `electrical-maintenance` على 9 URL ؛ لا H1 داخل جسم المقال (قد يعتمد على عنوان القالب)
شركة صيانة كهرباء في الخور,https://www.rukn-eltatawer.com/qa/electrical-maintenance-al-khor/,232,"critical_thin,template_boilerplate,local_doorway_variant,city_variant_similar,keyword_cannibalization,no_h1_in_body",محتوى هزيل جداً (232 كلمة) ؛ نفس الهيكل العناوين في 905 صفحة (hash cb24e6f8b3f9) ؛ صفحة مدينة×خدمة من مولّد الشبكة — تغطية محلية لكن خطر doorway/تكرار ؛ نفس جذع الخدمة `electrical-maintenance` على 9 URL ؛ لا H1 داخل جسم المقال (قد يعتمد على عنوان القالب)
شركة صيانة عامة في الظعاين,https://www.rukn-eltatawer.com/qa/general-maintenance-al-daayen/,225,"critical_thin,template_boilerplate,local_doorway_variant,city_variant_similar,keyword_cannibalization,no_h1_in_body",محتوى هزيل جداً (225 كلمة) ؛ نفس الهيكل العناوين في 905 صفحة (hash cb24e6f8b3f9) ؛ صفحة مدينة×خدمة من مولّد الشبكة — تغطية محلية لكن خطر doorway/تكرار ؛ نفس جذع الخدمة `general-maintenance` على 9 URL ؛ لا H1 داخل جسم المقال (قد يعتمد على عنوان القالب)
شركة تنظيف المداخن والشفاطات في الظعاين,https://www.rukn-eltatawer.com/qa/chimney-cleaning-al-daayen/,221,"critical_thin,template_boilerplate,local_doorway_variant,city_variant_similar,keyword_cannibalization,no_h1_in_body",محتوى هزيل جداً (221 كلمة) ؛ نفس الهيكل العناوين في 868 صفحة (hash a6b89d30b159) ؛ صفحة مدينة×خدمة من مولّد الشبكة — تغطية محلية لكن خطر doorway/تكرار ؛ نفس جذع الخدمة `chimney-cleaning` على 9 URL ؛ لا H1 داخل جسم المقال (قد يعتمد على عنوان القالب)
شركة تنظيف وتعقيم شامل في الظعاين,https://www.rukn-eltatawer.com/qa/deep-cleaning-al-daayen/,224,"critical_thin,template_boilerplate,local_doorway_variant,city_variant_similar,keyword_cannibalization,no_h1_in_body",محتوى هزيل جداً (224 كلمة) ؛ نفس الهيكل العناوين في 868 صفحة (hash a6b89d30b159) ؛ صفحة مدينة×خدمة من مولّد الشبكة — تغطية محلية لكن خطر doorway/تكرار ؛ نفس جذع الخدمة `deep-cleaning` على 9 URL ؛ لا H1 داخل جسم المقال (قد يعتمد على عنوان القالب)
شركة تنظيف كراجات ومواقف سيارات في الظعاين,https://www.rukn-eltatawer.com/qa/garage-cleaning-al-daayen/,230,"critical_thin,template_boilerplate,local_doorway_variant,city_variant_similar,keyword_cannibalization,no_h1_in_body",محتوى هزيل جداً (230 كلمة) ؛ نفس الهيكل العناوين في 905 صفحة (hash cb24e6f8b3f9) ؛ صفحة مدينة×خدمة من مولّد الشبكة — تغطية محلية لكن خطر doorway/تكرار ؛ نفس جذع الخدمة `garage-cleaning` على 9 URL ؛ لا H1 داخل جسم المقال (قد يعتمد على عنوان القالب)
شركة تنظيف واجهات حجرية في الظعاين,https://www.rukn-eltatawer.com/qa/stone-facade-cleaning-al-daayen/,212,"critical_thin,template_boilerplate,local_doorway_variant,city_variant_similar,keyword_cannibalization,no_h1_in_body",محتوى هزيل جداً (212 كلمة) ؛ نفس الهيكل العناوين في 868 صفحة (hash a6b89d30b159) ؛ صفحة مدينة×خدمة من مولّد الشبكة — تغطية محلية لكن خطر doorway/تكرار ؛ نفس جذع الخدمة `stone-facade-cleaning` على 9 URL ؛ لا H1 داخل جسم المقال (قد يعتمد على عنوان القالب)
شركة تنظيف واجهات زجاجية في الظعاين,https://www.rukn-eltatawer.com/qa/glass-facade-cleaning-al-daayen/,229,"critical_thin,template_boilerplate,local_doorway_variant,city_variant_similar,keyword_cannibalization,no_h1_in_body",محتوى هزيل جداً (229 كلمة) ؛ نفس الهيكل العناوين في 905 صفحة (hash cb24e6f8b3f9) ؛ صفحة مدينة×خدمة من مولّد الشبكة — تغطية محلية لكن خطر doorway/تكرار ؛ نفس جذع الخدمة `glass-facade-cleaning` على 9 URL ؛ لا H1 داخل جسم المقال (قد يعتمد على عنوان القالب)
شركة تنظيف أرضيات رخام وجلي رخام في الظعاين,https://www.rukn-eltatawer.com/qa/marble-polishing-al-daayen/,226,"critical_thin,template_boilerplate,local_doorway_variant,city_variant_similar,keyword_cannibalization,no_h1_in_body",محتوى هزيل جداً (226 كلمة) ؛ نفس الهيكل العناوين في 868 صفحة (hash a6b89d30b159) ؛ صفحة مدينة×خدمة من مولّد الشبكة — تغطية محلية لكن خطر doorway/تكرار ؛ نفس جذع الخدمة `marble-polishing` على 9 URL ؛ لا H1 داخل جسم المقال (قد يعتمد على عنوان القالب)
شركة تنظيف مراتب في الظعاين,https://www.rukn-eltatawer.com/qa/mattress-cleaning-al-daayen/,211,"critical_thin,template_boilerplate,local_doorway_variant,city_variant_similar,keyword_cannibalization,no_h1_in_body",محتوى هزيل جداً (211 كلمة) ؛ نفس الهيكل العناوين في 868 صفحة (hash a6b89d30b159) ؛ صفحة مدينة×خدمة من مولّد الشبكة — تغطية محلية لكن خطر doorway/تكرار ؛ نفس جذع الخدمة `mattress-cleaning` على 9 URL ؛ لا H1 داخل جسم المقال (قد يعتمد على عنوان القالب)
شركة تنظيف ستائر في الظعاين,https://www.rukn-eltatawer.com/qa/curtain-cleaning-al-daayen/,220,"critical_thin,template_boilerplate,local_doorway_variant,city_variant_similar,keyword_cannibalization,no_h1_in_body",محتوى هزيل جداً (220 كلمة) ؛ نفس الهيكل العناوين في 868 صفحة (hash a6b89d30b159) ؛ صفحة مدينة×خدمة من مولّد الشبكة — تغطية محلية لكن خطر doorway/تكرار ؛ نفس جذع الخدمة `curtain-cleaning` على 9 URL ؛ لا H1 داخل جسم المقال (قد يعتمد على عنوان القالب)
شركة تنظيف كنب في الظعاين,https://www.rukn-eltatawer.com/qa/sofa-cleaning-al-daayen/,223,"critical_thin,template_boilerplate,local_doorway_variant,city_variant_similar,keyword_cannibalization,no_h1_in_body",محتوى هزيل جداً (223 كلمة) ؛ نفس الهيكل العناوين في 868 صفحة (hash a6b89d30b159) ؛ صفحة مدينة×خدمة من مولّد الشبكة — تغطية محلية لكن خطر doorway/تكرار ؛ نفس جذع الخدمة `sofa-cleaning` على 9 URL ؛ لا H1 داخل جسم المقال (قد يعتمد على عنوان القالب)
شركة تنظيف موكيت في الظعاين,https://www.rukn-eltatawer.com/qa/moquette-cleaning-al-daayen/,211,"critical_thin,template_boilerplate,local_doorway_variant,city_variant_similar,keyword_cannibalization,no_h1_in_body",محتوى هزيل جداً (211 كلمة) ؛ نفس الهيكل العناوين في 868 صفحة (hash a6b89d30b159) ؛ صفحة مدينة×خدمة من مولّد الشبكة — تغطية محلية لكن خطر doorway/تكرار ؛ نفس جذع الخدمة `moquette-cleaning` على 9 URL ؛ لا H1 داخل جسم المقال (قد يعتمد على عنوان القالب)
شركة تنظيف سجاد في الظعاين,https://www.rukn-eltatawer.com/qa/carpet-cleaning-al-daayen/,228,"critical_thin,template_boilerplate,local_doorway_variant,city_variant_similar,keyword_cannibalization,no_h1_in_body",محتوى هزيل جداً (228 كلمة) ؛ نفس الهيكل العناوين في 905 صفحة (hash cb24e6f8b3f9) ؛ صفحة مدينة×خدمة من مولّد الشبكة — تغطية محلية لكن خطر doorway/تكرار ؛ نفس جذع الخدمة `carpet-cleaning` على 9 URL ؛ لا H1 داخل جسم المقال (قد يعتمد على عنوان القالب)
شركة تنظيف خزانات ديزل في الظعاين,https://www.rukn-eltatawer.com/qa/diesel-tank-cleaning-al-daayen/,224,"critical_thin,template_boilerplate,local_doorway_variant,city_variant_similar,keyword_cannibalization,no_h1_in_body",محتوى هزيل جداً (224 كلمة) ؛ نفس الهيكل العناوين في 868 صفحة (hash a6b89d30b159) ؛ صفحة مدينة×خدمة من مولّد الشبكة — تغطية محلية لكن خطر doorway/تكرار ؛ نفس جذع الخدمة `diesel-tank-cleaning` على 9 URL ؛ لا H1 داخل جسم المقال (قد يعتمد على عنوان القالب)
شركة تنظيف فلل في الظعاين,https://www.rukn-eltatawer.com/qa/villa-cleaning-al-daayen/,211,"critical_thin,template_boilerplate,local_doorway_variant,near_duplicate,keyword_cannibalization,no_h1_in_body",محتوى هزيل جداً (211 كلمة) ؛ نفس الهيكل العناوين في 868 صفحة (hash a6b89d30b159) ؛ صفحة مدينة×خدمة من مولّد الشبكة — تغطية محلية لكن خطر doorway/تكرار ؛ تشابه SimHash مسافة 0 مع https://www.rukn-eltatawer.com/qa/moquette-cleaning-al-daayen/ ؛ نفس جذع الخدمة `villa-cleaning` على 10 URL ؛ لا H1 داخل جسم المقال (قد يعتمد على عنوان القالب)
شركة تنظيف منازل في الظعاين,https://www.rukn-eltatawer.com/qa/home-cleaning-al-daayen/,228,"critical_thin,template_boilerplate,local_doorway_variant,city_variant_similar,keyword_cannibalization,no_h1_in_body",محتوى هزيل جداً (228 كلمة) ؛ نفس الهيكل العناوين في 905 صفحة (hash cb24e6f8b3f9) ؛ صفحة مدينة×خدمة من مولّد الشبكة — تغطية محلية لكن خطر doorway/تكرار ؛ نفس جذع الخدمة `home-cleaning` على 9 URL ؛ لا H1 داخل جسم المقال (قد يعتمد على عنوان القالب)
شركة تنظيف وتزيين الحدائق في الشحانية,https://www.rukn-eltatawer.com/qa/garden-cleaning-al-shahaniya/,226,"critical_thin,template_boilerplate,local_doorway_variant,city_variant_similar,keyword_cannibalization,no_h1_in_body",محتوى هزيل جداً (226 كلمة) ؛ نفس الهيكل العناوين في 905 صفحة (hash cb24e6f8b3f9) ؛ صفحة مدينة×خدمة من مولّد الشبكة — تغطية محلية لكن خطر doorway/تكرار ؛ نفس جذع الخدمة `garden-cleaning` على 9 URL ؛ لا H1 داخل جسم المقال (قد يعتمد على عنوان القالب)
شركة تنظيف وتزيين الحدائق في الشمال,https://www.rukn-eltatawer.com/qa/garden-cleaning-al-shamal/,225,"critical_thin,template_boilerplate,local_doorway_variant,city_variant_similar,keyword_cannibalization,no_h1_in_body",محتوى هزيل جداً (225 كلمة) ؛ نفس الهيكل العناوين في 868 صفحة (hash a6b89d30b159) ؛ صفحة مدينة×خدمة من مولّد الشبكة — تغطية محلية لكن خطر doorway/تكرار ؛ نفس جذع الخدمة `garden-cleaning` على 9 URL ؛ لا H1 داخل جسم المقال (قد يعتمد على عنوان القالب)
شركة صيانة مباني في الظعاين,https://www.rukn-eltatawer.com/qa/building-maintenance-al-daayen/,228,"critical_thin,template_boilerplate,local_doorway_variant,city_variant_similar,keyword_cannibalization,no_h1_in_body",محتوى هزيل جداً (228 كلمة) ؛ نفس الهيكل العناوين في 905 صفحة (hash cb24e6f8b3f9) ؛ صفحة مدينة×خدمة من مولّد الشبكة — تغطية محلية لكن خطر doorway/تكرار ؛ نفس جذع الخدمة `building-maintenance` على 9 URL ؛ لا H1 داخل جسم المقال (قد يعتمد على عنوان القالب)
شركة تنظيف المداخن والشفاطات في الشحانية,https://www.rukn-eltatawer.com/qa/chimney-cleaning-al-shahaniya/,234,"critical_thin,template_boilerplate,local_doorway_variant,city_variant_similar,keyword_cannibalization,no_h1_in_body",محتوى هزيل جداً (234 كلمة) ؛ نفس الهيكل العناوين في 905 صفحة (hash cb24e6f8b3f9) ؛ صفحة مدينة×خدمة من مولّد الشبكة — تغطية محلية لكن خطر doorway/تكرار ؛ نفس جذع الخدمة `chimney-cleaning` على 9 URL ؛ لا H1 داخل جسم المقال (قد يعتمد على عنوان القالب)
شركة تنظيف المداخن والشفاطات في الشمال,https://www.rukn-eltatawer.com/qa/chimney-cleaning-al-shamal/,225,"critical_thin,template_boilerplate,local_doorway_variant,city_variant_similar,keyword_cannibalization,no_h1_in_body",محتوى هزيل جداً (225 كلمة) ؛ نفس الهيكل العناوين في 868 صفحة (hash a6b89d30b159) ؛ صفحة مدينة×خدمة من مولّد الشبكة — تغطية محلية لكن خطر doorway/تكرار ؛ نفس جذع الخدمة `chimney-cleaning` على 9 URL ؛ لا H1 داخل جسم المقال (قد يعتمد على عنوان القالب)
شركة تنظيف وتعقيم شامل في الشحانية,https://www.rukn-eltatawer.com/qa/deep-cleaning-al-shahaniya/,224,"critical_thin,template_boilerplate,local_doorway_variant,city_variant_similar,keyword_cannibalization,no_h1_in_body",محتوى هزيل جداً (224 كلمة) ؛ نفس الهيكل العناوين في 868 صفحة (hash a6b89d30b159) ؛ صفحة مدينة×خدمة من مولّد الشبكة — تغطية محلية لكن خطر doorway/تكرار ؛ نفس جذع الخدمة `deep-cleaning` على 9 URL ؛ لا H1 داخل جسم المقال (قد يعتمد على عنوان القالب)
شركة تنظيف وتعقيم شامل في الشمال,https://www.rukn-eltatawer.com/qa/deep-cleaning-al-shamal/,228,"critical_thin,template_boilerplate,local_doorway_variant,city_variant_similar,keyword_cannibalization,no_h1_in_body",محتوى هزيل جداً (228 كلمة) ؛ نفس الهيكل العناوين في 868 صفحة (hash a6b89d30b159) ؛ صفحة مدينة×خدمة من مولّد الشبكة — تغطية محلية لكن خطر doorway/تكرار ؛ نفس جذع الخدمة `deep-cleaning` على 9 URL ؛ لا H1 داخل جسم المقال (قد يعتمد على عنوان القالب)
شركة تنظيف كراجات ومواقف سيارات في الشحانية,https://www.rukn-eltatawer.com/qa/garage-cleaning-al-shahaniya/,222,"critical_thin,template_boilerplate,local_doorway_variant,city_variant_similar,keyword_cannibalization,no_h1_in_body",محتوى هزيل جداً (222 كلمة) ؛ نفس الهيكل العناوين في 868 صفحة (hash a6b89d30b159) ؛ صفحة مدينة×خدمة من مولّد الشبكة — تغطية محلية لكن خطر doorway/تكرار ؛ نفس جذع الخدمة `garage-cleaning` على 9 URL ؛ لا H1 داخل جسم المقال (قد يعتمد على عنوان القالب)
شركة تنظيف كراجات ومواقف سيارات في الشمال,https://www.rukn-eltatawer.com/qa/garage-cleaning-al-shamal/,234,"critical_thin,template_boilerplate,local_doorway_variant,city_variant_similar,keyword_cannibalization,no_h1_in_body",محتوى هزيل جداً (234 كلمة) ؛ نفس الهيكل العناوين في 905 صفحة (hash cb24e6f8b3f9) ؛ صفحة مدينة×خدمة من مولّد الشبكة — تغطية محلية لكن خطر doorway/تكرار ؛ نفس جذع الخدمة `garage-cleaning` على 9 URL ؛ لا H1 داخل جسم المقال (قد يعتمد على عنوان القالب)
شركة تنظيف واجهات حجرية في الشحانية,https://www.rukn-eltatawer.com/qa/stone-facade-cleaning-al-shahaniya/,221,"critical_thin,template_boilerplate,local_doorway_variant,city_variant_similar,keyword_cannibalization,no_h1_in_body",محتوى هزيل جداً (221 كلمة) ؛ نفس الهيكل العناوين في 868 صفحة (hash a6b89d30b159) ؛ صفحة مدينة×خدمة من مولّد الشبكة — تغطية محلية لكن خطر doorway/تكرار ؛ نفس جذع الخدمة `stone-facade-cleaning` على 9 URL ؛ لا H1 داخل جسم المقال (قد يعتمد على عنوان القالب)
شركة تنظيف واجهات حجرية في الشمال,https://www.rukn-eltatawer.com/qa/stone-facade-cleaning-al-shamal/,225,"critical_thin,template_boilerplate,local_doorway_variant,city_variant_similar,keyword_cannibalization,no_h1_in_body",محتوى هزيل جداً (225 كلمة) ؛ نفس الهيكل العناوين في 868 صفحة (hash a6b89d30b159) ؛ صفحة مدينة×خدمة من مولّد الشبكة — تغطية محلية لكن خطر doorway/تكرار ؛ نفس جذع الخدمة `stone-facade-cleaning` على 9 URL ؛ لا H1 داخل جسم المقال (قد يعتمد على عنوان القالب)
شركة تنظيف واجهات زجاجية في الشحانية,https://www.rukn-eltatawer.com/qa/glass-facade-cleaning-al-shahaniya/,224,"critical_thin,template_boilerplate,local_doorway_variant,city_variant_similar,keyword_cannibalization,no_h1_in_body",محتوى هزيل جداً (224 كلمة) ؛ نفس الهيكل العناوين في 868 صفحة (hash a6b89d30b159) ؛ صفحة مدينة×خدمة من مولّد الشبكة — تغطية محلية لكن خطر doorway/تكرار ؛ نفس جذع الخدمة `glass-facade-cleaning` على 9 URL ؛ لا H1 داخل جسم المقال (قد يعتمد على عنوان القالب)
شركة تنظيف واجهات زجاجية في الشمال,https://www.rukn-eltatawer.com/qa/glass-facade-cleaning-al-shamal/,218,"critical_thin,template_boilerplate,local_doorway_variant,city_variant_similar,keyword_cannibalization,no_h1_in_body",محتوى هزيل جداً (218 كلمة) ؛ نفس الهيكل العناوين في 905 صفحة (hash cb24e6f8b3f9) ؛ صفحة مدينة×خدمة من مولّد الشبكة — تغطية محلية لكن خطر doorway/تكرار ؛ نفس جذع الخدمة `glass-facade-cleaning` على 9 URL ؛ لا H1 داخل جسم المقال (قد يعتمد على عنوان القالب)
شركة تنظيف أرضيات رخام وجلي رخام في الشحانية,https://www.rukn-eltatawer.com/qa/marble-polishing-al-shahaniya/,218,"critical_thin,template_boilerplate,local_doorway_variant,keyword_cannibalization,no_h1_in_body",محتوى هزيل جداً (218 كلمة) ؛ نفس الهيكل العناوين في 868 صفحة (hash a6b89d30b159) ؛ صفحة مدينة×خدمة من مولّد الشبكة — تغطية محلية لكن خطر doorway/تكرار ؛ نفس جذع الخدمة `marble-polishing` على 9 URL ؛ لا H1 داخل جسم المقال (قد يعتمد على عنوان القالب)
شركة تنظيف أرضيات رخام وجلي رخام في الشمال,https://www.rukn-eltatawer.com/qa/marble-polishing-al-shamal/,215,"critical_thin,template_boilerplate,local_doorway_variant,city_variant_similar,keyword_cannibalization,no_h1_in_body",محتوى هزيل جداً (215 كلمة) ؛ نفس الهيكل العناوين في 868 صفحة (hash a6b89d30b159) ؛ صفحة مدينة×خدمة من مولّد الشبكة — تغطية محلية لكن خطر doorway/تكرار ؛ نفس جذع الخدمة `marble-polishing` على 9 URL ؛ لا H1 داخل جسم المقال (قد يعتمد على عنوان القالب)
شركة تنظيف مراتب في الشحانية,https://www.rukn-eltatawer.com/qa/mattress-cleaning-al-shahaniya/,233,"critical_thin,template_boilerplate,local_doorway_variant,city_variant_similar,keyword_cannibalization,no_h1_in_body",محتوى هزيل جداً (233 كلمة) ؛ نفس الهيكل العناوين في 905 صفحة (hash cb24e6f8b3f9) ؛ صفحة مدينة×خدمة من مولّد الشبكة — تغطية محلية لكن خطر doorway/تكرار ؛ نفس جذع الخدمة `mattress-cleaning` على 9 URL ؛ لا H1 داخل جسم المقال (قد يعتمد على عنوان القالب)
شركة تنظيف مراتب في الشمال,https://www.rukn-eltatawer.com/qa/mattress-cleaning-al-shamal/,212,"critical_thin,template_boilerplate,local_doorway_variant,city_variant_similar,keyword_cannibalization,no_h1_in_body",محتوى هزيل جداً (212 كلمة) ؛ نفس الهيكل العناوين في 868 صفحة (hash a6b89d30b159) ؛ صفحة مدينة×خدمة من مولّد الشبكة — تغطية محلية لكن خطر doorway/تكرار ؛ نفس جذع الخدمة `mattress-cleaning` على 9 URL ؛ لا H1 داخل جسم المقال (قد يعتمد على عنوان القالب)
شركة تنظيف ستائر في الشحانية,https://www.rukn-eltatawer.com/qa/curtain-cleaning-al-shahaniya/,225,"critical_thin,template_boilerplate,local_doorway_variant,city_variant_similar,keyword_cannibalization,no_h1_in_body",محتوى هزيل جداً (225 كلمة) ؛ نفس الهيكل العناوين في 905 صفحة (hash cb24e6f8b3f9) ؛ صفحة مدينة×خدمة من مولّد الشبكة — تغطية محلية لكن خطر doorway/تكرار ؛ نفس جذع الخدمة `curtain-cleaning` على 9 URL ؛ لا H1 داخل جسم المقال (قد يعتمد على عنوان القالب)
شركة تنظيف ستائر في الشمال,https://www.rukn-eltatawer.com/qa/curtain-cleaning-al-shamal/,212,"critical_thin,template_boilerplate,local_doorway_variant,city_variant_similar,keyword_cannibalization,no_h1_in_body",محتوى هزيل جداً (212 كلمة) ؛ نفس الهيكل العناوين في 868 صفحة (hash a6b89d30b159) ؛ صفحة مدينة×خدمة من مولّد الشبكة — تغطية محلية لكن خطر doorway/تكرار ؛ نفس جذع الخدمة `curtain-cleaning` على 9 URL ؛ لا H1 داخل جسم المقال (قد يعتمد على عنوان القالب)
شركة تنظيف كنب في الشحانية,https://www.rukn-eltatawer.com/qa/sofa-cleaning-al-shahaniya/,220,"critical_thin,template_boilerplate,local_doorway_variant,city_variant_similar,keyword_cannibalization,no_h1_in_body",محتوى هزيل جداً (220 كلمة) ؛ نفس الهيكل العناوين في 868 صفحة (hash a6b89d30b159) ؛ صفحة مدينة×خدمة من مولّد الشبكة — تغطية محلية لكن خطر doorway/تكرار ؛ نفس جذع الخدمة `sofa-cleaning` على 9 URL ؛ لا H1 داخل جسم المقال (قد يعتمد على عنوان القالب)
شركة تنظيف كنب في الشمال,https://www.rukn-eltatawer.com/qa/sofa-cleaning-al-shamal/,227,"critical_thin,template_boilerplate,local_doorway_variant,city_variant_similar,keyword_cannibalization,no_h1_in_body",محتوى هزيل جداً (227 كلمة) ؛ نفس الهيكل العناوين في 868 صفحة (hash a6b89d30b159) ؛ صفحة مدينة×خدمة من مولّد الشبكة — تغطية محلية لكن خطر doorway/تكرار ؛ نفس جذع الخدمة `sofa-cleaning` على 9 URL ؛ لا H1 داخل جسم المقال (قد يعتمد على عنوان القالب)
شركة تنظيف موكيت في الشحانية,https://www.rukn-eltatawer.com/qa/moquette-cleaning-al-shahaniya/,225,"critical_thin,template_boilerplate,local_doorway_variant,city_variant_similar,keyword_cannibalization,no_h1_in_body",محتوى هزيل جداً (225 كلمة) ؛ نفس الهيكل العناوين في 905 صفحة (hash cb24e6f8b3f9) ؛ صفحة مدينة×خدمة من مولّد الشبكة — تغطية محلية لكن خطر doorway/تكرار ؛ نفس جذع الخدمة `moquette-cleaning` على 9 URL ؛ لا H1 داخل جسم المقال (قد يعتمد على عنوان القالب)
شركة تنظيف موكيت في الشمال,https://www.rukn-eltatawer.com/qa/moquette-cleaning-al-shamal/,227,"critical_thin,template_boilerplate,local_doorway_variant,city_variant_similar,keyword_cannibalization,no_h1_in_body",محتوى هزيل جداً (227 كلمة) ؛ نفس الهيكل العناوين في 868 صفحة (hash a6b89d30b159) ؛ صفحة مدينة×خدمة من مولّد الشبكة — تغطية محلية لكن خطر doorway/تكرار ؛ نفس جذع الخدمة `moquette-cleaning` على 9 URL ؛ لا H1 داخل جسم المقال (قد يعتمد على عنوان القالب)
شركة تنظيف خزانات مياه في الظعاين,https://www.rukn-eltatawer.com/qa/water-tank-cleaning-al-daayen/,229,"critical_thin,template_boilerplate,local_doorway_variant,near_duplicate,keyword_cannibalization,no_h1_in_body",محتوى هزيل جداً (229 كلمة) ؛ نفس الهيكل العناوين في 905 صفحة (hash cb24e6f8b3f9) ؛ صفحة مدينة×خدمة من مولّد الشبكة — تغطية محلية لكن خطر doorway/تكرار ؛ تشابه SimHash مسافة 0 مع https://www.rukn-eltatawer.com/qa/garage-cleaning-al-daayen/ ؛ نفس جذع الخدمة `water-tank-cleaning` على 10 URL ؛ لا H1 داخل جسم المقال (قد يعتمد على عنوان القالب)
شركة تنظيف حمامات في الظعاين,https://www.rukn-eltatawer.com/qa/bathroom-cleaning-al-daayen/,219,"critical_thin,template_boilerplate,local_doorway_variant,city_variant_similar,keyword_cannibalization,no_h1_in_body",محتوى هزيل جداً (219 كلمة) ؛ نفس الهيكل العناوين في 905 صفحة (hash cb24e6f8b3f9) ؛ صفحة مدينة×خدمة من مولّد الشبكة — تغطية محلية لكن خطر doorway/تكرار ؛ نفس جذع الخدمة `bathroom-cleaning` على 9 URL ؛ لا H1 داخل جسم المقال (قد يعتمد على عنوان القالب)
شركة تنظيف مطابخ في الظعاين,https://www.rukn-eltatawer.com/qa/kitchen-cleaning-al-daayen/,231,"critical_thin,template_boilerplate,local_doorway_variant,keyword_cannibalization,no_h1_in_body",محتوى هزيل جداً (231 كلمة) ؛ نفس الهيكل العناوين في 905 صفحة (hash cb24e6f8b3f9) ؛ صفحة مدينة×خدمة من مولّد الشبكة — تغطية محلية لكن خطر doorway/تكرار ؛ نفس جذع الخدمة `kitchen-cleaning` على 9 URL ؛ لا H1 داخل جسم المقال (قد يعتمد على عنوان القالب)
شركة تنظيف مسابح في الظعاين,https://www.rukn-eltatawer.com/qa/pool-cleaning-al-daayen/,220,"critical_thin,template_boilerplate,local_doorway_variant,city_variant_similar,keyword_cannibalization,no_h1_in_body",محتوى هزيل جداً (220 كلمة) ؛ نفس الهيكل العناوين في 868 صفحة (hash a6b89d30b159) ؛ صفحة مدينة×خدمة من مولّد الشبكة — تغطية محلية لكن خطر doorway/تكرار ؛ نفس جذع الخدمة `pool-cleaning` على 9 URL ؛ لا H1 داخل جسم المقال (قد يعتمد على عنوان القالب)
شركة تنظيف محلات تجارية ومولات في الظعاين,https://www.rukn-eltatawer.com/qa/mall-cleaning-al-daayen/,225,"critical_thin,template_boilerplate,local_doorway_variant,city_variant_similar,keyword_cannibalization,no_h1_in_body",محتوى هزيل جداً (225 كلمة) ؛ نفس الهيكل العناوين في 868 صفحة (hash a6b89d30b159) ؛ صفحة مدينة×خدمة من مولّد الشبكة — تغطية محلية لكن خطر doorway/تكرار ؛ نفس جذع الخدمة `mall-cleaning` على 9 URL ؛ لا H1 داخل جسم المقال (قد يعتمد على عنوان القالب)
شركة تنظيف مجالس في الظعاين,https://www.rukn-eltatawer.com/qa/majlis-cleaning-al-daayen/,219,"critical_thin,template_boilerplate,local_doorway_variant,city_variant_similar,keyword_cannibalization,no_h1_in_body",محتوى هزيل جداً (219 كلمة) ؛ نفس الهيكل العناوين في 905 صفحة (hash cb24e6f8b3f9) ؛ صفحة مدينة×خدمة من مولّد الشبكة — تغطية محلية لكن خطر doorway/تكرار ؛ نفس جذع الخدمة `majlis-cleaning` على 9 URL ؛ لا H1 داخل جسم المقال (قد يعتمد على عنوان القالب)
شركة تنظيف مكاتب في الظعاين,https://www.rukn-eltatawer.com/qa/office-cleaning-al-daayen/,219,"critical_thin,template_boilerplate,local_doorway_variant,city_variant_similar,keyword_cannibalization,no_h1_in_body",محتوى هزيل جداً (219 كلمة) ؛ نفس الهيكل العناوين في 905 صفحة (hash cb24e6f8b3f9) ؛ صفحة مدينة×خدمة من مولّد الشبكة — تغطية محلية لكن خطر doorway/تكرار ؛ نفس جذع الخدمة `office-cleaning` على 9 URL ؛ لا H1 داخل جسم المقال (قد يعتمد على عنوان القالب)
شركة تنظيف قصور في الظعاين,https://www.rukn-eltatawer.com/qa/palace-cleaning-al-daayen/,223,"critical_thin,template_boilerplate,local_doorway_variant,city_variant_similar,keyword_cannibalization,no_h1_in_body",محتوى هزيل جداً (223 كلمة) ؛ نفس الهيكل العناوين في 868 صفحة (hash a6b89d30b159) ؛ صفحة مدينة×خدمة من مولّد الشبكة — تغطية محلية لكن خطر doorway/تكرار ؛ نفس جذع الخدمة `palace-cleaning` على 9 URL ؛ لا H1 داخل جسم المقال (قد يعتمد على عنوان القالب)
شركة تنظيف فلل في الشحانية,https://www.rukn-eltatawer.com/qa/villa-cleaning-al-shahaniya/,225,"critical_thin,template_boilerplate,local_doorway_variant,near_duplicate,keyword_cannibalization,no_h1_in_body",محتوى هزيل جداً (225 كلمة) ؛ نفس الهيكل العناوين في 905 صفحة (hash cb24e6f8b3f9) ؛ صفحة مدينة×خدمة من مولّد الشبكة — تغطية محلية لكن خطر doorway/تكرار ؛ تشابه SimHash مسافة 2 مع https://www.rukn-eltatawer.com/qa/garden-cleaning-al-shahaniya/ ؛ نفس جذع الخدمة `villa-cleaning` على 10 URL ؛ لا H1 داخل جسم المقال (قد يعتمد على عنوان القالب)
شركة تنظيف شقق في الظعاين,https://www.rukn-eltatawer.com/qa/apartment-cleaning-al-daayen/,220,"critical_thin,template_boilerplate,local_doorway_variant,near_duplicate,keyword_cannibalization,no_h1_in_body",محتوى هزيل جداً (220 كلمة) ؛ نفس الهيكل العناوين في 868 صفحة (hash a6b89d30b159) ؛ صفحة مدينة×خدمة من مولّد الشبكة — تغطية محلية لكن خطر doorway/تكرار ؛ تشابه SimHash مسافة 0 مع https://www.rukn-eltatawer.com/qa/curtain-cleaning-al-daayen/ ؛ نفس جذع الخدمة `apartment-cleaning` على 10 URL ؛ لا H1 داخل جسم المقال (قد يعتمد على عنوان القالب)
شركة تنظيف منازل في الشحانية,https://www.rukn-eltatawer.com/qa/home-cleaning-al-shahaniya/,233,"critical_thin,template_boilerplate,local_doorway_variant,city_variant_similar,keyword_cannibalization,no_h1_in_body",محتوى هزيل جداً (233 كلمة) ؛ نفس الهيكل العناوين في 905 صفحة (hash cb24e6f8b3f9) ؛ صفحة مدينة×خدمة من مولّد الشبكة — تغطية محلية لكن خطر doorway/تكرار ؛ نفس جذع الخدمة `home-cleaning` على 9 URL ؛ لا H1 داخل جسم المقال (قد يعتمد على عنوان القالب)
شركة تنظيف منازل في الشمال,https://www.rukn-eltatawer.com/qa/home-cleaning-al-shamal/,232,"critical_thin,template_boilerplate,local_doorway_variant,city_variant_similar,keyword_cannibalization,no_h1_in_body",محتوى هزيل جداً (232 كلمة) ؛ نفس الهيكل العناوين في 905 صفحة (hash cb24e6f8b3f9) ؛ صفحة مدينة×خدمة من مولّد الشبكة — تغطية محلية لكن خطر doorway/تكرار ؛ نفس جذع الخدمة `home-cleaning` على 9 URL ؛ لا H1 داخل جسم المقال (قد يعتمد على عنوان القالب)
شركة صيانة ثلاجات وتبريد تجاري في الظعاين,https://www.rukn-eltatawer.com/qa/commercial-refrigeration-maintenance-al-daayen/,224,"critical_thin,template_boilerplate,local_doorway_variant,keyword_cannibalization,no_h1_in_body",محتوى هزيل جداً (224 كلمة) ؛ نفس الهيكل العناوين في 868 صفحة (hash a6b89d30b159) ؛ صفحة مدينة×خدمة من مولّد الشبكة — تغطية محلية لكن خطر doorway/تكرار ؛ نفس جذع الخدمة `commercial-refrigeration-maintenance` على 9 URL ؛ لا H1 داخل جسم المقال (قد يعتمد على عنوان القالب)
شركة تركيب وصيانة سخانات مركزية في الظعاين,https://www.rukn-eltatawer.com/qa/central-heater-installation-maintenance-al-daayen/,220,"critical_thin,template_boilerplate,local_doorway_variant,city_variant_similar,keyword_cannibalization,no_h1_in_body",محتوى هزيل جداً (220 كلمة) ؛ نفس الهيكل العناوين في 868 صفحة (hash a6b89d30b159) ؛ صفحة مدينة×خدمة من مولّد الشبكة — تغطية محلية لكن خطر doorway/تكرار ؛ نفس جذع الخدمة `central-heater-installation-maintenance` على 9 URL ؛ لا H1 داخل جسم المقال (قد يعتمد على عنوان القالب)
شركة صيانة مضخات مياه في الظعاين,https://www.rukn-eltatawer.com/qa/water-pump-maintenance-al-daayen/,224,"critical_thin,template_boilerplate,local_doorway_variant,city_variant_similar,keyword_cannibalization,no_h1_in_body",محتوى هزيل جداً (224 كلمة) ؛ نفس الهيكل العناوين في 905 صفحة (hash cb24e6f8b3f9) ؛ صفحة مدينة×خدمة من مولّد الشبكة — تغطية محلية لكن خطر doorway/تكرار ؛ نفس جذع الخدمة `water-pump-maintenance` على 9 URL ؛ لا H1 داخل جسم المقال (قد يعتمد على عنوان القالب)
شركة صيانة لوحات كهرباء في الظعاين,https://www.rukn-eltatawer.com/qa/electric-panel-maintenance-al-daayen/,229,"critical_thin,template_boilerplate,local_doorway_variant,city_variant_similar,keyword_cannibalization,no_h1_in_body",محتوى هزيل جداً (229 كلمة) ؛ نفس الهيكل العناوين في 905 صفحة (hash cb24e6f8b3f9) ؛ صفحة مدينة×خدمة من مولّد الشبكة — تغطية محلية لكن خطر doorway/تكرار ؛ نفس جذع الخدمة `electric-panel-maintenance` على 9 URL ؛ لا H1 داخل جسم المقال (قد يعتمد على عنوان القالب)
شركة صيانة ودهان بعد التسريبات في الظعاين,https://www.rukn-eltatawer.com/qa/post-leak-repaint-maintenance-al-daayen/,242,"critical_thin,template_boilerplate,local_doorway_variant,city_variant_similar,keyword_cannibalization,no_h1_in_body",محتوى هزيل جداً (242 كلمة) ؛ نفس الهيكل العناوين في 905 صفحة (hash cb24e6f8b3f9) ؛ صفحة مدينة×خدمة من مولّد الشبكة — تغطية محلية لكن خطر doorway/تكرار ؛ نفس جذع الخدمة `post-leak-repaint-maintenance` على 9 URL ؛ لا H1 داخل جسم المقال (قد يعتمد على عنوان القالب)
شركة شفط بيارات في الشحانية,https://www.rukn-eltatawer.com/qa/septic-tank-emptying-al-shahaniya/,225,"critical_thin,template_boilerplate,local_doorway_variant,city_variant_similar,keyword_cannibalization,no_h1_in_body",محتوى هزيل جداً (225 كلمة) ؛ نفس الهيكل العناوين في 905 صفحة (hash cb24e6f8b3f9) ؛ صفحة مدينة×خدمة من مولّد الشبكة — تغطية محلية لكن خطر doorway/تكرار ؛ نفس جذع الخدمة `septic-tank-emptying` على 9 URL ؛ لا H1 داخل جسم المقال (قد يعتمد على عنوان القالب)
شركة شفط بيارات في الشمال,https://www.rukn-eltatawer.com/qa/septic-tank-emptying-al-shamal/,212,"critical_thin,template_boilerplate,local_doorway_variant,city_variant_similar,keyword_cannibalization,no_h1_in_body",محتوى هزيل جداً (212 كلمة) ؛ نفس الهيكل العناوين في 905 صفحة (hash cb24e6f8b3f9) ؛ صفحة مدينة×خدمة من مولّد الشبكة — تغطية محلية لكن خطر doorway/تكرار ؛ نفس جذع الخدمة `septic-tank-emptying` على 9 URL ؛ لا H1 داخل جسم المقال (قد يعتمد على عنوان القالب)
شركة ترميم وصيانة مباني في الظعاين,https://www.rukn-eltatawer.com/qa/building-renovation-al-daayen/,218,"critical_thin,template_boilerplate,local_doorway_variant,keyword_cannibalization,no_h1_in_body",محتوى هزيل جداً (218 كلمة) ؛ نفس الهيكل العناوين في 868 صفحة (hash a6b89d30b159) ؛ صفحة مدينة×خدمة من مولّد الشبكة — تغطية محلية لكن خطر doorway/تكرار ؛ نفس جذع الخدمة `building-renovation` على 9 URL ؛ لا H1 داخل جسم المقال (قد يعتمد على عنوان القالب)
شركة تبطين وصيانة خزانات مياه في الشحانية,https://www.rukn-eltatawer.com/qa/tank-lining-maintenance-al-shahaniya/,242,"critical_thin,template_boilerplate,local_doorway_variant,city_variant_similar,keyword_cannibalization,no_h1_in_body",محتوى هزيل جداً (242 كلمة) ؛ نفس الهيكل العناوين في 905 صفحة (hash cb24e6f8b3f9) ؛ صفحة مدينة×خدمة من مولّد الشبكة — تغطية محلية لكن خطر doorway/تكرار ؛ نفس جذع الخدمة `tank-lining-maintenance` على 9 URL ؛ لا H1 داخل جسم المقال (قد يعتمد على عنوان القالب)
شركة تبطين وصيانة خزانات مياه في الشمال,https://www.rukn-eltatawer.com/qa/tank-lining-maintenance-al-shamal/,236,"critical_thin,template_boilerplate,local_doorway_variant,city_variant_similar,keyword_cannibalization,no_h1_in_body",محتوى هزيل جداً (236 كلمة) ؛ نفس الهيكل العناوين في 868 صفحة (hash a6b89d30b159) ؛ صفحة مدينة×خدمة من مولّد الشبكة — تغطية محلية لكن خطر doorway/تكرار ؛ نفس جذع الخدمة `tank-lining-maintenance` على 9 URL ؛ لا H1 داخل جسم المقال (قد يعتمد على عنوان القالب)
شركة تركيب وصيانة أنظمة تنقية الهواء في الظعاين,https://www.rukn-eltatawer.com/qa/air-purification-al-daayen/,231,"critical_thin,template_boilerplate,local_doorway_variant,city_variant_similar,keyword_cannibalization,no_h1_in_body",محتوى هزيل جداً (231 كلمة) ؛ نفس الهيكل العناوين في 905 صفحة (hash cb24e6f8b3f9) ؛ صفحة مدينة×خدمة من مولّد الشبكة — تغطية محلية لكن خطر doorway/تكرار ؛ نفس جذع الخدمة `air-purification` على 9 URL ؛ لا H1 داخل جسم المقال (قد يعتمد على عنوان القالب)
شركة تركيب وصيانة أجهزة تبريد مياه الخزانات في الشحانية,https://www.rukn-eltatawer.com/qa/tank-water-chiller-al-shahaniya/,238,"critical_thin,template_boilerplate,local_doorway_variant,city_variant_similar,keyword_cannibalization,no_h1_in_body",محتوى هزيل جداً (238 كلمة) ؛ نفس الهيكل العناوين في 905 صفحة (hash cb24e6f8b3f9) ؛ صفحة مدينة×خدمة من مولّد الشبكة — تغطية محلية لكن خطر doorway/تكرار ؛ نفس جذع الخدمة `tank-water-chiller` على 9 URL ؛ لا H1 داخل جسم المقال (قد يعتمد على عنوان القالب)
شركة تركيب وصيانة أجهزة تبريد مياه الخزانات في الشمال,https://www.rukn-eltatawer.com/qa/tank-water-chiller-al-shamal/,239,"critical_thin,template_boilerplate,local_doorway_variant,city_variant_similar,keyword_cannibalization,no_h1_in_body",محتوى هزيل جداً (239 كلمة) ؛ نفس الهيكل العناوين في 905 صفحة (hash cb24e6f8b3f9) ؛ صفحة مدينة×خدمة من مولّد الشبكة — تغطية محلية لكن خطر doorway/تكرار ؛ نفس جذع الخدمة `tank-water-chiller` على 9 URL ؛ لا H1 داخل جسم المقال (قد يعتمد على عنوان القالب)
شركة تركيب وصيانة فلاتر مياه في الظعاين,https://www.rukn-eltatawer.com/qa/water-filters-al-daayen/,229,"critical_thin,template_boilerplate,local_doorway_variant,city_variant_similar,keyword_cannibalization,no_h1_in_body",محتوى هزيل جداً (229 كلمة) ؛ نفس الهيكل العناوين في 905 صفحة (hash cb24e6f8b3f9) ؛ صفحة مدينة×خدمة من مولّد الشبكة — تغطية محلية لكن خطر doorway/تكرار ؛ نفس جذع الخدمة `water-filters` على 9 URL ؛ لا H1 داخل جسم المقال (قد يعتمد على عنوان القالب)
شركة تركيب وصيانة محطات تحلية المياه في الظعاين,https://www.rukn-eltatawer.com/qa/ro-plants-al-daayen/,231,"critical_thin,template_boilerplate,local_doorway_variant,city_variant_similar,keyword_cannibalization,no_h1_in_body",محتوى هزيل جداً (231 كلمة) ؛ نفس الهيكل العناوين في 905 صفحة (hash cb24e6f8b3f9) ؛ صفحة مدينة×خدمة من مولّد الشبكة — تغطية محلية لكن خطر doorway/تكرار ؛ نفس جذع الخدمة `ro-plants` على 9 URL ؛ لا H1 داخل جسم المقال (قد يعتمد على عنوان القالب)
شركة تركيب وصيانة مضخات مياه وصرف صحي في الظعاين,https://www.rukn-eltatawer.com/qa/water-pumps-al-daayen/,227,"critical_thin,template_boilerplate,local_doorway_variant,city_variant_similar,keyword_cannibalization,no_h1_in_body",محتوى هزيل جداً (227 كلمة) ؛ نفس الهيكل العناوين في 905 صفحة (hash cb24e6f8b3f9) ؛ صفحة مدينة×خدمة من مولّد الشبكة — تغطية محلية لكن خطر doorway/تكرار ؛ نفس جذع الخدمة `water-pumps` على 9 URL ؛ لا H1 داخل جسم المقال (قد يعتمد على عنوان القالب)
شركة تركيب وصيانة شفاطات مطابخ في الظعاين,https://www.rukn-eltatawer.com/qa/kitchen-hoods-al-daayen/,221,"critical_thin,template_boilerplate,local_doorway_variant,city_variant_similar,keyword_cannibalization,no_h1_in_body",محتوى هزيل جداً (221 كلمة) ؛ نفس الهيكل العناوين في 868 صفحة (hash a6b89d30b159) ؛ صفحة مدينة×خدمة من مولّد الشبكة — تغطية محلية لكن خطر doorway/تكرار ؛ نفس جذع الخدمة `kitchen-hoods` على 9 URL ؛ لا H1 داخل جسم المقال (قد يعتمد على عنوان القالب)
شركة صيانة مكانس كهربائية في الظعاين,https://www.rukn-eltatawer.com/qa/vacuum-maintenance-al-daayen/,227,"critical_thin,template_boilerplate,local_doorway_variant,city_variant_similar,keyword_cannibalization,no_h1_in_body",محتوى هزيل جداً (227 كلمة) ؛ نفس الهيكل العناوين في 905 صفحة (hash cb24e6f8b3f9) ؛ صفحة مدينة×خدمة من مولّد الشبكة — تغطية محلية لكن خطر doorway/تكرار ؛ نفس جذع الخدمة `vacuum-maintenance` على 9 URL ؛ لا H1 داخل جسم المقال (قد يعتمد على عنوان القالب)
شركة صيانة مبردات مياه في الظعاين,https://www.rukn-eltatawer.com/qa/water-cooler-maintenance-al-daayen/,230,"critical_thin,template_boilerplate,local_doorway_variant,city_variant_similar,keyword_cannibalization,no_h1_in_body",محتوى هزيل جداً (230 كلمة) ؛ نفس الهيكل العناوين في 905 صفحة (hash cb24e6f8b3f9) ؛ صفحة مدينة×خدمة من مولّد الشبكة — تغطية محلية لكن خطر doorway/تكرار ؛ نفس جذع الخدمة `water-cooler-maintenance` على 9 URL ؛ لا H1 داخل جسم المقال (قد يعتمد على عنوان القالب)
شركة صيانة سخانات في الظعاين,https://www.rukn-eltatawer.com/qa/water-heater-maintenance-al-daayen/,206,"critical_thin,template_boilerplate,local_doorway_variant,keyword_cannibalization,no_h1_in_body",محتوى هزيل جداً (206 كلمة) ؛ نفس الهيكل العناوين في 868 صفحة (hash a6b89d30b159) ؛ صفحة مدينة×خدمة من مولّد الشبكة — تغطية محلية لكن خطر doorway/تكرار ؛ نفس جذع الخدمة `water-heater-maintenance` على 9 URL ؛ لا H1 داخل جسم المقال (قد يعتمد على عنوان القالب)
شركة تنظيف سجاد في الشحانية,https://www.rukn-eltatawer.com/qa/carpet-cleaning-al-shahaniya/,225,"critical_thin,template_boilerplate,local_doorway_variant,city_variant_similar,keyword_cannibalization,no_h1_in_body",محتوى هزيل جداً (225 كلمة) ؛ نفس الهيكل العناوين في 905 صفحة (hash cb24e6f8b3f9) ؛ صفحة مدينة×خدمة من مولّد الشبكة — تغطية محلية لكن خطر doorway/تكرار ؛ نفس جذع الخدمة `carpet-cleaning` على 9 URL ؛ لا H1 داخل جسم المقال (قد يعتمد على عنوان القالب)
شركة تنظيف سجاد في الشمال,https://www.rukn-eltatawer.com/qa/carpet-cleaning-al-shamal/,232,"critical_thin,template_boilerplate,local_doorway_variant,city_variant_similar,keyword_cannibalization,no_h1_in_body",محتوى هزيل جداً (232 كلمة) ؛ نفس الهيكل العناوين في 905 صفحة (hash cb24e6f8b3f9) ؛ صفحة مدينة×خدمة من مولّد الشبكة — تغطية محلية لكن خطر doorway/تكرار ؛ نفس جذع الخدمة `carpet-cleaning` على 9 URL ؛ لا H1 داخل جسم المقال (قد يعتمد على عنوان القالب)
شركة تنظيف خزانات ديزل في الشحانية,https://www.rukn-eltatawer.com/qa/diesel-tank-cleaning-al-shahaniya/,224,"critical_thin,template_boilerplate,local_doorway_variant,city_variant_similar,keyword_cannibalization,no_h1_in_body",محتوى هزيل جداً (224 كلمة) ؛ نفس الهيكل العناوين في 868 صفحة (hash a6b89d30b159) ؛ صفحة مدينة×خدمة من مولّد الشبكة — تغطية محلية لكن خطر doorway/تكرار ؛ نفس جذع الخدمة `diesel-tank-cleaning` على 9 URL ؛ لا H1 داخل جسم المقال (قد يعتمد على عنوان القالب)
شركة تنظيف خزانات ديزل في الشمال,https://www.rukn-eltatawer.com/qa/diesel-tank-cleaning-al-shamal/,213,"critical_thin,template_boilerplate,local_doorway_variant,city_variant_similar,keyword_cannibalization,no_h1_in_body",محتوى هزيل جداً (213 كلمة) ؛ نفس الهيكل العناوين في 868 صفحة (hash a6b89d30b159) ؛ صفحة مدينة×خدمة من مولّد الشبكة — تغطية محلية لكن خطر doorway/تكرار ؛ نفس جذع الخدمة `diesel-tank-cleaning` على 9 URL ؛ لا H1 داخل جسم المقال (قد يعتمد على عنوان القالب)
شركة تنظيف خزانات مياه في الشحانية,https://www.rukn-eltatawer.com/qa/water-tank-cleaning-al-shahaniya/,231,"critical_thin,template_boilerplate,local_doorway_variant,near_duplicate,keyword_cannibalization,no_h1_in_body",محتوى هزيل جداً (231 كلمة) ؛ نفس الهيكل العناوين في 905 صفحة (hash cb24e6f8b3f9) ؛ صفحة مدينة×خدمة من مولّد الشبكة — تغطية محلية لكن خطر doorway/تكرار ؛ تشابه SimHash مسافة 1 مع https://www.rukn-eltatawer.com/qa/interior-painting-al-shahaniya/ ؛ نفس جذع الخدمة `water-tank-cleaning` على 10 URL ؛ لا H1 داخل جسم المقال (قد يعتمد على عنوان القالب)
شركة تنظيف خزانات مياه في الشمال,https://www.rukn-eltatawer.com/qa/water-tank-cleaning-al-shamal/,233,"critical_thin,template_boilerplate,local_doorway_variant,near_duplicate,keyword_cannibalization,no_h1_in_body",محتوى هزيل جداً (233 كلمة) ؛ نفس الهيكل العناوين في 905 صفحة (hash cb24e6f8b3f9) ؛ صفحة مدينة×خدمة من مولّد الشبكة — تغطية محلية لكن خطر doorway/تكرار ؛ تشابه SimHash مسافة 0 مع https://www.rukn-eltatawer.com/qa/garage-cleaning-al-shamal/ ؛ نفس جذع الخدمة `water-tank-cleaning` على 10 URL ؛ لا H1 داخل جسم المقال (قد يعتمد على عنوان القالب)
شركة تنظيف حمامات في الشحانية,https://www.rukn-eltatawer.com/qa/bathroom-cleaning-al-shahaniya/,220,"critical_thin,template_boilerplate,local_doorway_variant,city_variant_similar,keyword_cannibalization,no_h1_in_body",محتوى هزيل جداً (220 كلمة) ؛ نفس الهيكل العناوين في 868 صفحة (hash a6b89d30b159) ؛ صفحة مدينة×خدمة من مولّد الشبكة — تغطية محلية لكن خطر doorway/تكرار ؛ نفس جذع الخدمة `bathroom-cleaning` على 9 URL ؛ لا H1 داخل جسم المقال (قد يعتمد على عنوان القالب)
شركة تنظيف حمامات في الشمال,https://www.rukn-eltatawer.com/qa/bathroom-cleaning-al-shamal/,217,"critical_thin,template_boilerplate,local_doorway_variant,city_variant_similar,keyword_cannibalization,no_h1_in_body",محتوى هزيل جداً (217 كلمة) ؛ نفس الهيكل العناوين في 905 صفحة (hash cb24e6f8b3f9) ؛ صفحة مدينة×خدمة من مولّد الشبكة — تغطية محلية لكن خطر doorway/تكرار ؛ نفس جذع الخدمة `bathroom-cleaning` على 9 URL ؛ لا H1 داخل جسم المقال (قد يعتمد على عنوان القالب)
شركة تنظيف مطابخ في الشحانية,https://www.rukn-eltatawer.com/qa/kitchen-cleaning-al-shahaniya/,215,"critical_thin,template_boilerplate,local_doorway_variant,keyword_cannibalization,no_h1_in_body",محتوى هزيل جداً (215 كلمة) ؛ نفس الهيكل العناوين في 868 صفحة (hash a6b89d30b159) ؛ صفحة مدينة×خدمة من مولّد الشبكة — تغطية محلية لكن خطر doorway/تكرار ؛ نفس جذع الخدمة `kitchen-cleaning` على 9 URL ؛ لا H1 داخل جسم المقال (قد يعتمد على عنوان القالب)
شركة تنظيف مطابخ في الشمال,https://www.rukn-eltatawer.com/qa/kitchen-cleaning-al-shamal/,232,"critical_thin,template_boilerplate,local_doorway_variant,city_variant_similar,keyword_cannibalization,no_h1_in_body",محتوى هزيل جداً (232 كلمة) ؛ نفس الهيكل العناوين في 905 صفحة (hash cb24e6f8b3f9) ؛ صفحة مدينة×خدمة من مولّد الشبكة — تغطية محلية لكن خطر doorway/تكرار ؛ نفس جذع الخدمة `kitchen-cleaning` على 9 URL ؛ لا H1 داخل جسم المقال (قد يعتمد على عنوان القالب)
شركة تنظيف مسابح في الشحانية,https://www.rukn-eltatawer.com/qa/pool-cleaning-al-shahaniya/,223,"critical_thin,template_boilerplate,local_doorway_variant,city_variant_similar,keyword_cannibalization,no_h1_in_body",محتوى هزيل جداً (223 كلمة) ؛ نفس الهيكل العناوين في 868 صفحة (hash a6b89d30b159) ؛ صفحة مدينة×خدمة من مولّد الشبكة — تغطية محلية لكن خطر doorway/تكرار ؛ نفس جذع الخدمة `pool-cleaning` على 9 URL ؛ لا H1 داخل جسم المقال (قد يعتمد على عنوان القالب)
شركة تنظيف مسابح في الشمال,https://www.rukn-eltatawer.com/qa/pool-cleaning-al-shamal/,212,"critical_thin,template_boilerplate,local_doorway_variant,city_variant_similar,keyword_cannibalization,no_h1_in_body",محتوى هزيل جداً (212 كلمة) ؛ نفس الهيكل العناوين في 868 صفحة (hash a6b89d30b159) ؛ صفحة مدينة×خدمة من مولّد الشبكة — تغطية محلية لكن خطر doorway/تكرار ؛ نفس جذع الخدمة `pool-cleaning` على 9 URL ؛ لا H1 داخل جسم المقال (قد يعتمد على عنوان القالب)
شركة تنظيف محلات تجارية ومولات في الشحانية,https://www.rukn-eltatawer.com/qa/mall-cleaning-al-shahaniya/,222,"critical_thin,template_boilerplate,local_doorway_variant,city_variant_similar,keyword_cannibalization,no_h1_in_body",محتوى هزيل جداً (222 كلمة) ؛ نفس الهيكل العناوين في 868 صفحة (hash a6b89d30b159) ؛ صفحة مدينة×خدمة من مولّد الشبكة — تغطية محلية لكن خطر doorway/تكرار ؛ نفس جذع الخدمة `mall-cleaning` على 9 URL ؛ لا H1 داخل جسم المقال (قد يعتمد على عنوان القالب)
شركة تنظيف محلات تجارية ومولات في الشمال,https://www.rukn-eltatawer.com/qa/mall-cleaning-al-shamal/,214,"critical_thin,template_boilerplate,local_doorway_variant,city_variant_similar,keyword_cannibalization,no_h1_in_body",محتوى هزيل جداً (214 كلمة) ؛ نفس الهيكل العناوين في 868 صفحة (hash a6b89d30b159) ؛ صفحة مدينة×خدمة من مولّد الشبكة — تغطية محلية لكن خطر doorway/تكرار ؛ نفس جذع الخدمة `mall-cleaning` على 9 URL ؛ لا H1 داخل جسم المقال (قد يعتمد على عنوان القالب)
شركة تنظيف فلل في الشمال,https://www.rukn-eltatawer.com/qa/villa-cleaning-al-shamal/,227,"critical_thin,template_boilerplate,local_doorway_variant,near_duplicate,keyword_cannibalization,no_h1_in_body",محتوى هزيل جداً (227 كلمة) ؛ نفس الهيكل العناوين في 868 صفحة (hash a6b89d30b159) ؛ صفحة مدينة×خدمة من مولّد الشبكة — تغطية محلية لكن خطر doorway/تكرار ؛ تشابه SimHash مسافة 0 مع https://www.rukn-eltatawer.com/qa/deep-cleaning-al-shamal/ ؛ نفس جذع الخدمة `villa-cleaning` على 10 URL ؛ لا H1 داخل جسم المقال (قد يعتمد على عنوان القالب)
شركة صيانة ثلاجات وتبريد تجاري في الشحانية,https://www.rukn-eltatawer.com/qa/commercial-refrigeration-maintenance-al-shahaniya/,234,"critical_thin,template_boilerplate,local_doorway_variant,city_variant_similar,keyword_cannibalization,no_h1_in_body",محتوى هزيل جداً (234 كلمة) ؛ نفس الهيكل العناوين في 905 صفحة (hash cb24e6f8b3f9) ؛ صفحة مدينة×خدمة من مولّد الشبكة — تغطية محلية لكن خطر doorway/تكرار ؛ نفس جذع الخدمة `commercial-refrigeration-maintenance` على 9 URL ؛ لا H1 داخل جسم المقال (قد يعتمد على عنوان القالب)
شركة صيانة ثلاجات وتبريد تجاري في الشمال,https://www.rukn-eltatawer.com/qa/commercial-refrigeration-maintenance-al-shamal/,215,"critical_thin,template_boilerplate,local_doorway_variant,keyword_cannibalization,no_h1_in_body",محتوى هزيل جداً (215 كلمة) ؛ نفس الهيكل العناوين في 868 صفحة (hash a6b89d30b159) ؛ صفحة مدينة×خدمة من مولّد الشبكة — تغطية محلية لكن خطر doorway/تكرار ؛ نفس جذع الخدمة `commercial-refrigeration-maintenance` على 9 URL ؛ لا H1 داخل جسم المقال (قد يعتمد على عنوان القالب)
شركة تركيب وصيانة سخانات مركزية في الشحانية,https://www.rukn-eltatawer.com/qa/central-heater-installation-maintenance-al-shahaniya/,227,"critical_thin,template_boilerplate,local_doorway_variant,city_variant_similar,keyword_cannibalization,no_h1_in_body",محتوى هزيل جداً (227 كلمة) ؛ نفس الهيكل العناوين في 905 صفحة (hash cb24e6f8b3f9) ؛ صفحة مدينة×خدمة من مولّد الشبكة — تغطية محلية لكن خطر doorway/تكرار ؛ نفس جذع الخدمة `central-heater-installation-maintenance` على 9 URL ؛ لا H1 داخل جسم المقال (قد يعتمد على عنوان القالب)
شركة تركيب وصيانة سخانات مركزية في الشمال,https://www.rukn-eltatawer.com/qa/central-heater-installation-maintenance-al-shamal/,209,"critical_thin,template_boilerplate,local_doorway_variant,city_variant_similar,keyword_cannibalization,no_h1_in_body",محتوى هزيل جداً (209 كلمة) ؛ نفس الهيكل العناوين في 868 صفحة (hash a6b89d30b159) ؛ صفحة مدينة×خدمة من مولّد الشبكة — تغطية محلية لكن خطر doorway/تكرار ؛ نفس جذع الخدمة `central-heater-installation-maintenance` على 9 URL ؛ لا H1 داخل جسم المقال (قد يعتمد على عنوان القالب)
شركة صيانة مضخات مياه في الشحانية,https://www.rukn-eltatawer.com/qa/water-pump-maintenance-al-shahaniya/,211,"critical_thin,template_boilerplate,local_doorway_variant,city_variant_similar,keyword_cannibalization,no_h1_in_body",محتوى هزيل جداً (211 كلمة) ؛ نفس الهيكل العناوين في 868 صفحة (hash a6b89d30b159) ؛ صفحة مدينة×خدمة من مولّد الشبكة — تغطية محلية لكن خطر doorway/تكرار ؛ نفس جذع الخدمة `water-pump-maintenance` على 9 URL ؛ لا H1 داخل جسم المقال (قد يعتمد على عنوان القالب)
شركة صيانة مضخات مياه في الشمال,https://www.rukn-eltatawer.com/qa/water-pump-maintenance-al-shamal/,225,"critical_thin,template_boilerplate,local_doorway_variant,city_variant_similar,keyword_cannibalization,no_h1_in_body",محتوى هزيل جداً (225 كلمة) ؛ نفس الهيكل العناوين في 905 صفحة (hash cb24e6f8b3f9) ؛ صفحة مدينة×خدمة من مولّد الشبكة — تغطية محلية لكن خطر doorway/تكرار ؛ نفس جذع الخدمة `water-pump-maintenance` على 9 URL ؛ لا H1 داخل جسم المقال (قد يعتمد على عنوان القالب)
شركة صيانة لوحات كهرباء في الشحانية,https://www.rukn-eltatawer.com/qa/electric-panel-maintenance-al-shahaniya/,218,"critical_thin,template_boilerplate,local_doorway_variant,city_variant_similar,keyword_cannibalization,no_h1_in_body",محتوى هزيل جداً (218 كلمة) ؛ نفس الهيكل العناوين في 868 صفحة (hash a6b89d30b159) ؛ صفحة مدينة×خدمة من مولّد الشبكة — تغطية محلية لكن خطر doorway/تكرار ؛ نفس جذع الخدمة `electric-panel-maintenance` على 9 URL ؛ لا H1 داخل جسم المقال (قد يعتمد على عنوان القالب)
شركة صيانة لوحات كهرباء في الشمال,https://www.rukn-eltatawer.com/qa/electric-panel-maintenance-al-shamal/,227,"critical_thin,template_boilerplate,local_doorway_variant,city_variant_similar,keyword_cannibalization,no_h1_in_body",محتوى هزيل جداً (227 كلمة) ؛ نفس الهيكل العناوين في 905 صفحة (hash cb24e6f8b3f9) ؛ صفحة مدينة×خدمة من مولّد الشبكة — تغطية محلية لكن خطر doorway/تكرار ؛ نفس جذع الخدمة `electric-panel-maintenance` على 9 URL ؛ لا H1 داخل جسم المقال (قد يعتمد على عنوان القالب)
شركة صيانة ودهان بعد التسريبات في الشحانية,https://www.rukn-eltatawer.com/qa/post-leak-repaint-maintenance-al-shahaniya/,246,"critical_thin,template_boilerplate,local_doorway_variant,keyword_cannibalization,no_h1_in_body",محتوى هزيل جداً (246 كلمة) ؛ نفس الهيكل العناوين في 868 صفحة (hash a6b89d30b159) ؛ صفحة مدينة×خدمة من مولّد الشبكة — تغطية محلية لكن خطر doorway/تكرار ؛ نفس جذع الخدمة `post-leak-repaint-maintenance` على 9 URL ؛ لا H1 داخل جسم المقال (قد يعتمد على عنوان القالب)
شركة صيانة ودهان بعد التسريبات في الشمال,https://www.rukn-eltatawer.com/qa/post-leak-repaint-maintenance-al-shamal/,242,"critical_thin,template_boilerplate,local_doorway_variant,city_variant_similar,keyword_cannibalization,no_h1_in_body",محتوى هزيل جداً (242 كلمة) ؛ نفس الهيكل العناوين في 905 صفحة (hash cb24e6f8b3f9) ؛ صفحة مدينة×خدمة من مولّد الشبكة — تغطية محلية لكن خطر doorway/تكرار ؛ نفس جذع الخدمة `post-leak-repaint-maintenance` على 9 URL ؛ لا H1 داخل جسم المقال (قد يعتمد على عنوان القالب)
شركة ترميم وصيانة مباني في الشحانية,https://www.rukn-eltatawer.com/qa/building-renovation-al-shahaniya/,221,"critical_thin,template_boilerplate,local_doorway_variant,city_variant_similar,keyword_cannibalization,no_h1_in_body",محتوى هزيل جداً (221 كلمة) ؛ نفس الهيكل العناوين في 868 صفحة (hash a6b89d30b159) ؛ صفحة مدينة×خدمة من مولّد الشبكة — تغطية محلية لكن خطر doorway/تكرار ؛ نفس جذع الخدمة `building-renovation` على 9 URL ؛ لا H1 داخل جسم المقال (قد يعتمد على عنوان القالب)
شركة ترميم وصيانة مباني في الشمال,https://www.rukn-eltatawer.com/qa/building-renovation-al-shamal/,225,"critical_thin,template_boilerplate,local_doorway_variant,city_variant_similar,keyword_cannibalization,no_h1_in_body",محتوى هزيل جداً (225 كلمة) ؛ نفس الهيكل العناوين في 868 صفحة (hash a6b89d30b159) ؛ صفحة مدينة×خدمة من مولّد الشبكة — تغطية محلية لكن خطر doorway/تكرار ؛ نفس جذع الخدمة `building-renovation` على 9 URL ؛ لا H1 داخل جسم المقال (قد يعتمد على عنوان القالب)
شركة تركيب وصيانة أنظمة تنقية الهواء في الشحانية,https://www.rukn-eltatawer.com/qa/air-purification-al-shahaniya/,226,"critical_thin,template_boilerplate,local_doorway_variant,city_variant_similar,keyword_cannibalization,no_h1_in_body",محتوى هزيل جداً (226 كلمة) ؛ نفس الهيكل العناوين في 868 صفحة (hash a6b89d30b159) ؛ صفحة مدينة×خدمة من مولّد الشبكة — تغطية محلية لكن خطر doorway/تكرار ؛ نفس جذع الخدمة `air-purification` على 9 URL ؛ لا H1 داخل جسم المقال (قد يعتمد على عنوان القالب)
شركة تركيب وصيانة أنظمة تنقية الهواء في الشمال,https://www.rukn-eltatawer.com/qa/air-purification-al-shamal/,237,"critical_thin,template_boilerplate,local_doorway_variant,city_variant_similar,keyword_cannibalization,no_h1_in_body",محتوى هزيل جداً (237 كلمة) ؛ نفس الهيكل العناوين في 905 صفحة (hash cb24e6f8b3f9) ؛ صفحة مدينة×خدمة من مولّد الشبكة — تغطية محلية لكن خطر doorway/تكرار ؛ نفس جذع الخدمة `air-purification` على 9 URL ؛ لا H1 داخل جسم المقال (قد يعتمد على عنوان القالب)
شركة تركيب وصيانة فلاتر مياه في الشحانية,https://www.rukn-eltatawer.com/qa/water-filters-al-shahaniya/,231,"critical_thin,template_boilerplate,local_doorway_variant,city_variant_similar,keyword_cannibalization,no_h1_in_body",محتوى هزيل جداً (231 كلمة) ؛ نفس الهيكل العناوين في 905 صفحة (hash cb24e6f8b3f9) ؛ صفحة مدينة×خدمة من مولّد الشبكة — تغطية محلية لكن خطر doorway/تكرار ؛ نفس جذع الخدمة `water-filters` على 9 URL ؛ لا H1 داخل جسم المقال (قد يعتمد على عنوان القالب)
شركة تركيب وصيانة فلاتر مياه في الشمال,https://www.rukn-eltatawer.com/qa/water-filters-al-shamal/,220,"critical_thin,template_boilerplate,local_doorway_variant,city_variant_similar,keyword_cannibalization,no_h1_in_body",محتوى هزيل جداً (220 كلمة) ؛ نفس الهيكل العناوين في 905 صفحة (hash cb24e6f8b3f9) ؛ صفحة مدينة×خدمة من مولّد الشبكة — تغطية محلية لكن خطر doorway/تكرار ؛ نفس جذع الخدمة `water-filters` على 9 URL ؛ لا H1 داخل جسم المقال (قد يعتمد على عنوان القالب)
شركة تركيب وصيانة محطات تحلية المياه في الشحانية,https://www.rukn-eltatawer.com/qa/ro-plants-al-shahaniya/,233,"critical_thin,template_boilerplate,local_doorway_variant,city_variant_similar,keyword_cannibalization,no_h1_in_body",محتوى هزيل جداً (233 كلمة) ؛ نفس الهيكل العناوين في 905 صفحة (hash cb24e6f8b3f9) ؛ صفحة مدينة×خدمة من مولّد الشبكة — تغطية محلية لكن خطر doorway/تكرار ؛ نفس جذع الخدمة `ro-plants` على 9 URL ؛ لا H1 داخل جسم المقال (قد يعتمد على عنوان القالب)
شركة تركيب وصيانة محطات تحلية المياه في الشمال,https://www.rukn-eltatawer.com/qa/ro-plants-al-shamal/,222,"critical_thin,template_boilerplate,local_doorway_variant,city_variant_similar,keyword_cannibalization,no_h1_in_body",محتوى هزيل جداً (222 كلمة) ؛ نفس الهيكل العناوين في 905 صفحة (hash cb24e6f8b3f9) ؛ صفحة مدينة×خدمة من مولّد الشبكة — تغطية محلية لكن خطر doorway/تكرار ؛ نفس جذع الخدمة `ro-plants` على 9 URL ؛ لا H1 داخل جسم المقال (قد يعتمد على عنوان القالب)
شركة تركيب وصيانة مضخات مياه وصرف صحي في الشحانية,https://www.rukn-eltatawer.com/qa/water-pumps-al-shahaniya/,229,"critical_thin,template_boilerplate,local_doorway_variant,city_variant_similar,keyword_cannibalization,no_h1_in_body",محتوى هزيل جداً (229 كلمة) ؛ نفس الهيكل العناوين في 905 صفحة (hash cb24e6f8b3f9) ؛ صفحة مدينة×خدمة من مولّد الشبكة — تغطية محلية لكن خطر doorway/تكرار ؛ نفس جذع الخدمة `water-pumps` على 9 URL ؛ لا H1 داخل جسم المقال (قد يعتمد على عنوان القالب)
شركة تركيب وصيانة مضخات مياه وصرف صحي في الشمال,https://www.rukn-eltatawer.com/qa/water-pumps-al-shamal/,216,"critical_thin,template_boilerplate,local_doorway_variant,city_variant_similar,keyword_cannibalization,no_h1_in_body",محتوى هزيل جداً (216 كلمة) ؛ نفس الهيكل العناوين في 905 صفحة (hash cb24e6f8b3f9) ؛ صفحة مدينة×خدمة من مولّد الشبكة — تغطية محلية لكن خطر doorway/تكرار ؛ نفس جذع الخدمة `water-pumps` على 9 URL ؛ لا H1 داخل جسم المقال (قد يعتمد على عنوان القالب)
شركة صيانة ميكروويف في الظعاين,https://www.rukn-eltatawer.com/qa/microwave-maintenance-al-daayen/,208,"critical_thin,template_boilerplate,local_doorway_variant,city_variant_similar,keyword_cannibalization,no_h1_in_body",محتوى هزيل جداً (208 كلمة) ؛ نفس الهيكل العناوين في 868 صفحة (hash a6b89d30b159) ؛ صفحة مدينة×خدمة من مولّد الشبكة — تغطية محلية لكن خطر doorway/تكرار ؛ نفس جذع الخدمة `microwave-maintenance` على 9 URL ؛ لا H1 داخل جسم المقال (قد يعتمد على عنوان القالب)
شركة صيانة نشافات في الظعاين,https://www.rukn-eltatawer.com/qa/dryer-maintenance-al-daayen/,228,"critical_thin,template_boilerplate,local_doorway_variant,keyword_cannibalization,no_h1_in_body",محتوى هزيل جداً (228 كلمة) ؛ نفس الهيكل العناوين في 905 صفحة (hash cb24e6f8b3f9) ؛ صفحة مدينة×خدمة من مولّد الشبكة — تغطية محلية لكن خطر doorway/تكرار ؛ نفس جذع الخدمة `dryer-maintenance` على 9 URL ؛ لا H1 داخل جسم المقال (قد يعتمد على عنوان القالب)
شركة صيانة غسالات في الظعاين,https://www.rukn-eltatawer.com/qa/washer-maintenance-al-daayen/,228,"critical_thin,template_boilerplate,local_doorway_variant,city_variant_similar,keyword_cannibalization,no_h1_in_body",محتوى هزيل جداً (228 كلمة) ؛ نفس الهيكل العناوين في 905 صفحة (hash cb24e6f8b3f9) ؛ صفحة مدينة×خدمة من مولّد الشبكة — تغطية محلية لكن خطر doorway/تكرار ؛ نفس جذع الخدمة `washer-maintenance` على 9 URL ؛ لا H1 داخل جسم المقال (قد يعتمد على عنوان القالب)
شركة صيانة ثلاجات في الظعاين,https://www.rukn-eltatawer.com/qa/fridge-maintenance-al-daayen/,220,"critical_thin,template_boilerplate,local_doorway_variant,city_variant_similar,keyword_cannibalization,no_h1_in_body",محتوى هزيل جداً (220 كلمة) ؛ نفس الهيكل العناوين في 868 صفحة (hash a6b89d30b159) ؛ صفحة مدينة×خدمة من مولّد الشبكة — تغطية محلية لكن خطر doorway/تكرار ؛ نفس جذع الخدمة `fridge-maintenance` على 9 URL ؛ لا H1 داخل جسم المقال (قد يعتمد على عنوان القالب)
شركة صيانة الأجهزة الكهربائية في الظعاين,https://www.rukn-eltatawer.com/qa/appliance-maintenance-al-daayen/,210,"critical_thin,template_boilerplate,local_doorway_variant,city_variant_similar,keyword_cannibalization,no_h1_in_body",محتوى هزيل جداً (210 كلمة) ؛ نفس الهيكل العناوين في 868 صفحة (hash a6b89d30b159) ؛ صفحة مدينة×خدمة من مولّد الشبكة — تغطية محلية لكن خطر doorway/تكرار ؛ نفس جذع الخدمة `appliance-maintenance` على 9 URL ؛ لا H1 داخل جسم المقال (قد يعتمد على عنوان القالب)
شركة صيانة بوتاجازات في الظعاين,https://www.rukn-eltatawer.com/qa/stove-maintenance-al-daayen/,208,"critical_thin,template_boilerplate,local_doorway_variant,city_variant_similar,keyword_cannibalization,no_h1_in_body",محتوى هزيل جداً (208 كلمة) ؛ نفس الهيكل العناوين في 868 صفحة (hash a6b89d30b159) ؛ صفحة مدينة×خدمة من مولّد الشبكة — تغطية محلية لكن خطر doorway/تكرار ؛ نفس جذع الخدمة `stove-maintenance` على 9 URL ؛ لا H1 داخل جسم المقال (قد يعتمد على عنوان القالب)
شركة صيانة أفران في الظعاين,https://www.rukn-eltatawer.com/qa/oven-maintenance-al-daayen/,228,"critical_thin,template_boilerplate,local_doorway_variant,city_variant_similar,keyword_cannibalization,no_h1_in_body",محتوى هزيل جداً (228 كلمة) ؛ نفس الهيكل العناوين في 905 صفحة (hash cb24e6f8b3f9) ؛ صفحة مدينة×خدمة من مولّد الشبكة — تغطية محلية لكن خطر doorway/تكرار ؛ نفس جذع الخدمة `oven-maintenance` على 9 URL ؛ لا H1 داخل جسم المقال (قد يعتمد على عنوان القالب)
شركة صيانة أبواب أوتوماتيكية في الظعاين,https://www.rukn-eltatawer.com/qa/automatic-doors-maintenance-al-daayen/,222,"critical_thin,template_boilerplate,local_doorway_variant,keyword_cannibalization,no_h1_in_body",محتوى هزيل جداً (222 كلمة) ؛ نفس الهيكل العناوين في 868 صفحة (hash a6b89d30b159) ؛ صفحة مدينة×خدمة من مولّد الشبكة — تغطية محلية لكن خطر doorway/تكرار ؛ نفس جذع الخدمة `automatic-doors-maintenance` على 9 URL ؛ لا H1 داخل جسم المقال (قد يعتمد على عنوان القالب)
شركة صيانة كاميرات مراقبة في الظعاين,https://www.rukn-eltatawer.com/qa/cctv-maintenance-al-daayen/,218,"critical_thin,template_boilerplate,local_doorway_variant,keyword_cannibalization,no_h1_in_body",محتوى هزيل جداً (218 كلمة) ؛ نفس الهيكل العناوين في 868 صفحة (hash a6b89d30b159) ؛ صفحة مدينة×خدمة من مولّد الشبكة — تغطية محلية لكن خطر doorway/تكرار ؛ نفس جذع الخدمة `cctv-maintenance` على 9 URL ؛ لا H1 داخل جسم المقال (قد يعتمد على عنوان القالب)
شركة تنظيف مجالس في الشحانية,https://www.rukn-eltatawer.com/qa/majlis-cleaning-al-shahaniya/,220,"critical_thin,template_boilerplate,local_doorway_variant,city_variant_similar,keyword_cannibalization,no_h1_in_body",محتوى هزيل جداً (220 كلمة) ؛ نفس الهيكل العناوين في 868 صفحة (hash a6b89d30b159) ؛ صفحة مدينة×خدمة من مولّد الشبكة — تغطية محلية لكن خطر doorway/تكرار ؛ نفس جذع الخدمة `majlis-cleaning` على 9 URL ؛ لا H1 داخل جسم المقال (قد يعتمد على عنوان القالب)
شركة تنظيف مجالس في الشمال,https://www.rukn-eltatawer.com/qa/majlis-cleaning-al-shamal/,232,"critical_thin,template_boilerplate,local_doorway_variant,city_variant_similar,keyword_cannibalization,no_h1_in_body",محتوى هزيل جداً (232 كلمة) ؛ نفس الهيكل العناوين في 905 صفحة (hash cb24e6f8b3f9) ؛ صفحة مدينة×خدمة من مولّد الشبكة — تغطية محلية لكن خطر doorway/تكرار ؛ نفس جذع الخدمة `majlis-cleaning` على 9 URL ؛ لا H1 داخل جسم المقال (قد يعتمد على عنوان القالب)
شركة تنظيف مكاتب في الشحانية,https://www.rukn-eltatawer.com/qa/office-cleaning-al-shahaniya/,220,"critical_thin,template_boilerplate,local_doorway_variant,city_variant_similar,keyword_cannibalization,no_h1_in_body",محتوى هزيل جداً (220 كلمة) ؛ نفس الهيكل العناوين في 868 صفحة (hash a6b89d30b159) ؛ صفحة مدينة×خدمة من مولّد الشبكة — تغطية محلية لكن خطر doorway/تكرار ؛ نفس جذع الخدمة `office-cleaning` على 9 URL ؛ لا H1 داخل جسم المقال (قد يعتمد على عنوان القالب)
شركة تنظيف مكاتب في الشمال,https://www.rukn-eltatawer.com/qa/office-cleaning-al-shamal/,217,"critical_thin,template_boilerplate,local_doorway_variant,city_variant_similar,keyword_cannibalization,no_h1_in_body",محتوى هزيل جداً (217 كلمة) ؛ نفس الهيكل العناوين في 905 صفحة (hash cb24e6f8b3f9) ؛ صفحة مدينة×خدمة من مولّد الشبكة — تغطية محلية لكن خطر doorway/تكرار ؛ نفس جذع الخدمة `office-cleaning` على 9 URL ؛ لا H1 داخل جسم المقال (قد يعتمد على عنوان القالب)
شركة تنظيف قصور في الشحانية,https://www.rukn-eltatawer.com/qa/palace-cleaning-al-shahaniya/,233,"critical_thin,template_boilerplate,local_doorway_variant,city_variant_similar,keyword_cannibalization,no_h1_in_body",محتوى هزيل جداً (233 كلمة) ؛ نفس الهيكل العناوين في 905 صفحة (hash cb24e6f8b3f9) ؛ صفحة مدينة×خدمة من مولّد الشبكة — تغطية محلية لكن خطر doorway/تكرار ؛ نفس جذع الخدمة `palace-cleaning` على 9 URL ؛ لا H1 داخل جسم المقال (قد يعتمد على عنوان القالب)
شركة تنظيف قصور في الشمال,https://www.rukn-eltatawer.com/qa/palace-cleaning-al-shamal/,212,"critical_thin,template_boilerplate,local_doorway_variant,city_variant_similar,keyword_cannibalization,no_h1_in_body",محتوى هزيل جداً (212 كلمة) ؛ نفس الهيكل العناوين في 868 صفحة (hash a6b89d30b159) ؛ صفحة مدينة×خدمة من مولّد الشبكة — تغطية محلية لكن خطر doorway/تكرار ؛ نفس جذع الخدمة `palace-cleaning` على 9 URL ؛ لا H1 داخل جسم المقال (قد يعتمد على عنوان القالب)
شركة تنظيف شقق في الشحانية,https://www.rukn-eltatawer.com/qa/apartment-cleaning-al-shahaniya/,223,"critical_thin,template_boilerplate,local_doorway_variant,near_duplicate,keyword_cannibalization,no_h1_in_body",محتوى هزيل جداً (223 كلمة) ؛ نفس الهيكل العناوين في 868 صفحة (hash a6b89d30b159) ؛ صفحة مدينة×خدمة من مولّد الشبكة — تغطية محلية لكن خطر doorway/تكرار ؛ تشابه SimHash مسافة 1 مع https://www.rukn-eltatawer.com/qa/pool-cleaning-al-shahaniya/ ؛ نفس جذع الخدمة `apartment-cleaning` على 10 URL ؛ لا H1 داخل جسم المقال (قد يعتمد على عنوان القالب)
شركة تنظيف شقق في الشمال,https://www.rukn-eltatawer.com/qa/apartment-cleaning-al-shamal/,212,"critical_thin,template_boilerplate,local_doorway_variant,near_duplicate,keyword_cannibalization,no_h1_in_body",محتوى هزيل جداً (212 كلمة) ؛ نفس الهيكل العناوين في 868 صفحة (hash a6b89d30b159) ؛ صفحة مدينة×خدمة من مولّد الشبكة — تغطية محلية لكن خطر doorway/تكرار ؛ تشابه SimHash مسافة 0 مع https://www.rukn-eltatawer.com/qa/mattress-cleaning-al-shamal/ ؛ نفس جذع الخدمة `apartment-cleaning` على 10 URL ؛ لا H1 داخل جسم المقال (قد يعتمد على عنوان القالب)
شركة تركيب وصيانة شفاطات مطابخ في الشحانية,https://www.rukn-eltatawer.com/qa/kitchen-hoods-al-shahaniya/,224,"critical_thin,template_boilerplate,local_doorway_variant,city_variant_similar,keyword_cannibalization,no_h1_in_body",محتوى هزيل جداً (224 كلمة) ؛ نفس الهيكل العناوين في 868 صفحة (hash a6b89d30b159) ؛ صفحة مدينة×خدمة من مولّد الشبكة — تغطية محلية لكن خطر doorway/تكرار ؛ نفس جذع الخدمة `kitchen-hoods` على 9 URL ؛ لا H1 داخل جسم المقال (قد يعتمد على عنوان القالب)
شركة تركيب وصيانة شفاطات مطابخ في الشمال,https://www.rukn-eltatawer.com/qa/kitchen-hoods-al-shamal/,215,"critical_thin,template_boilerplate,local_doorway_variant,keyword_cannibalization,no_h1_in_body",محتوى هزيل جداً (215 كلمة) ؛ نفس الهيكل العناوين في 868 صفحة (hash a6b89d30b159) ؛ صفحة مدينة×خدمة من مولّد الشبكة — تغطية محلية لكن خطر doorway/تكرار ؛ نفس جذع الخدمة `kitchen-hoods` على 9 URL ؛ لا H1 داخل جسم المقال (قد يعتمد على عنوان القالب)
شركة صيانة مكانس كهربائية في الشحانية,https://www.rukn-eltatawer.com/qa/vacuum-maintenance-al-shahaniya/,214,"critical_thin,template_boilerplate,local_doorway_variant,city_variant_similar,keyword_cannibalization,no_h1_in_body",محتوى هزيل جداً (214 كلمة) ؛ نفس الهيكل العناوين في 868 صفحة (hash a6b89d30b159) ؛ صفحة مدينة×خدمة من مولّد الشبكة — تغطية محلية لكن خطر doorway/تكرار ؛ نفس جذع الخدمة `vacuum-maintenance` على 9 URL ؛ لا H1 داخل جسم المقال (قد يعتمد على عنوان القالب)
شركة صيانة مكانس كهربائية في الشمال,https://www.rukn-eltatawer.com/qa/vacuum-maintenance-al-shamal/,230,"critical_thin,template_boilerplate,local_doorway_variant,city_variant_similar,keyword_cannibalization,no_h1_in_body",محتوى هزيل جداً (230 كلمة) ؛ نفس الهيكل العناوين في 905 صفحة (hash cb24e6f8b3f9) ؛ صفحة مدينة×خدمة من مولّد الشبكة — تغطية محلية لكن خطر doorway/تكرار ؛ نفس جذع الخدمة `vacuum-maintenance` على 9 URL ؛ لا H1 داخل جسم المقال (قد يعتمد على عنوان القالب)
شركة صيانة مبردات مياه في الشحانية,https://www.rukn-eltatawer.com/qa/water-cooler-maintenance-al-shahaniya/,224,"critical_thin,template_boilerplate,local_doorway_variant,city_variant_similar,keyword_cannibalization,no_h1_in_body",محتوى هزيل جداً (224 كلمة) ؛ نفس الهيكل العناوين في 905 صفحة (hash cb24e6f8b3f9) ؛ صفحة مدينة×خدمة من مولّد الشبكة — تغطية محلية لكن خطر doorway/تكرار ؛ نفس جذع الخدمة `water-cooler-maintenance` على 9 URL ؛ لا H1 داخل جسم المقال (قد يعتمد على عنوان القالب)
شركة صيانة مبردات مياه في الشمال,https://www.rukn-eltatawer.com/qa/water-cooler-maintenance-al-shamal/,218,"critical_thin,template_boilerplate,local_doorway_variant,city_variant_similar,keyword_cannibalization,no_h1_in_body",محتوى هزيل جداً (218 كلمة) ؛ نفس الهيكل العناوين في 905 صفحة (hash cb24e6f8b3f9) ؛ صفحة مدينة×خدمة من مولّد الشبكة — تغطية محلية لكن خطر doorway/تكرار ؛ نفس جذع الخدمة `water-cooler-maintenance` على 9 URL ؛ لا H1 داخل جسم المقال (قد يعتمد على عنوان القالب)
شركة صيانة سخانات في الشحانية,https://www.rukn-eltatawer.com/qa/water-heater-maintenance-al-shahaniya/,210,"critical_thin,template_boilerplate,local_doorway_variant,city_variant_similar,keyword_cannibalization,no_h1_in_body",محتوى هزيل جداً (210 كلمة) ؛ نفس الهيكل العناوين في 868 صفحة (hash a6b89d30b159) ؛ صفحة مدينة×خدمة من مولّد الشبكة — تغطية محلية لكن خطر doorway/تكرار ؛ نفس جذع الخدمة `water-heater-maintenance` على 9 URL ؛ لا H1 داخل جسم المقال (قد يعتمد على عنوان القالب)
شركة صيانة سخانات في الشمال,https://www.rukn-eltatawer.com/qa/water-heater-maintenance-al-shamal/,222,"critical_thin,template_boilerplate,local_doorway_variant,city_variant_similar,keyword_cannibalization,no_h1_in_body",محتوى هزيل جداً (222 كلمة) ؛ نفس الهيكل العناوين في 868 صفحة (hash a6b89d30b159) ؛ صفحة مدينة×خدمة من مولّد الشبكة — تغطية محلية لكن خطر doorway/تكرار ؛ نفس جذع الخدمة `water-heater-maintenance` على 9 URL ؛ لا H1 داخل جسم المقال (قد يعتمد على عنوان القالب)
شركة صيانة ميكروويف في الشحانية,https://www.rukn-eltatawer.com/qa/microwave-maintenance-al-shahaniya/,230,"critical_thin,template_boilerplate,local_doorway_variant,city_variant_similar,keyword_cannibalization,no_h1_in_body",محتوى هزيل جداً (230 كلمة) ؛ نفس الهيكل العناوين في 905 صفحة (hash cb24e6f8b3f9) ؛ صفحة مدينة×خدمة من مولّد الشبكة — تغطية محلية لكن خطر doorway/تكرار ؛ نفس جذع الخدمة `microwave-maintenance` على 9 URL ؛ لا H1 داخل جسم المقال (قد يعتمد على عنوان القالب)
شركة صيانة ميكروويف في الشمال,https://www.rukn-eltatawer.com/qa/microwave-maintenance-al-shamal/,226,"critical_thin,template_boilerplate,local_doorway_variant,city_variant_similar,keyword_cannibalization,no_h1_in_body",محتوى هزيل جداً (226 كلمة) ؛ نفس الهيكل العناوين في 868 صفحة (hash a6b89d30b159) ؛ صفحة مدينة×خدمة من مولّد الشبكة — تغطية محلية لكن خطر doorway/تكرار ؛ نفس جذع الخدمة `microwave-maintenance` على 9 URL ؛ لا H1 داخل جسم المقال (قد يعتمد على عنوان القالب)
شركة صيانة نشافات في الشحانية,https://www.rukn-eltatawer.com/qa/dryer-maintenance-al-shahaniya/,212,"critical_thin,template_boilerplate,local_doorway_variant,city_variant_similar,keyword_cannibalization,no_h1_in_body",محتوى هزيل جداً (212 كلمة) ؛ نفس الهيكل العناوين في 868 صفحة (hash a6b89d30b159) ؛ صفحة مدينة×خدمة من مولّد الشبكة — تغطية محلية لكن خطر doorway/تكرار ؛ نفس جذع الخدمة `dryer-maintenance` على 9 URL ؛ لا H1 داخل جسم المقال (قد يعتمد على عنوان القالب)
شركة صيانة نشافات في الشمال,https://www.rukn-eltatawer.com/qa/dryer-maintenance-al-shamal/,228,"critical_thin,template_boilerplate,local_doorway_variant,city_variant_similar,keyword_cannibalization,no_h1_in_body",محتوى هزيل جداً (228 كلمة) ؛ نفس الهيكل العناوين في 905 صفحة (hash cb24e6f8b3f9) ؛ صفحة مدينة×خدمة من مولّد الشبكة — تغطية محلية لكن خطر doorway/تكرار ؛ نفس جذع الخدمة `dryer-maintenance` على 9 URL ؛ لا H1 داخل جسم المقال (قد يعتمد على عنوان القالب)
شركة صيانة غسالات في الشحانية,https://www.rukn-eltatawer.com/qa/washer-maintenance-al-shahaniya/,220,"critical_thin,template_boilerplate,local_doorway_variant,city_variant_similar,keyword_cannibalization,no_h1_in_body",محتوى هزيل جداً (220 كلمة) ؛ نفس الهيكل العناوين في 868 صفحة (hash a6b89d30b159) ؛ صفحة مدينة×خدمة من مولّد الشبكة — تغطية محلية لكن خطر doorway/تكرار ؛ نفس جذع الخدمة `washer-maintenance` على 9 URL ؛ لا H1 داخل جسم المقال (قد يعتمد على عنوان القالب)
شركة صيانة غسالات في الشمال,https://www.rukn-eltatawer.com/qa/washer-maintenance-al-shamal/,228,"critical_thin,template_boilerplate,local_doorway_variant,city_variant_similar,keyword_cannibalization,no_h1_in_body",محتوى هزيل جداً (228 كلمة) ؛ نفس الهيكل العناوين في 905 صفحة (hash cb24e6f8b3f9) ؛ صفحة مدينة×خدمة من مولّد الشبكة — تغطية محلية لكن خطر doorway/تكرار ؛ نفس جذع الخدمة `washer-maintenance` على 9 URL ؛ لا H1 داخل جسم المقال (قد يعتمد على عنوان القالب)
شركة صيانة ثلاجات في الشحانية,https://www.rukn-eltatawer.com/qa/fridge-maintenance-al-shahaniya/,217,"critical_thin,template_boilerplate,local_doorway_variant,city_variant_similar,keyword_cannibalization,no_h1_in_body",محتوى هزيل جداً (217 كلمة) ؛ نفس الهيكل العناوين في 868 صفحة (hash a6b89d30b159) ؛ صفحة مدينة×خدمة من مولّد الشبكة — تغطية محلية لكن خطر doorway/تكرار ؛ نفس جذع الخدمة `fridge-maintenance` على 9 URL ؛ لا H1 داخل جسم المقال (قد يعتمد على عنوان القالب)
شركة صيانة ثلاجات في الشمال,https://www.rukn-eltatawer.com/qa/fridge-maintenance-al-shamal/,226,"critical_thin,template_boilerplate,local_doorway_variant,city_variant_similar,keyword_cannibalization,no_h1_in_body",محتوى هزيل جداً (226 كلمة) ؛ نفس الهيكل العناوين في 868 صفحة (hash a6b89d30b159) ؛ صفحة مدينة×خدمة من مولّد الشبكة — تغطية محلية لكن خطر doorway/تكرار ؛ نفس جذع الخدمة `fridge-maintenance` على 9 URL ؛ لا H1 داخل جسم المقال (قد يعتمد على عنوان القالب)
شركة صيانة الأجهزة الكهربائية في الشحانية,https://www.rukn-eltatawer.com/qa/appliance-maintenance-al-shahaniya/,214,"critical_thin,template_boilerplate,local_doorway_variant,keyword_cannibalization,no_h1_in_body",محتوى هزيل جداً (214 كلمة) ؛ نفس الهيكل العناوين في 868 صفحة (hash a6b89d30b159) ؛ صفحة مدينة×خدمة من مولّد الشبكة — تغطية محلية لكن خطر doorway/تكرار ؛ نفس جذع الخدمة `appliance-maintenance` على 9 URL ؛ لا H1 داخل جسم المقال (قد يعتمد على عنوان القالب)
شركة صيانة الأجهزة الكهربائية في الشمال,https://www.rukn-eltatawer.com/qa/appliance-maintenance-al-shamal/,213,"critical_thin,template_boilerplate,local_doorway_variant,city_variant_similar,keyword_cannibalization,no_h1_in_body",محتوى هزيل جداً (213 كلمة) ؛ نفس الهيكل العناوين في 868 صفحة (hash a6b89d30b159) ؛ صفحة مدينة×خدمة من مولّد الشبكة — تغطية محلية لكن خطر doorway/تكرار ؛ نفس جذع الخدمة `appliance-maintenance` على 9 URL ؛ لا H1 داخل جسم المقال (قد يعتمد على عنوان القالب)
شركة صيانة بوتاجازات في الشحانية,https://www.rukn-eltatawer.com/qa/stove-maintenance-al-shahaniya/,227,"critical_thin,template_boilerplate,local_doorway_variant,city_variant_similar,keyword_cannibalization,no_h1_in_body",محتوى هزيل جداً (227 كلمة) ؛ نفس الهيكل العناوين في 905 صفحة (hash cb24e6f8b3f9) ؛ صفحة مدينة×خدمة من مولّد الشبكة — تغطية محلية لكن خطر doorway/تكرار ؛ نفس جذع الخدمة `stove-maintenance` على 9 URL ؛ لا H1 داخل جسم المقال (قد يعتمد على عنوان القالب)
شركة صيانة بوتاجازات في الشمال,https://www.rukn-eltatawer.com/qa/stove-maintenance-al-shamal/,211,"critical_thin,template_boilerplate,local_doorway_variant,city_variant_similar,keyword_cannibalization,no_h1_in_body",محتوى هزيل جداً (211 كلمة) ؛ نفس الهيكل العناوين في 868 صفحة (hash a6b89d30b159) ؛ صفحة مدينة×خدمة من مولّد الشبكة — تغطية محلية لكن خطر doorway/تكرار ؛ نفس جذع الخدمة `stove-maintenance` على 9 URL ؛ لا H1 داخل جسم المقال (قد يعتمد على عنوان القالب)
شركة صيانة أفران في الشحانية,https://www.rukn-eltatawer.com/qa/oven-maintenance-al-shahaniya/,230,"critical_thin,template_boilerplate,local_doorway_variant,city_variant_similar,keyword_cannibalization,no_h1_in_body",محتوى هزيل جداً (230 كلمة) ؛ نفس الهيكل العناوين في 905 صفحة (hash cb24e6f8b3f9) ؛ صفحة مدينة×خدمة من مولّد الشبكة — تغطية محلية لكن خطر doorway/تكرار ؛ نفس جذع الخدمة `oven-maintenance` على 9 URL ؛ لا H1 داخل جسم المقال (قد يعتمد على عنوان القالب)
شركة صيانة أفران في الشمال,https://www.rukn-eltatawer.com/qa/oven-maintenance-al-shamal/,216,"critical_thin,template_boilerplate,local_doorway_variant,keyword_cannibalization,no_h1_in_body",محتوى هزيل جداً (216 كلمة) ؛ نفس الهيكل العناوين في 905 صفحة (hash cb24e6f8b3f9) ؛ صفحة مدينة×خدمة من مولّد الشبكة — تغطية محلية لكن خطر doorway/تكرار ؛ نفس جذع الخدمة `oven-maintenance` على 9 URL ؛ لا H1 داخل جسم المقال (قد يعتمد على عنوان القالب)
شركة صيانة أبواب أوتوماتيكية في الشحانية,https://www.rukn-eltatawer.com/qa/automatic-doors-maintenance-al-shahaniya/,229,"critical_thin,template_boilerplate,local_doorway_variant,city_variant_similar,keyword_cannibalization,no_h1_in_body",محتوى هزيل جداً (229 كلمة) ؛ نفس الهيكل العناوين في 905 صفحة (hash cb24e6f8b3f9) ؛ صفحة مدينة×خدمة من مولّد الشبكة — تغطية محلية لكن خطر doorway/تكرار ؛ نفس جذع الخدمة `automatic-doors-maintenance` على 9 URL ؛ لا H1 داخل جسم المقال (قد يعتمد على عنوان القالب)
شركة صيانة أبواب أوتوماتيكية في الشمال,https://www.rukn-eltatawer.com/qa/automatic-doors-maintenance-al-shamal/,228,"critical_thin,template_boilerplate,local_doorway_variant,city_variant_similar,keyword_cannibalization,no_h1_in_body",محتوى هزيل جداً (228 كلمة) ؛ نفس الهيكل العناوين في 868 صفحة (hash a6b89d30b159) ؛ صفحة مدينة×خدمة من مولّد الشبكة — تغطية محلية لكن خطر doorway/تكرار ؛ نفس جذع الخدمة `automatic-doors-maintenance` على 9 URL ؛ لا H1 داخل جسم المقال (قد يعتمد على عنوان القالب)
شركة صيانة كاميرات مراقبة في الشحانية,https://www.rukn-eltatawer.com/qa/cctv-maintenance-al-shahaniya/,223,"critical_thin,template_boilerplate,local_doorway_variant,city_variant_similar,keyword_cannibalization,no_h1_in_body",محتوى هزيل جداً (223 كلمة) ؛ نفس الهيكل العناوين في 905 صفحة (hash cb24e6f8b3f9) ؛ صفحة مدينة×خدمة من مولّد الشبكة — تغطية محلية لكن خطر doorway/تكرار ؛ نفس جذع الخدمة `cctv-maintenance` على 9 URL ؛ لا H1 داخل جسم المقال (قد يعتمد على عنوان القالب)
شركة صيانة كاميرات مراقبة في الشمال,https://www.rukn-eltatawer.com/qa/cctv-maintenance-al-shamal/,225,"critical_thin,template_boilerplate,local_doorway_variant,city_variant_similar,keyword_cannibalization,no_h1_in_body",محتوى هزيل جداً (225 كلمة) ؛ نفس الهيكل العناوين في 868 صفحة (hash a6b89d30b159) ؛ صفحة مدينة×خدمة من مولّد الشبكة — تغطية محلية لكن خطر doorway/تكرار ؛ نفس جذع الخدمة `cctv-maintenance` على 9 URL ؛ لا H1 داخل جسم المقال (قد يعتمد على عنوان القالب)
شركة صيانة مصاعد في الشحانية,https://www.rukn-eltatawer.com/qa/elevator-maintenance-al-shahaniya/,212,"critical_thin,template_boilerplate,local_doorway_variant,city_variant_similar,keyword_cannibalization,no_h1_in_body",محتوى هزيل جداً (212 كلمة) ؛ نفس الهيكل العناوين في 868 صفحة (hash a6b89d30b159) ؛ صفحة مدينة×خدمة من مولّد الشبكة — تغطية محلية لكن خطر doorway/تكرار ؛ نفس جذع الخدمة `elevator-maintenance` على 9 URL ؛ لا H1 داخل جسم المقال (قد يعتمد على عنوان القالب)
شركة صيانة مصاعد في الظعاين,https://www.rukn-eltatawer.com/qa/elevator-maintenance-al-daayen/,208,"critical_thin,template_boilerplate,local_doorway_variant,city_variant_similar,keyword_cannibalization,no_h1_in_body",محتوى هزيل جداً (208 كلمة) ؛ نفس الهيكل العناوين في 868 صفحة (hash a6b89d30b159) ؛ صفحة مدينة×خدمة من مولّد الشبكة — تغطية محلية لكن خطر doorway/تكرار ؛ نفس جذع الخدمة `elevator-maintenance` على 9 URL ؛ لا H1 داخل جسم المقال (قد يعتمد على عنوان القالب)
شركة صيانة مصاعد في الشمال,https://www.rukn-eltatawer.com/qa/elevator-maintenance-al-shamal/,223,"critical_thin,template_boilerplate,local_doorway_variant,city_variant_similar,keyword_cannibalization,no_h1_in_body",محتوى هزيل جداً (223 كلمة) ؛ نفس الهيكل العناوين في 868 صفحة (hash a6b89d30b159) ؛ صفحة مدينة×خدمة من مولّد الشبكة — تغطية محلية لكن خطر doorway/تكرار ؛ نفس جذع الخدمة `elevator-maintenance` على 9 URL ؛ لا H1 داخل جسم المقال (قد يعتمد على عنوان القالب)
شركة صيانة مسابح في الشحانية,https://www.rukn-eltatawer.com/qa/pool-maintenance-al-shahaniya/,222,"critical_thin,template_boilerplate,local_doorway_variant,city_variant_similar,keyword_cannibalization,no_h1_in_body",محتوى هزيل جداً (222 كلمة) ؛ نفس الهيكل العناوين في 905 صفحة (hash cb24e6f8b3f9) ؛ صفحة مدينة×خدمة من مولّد الشبكة — تغطية محلية لكن خطر doorway/تكرار ؛ نفس جذع الخدمة `pool-maintenance` على 9 URL ؛ لا H1 داخل جسم المقال (قد يعتمد على عنوان القالب)
شركة صيانة مسابح في الظعاين,https://www.rukn-eltatawer.com/qa/pool-maintenance-al-daayen/,208,"critical_thin,template_boilerplate,local_doorway_variant,city_variant_similar,keyword_cannibalization,no_h1_in_body",محتوى هزيل جداً (208 كلمة) ؛ نفس الهيكل العناوين في 868 صفحة (hash a6b89d30b159) ؛ صفحة مدينة×خدمة من مولّد الشبكة — تغطية محلية لكن خطر doorway/تكرار ؛ نفس جذع الخدمة `pool-maintenance` على 9 URL ؛ لا H1 داخل جسم المقال (قد يعتمد على عنوان القالب)
شركة صيانة مسابح في الشمال,https://www.rukn-eltatawer.com/qa/pool-maintenance-al-shamal/,223,"critical_thin,template_boilerplate,local_doorway_variant,city_variant_similar,keyword_cannibalization,no_h1_in_body",محتوى هزيل جداً (223 كلمة) ؛ نفس الهيكل العناوين في 868 صفحة (hash a6b89d30b159) ؛ صفحة مدينة×خدمة من مولّد الشبكة — تغطية محلية لكن خطر doorway/تكرار ؛ نفس جذع الخدمة `pool-maintenance` على 9 URL ؛ لا H1 داخل جسم المقال (قد يعتمد على عنوان القالب)
شركة صيانة كهرباء في الظعاين,https://www.rukn-eltatawer.com/qa/electrical-maintenance-al-daayen/,208,"critical_thin,template_boilerplate,local_doorway_variant,city_variant_similar,keyword_cannibalization,no_h1_in_body",محتوى هزيل جداً (208 كلمة) ؛ نفس الهيكل العناوين في 868 صفحة (hash a6b89d30b159) ؛ صفحة مدينة×خدمة من مولّد الشبكة — تغطية محلية لكن خطر doorway/تكرار ؛ نفس جذع الخدمة `electrical-maintenance` على 9 URL ؛ لا H1 داخل جسم المقال (قد يعتمد على عنوان القالب)
شركة صيانة مباني في الشحانية,https://www.rukn-eltatawer.com/qa/building-maintenance-al-shahaniya/,230,"critical_thin,template_boilerplate,local_doorway_variant,city_variant_similar,keyword_cannibalization,no_h1_in_body",محتوى هزيل جداً (230 كلمة) ؛ نفس الهيكل العناوين في 905 صفحة (hash cb24e6f8b3f9) ؛ صفحة مدينة×خدمة من مولّد الشبكة — تغطية محلية لكن خطر doorway/تكرار ؛ نفس جذع الخدمة `building-maintenance` على 9 URL ؛ لا H1 داخل جسم المقال (قد يعتمد على عنوان القالب)
شركة صيانة مباني في الشمال,https://www.rukn-eltatawer.com/qa/building-maintenance-al-shamal/,231,"critical_thin,template_boilerplate,local_doorway_variant,city_variant_similar,keyword_cannibalization,no_h1_in_body",محتوى هزيل جداً (231 كلمة) ؛ نفس الهيكل العناوين في 905 صفحة (hash cb24e6f8b3f9) ؛ صفحة مدينة×خدمة من مولّد الشبكة — تغطية محلية لكن خطر doorway/تكرار ؛ نفس جذع الخدمة `building-maintenance` على 9 URL ؛ لا H1 داخل جسم المقال (قد يعتمد على عنوان القالب)
شركة صيانة عامة في الشحانية,https://www.rukn-eltatawer.com/qa/general-maintenance-al-shahaniya/,222,"critical_thin,template_boilerplate,local_doorway_variant,city_variant_similar,keyword_cannibalization,no_h1_in_body",محتوى هزيل جداً (222 كلمة) ؛ نفس الهيكل العناوين في 905 صفحة (hash cb24e6f8b3f9) ؛ صفحة مدينة×خدمة من مولّد الشبكة — تغطية محلية لكن خطر doorway/تكرار ؛ نفس جذع الخدمة `general-maintenance` على 9 URL ؛ لا H1 داخل جسم المقال (قد يعتمد على عنوان القالب)
شركة صيانة عامة في الشمال,https://www.rukn-eltatawer.com/qa/general-maintenance-al-shamal/,228,"critical_thin,template_boilerplate,local_doorway_variant,city_variant_similar,keyword_cannibalization,no_h1_in_body",محتوى هزيل جداً (228 كلمة) ؛ نفس الهيكل العناوين في 905 صفحة (hash cb24e6f8b3f9) ؛ صفحة مدينة×خدمة من مولّد الشبكة — تغطية محلية لكن خطر doorway/تكرار ؛ نفس جذع الخدمة `general-maintenance` على 9 URL ؛ لا H1 داخل جسم المقال (قد يعتمد على عنوان القالب)
شركة كشف أعطال تبريد في الدوحة,https://www.rukn-eltatawer.com/qa/cooling-fault-detection-doha/,243,"critical_thin,template_boilerplate,local_doorway_variant,city_variant_similar,keyword_cannibalization,no_h1_in_body",محتوى هزيل جداً (243 كلمة) ؛ نفس الهيكل العناوين في 905 صفحة (hash cb24e6f8b3f9) ؛ صفحة مدينة×خدمة من مولّد الشبكة — تغطية محلية لكن خطر doorway/تكرار ؛ نفس جذع الخدمة `cooling-fault-detection` على 9 URL ؛ لا H1 داخل جسم المقال (قد يعتمد على عنوان القالب)
شركة كهربائي طوارئ 24 ساعة في الدوحة,https://www.rukn-eltatawer.com/qa/24h-emergency-electrician-doha/,242,"critical_thin,template_boilerplate,local_doorway_variant,keyword_cannibalization,no_h1_in_body",محتوى هزيل جداً (242 كلمة) ؛ نفس الهيكل العناوين في 905 صفحة (hash cb24e6f8b3f9) ؛ صفحة مدينة×خدمة من مولّد الشبكة — تغطية محلية لكن خطر doorway/تكرار ؛ نفس جذع الخدمة `24h-emergency-electrician` على 9 URL ؛ لا H1 داخل جسم المقال (قد يعتمد على عنوان القالب)
شركة تركيب أدوات صحية في الدوحة,https://www.rukn-eltatawer.com/qa/sanitary-fixtures-installation-doha/,239,"critical_thin,template_boilerplate,local_doorway_variant,city_variant_similar,keyword_cannibalization,no_h1_in_body",محتوى هزيل جداً (239 كلمة) ؛ نفس الهيكل العناوين في 905 صفحة (hash cb24e6f8b3f9) ؛ صفحة مدينة×خدمة من مولّد الشبكة — تغطية محلية لكن خطر doorway/تكرار ؛ نفس جذع الخدمة `sanitary-fixtures-installation` على 9 URL ؛ لا H1 داخل جسم المقال (قد يعتمد على عنوان القالب)
شركة تركيب سخانات مياه في الدوحة,https://www.rukn-eltatawer.com/qa/water-heater-installation-doha/,220,"critical_thin,template_boilerplate,local_doorway_variant,keyword_cannibalization,no_h1_in_body",محتوى هزيل جداً (220 كلمة) ؛ نفس الهيكل العناوين في 868 صفحة (hash a6b89d30b159) ؛ صفحة مدينة×خدمة من مولّد الشبكة — تغطية محلية لكن خطر doorway/تكرار ؛ نفس جذع الخدمة `water-heater-installation` على 9 URL ؛ لا H1 داخل جسم المقال (قد يعتمد على عنوان القالب)
شركة تركيب إنارة داخلية وخارجية في الدوحة,https://www.rukn-eltatawer.com/qa/indoor-outdoor-lighting-installation-doha/,232,"critical_thin,template_boilerplate,local_doorway_variant,city_variant_similar,keyword_cannibalization,no_h1_in_body",محتوى هزيل جداً (232 كلمة) ؛ نفس الهيكل العناوين في 868 صفحة (hash a6b89d30b159) ؛ صفحة مدينة×خدمة من مولّد الشبكة — تغطية محلية لكن خطر doorway/تكرار ؛ نفس جذع الخدمة `indoor-outdoor-lighting-installation` على 9 URL ؛ لا H1 داخل جسم المقال (قد يعتمد على عنوان القالب)
شركة كشف أعطال كهرباء في الدوحة,https://www.rukn-eltatawer.com/qa/electrical-fault-detection-doha/,222,"critical_thin,template_boilerplate,local_doorway_variant,city_variant_similar,keyword_cannibalization,no_h1_in_body",محتوى هزيل جداً (222 كلمة) ؛ نفس الهيكل العناوين في 868 صفحة (hash a6b89d30b159) ؛ صفحة مدينة×خدمة من مولّد الشبكة — تغطية محلية لكن خطر doorway/تكرار ؛ نفس جذع الخدمة `electrical-fault-detection` على 9 URL ؛ لا H1 داخل جسم المقال (قد يعتمد على عنوان القالب)
شركة تمديدات كهربائية جديدة في الدوحة,https://www.rukn-eltatawer.com/qa/new-electrical-wiring-doha/,236,"critical_thin,template_boilerplate,local_doorway_variant,keyword_cannibalization,no_h1_in_body",محتوى هزيل جداً (236 كلمة) ؛ نفس الهيكل العناوين في 868 صفحة (hash a6b89d30b159) ؛ صفحة مدينة×خدمة من مولّد الشبكة — تغطية محلية لكن خطر doorway/تكرار ؛ نفس جذع الخدمة `new-electrical-wiring` على 9 URL ؛ لا H1 داخل جسم المقال (قد يعتمد على عنوان القالب)
شركة كهربائي منازل في الدوحة,https://www.rukn-eltatawer.com/qa/home-electrician-elec-doha/,240,"critical_thin,template_boilerplate,local_doorway_variant,city_variant_similar,keyword_cannibalization,no_h1_in_body",محتوى هزيل جداً (240 كلمة) ؛ نفس الهيكل العناوين في 905 صفحة (hash cb24e6f8b3f9) ؛ صفحة مدينة×خدمة من مولّد الشبكة — تغطية محلية لكن خطر doorway/تكرار ؛ نفس جذع الخدمة `home-electrician-elec` على 9 URL ؛ لا H1 داخل جسم المقال (قد يعتمد على عنوان القالب)
شركة دهان أبواب وشبابيك خشبية في الدوحة,https://www.rukn-eltatawer.com/qa/wood-doors-windows-painting-doha/,234,"critical_thin,template_boilerplate,local_doorway_variant,city_variant_similar,keyword_cannibalization,no_h1_in_body",محتوى هزيل جداً (234 كلمة) ؛ نفس الهيكل العناوين في 905 صفحة (hash cb24e6f8b3f9) ؛ صفحة مدينة×خدمة من مولّد الشبكة — تغطية محلية لكن خطر doorway/تكرار ؛ نفس جذع الخدمة `wood-doors-windows-painting` على 9 URL ؛ لا H1 داخل جسم المقال (قد يعتمد على عنوان القالب)
شركة دهانات ديكورية وتأثيرات جدارية في الدوحة,https://www.rukn-eltatawer.com/qa/decorative-wall-effects-doha/,239,"critical_thin,template_boilerplate,local_doorway_variant,city_variant_similar,keyword_cannibalization,no_h1_in_body",محتوى هزيل جداً (239 كلمة) ؛ نفس الهيكل العناوين في 905 صفحة (hash cb24e6f8b3f9) ؛ صفحة مدينة×خدمة من مولّد الشبكة — تغطية محلية لكن خطر doorway/تكرار ؛ نفس جذع الخدمة `decorative-wall-effects` على 9 URL ؛ لا H1 داخل جسم المقال (قد يعتمد على عنوان القالب)
شركة رش بويات كهربائي في الدوحة,https://www.rukn-eltatawer.com/qa/electric-spray-painting-doha/,231,"critical_thin,template_boilerplate,local_doorway_variant,city_variant_similar,keyword_cannibalization,no_h1_in_body",محتوى هزيل جداً (231 كلمة) ؛ نفس الهيكل العناوين في 868 صفحة (hash a6b89d30b159) ؛ صفحة مدينة×خدمة من مولّد الشبكة — تغطية محلية لكن خطر doorway/تكرار ؛ نفس جذع الخدمة `electric-spray-painting` على 9 URL ؛ لا H1 داخل جسم المقال (قد يعتمد على عنوان القالب)
شركة إزالة دهان قديم وتحضير أسطح في الدوحة,https://www.rukn-eltatawer.com/qa/paint-removal-surface-prep-doha/,240,"critical_thin,template_boilerplate,local_doorway_variant,city_variant_similar,keyword_cannibalization,no_h1_in_body",محتوى هزيل جداً (240 كلمة) ؛ نفس الهيكل العناوين في 905 صفحة (hash cb24e6f8b3f9) ؛ صفحة مدينة×خدمة من مولّد الشبكة — تغطية محلية لكن خطر doorway/تكرار ؛ نفس جذع الخدمة `paint-removal-surface-prep` على 9 URL ؛ لا H1 داخل جسم المقال (قد يعتمد على عنوان القالب)
شركة دهان مكاتب وشركات في الدوحة,https://www.rukn-eltatawer.com/qa/office-painting-doha/,214,"critical_thin,template_boilerplate,local_doorway_variant,keyword_cannibalization,no_h1_in_body",محتوى هزيل جداً (214 كلمة) ؛ نفس الهيكل العناوين في 868 صفحة (hash a6b89d30b159) ؛ صفحة مدينة×خدمة من مولّد الشبكة — تغطية محلية لكن خطر doorway/تكرار ؛ نفس جذع الخدمة `office-painting` على 9 URL ؛ لا H1 داخل جسم المقال (قد يعتمد على عنوان القالب)
شركة تشطيب ودهان فلل جديدة في الدوحة,https://www.rukn-eltatawer.com/qa/new-villa-finishing-painting-doha/,229,"critical_thin,template_boilerplate,local_doorway_variant,keyword_cannibalization,no_h1_in_body",محتوى هزيل جداً (229 كلمة) ؛ نفس الهيكل العناوين في 868 صفحة (hash a6b89d30b159) ؛ صفحة مدينة×خدمة من مولّد الشبكة — تغطية محلية لكن خطر doorway/تكرار ؛ نفس جذع الخدمة `new-villa-finishing-painting` على 9 URL ؛ لا H1 داخل جسم المقال (قد يعتمد على عنوان القالب)
شركة دهان بويات عالية الجودة في الدوحة,https://www.rukn-eltatawer.com/qa/premium-paint-finishing-doha/,225,"critical_thin,template_boilerplate,local_doorway_variant,city_variant_similar,keyword_cannibalization,no_h1_in_body",محتوى هزيل جداً (225 كلمة) ؛ نفس الهيكل العناوين في 905 صفحة (hash cb24e6f8b3f9) ؛ صفحة مدينة×خدمة من مولّد الشبكة — تغطية محلية لكن خطر doorway/تكرار ؛ نفس جذع الخدمة `premium-paint-finishing` على 9 URL ؛ لا H1 داخل جسم المقال (قد يعتمد على عنوان القالب)
شركة ديكورات جبس بورد في الدوحة,https://www.rukn-eltatawer.com/qa/gypsum-board-decor-doha/,224,"critical_thin,template_boilerplate,local_doorway_variant,city_variant_similar,keyword_cannibalization,no_h1_in_body",محتوى هزيل جداً (224 كلمة) ؛ نفس الهيكل العناوين في 905 صفحة (hash cb24e6f8b3f9) ؛ صفحة مدينة×خدمة من مولّد الشبكة — تغطية محلية لكن خطر doorway/تكرار ؛ نفس جذع الخدمة `gypsum-board-decor` على 9 URL ؛ لا H1 داخل جسم المقال (قد يعتمد على عنوان القالب)
شركة تركيب ورق حائط في الدوحة,https://www.rukn-eltatawer.com/qa/wallpaper-installation-doha/,223,"critical_thin,template_boilerplate,local_doorway_variant,city_variant_similar,keyword_cannibalization,no_h1_in_body",محتوى هزيل جداً (223 كلمة) ؛ نفس الهيكل العناوين في 868 صفحة (hash a6b89d30b159) ؛ صفحة مدينة×خدمة من مولّد الشبكة — تغطية محلية لكن خطر doorway/تكرار ؛ نفس جذع الخدمة `wallpaper-installation` على 9 URL ؛ لا H1 داخل جسم المقال (قد يعتمد على عنوان القالب)
شركة دهان واجهات خارجية في الدوحة,https://www.rukn-eltatawer.com/qa/exterior-facade-painting-doha/,233,"critical_thin,template_boilerplate,local_doorway_variant,city_variant_similar,keyword_cannibalization,no_h1_in_body",محتوى هزيل جداً (233 كلمة) ؛ نفس الهيكل العناوين في 905 صفحة (hash cb24e6f8b3f9) ؛ صفحة مدينة×خدمة من مولّد الشبكة — تغطية محلية لكن خطر doorway/تكرار ؛ نفس جذع الخدمة `exterior-facade-painting` على 9 URL ؛ لا H1 داخل جسم المقال (قد يعتمد على عنوان القالب)
شركة دهان فلل في الدوحة,https://www.rukn-eltatawer.com/qa/villa-painting-doha/,223,"critical_thin,template_boilerplate,local_doorway_variant,city_variant_similar,keyword_cannibalization,no_h1_in_body",محتوى هزيل جداً (223 كلمة) ؛ نفس الهيكل العناوين في 905 صفحة (hash cb24e6f8b3f9) ؛ صفحة مدينة×خدمة من مولّد الشبكة — تغطية محلية لكن خطر doorway/تكرار ؛ نفس جذع الخدمة `villa-painting` على 9 URL ؛ لا H1 داخل جسم المقال (قد يعتمد على عنوان القالب)
شركة دهان شقق في الدوحة,https://www.rukn-eltatawer.com/qa/apartment-painting-doha/,237,"critical_thin,template_boilerplate,local_doorway_variant,city_variant_similar,keyword_cannibalization,no_h1_in_body",محتوى هزيل جداً (237 كلمة) ؛ نفس الهيكل العناوين في 905 صفحة (hash cb24e6f8b3f9) ؛ صفحة مدينة×خدمة من مولّد الشبكة — تغطية محلية لكن خطر doorway/تكرار ؛ نفس جذع الخدمة `apartment-painting` على 9 URL ؛ لا H1 داخل جسم المقال (قد يعتمد على عنوان القالب)
فني أنظمة صوت منزلية في الدوحة,https://www.rukn-eltatawer.com/qa/home-audio-tech-doha/,222,"critical_thin,template_boilerplate,local_doorway_variant,keyword_cannibalization,no_h1_in_body",محتوى هزيل جداً (222 كلمة) ؛ نفس الهيكل العناوين في 868 صفحة (hash a6b89d30b159) ؛ صفحة مدينة×خدمة من مولّد الشبكة — تغطية محلية لكن خطر doorway/تكرار ؛ نفس جذع الخدمة `home-audio-tech` على 9 URL ؛ لا H1 داخل جسم المقال (قد يعتمد على عنوان القالب)
فني تركيب كاميرات مراقبة في الدوحة,https://www.rukn-eltatawer.com/qa/cctv-tech-doha/,232,"critical_thin,template_boilerplate,local_doorway_variant,keyword_cannibalization,no_h1_in_body",محتوى هزيل جداً (232 كلمة) ؛ نفس الهيكل العناوين في 905 صفحة (hash cb24e6f8b3f9) ؛ صفحة مدينة×خدمة من مولّد الشبكة — تغطية محلية لكن خطر doorway/تكرار ؛ نفس جذع الخدمة `cctv-tech` على 9 URL ؛ لا H1 داخل جسم المقال (قد يعتمد على عنوان القالب)
فني تركيب أقمار صناعية في الدوحة,https://www.rukn-eltatawer.com/qa/satellite-tech-doha/,241,"critical_thin,template_boilerplate,local_doorway_variant,city_variant_similar,keyword_cannibalization,no_h1_in_body",محتوى هزيل جداً (241 كلمة) ؛ نفس الهيكل العناوين في 905 صفحة (hash cb24e6f8b3f9) ؛ صفحة مدينة×خدمة من مولّد الشبكة — تغطية محلية لكن خطر doorway/تكرار ؛ نفس جذع الخدمة `satellite-tech` على 9 URL ؛ لا H1 داخل جسم المقال (قد يعتمد على عنوان القالب)
فني تركيب دش في الدوحة,https://www.rukn-eltatawer.com/qa/sat-dish-tech-doha/,230,"critical_thin,template_boilerplate,local_doorway_variant,city_variant_similar,keyword_cannibalization,no_h1_in_body",محتوى هزيل جداً (230 كلمة) ؛ نفس الهيكل العناوين في 868 صفحة (hash a6b89d30b159) ؛ صفحة مدينة×خدمة من مولّد الشبكة — تغطية محلية لكن خطر doorway/تكرار ؛ نفس جذع الخدمة `sat-dish-tech` على 9 URL ؛ لا H1 داخل جسم المقال (قد يعتمد على عنوان القالب)
فني جبس بورد في الدوحة,https://www.rukn-eltatawer.com/qa/gypsum-tech-doha/,232,"critical_thin,template_boilerplate,local_doorway_variant,city_variant_similar,keyword_cannibalization,no_h1_in_body",محتوى هزيل جداً (232 كلمة) ؛ نفس الهيكل العناوين في 905 صفحة (hash cb24e6f8b3f9) ؛ صفحة مدينة×خدمة من مولّد الشبكة — تغطية محلية لكن خطر doorway/تكرار ؛ نفس جذع الخدمة `gypsum-tech` على 9 URL ؛ لا H1 داخل جسم المقال (قد يعتمد على عنوان القالب)
عامل دهانات في الدوحة,https://www.rukn-eltatawer.com/qa/painter-doha/,236,"critical_thin,template_boilerplate,local_doorway_variant,city_variant_similar,keyword_cannibalization,no_h1_in_body",محتوى هزيل جداً (236 كلمة) ؛ نفس الهيكل العناوين في 905 صفحة (hash cb24e6f8b3f9) ؛ صفحة مدينة×خدمة من مولّد الشبكة — تغطية محلية لكن خطر doorway/تكرار ؛ نفس جذع الخدمة `painter` على 9 URL ؛ لا H1 داخل جسم المقال (قد يعتمد على عنوان القالب)
حداد أبواب ونوافذ في الدوحة,https://www.rukn-eltatawer.com/qa/blacksmith-doors-windows-doha/,238,"critical_thin,template_boilerplate,local_doorway_variant,city_variant_similar,keyword_cannibalization,no_h1_in_body",محتوى هزيل جداً (238 كلمة) ؛ نفس الهيكل العناوين في 868 صفحة (hash a6b89d30b159) ؛ صفحة مدينة×خدمة من مولّد الشبكة — تغطية محلية لكن خطر doorway/تكرار ؛ نفس جذع الخدمة `blacksmith-doors-windows` على 9 URL ؛ لا H1 داخل جسم المقال (قد يعتمد على عنوان القالب)
نجار أثاث في الدوحة,https://www.rukn-eltatawer.com/qa/carpenter-doha/,222,"critical_thin,template_boilerplate,local_doorway_variant,city_variant_similar,keyword_cannibalization,no_h1_in_body",محتوى هزيل جداً (222 كلمة) ؛ نفس الهيكل العناوين في 868 صفحة (hash a6b89d30b159) ؛ صفحة مدينة×خدمة من مولّد الشبكة — تغطية محلية لكن خطر doorway/تكرار ؛ نفس جذع الخدمة `carpenter` على 9 URL ؛ لا H1 داخل جسم المقال (قد يعتمد على عنوان القالب)
كهربائي منازل في الدوحة,https://www.rukn-eltatawer.com/qa/home-electrician-doha/,239,"critical_thin,template_boilerplate,local_doorway_variant,city_variant_similar,keyword_cannibalization,no_h1_in_body",محتوى هزيل جداً (239 كلمة) ؛ نفس الهيكل العناوين في 905 صفحة (hash cb24e6f8b3f9) ؛ صفحة مدينة×خدمة من مولّد الشبكة — تغطية محلية لكن خطر doorway/تكرار ؛ نفس جذع الخدمة `home-electrician` على 9 URL ؛ لا H1 داخل جسم المقال (قد يعتمد على عنوان القالب)
شركة التعقيم بالأوزون في الدوحة,https://www.rukn-eltatawer.com/qa/ozone-disinfection-doha/,246,"critical_thin,template_boilerplate,local_doorway_variant,city_variant_similar,keyword_cannibalization,no_h1_in_body",محتوى هزيل جداً (246 كلمة) ؛ نفس الهيكل العناوين في 905 صفحة (hash cb24e6f8b3f9) ؛ صفحة مدينة×خدمة من مولّد الشبكة — تغطية محلية لكن خطر doorway/تكرار ؛ نفس جذع الخدمة `ozone-disinfection` على 9 URL ؛ لا H1 داخل جسم المقال (قد يعتمد على عنوان القالب)
شركة التعقيم بالكلور في الدوحة,https://www.rukn-eltatawer.com/qa/chlorine-disinfection-doha/,246,"critical_thin,template_boilerplate,local_doorway_variant,keyword_cannibalization,no_h1_in_body",محتوى هزيل جداً (246 كلمة) ؛ نفس الهيكل العناوين في 905 صفحة (hash cb24e6f8b3f9) ؛ صفحة مدينة×خدمة من مولّد الشبكة — تغطية محلية لكن خطر doorway/تكرار ؛ نفس جذع الخدمة `chlorine-disinfection` على 9 URL ؛ لا H1 داخل جسم المقال (قد يعتمد على عنوان القالب)
شركة التعقيم بالبخار في الدوحة,https://www.rukn-eltatawer.com/qa/steam-disinfection-doha/,237,"critical_thin,template_boilerplate,local_doorway_variant,city_variant_similar,keyword_cannibalization,no_h1_in_body",محتوى هزيل جداً (237 كلمة) ؛ نفس الهيكل العناوين في 905 صفحة (hash cb24e6f8b3f9) ؛ صفحة مدينة×خدمة من مولّد الشبكة — تغطية محلية لكن خطر doorway/تكرار ؛ نفس جذع الخدمة `steam-disinfection` على 9 URL ؛ لا H1 داخل جسم المقال (قد يعتمد على عنوان القالب)
شركة تركيب أجهزة صوتية لطرد الطيور في الدوحة,https://www.rukn-eltatawer.com/qa/bird-sound-device-doha/,244,"critical_thin,template_boilerplate,local_doorway_variant,city_variant_similar,keyword_cannibalization,no_h1_in_body",محتوى هزيل جداً (244 كلمة) ؛ نفس الهيكل العناوين في 868 صفحة (hash a6b89d30b159) ؛ صفحة مدينة×خدمة من مولّد الشبكة — تغطية محلية لكن خطر doorway/تكرار ؛ نفس جذع الخدمة `bird-sound-device` على 9 URL ؛ لا H1 داخل جسم المقال (قد يعتمد على عنوان القالب)
شركة تركيب مسامير طاردة للحمام في الدوحة,https://www.rukn-eltatawer.com/qa/pigeon-spikes-installation-doha/,248,"critical_thin,template_boilerplate,local_doorway_variant,keyword_cannibalization,no_h1_in_body",محتوى هزيل جداً (248 كلمة) ؛ نفس الهيكل العناوين في 905 صفحة (hash cb24e6f8b3f9) ؛ صفحة مدينة×خدمة من مولّد الشبكة — تغطية محلية لكن خطر doorway/تكرار ؛ نفس جذع الخدمة `pigeon-spikes-installation` على 9 URL ؛ لا H1 داخل جسم المقال (قد يعتمد على عنوان القالب)
شركة تركيب شبك طارد للحمام في الدوحة,https://www.rukn-eltatawer.com/qa/pigeon-net-installation-doha/,229,"critical_thin,template_boilerplate,local_doorway_variant,keyword_cannibalization,no_h1_in_body",محتوى هزيل جداً (229 كلمة) ؛ نفس الهيكل العناوين في 868 صفحة (hash a6b89d30b159) ؛ صفحة مدينة×خدمة من مولّد الشبكة — تغطية محلية لكن خطر doorway/تكرار ؛ نفس جذع الخدمة `pigeon-net-installation` على 9 URL ؛ لا H1 داخل جسم المقال (قد يعتمد على عنوان القالب)
شركة مكافحة البعوض والذباب في الدوحة,https://www.rukn-eltatawer.com/qa/mosquito-fly-control-doha/,252,"critical_thin,template_boilerplate,local_doorway_variant,city_variant_similar,keyword_cannibalization,no_h1_in_body",محتوى هزيل جداً (252 كلمة) ؛ نفس الهيكل العناوين في 905 صفحة (hash cb24e6f8b3f9) ؛ صفحة مدينة×خدمة من مولّد الشبكة — تغطية محلية لكن خطر doorway/تكرار ؛ نفس جذع الخدمة `mosquito-fly-control` على 9 URL ؛ لا H1 داخل جسم المقال (قد يعتمد على عنوان القالب)
شركة مكافحة الطيور في الدوحة,https://www.rukn-eltatawer.com/qa/bird-control-doha/,251,"critical_thin,template_boilerplate,local_doorway_variant,city_variant_similar,keyword_cannibalization,no_h1_in_body",محتوى هزيل جداً (251 كلمة) ؛ نفس الهيكل العناوين في 905 صفحة (hash cb24e6f8b3f9) ؛ صفحة مدينة×خدمة من مولّد الشبكة — تغطية محلية لكن خطر doorway/تكرار ؛ نفس جذع الخدمة `bird-control` على 9 URL ؛ لا H1 داخل جسم المقال (قد يعتمد على عنوان القالب)
شركة مكافحة الوزغ (البرص) في الدوحة,https://www.rukn-eltatawer.com/qa/lizard-control-doha/,252,"critical_thin,template_boilerplate,local_doorway_variant,city_variant_similar,keyword_cannibalization,no_h1_in_body",محتوى هزيل جداً (252 كلمة) ؛ نفس الهيكل العناوين في 905 صفحة (hash cb24e6f8b3f9) ؛ صفحة مدينة×خدمة من مولّد الشبكة — تغطية محلية لكن خطر doorway/تكرار ؛ نفس جذع الخدمة `lizard-control` على 9 URL ؛ لا H1 داخل جسم المقال (قد يعتمد على عنوان القالب)
شركة صيانة كهرباء في الشحانية,https://www.rukn-eltatawer.com/qa/electrical-maintenance-al-shahaniya/,230,"critical_thin,template_boilerplate,local_doorway_variant,city_variant_similar,keyword_cannibalization,no_h1_in_body",محتوى هزيل جداً (230 كلمة) ؛ نفس الهيكل العناوين في 905 صفحة (hash cb24e6f8b3f9) ؛ صفحة مدينة×خدمة من مولّد الشبكة — تغطية محلية لكن خطر doorway/تكرار ؛ نفس جذع الخدمة `electrical-maintenance` على 9 URL ؛ لا H1 داخل جسم المقال (قد يعتمد على عنوان القالب)
شركة صيانة كهرباء في الشمال,https://www.rukn-eltatawer.com/qa/electrical-maintenance-al-shamal/,209,"critical_thin,template_boilerplate,local_doorway_variant,keyword_cannibalization,no_h1_in_body",محتوى هزيل جداً (209 كلمة) ؛ نفس الهيكل العناوين في 868 صفحة (hash a6b89d30b159) ؛ صفحة مدينة×خدمة من مولّد الشبكة — تغطية محلية لكن خطر doorway/تكرار ؛ نفس جذع الخدمة `electrical-maintenance` على 9 URL ؛ لا H1 داخل جسم المقال (قد يعتمد على عنوان القالب)
شركة مكافحة البراغيث في الدوحة,https://www.rukn-eltatawer.com/qa/flea-control-doha/,236,"critical_thin,template_boilerplate,local_doorway_variant,city_variant_similar,keyword_cannibalization,no_h1_in_body",محتوى هزيل جداً (236 كلمة) ؛ نفس الهيكل العناوين في 868 صفحة (hash a6b89d30b159) ؛ صفحة مدينة×خدمة من مولّد الشبكة — تغطية محلية لكن خطر doorway/تكرار ؛ نفس جذع الخدمة `flea-control` على 9 URL ؛ لا H1 داخل جسم المقال (قد يعتمد على عنوان القالب)
شركة مكافحة العقارب في الدوحة,https://www.rukn-eltatawer.com/qa/scorpion-control-doha/,251,"critical_thin,template_boilerplate,local_doorway_variant,city_variant_similar,keyword_cannibalization,no_h1_in_body",محتوى هزيل جداً (251 كلمة) ؛ نفس الهيكل العناوين في 905 صفحة (hash cb24e6f8b3f9) ؛ صفحة مدينة×خدمة من مولّد الشبكة — تغطية محلية لكن خطر doorway/تكرار ؛ نفس جذع الخدمة `scorpion-control` على 9 URL ؛ لا H1 داخل جسم المقال (قد يعتمد على عنوان القالب)
شركة مكافحة الأفاعي في الدوحة,https://www.rukn-eltatawer.com/qa/snake-control-doha/,237,"critical_thin,template_boilerplate,local_doorway_variant,city_variant_similar,keyword_cannibalization,no_h1_in_body",محتوى هزيل جداً (237 كلمة) ؛ نفس الهيكل العناوين في 905 صفحة (hash cb24e6f8b3f9) ؛ صفحة مدينة×خدمة من مولّد الشبكة — تغطية محلية لكن خطر doorway/تكرار ؛ نفس جذع الخدمة `snake-control` على 9 URL ؛ لا H1 داخل جسم المقال (قد يعتمد على عنوان القالب)
شركة مكافحة الفئران والقوارض في الدوحة,https://www.rukn-eltatawer.com/qa/rodent-control-doha/,247,"critical_thin,template_boilerplate,local_doorway_variant,keyword_cannibalization,no_h1_in_body",محتوى هزيل جداً (247 كلمة) ؛ نفس الهيكل العناوين في 905 صفحة (hash cb24e6f8b3f9) ؛ صفحة مدينة×خدمة من مولّد الشبكة — تغطية محلية لكن خطر doorway/تكرار ؛ نفس جذع الخدمة `rodent-control` على 9 URL ؛ لا H1 داخل جسم المقال (قد يعتمد على عنوان القالب)
شركة مكافحة بق الفراش في الدوحة,https://www.rukn-eltatawer.com/qa/bed-bug-control-doha/,238,"critical_thin,template_boilerplate,local_doorway_variant,near_duplicate,keyword_cannibalization,no_h1_in_body",محتوى هزيل جداً (238 كلمة) ؛ نفس الهيكل العناوين في 905 صفحة (hash cb24e6f8b3f9) ؛ صفحة مدينة×خدمة من مولّد الشبكة — تغطية محلية لكن خطر doorway/تكرار ؛ تشابه SimHash مسافة 2 مع https://www.rukn-eltatawer.com/qa/snake-control-doha/ ؛ نفس جذع الخدمة `bed-bug-control` على 10 URL ؛ لا H1 داخل جسم المقال (قد يعتمد على عنوان القالب)
شركة مكافحة النمل الأسود والأحمر في الدوحة,https://www.rukn-eltatawer.com/qa/ant-control-doha/,238,"critical_thin,template_boilerplate,local_doorway_variant,city_variant_similar,keyword_cannibalization,no_h1_in_body",محتوى هزيل جداً (238 كلمة) ؛ نفس الهيكل العناوين في 868 صفحة (hash a6b89d30b159) ؛ صفحة مدينة×خدمة من مولّد الشبكة — تغطية محلية لكن خطر doorway/تكرار ؛ نفس جذع الخدمة `ant-control` على 9 URL ؛ لا H1 داخل جسم المقال (قد يعتمد على عنوان القالب)
شركة تركيب سخانات طاقة شمسية في الدوحة,https://www.rukn-eltatawer.com/qa/solar-water-heaters-doha/,240,"critical_thin,template_boilerplate,local_doorway_variant,city_variant_similar,keyword_cannibalization,no_h1_in_body",محتوى هزيل جداً (240 كلمة) ؛ نفس الهيكل العناوين في 905 صفحة (hash cb24e6f8b3f9) ؛ صفحة مدينة×خدمة من مولّد الشبكة — تغطية محلية لكن خطر doorway/تكرار ؛ نفس جذع الخدمة `solar-water-heaters` على 9 URL ؛ لا H1 داخل جسم المقال (قد يعتمد على عنوان القالب)
شركة تركيب أنظمة طاقة شمسية في الدوحة,https://www.rukn-eltatawer.com/qa/solar-systems-installation-doha/,231,"critical_thin,template_boilerplate,local_doorway_variant,city_variant_similar,keyword_cannibalization,no_h1_in_body",محتوى هزيل جداً (231 كلمة) ؛ نفس الهيكل العناوين في 905 صفحة (hash cb24e6f8b3f9) ؛ صفحة مدينة×خدمة من مولّد الشبكة — تغطية محلية لكن خطر doorway/تكرار ؛ نفس جذع الخدمة `solar-systems-installation` على 9 URL ؛ لا H1 داخل جسم المقال (قد يعتمد على عنوان القالب)
شركة تخزين أثاث في الدوحة,https://www.rukn-eltatawer.com/qa/furniture-storage-doha/,218,"critical_thin,template_boilerplate,local_doorway_variant,keyword_cannibalization,no_h1_in_body",محتوى هزيل جداً (218 كلمة) ؛ نفس الهيكل العناوين في 868 صفحة (hash a6b89d30b159) ؛ صفحة مدينة×خدمة من مولّد الشبكة — تغطية محلية لكن خطر doorway/تكرار ؛ نفس جذع الخدمة `furniture-storage` على 9 URL ؛ لا H1 داخل جسم المقال (قد يعتمد على عنوان القالب)
شركة تركيب وفك الأثاث في الدوحة,https://www.rukn-eltatawer.com/qa/furniture-assembly-doha/,233,"critical_thin,template_boilerplate,local_doorway_variant,keyword_cannibalization,no_h1_in_body",محتوى هزيل جداً (233 كلمة) ؛ نفس الهيكل العناوين في 868 صفحة (hash a6b89d30b159) ؛ صفحة مدينة×خدمة من مولّد الشبكة — تغطية محلية لكن خطر doorway/تكرار ؛ نفس جذع الخدمة `furniture-assembly` على 9 URL ؛ لا H1 داخل جسم المقال (قد يعتمد على عنوان القالب)
شركة تغليف أثاث احترافي في الدوحة,https://www.rukn-eltatawer.com/qa/furniture-packaging-doha/,219,"critical_thin,template_boilerplate,local_doorway_variant,keyword_cannibalization,no_h1_in_body",محتوى هزيل جداً (219 كلمة) ؛ نفس الهيكل العناوين في 868 صفحة (hash a6b89d30b159) ؛ صفحة مدينة×خدمة من مولّد الشبكة — تغطية محلية لكن خطر doorway/تكرار ؛ نفس جذع الخدمة `furniture-packaging` على 9 URL ؛ لا H1 داخل جسم المقال (قد يعتمد على عنوان القالب)
شركة نقل عفش مع التغليف في الدوحة,https://www.rukn-eltatawer.com/qa/furniture-moving-packaging-doha/,239,"critical_thin,template_boilerplate,local_doorway_variant,city_variant_similar,keyword_cannibalization,no_h1_in_body",محتوى هزيل جداً (239 كلمة) ؛ نفس الهيكل العناوين في 905 صفحة (hash cb24e6f8b3f9) ؛ صفحة مدينة×خدمة من مولّد الشبكة — تغطية محلية لكن خطر doorway/تكرار ؛ نفس جذع الخدمة `furniture-moving-packaging` على 9 URL ؛ لا H1 داخل جسم المقال (قد يعتمد على عنوان القالب)
شركة نقل أثاث خارجي في الدوحة,https://www.rukn-eltatawer.com/qa/outdoor-moving-doha/,238,"critical_thin,template_boilerplate,local_doorway_variant,city_variant_similar,keyword_cannibalization,no_h1_in_body",محتوى هزيل جداً (238 كلمة) ؛ نفس الهيكل العناوين في 905 صفحة (hash cb24e6f8b3f9) ؛ صفحة مدينة×خدمة من مولّد الشبكة — تغطية محلية لكن خطر doorway/تكرار ؛ نفس جذع الخدمة `outdoor-moving` على 9 URL ؛ لا H1 داخل جسم المقال (قد يعتمد على عنوان القالب)
شركة نقل أثاث داخلي في الدوحة,https://www.rukn-eltatawer.com/qa/indoor-moving-doha/,238,"critical_thin,template_boilerplate,local_doorway_variant,city_variant_similar,keyword_cannibalization,no_h1_in_body",محتوى هزيل جداً (238 كلمة) ؛ نفس الهيكل العناوين في 905 صفحة (hash cb24e6f8b3f9) ؛ صفحة مدينة×خدمة من مولّد الشبكة — تغطية محلية لكن خطر doorway/تكرار ؛ نفس جذع الخدمة `indoor-moving` على 9 URL ؛ لا H1 داخل جسم المقال (قد يعتمد على عنوان القالب)
شركة تركيب نوافير جدارية في الدوحة,https://www.rukn-eltatawer.com/qa/wall-fountain-doha/,227,"critical_thin,template_boilerplate,local_doorway_variant,city_variant_similar,keyword_cannibalization,no_h1_in_body",محتوى هزيل جداً (227 كلمة) ؛ نفس الهيكل العناوين في 905 صفحة (hash cb24e6f8b3f9) ؛ صفحة مدينة×خدمة من مولّد الشبكة — تغطية محلية لكن خطر doorway/تكرار ؛ نفس جذع الخدمة `wall-fountain` على 9 URL ؛ لا H1 داخل جسم المقال (قد يعتمد على عنوان القالب)
شركة تركيب شلالات اصطناعية في الدوحة,https://www.rukn-eltatawer.com/qa/artificial-waterfall-doha/,241,"critical_thin,template_boilerplate,local_doorway_variant,city_variant_similar,keyword_cannibalization,no_h1_in_body",محتوى هزيل جداً (241 كلمة) ؛ نفس الهيكل العناوين في 905 صفحة (hash cb24e6f8b3f9) ؛ صفحة مدينة×خدمة من مولّد الشبكة — تغطية محلية لكن خطر doorway/تكرار ؛ نفس جذع الخدمة `artificial-waterfall` على 9 URL ؛ لا H1 داخل جسم المقال (قد يعتمد على عنوان القالب)
شركة إنشاء ممرات حجرية في الدوحة,https://www.rukn-eltatawer.com/qa/stone-pathway-doha/,226,"critical_thin,template_boilerplate,local_doorway_variant,city_variant_similar,keyword_cannibalization,no_h1_in_body",محتوى هزيل جداً (226 كلمة) ؛ نفس الهيكل العناوين في 868 صفحة (hash a6b89d30b159) ؛ صفحة مدينة×خدمة من مولّد الشبكة — تغطية محلية لكن خطر doorway/تكرار ؛ نفس جذع الخدمة `stone-pathway` على 9 URL ؛ لا H1 داخل جسم المقال (قد يعتمد على عنوان القالب)
شركة تركيب عرائش خشبية في الدوحة,https://www.rukn-eltatawer.com/qa/wooden-arbor-installation-doha/,217,"critical_thin,template_boilerplate,local_doorway_variant,city_variant_similar,keyword_cannibalization,no_h1_in_body",محتوى هزيل جداً (217 كلمة) ؛ نفس الهيكل العناوين في 868 صفحة (hash a6b89d30b159) ؛ صفحة مدينة×خدمة من مولّد الشبكة — تغطية محلية لكن خطر doorway/تكرار ؛ نفس جذع الخدمة `wooden-arbor-installation` على 9 URL ؛ لا H1 داخل جسم المقال (قد يعتمد على عنوان القالب)
شركة تركيب برجولات في الدوحة,https://www.rukn-eltatawer.com/qa/pergola-installation-doha/,225,"critical_thin,template_boilerplate,local_doorway_variant,city_variant_similar,keyword_cannibalization,no_h1_in_body",محتوى هزيل جداً (225 كلمة) ؛ نفس الهيكل العناوين في 868 صفحة (hash a6b89d30b159) ؛ صفحة مدينة×خدمة من مولّد الشبكة — تغطية محلية لكن خطر doorway/تكرار ؛ نفس جذع الخدمة `pergola-installation` على 9 URL ؛ لا H1 داخل جسم المقال (قد يعتمد على عنوان القالب)
شركة إنشاء جلسات حدائق في الدوحة,https://www.rukn-eltatawer.com/qa/garden-seating-doha/,217,"critical_thin,template_boilerplate,local_doorway_variant,city_variant_similar,keyword_cannibalization,no_h1_in_body",محتوى هزيل جداً (217 كلمة) ؛ نفس الهيكل العناوين في 868 صفحة (hash a6b89d30b159) ؛ صفحة مدينة×خدمة من مولّد الشبكة — تغطية محلية لكن خطر doorway/تكرار ؛ نفس جذع الخدمة `garden-seating` على 9 URL ؛ لا H1 داخل جسم المقال (قد يعتمد على عنوان القالب)
شركة تركيب عشب جداري في الدوحة,https://www.rukn-eltatawer.com/qa/wall-grass-doha/,226,"critical_thin,template_boilerplate,local_doorway_variant,city_variant_similar,keyword_cannibalization,no_h1_in_body",محتوى هزيل جداً (226 كلمة) ؛ نفس الهيكل العناوين في 868 صفحة (hash a6b89d30b159) ؛ صفحة مدينة×خدمة من مولّد الشبكة — تغطية محلية لكن خطر doorway/تكرار ؛ نفس جذع الخدمة `wall-grass` على 9 URL ؛ لا H1 داخل جسم المقال (قد يعتمد على عنوان القالب)
شركة تركيب عشب صناعي في الدوحة,https://www.rukn-eltatawer.com/qa/artificial-grass-grdn-doha/,227,"critical_thin,template_boilerplate,local_doorway_variant,city_variant_similar,keyword_cannibalization,no_h1_in_body",محتوى هزيل جداً (227 كلمة) ؛ نفس الهيكل العناوين في 905 صفحة (hash cb24e6f8b3f9) ؛ صفحة مدينة×خدمة من مولّد الشبكة — تغطية محلية لكن خطر doorway/تكرار ؛ نفس جذع الخدمة `artificial-grass-grdn` على 9 URL ؛ لا H1 داخل جسم المقال (قد يعتمد على عنوان القالب)
شركة تركيب شبكات ري أوتوماتيكية في الدوحة,https://www.rukn-eltatawer.com/qa/automatic-irrigation-doha/,242,"critical_thin,template_boilerplate,local_doorway_variant,city_variant_similar,keyword_cannibalization,no_h1_in_body",محتوى هزيل جداً (242 كلمة) ؛ نفس الهيكل العناوين في 905 صفحة (hash cb24e6f8b3f9) ؛ صفحة مدينة×خدمة من مولّد الشبكة — تغطية محلية لكن خطر doorway/تكرار ؛ نفس جذع الخدمة `automatic-irrigation` على 9 URL ؛ لا H1 داخل جسم المقال (قد يعتمد على عنوان القالب)
شركة تركيب شبكات ري حديثة في الدوحة,https://www.rukn-eltatawer.com/qa/modern-irrigation-doha/,227,"critical_thin,template_boilerplate,local_doorway_variant,city_variant_similar,keyword_cannibalization,no_h1_in_body",محتوى هزيل جداً (227 كلمة) ؛ نفس الهيكل العناوين في 868 صفحة (hash a6b89d30b159) ؛ صفحة مدينة×خدمة من مولّد الشبكة — تغطية محلية لكن خطر doorway/تكرار ؛ نفس جذع الخدمة `modern-irrigation` على 9 URL ؛ لا H1 داخل جسم المقال (قد يعتمد على عنوان القالب)
شركة زرع نخيل وأشجار في الدوحة,https://www.rukn-eltatawer.com/qa/palm-tree-planting-doha/,226,"critical_thin,template_boilerplate,local_doorway_variant,city_variant_similar,keyword_cannibalization,no_h1_in_body",محتوى هزيل جداً (226 كلمة) ؛ نفس الهيكل العناوين في 868 صفحة (hash a6b89d30b159) ؛ صفحة مدينة×خدمة من مولّد الشبكة — تغطية محلية لكن خطر doorway/تكرار ؛ نفس جذع الخدمة `palm-tree-planting` على 9 URL ؛ لا H1 داخل جسم المقال (قد يعتمد على عنوان القالب)
شركة قص عشب طبيعي في الدوحة,https://www.rukn-eltatawer.com/qa/natural-grass-cutting-doha/,227,"critical_thin,template_boilerplate,local_doorway_variant,city_variant_similar,keyword_cannibalization,no_h1_in_body",محتوى هزيل جداً (227 كلمة) ؛ نفس الهيكل العناوين في 905 صفحة (hash cb24e6f8b3f9) ؛ صفحة مدينة×خدمة من مولّد الشبكة — تغطية محلية لكن خطر doorway/تكرار ؛ نفس جذع الخدمة `natural-grass-cutting` على 9 URL ؛ لا H1 داخل جسم المقال (قد يعتمد على عنوان القالب)
شركة تصميم حدائق أسطح في الدوحة,https://www.rukn-eltatawer.com/qa/roof-garden-design-doha/,227,"critical_thin,template_boilerplate,local_doorway_variant,city_variant_similar,keyword_cannibalization,no_h1_in_body",محتوى هزيل جداً (227 كلمة) ؛ نفس الهيكل العناوين في 905 صفحة (hash cb24e6f8b3f9) ؛ صفحة مدينة×خدمة من مولّد الشبكة — تغطية محلية لكن خطر doorway/تكرار ؛ نفس جذع الخدمة `roof-garden-design` على 9 URL ؛ لا H1 داخل جسم المقال (قد يعتمد على عنوان القالب)
شركة تصميم حدائق داخلية في الدوحة,https://www.rukn-eltatawer.com/qa/indoor-garden-design-doha/,236,"critical_thin,template_boilerplate,local_doorway_variant,keyword_cannibalization,no_h1_in_body",محتوى هزيل جداً (236 كلمة) ؛ نفس الهيكل العناوين في 905 صفحة (hash cb24e6f8b3f9) ؛ صفحة مدينة×خدمة من مولّد الشبكة — تغطية محلية لكن خطر doorway/تكرار ؛ نفس جذع الخدمة `indoor-garden-design` على 9 URL ؛ لا H1 داخل جسم المقال (قد يعتمد على عنوان القالب)
شركة تنسيق حدائق في الدوحة,https://www.rukn-eltatawer.com/qa/landscaping-doha/,225,"critical_thin,template_boilerplate,local_doorway_variant,near_duplicate,keyword_cannibalization,no_h1_in_body",محتوى هزيل جداً (225 كلمة) ؛ نفس الهيكل العناوين في 868 صفحة (hash a6b89d30b159) ؛ صفحة مدينة×خدمة من مولّد الشبكة — تغطية محلية لكن خطر doorway/تكرار ؛ تشابه SimHash مسافة 1 مع https://www.rukn-eltatawer.com/qa/pergola-installation-doha/ ؛ نفس جذع الخدمة `landscaping` على 10 URL ؛ لا H1 داخل جسم المقال (قد يعتمد على عنوان القالب)
شركة تصميم وتنفيذ ديكورات في الدوحة,https://www.rukn-eltatawer.com/qa/decor-design-doha/,223,"critical_thin,template_boilerplate,local_doorway_variant,keyword_cannibalization,no_h1_in_body",محتوى هزيل جداً (223 كلمة) ؛ نفس الهيكل العناوين في 868 صفحة (hash a6b89d30b159) ؛ صفحة مدينة×خدمة من مولّد الشبكة — تغطية محلية لكن خطر doorway/تكرار ؛ نفس جذع الخدمة `decor-design` على 9 URL ؛ لا H1 داخل جسم المقال (قد يعتمد على عنوان القالب)
شركة دهانات خارجية في الدوحة,https://www.rukn-eltatawer.com/qa/exterior-painting-doha/,232,"critical_thin,template_boilerplate,local_doorway_variant,city_variant_similar,keyword_cannibalization,no_h1_in_body",محتوى هزيل جداً (232 كلمة) ؛ نفس الهيكل العناوين في 905 صفحة (hash cb24e6f8b3f9) ؛ صفحة مدينة×خدمة من مولّد الشبكة — تغطية محلية لكن خطر doorway/تكرار ؛ نفس جذع الخدمة `exterior-painting` على 9 URL ؛ لا H1 داخل جسم المقال (قد يعتمد على عنوان القالب)
شركة دهانات داخلية في الدوحة,https://www.rukn-eltatawer.com/qa/interior-painting-doha/,232,"critical_thin,template_boilerplate,local_doorway_variant,keyword_cannibalization,no_h1_in_body",محتوى هزيل جداً (232 كلمة) ؛ نفس الهيكل العناوين في 905 صفحة (hash cb24e6f8b3f9) ؛ صفحة مدينة×خدمة من مولّد الشبكة — تغطية محلية لكن خطر doorway/تكرار ؛ نفس جذع الخدمة `interior-painting` على 9 URL ؛ لا H1 داخل جسم المقال (قد يعتمد على عنوان القالب)
شركة بناء أسوار طابوق في الدوحة,https://www.rukn-eltatawer.com/qa/block-fences-doha/,226,"critical_thin,template_boilerplate,local_doorway_variant,city_variant_similar,keyword_cannibalization,no_h1_in_body",محتوى هزيل جداً (226 كلمة) ؛ نفس الهيكل العناوين في 868 صفحة (hash a6b89d30b159) ؛ صفحة مدينة×خدمة من مولّد الشبكة — تغطية محلية لكن خطر doorway/تكرار ؛ نفس جذع الخدمة `block-fences` على 9 URL ؛ لا H1 داخل جسم المقال (قد يعتمد على عنوان القالب)
شركة بناء مجالس خارجية في الدوحة,https://www.rukn-eltatawer.com/qa/outdoor-majlis-doha/,226,"critical_thin,template_boilerplate,local_doorway_variant,city_variant_similar,keyword_cannibalization,no_h1_in_body",محتوى هزيل جداً (226 كلمة) ؛ نفس الهيكل العناوين في 868 صفحة (hash a6b89d30b159) ؛ صفحة مدينة×خدمة من مولّد الشبكة — تغطية محلية لكن خطر doorway/تكرار ؛ نفس جذع الخدمة `outdoor-majlis` على 9 URL ؛ لا H1 داخل جسم المقال (قد يعتمد على عنوان القالب)
شركة بناء مطابخ خارجية في الدوحة,https://www.rukn-eltatawer.com/qa/outdoor-kitchens-doha/,250,"critical_thin,template_boilerplate,local_doorway_variant,city_variant_similar,keyword_cannibalization,no_h1_in_body",محتوى هزيل جداً (250 كلمة) ؛ نفس الهيكل العناوين في 905 صفحة (hash cb24e6f8b3f9) ؛ صفحة مدينة×خدمة من مولّد الشبكة — تغطية محلية لكن خطر doorway/تكرار ؛ نفس جذع الخدمة `outdoor-kitchens` على 9 URL ؛ لا H1 داخل جسم المقال (قد يعتمد على عنوان القالب)
شركة بناء حمامات خارجية في الدوحة,https://www.rukn-eltatawer.com/qa/outdoor-bathrooms-doha/,240,"critical_thin,template_boilerplate,local_doorway_variant,city_variant_similar,keyword_cannibalization,no_h1_in_body",محتوى هزيل جداً (240 كلمة) ؛ نفس الهيكل العناوين في 868 صفحة (hash a6b89d30b159) ؛ صفحة مدينة×خدمة من مولّد الشبكة — تغطية محلية لكن خطر doorway/تكرار ؛ نفس جذع الخدمة `outdoor-bathrooms` على 9 URL ؛ لا H1 داخل جسم المقال (قد يعتمد على عنوان القالب)
شركة بناء استراحات في الدوحة,https://www.rukn-eltatawer.com/qa/majlis-building-doha/,224,"critical_thin,template_boilerplate,local_doorway_variant,city_variant_similar,keyword_cannibalization,no_h1_in_body",محتوى هزيل جداً (224 كلمة) ؛ نفس الهيكل العناوين في 868 صفحة (hash a6b89d30b159) ؛ صفحة مدينة×خدمة من مولّد الشبكة — تغطية محلية لكن خطر doorway/تكرار ؛ نفس جذع الخدمة `majlis-building` على 9 URL ؛ لا H1 داخل جسم المقال (قد يعتمد على عنوان القالب)
شركة كشف أعطال تبريد في الريان,https://www.rukn-eltatawer.com/qa/cooling-fault-detection-al-rayyan/,230,"critical_thin,template_boilerplate,local_doorway_variant,keyword_cannibalization,no_h1_in_body",محتوى هزيل جداً (230 كلمة) ؛ نفس الهيكل العناوين في 905 صفحة (hash cb24e6f8b3f9) ؛ صفحة مدينة×خدمة من مولّد الشبكة — تغطية محلية لكن خطر doorway/تكرار ؛ نفس جذع الخدمة `cooling-fault-detection` على 9 URL ؛ لا H1 داخل جسم المقال (قد يعتمد على عنوان القالب)
شركة كهربائي طوارئ 24 ساعة في الريان,https://www.rukn-eltatawer.com/qa/24h-emergency-electrician-al-rayyan/,219,"critical_thin,template_boilerplate,local_doorway_variant,city_variant_similar,keyword_cannibalization,no_h1_in_body",محتوى هزيل جداً (219 كلمة) ؛ نفس الهيكل العناوين في 905 صفحة (hash cb24e6f8b3f9) ؛ صفحة مدينة×خدمة من مولّد الشبكة — تغطية محلية لكن خطر doorway/تكرار ؛ نفس جذع الخدمة `24h-emergency-electrician` على 9 URL ؛ لا H1 داخل جسم المقال (قد يعتمد على عنوان القالب)
شركة تركيب أدوات صحية في الريان,https://www.rukn-eltatawer.com/qa/sanitary-fixtures-installation-al-rayyan/,230,"critical_thin,template_boilerplate,local_doorway_variant,city_variant_similar,keyword_cannibalization,no_h1_in_body",محتوى هزيل جداً (230 كلمة) ؛ نفس الهيكل العناوين في 905 صفحة (hash cb24e6f8b3f9) ؛ صفحة مدينة×خدمة من مولّد الشبكة — تغطية محلية لكن خطر doorway/تكرار ؛ نفس جذع الخدمة `sanitary-fixtures-installation` على 9 URL ؛ لا H1 داخل جسم المقال (قد يعتمد على عنوان القالب)
شركة تركيب سخانات مياه في الريان,https://www.rukn-eltatawer.com/qa/water-heater-installation-al-rayyan/,216,"critical_thin,template_boilerplate,local_doorway_variant,city_variant_similar,keyword_cannibalization,no_h1_in_body",محتوى هزيل جداً (216 كلمة) ؛ نفس الهيكل العناوين في 905 صفحة (hash cb24e6f8b3f9) ؛ صفحة مدينة×خدمة من مولّد الشبكة — تغطية محلية لكن خطر doorway/تكرار ؛ نفس جذع الخدمة `water-heater-installation` على 9 URL ؛ لا H1 داخل جسم المقال (قد يعتمد على عنوان القالب)
شركة تركيب إنارة داخلية وخارجية في الريان,https://www.rukn-eltatawer.com/qa/indoor-outdoor-lighting-installation-al-rayyan/,233,"critical_thin,template_boilerplate,local_doorway_variant,city_variant_similar,keyword_cannibalization,no_h1_in_body",محتوى هزيل جداً (233 كلمة) ؛ نفس الهيكل العناوين في 905 صفحة (hash cb24e6f8b3f9) ؛ صفحة مدينة×خدمة من مولّد الشبكة — تغطية محلية لكن خطر doorway/تكرار ؛ نفس جذع الخدمة `indoor-outdoor-lighting-installation` على 9 URL ؛ لا H1 داخل جسم المقال (قد يعتمد على عنوان القالب)
شركة كشف أعطال كهرباء في الريان,https://www.rukn-eltatawer.com/qa/electrical-fault-detection-al-rayyan/,228,"critical_thin,template_boilerplate,local_doorway_variant,city_variant_similar,keyword_cannibalization,no_h1_in_body",محتوى هزيل جداً (228 كلمة) ؛ نفس الهيكل العناوين في 905 صفحة (hash cb24e6f8b3f9) ؛ صفحة مدينة×خدمة من مولّد الشبكة — تغطية محلية لكن خطر doorway/تكرار ؛ نفس جذع الخدمة `electrical-fault-detection` على 9 URL ؛ لا H1 داخل جسم المقال (قد يعتمد على عنوان القالب)
شركة تمديدات كهربائية جديدة في الريان,https://www.rukn-eltatawer.com/qa/new-electrical-wiring-al-rayyan/,218,"critical_thin,template_boilerplate,local_doorway_variant,city_variant_similar,keyword_cannibalization,no_h1_in_body",محتوى هزيل جداً (218 كلمة) ؛ نفس الهيكل العناوين في 905 صفحة (hash cb24e6f8b3f9) ؛ صفحة مدينة×خدمة من مولّد الشبكة — تغطية محلية لكن خطر doorway/تكرار ؛ نفس جذع الخدمة `new-electrical-wiring` على 9 URL ؛ لا H1 داخل جسم المقال (قد يعتمد على عنوان القالب)
شركة كهربائي منازل في الريان,https://www.rukn-eltatawer.com/qa/home-electrician-elec-al-rayyan/,227,"critical_thin,template_boilerplate,local_doorway_variant,city_variant_similar,keyword_cannibalization,no_h1_in_body",محتوى هزيل جداً (227 كلمة) ؛ نفس الهيكل العناوين في 905 صفحة (hash cb24e6f8b3f9) ؛ صفحة مدينة×خدمة من مولّد الشبكة — تغطية محلية لكن خطر doorway/تكرار ؛ نفس جذع الخدمة `home-electrician-elec` على 9 URL ؛ لا H1 داخل جسم المقال (قد يعتمد على عنوان القالب)
شركة دهان أبواب وشبابيك خشبية في الريان,https://www.rukn-eltatawer.com/qa/wood-doors-windows-painting-al-rayyan/,211,"critical_thin,template_boilerplate,local_doorway_variant,city_variant_similar,keyword_cannibalization,no_h1_in_body",محتوى هزيل جداً (211 كلمة) ؛ نفس الهيكل العناوين في 905 صفحة (hash cb24e6f8b3f9) ؛ صفحة مدينة×خدمة من مولّد الشبكة — تغطية محلية لكن خطر doorway/تكرار ؛ نفس جذع الخدمة `wood-doors-windows-painting` على 9 URL ؛ لا H1 داخل جسم المقال (قد يعتمد على عنوان القالب)
شركة بناء ملاحق في الدوحة,https://www.rukn-eltatawer.com/qa/annex-building-doha/,243,"critical_thin,template_boilerplate,local_doorway_variant,city_variant_similar,keyword_cannibalization,no_h1_in_body",محتوى هزيل جداً (243 كلمة) ؛ نفس الهيكل العناوين في 905 صفحة (hash cb24e6f8b3f9) ؛ صفحة مدينة×خدمة من مولّد الشبكة — تغطية محلية لكن خطر doorway/تكرار ؛ نفس جذع الخدمة `annex-building` على 9 URL ؛ لا H1 داخل جسم المقال (قد يعتمد على عنوان القالب)
شركة تركيب عشب جداري في الدوحة,https://www.rukn-eltatawer.com/qa/grass-wall-doha/,217,"critical_thin,template_boilerplate,local_doorway_variant,keyword_cannibalization,no_h1_in_body",محتوى هزيل جداً (217 كلمة) ؛ نفس الهيكل العناوين في 868 صفحة (hash a6b89d30b159) ؛ صفحة مدينة×خدمة من مولّد الشبكة — تغطية محلية لكن خطر doorway/تكرار ؛ نفس جذع الخدمة `grass-wall` على 9 URL ؛ لا H1 داخل جسم المقال (قد يعتمد على عنوان القالب)
شركة تركيب عشب صناعي في الدوحة,https://www.rukn-eltatawer.com/qa/artificial-grass-doha/,227,"critical_thin,template_boilerplate,local_doorway_variant,city_variant_similar,keyword_cannibalization,no_h1_in_body",محتوى هزيل جداً (227 كلمة) ؛ نفس الهيكل العناوين في 905 صفحة (hash cb24e6f8b3f9) ؛ صفحة مدينة×خدمة من مولّد الشبكة — تغطية محلية لكن خطر doorway/تكرار ؛ نفس جذع الخدمة `artificial-grass` على 9 URL ؛ لا H1 داخل جسم المقال (قد يعتمد على عنوان القالب)
شركة تركيب مظلات وسواتر في الدوحة,https://www.rukn-eltatawer.com/qa/shades-sails-doha/,240,"critical_thin,template_boilerplate,local_doorway_variant,city_variant_similar,keyword_cannibalization,no_h1_in_body",محتوى هزيل جداً (240 كلمة) ؛ نفس الهيكل العناوين في 868 صفحة (hash a6b89d30b159) ؛ صفحة مدينة×خدمة من مولّد الشبكة — تغطية محلية لكن خطر doorway/تكرار ؛ نفس جذع الخدمة `shades-sails` على 9 URL ؛ لا H1 داخل جسم المقال (قد يعتمد على عنوان القالب)
شركة تركيب شبابيك في الدوحة,https://www.rukn-eltatawer.com/qa/windows-installation-doha/,224,"critical_thin,template_boilerplate,local_doorway_variant,city_variant_similar,keyword_cannibalization,no_h1_in_body",محتوى هزيل جداً (224 كلمة) ؛ نفس الهيكل العناوين في 868 صفحة (hash a6b89d30b159) ؛ صفحة مدينة×خدمة من مولّد الشبكة — تغطية محلية لكن خطر doorway/تكرار ؛ نفس جذع الخدمة `windows-installation` على 9 URL ؛ لا H1 داخل جسم المقال (قد يعتمد على عنوان القالب)
شركة تركيب أبواب في الدوحة,https://www.rukn-eltatawer.com/qa/doors-installation-doha/,224,"critical_thin,template_boilerplate,local_doorway_variant,keyword_cannibalization,no_h1_in_body",محتوى هزيل جداً (224 كلمة) ؛ نفس الهيكل العناوين في 868 صفحة (hash a6b89d30b159) ؛ صفحة مدينة×خدمة من مولّد الشبكة — تغطية محلية لكن خطر doorway/تكرار ؛ نفس جذع الخدمة `doors-installation` على 9 URL ؛ لا H1 داخل جسم المقال (قد يعتمد على عنوان القالب)
شركة تركيب مطابخ في الدوحة,https://www.rukn-eltatawer.com/qa/kitchen-installation-doha/,243,"critical_thin,template_boilerplate,local_doorway_variant,city_variant_similar,keyword_cannibalization,no_h1_in_body",محتوى هزيل جداً (243 كلمة) ؛ نفس الهيكل العناوين في 905 صفحة (hash cb24e6f8b3f9) ؛ صفحة مدينة×خدمة من مولّد الشبكة — تغطية محلية لكن خطر doorway/تكرار ؛ نفس جذع الخدمة `kitchen-installation` على 9 URL ؛ لا H1 داخل جسم المقال (قد يعتمد على عنوان القالب)
شركة تركيب زجاج وألوميتال في الدوحة,https://www.rukn-eltatawer.com/qa/glass-alumetal-doha/,235,"critical_thin,template_boilerplate,local_doorway_variant,keyword_cannibalization,no_h1_in_body",محتوى هزيل جداً (235 كلمة) ؛ نفس الهيكل العناوين في 868 صفحة (hash a6b89d30b159) ؛ صفحة مدينة×خدمة من مولّد الشبكة — تغطية محلية لكن خطر doorway/تكرار ؛ نفس جذع الخدمة `glass-alumetal` على 9 URL ؛ لا H1 داخل جسم المقال (قد يعتمد على عنوان القالب)
شركة تركيب فواصل زجاجية وألومنيوم في الدوحة,https://www.rukn-eltatawer.com/qa/glass-aluminium-partitions-doha/,228,"critical_thin,template_boilerplate,local_doorway_variant,city_variant_similar,keyword_cannibalization,no_h1_in_body",محتوى هزيل جداً (228 كلمة) ؛ نفس الهيكل العناوين في 868 صفحة (hash a6b89d30b159) ؛ صفحة مدينة×خدمة من مولّد الشبكة — تغطية محلية لكن خطر doorway/تكرار ؛ نفس جذع الخدمة `glass-aluminium-partitions` على 9 URL ؛ لا H1 داخل جسم المقال (قد يعتمد على عنوان القالب)
شركة تركيب أسقف مستعارة في الدوحة,https://www.rukn-eltatawer.com/qa/suspended-ceiling-doha/,245,"critical_thin,template_boilerplate,local_doorway_variant,city_variant_similar,keyword_cannibalization,no_h1_in_body",محتوى هزيل جداً (245 كلمة) ؛ نفس الهيكل العناوين في 905 صفحة (hash cb24e6f8b3f9) ؛ صفحة مدينة×خدمة من مولّد الشبكة — تغطية محلية لكن خطر doorway/تكرار ؛ نفس جذع الخدمة `suspended-ceiling` على 9 URL ؛ لا H1 داخل جسم المقال (قد يعتمد على عنوان القالب)
شركة تركيب سجاد أرضيات في الدوحة,https://www.rukn-eltatawer.com/qa/floor-carpeting-doha/,236,"critical_thin,template_boilerplate,local_doorway_variant,city_variant_similar,keyword_cannibalization,no_h1_in_body",محتوى هزيل جداً (236 كلمة) ؛ نفس الهيكل العناوين في 905 صفحة (hash cb24e6f8b3f9) ؛ صفحة مدينة×خدمة من مولّد الشبكة — تغطية محلية لكن خطر doorway/تكرار ؛ نفس جذع الخدمة `floor-carpeting` على 9 URL ؛ لا H1 داخل جسم المقال (قد يعتمد على عنوان القالب)
شركة تركيب ورق جدران في الدوحة,https://www.rukn-eltatawer.com/qa/wallpaper-doha/,223,"critical_thin,template_boilerplate,local_doorway_variant,city_variant_similar,keyword_cannibalization,no_h1_in_body",محتوى هزيل جداً (223 كلمة) ؛ نفس الهيكل العناوين في 868 صفحة (hash a6b89d30b159) ؛ صفحة مدينة×خدمة من مولّد الشبكة — تغطية محلية لكن خطر doorway/تكرار ؛ نفس جذع الخدمة `wallpaper` على 9 URL ؛ لا H1 داخل جسم المقال (قد يعتمد على عنوان القالب)
شركة تركيب أسقف جبسية / فورسيلنج في الدوحة,https://www.rukn-eltatawer.com/qa/false-ceiling-doha/,237,"critical_thin,template_boilerplate,local_doorway_variant,city_variant_similar,keyword_cannibalization,no_h1_in_body",محتوى هزيل جداً (237 كلمة) ؛ نفس الهيكل العناوين في 868 صفحة (hash a6b89d30b159) ؛ صفحة مدينة×خدمة من مولّد الشبكة — تغطية محلية لكن خطر doorway/تكرار ؛ نفس جذع الخدمة `false-ceiling` على 9 URL ؛ لا H1 داخل جسم المقال (قد يعتمد على عنوان القالب)
شركة تركيب جبس بورد في الدوحة,https://www.rukn-eltatawer.com/qa/gypsum-board-doha/,224,"critical_thin,template_boilerplate,local_doorway_variant,city_variant_similar,keyword_cannibalization,no_h1_in_body",محتوى هزيل جداً (224 كلمة) ؛ نفس الهيكل العناوين في 905 صفحة (hash cb24e6f8b3f9) ؛ صفحة مدينة×خدمة من مولّد الشبكة — تغطية محلية لكن خطر doorway/تكرار ؛ نفس جذع الخدمة `gypsum-board` على 9 URL ؛ لا H1 داخل جسم المقال (قد يعتمد على عنوان القالب)
شركة تركيب فوم للجدران في الدوحة,https://www.rukn-eltatawer.com/qa/wall-foam-doha/,245,"critical_thin,template_boilerplate,local_doorway_variant,city_variant_similar,keyword_cannibalization,no_h1_in_body",محتوى هزيل جداً (245 كلمة) ؛ نفس الهيكل العناوين في 905 صفحة (hash cb24e6f8b3f9) ؛ صفحة مدينة×خدمة من مولّد الشبكة — تغطية محلية لكن خطر doorway/تكرار ؛ نفس جذع الخدمة `wall-foam` على 9 URL ؛ لا H1 داخل جسم المقال (قد يعتمد على عنوان القالب)
شركة تركيب رخام وجرانيت في الدوحة,https://www.rukn-eltatawer.com/qa/marble-granite-doha/,245,"critical_thin,template_boilerplate,local_doorway_variant,city_variant_similar,keyword_cannibalization,no_h1_in_body",محتوى هزيل جداً (245 كلمة) ؛ نفس الهيكل العناوين في 905 صفحة (hash cb24e6f8b3f9) ؛ صفحة مدينة×خدمة من مولّد الشبكة — تغطية محلية لكن خطر doorway/تكرار ؛ نفس جذع الخدمة `marble-granite` على 9 URL ؛ لا H1 داخل جسم المقال (قد يعتمد على عنوان القالب)
شركة تركيب حجر طبيعي وصناعي في الدوحة,https://www.rukn-eltatawer.com/qa/stone-doha/,242,"critical_thin,template_boilerplate,local_doorway_variant,city_variant_similar,keyword_cannibalization,no_h1_in_body",محتوى هزيل جداً (242 كلمة) ؛ نفس الهيكل العناوين في 868 صفحة (hash a6b89d30b159) ؛ صفحة مدينة×خدمة من مولّد الشبكة — تغطية محلية لكن خطر doorway/تكرار ؛ نفس جذع الخدمة `stone` على 9 URL ؛ لا H1 داخل جسم المقال (قد يعتمد على عنوان القالب)
شركة تركيب أرضيات فينيل في الدوحة,https://www.rukn-eltatawer.com/qa/vinyl-flooring-doha/,226,"critical_thin,template_boilerplate,local_doorway_variant,city_variant_similar,keyword_cannibalization,no_h1_in_body",محتوى هزيل جداً (226 كلمة) ؛ نفس الهيكل العناوين في 868 صفحة (hash a6b89d30b159) ؛ صفحة مدينة×خدمة من مولّد الشبكة — تغطية محلية لكن خطر doorway/تكرار ؛ نفس جذع الخدمة `vinyl-flooring` على 9 URL ؛ لا H1 داخل جسم المقال (قد يعتمد على عنوان القالب)
شركة تركيب باركيه وأرضيات خشب في الدوحة,https://www.rukn-eltatawer.com/qa/parquet-doha/,252,"critical_thin,template_boilerplate,local_doorway_variant,keyword_cannibalization,no_h1_in_body",محتوى هزيل جداً (252 كلمة) ؛ نفس الهيكل العناوين في 905 صفحة (hash cb24e6f8b3f9) ؛ صفحة مدينة×خدمة من مولّد الشبكة — تغطية محلية لكن خطر doorway/تكرار ؛ نفس جذع الخدمة `parquet` على 9 URL ؛ لا H1 داخل جسم المقال (قد يعتمد على عنوان القالب)
شركة تركيب سيراميك وبورسلين في الدوحة,https://www.rukn-eltatawer.com/qa/ceramic-porcelain-doha/,235,"critical_thin,template_boilerplate,local_doorway_variant,city_variant_similar,keyword_cannibalization,no_h1_in_body",محتوى هزيل جداً (235 كلمة) ؛ نفس الهيكل العناوين في 868 صفحة (hash a6b89d30b159) ؛ صفحة مدينة×خدمة من مولّد الشبكة — تغطية محلية لكن خطر doorway/تكرار ؛ نفس جذع الخدمة `ceramic-porcelain` على 9 URL ؛ لا H1 داخل جسم المقال (قد يعتمد على عنوان القالب)
شركة تركيب بلاستر في الدوحة,https://www.rukn-eltatawer.com/qa/plastering-doha/,233,"critical_thin,template_boilerplate,local_doorway_variant,city_variant_similar,keyword_cannibalization,no_h1_in_body",محتوى هزيل جداً (233 كلمة) ؛ نفس الهيكل العناوين في 868 صفحة (hash a6b89d30b159) ؛ صفحة مدينة×خدمة من مولّد الشبكة — تغطية محلية لكن خطر doorway/تكرار ؛ نفس جذع الخدمة `plastering` على 9 URL ؛ لا H1 داخل جسم المقال (قد يعتمد على عنوان القالب)
شركة تركيب طابوق في الدوحة,https://www.rukn-eltatawer.com/qa/brickwork-doha/,248,"critical_thin,template_boilerplate,local_doorway_variant,city_variant_similar,keyword_cannibalization,no_h1_in_body",محتوى هزيل جداً (248 كلمة) ؛ نفس الهيكل العناوين في 905 صفحة (hash cb24e6f8b3f9) ؛ صفحة مدينة×خدمة من مولّد الشبكة — تغطية محلية لكن خطر doorway/تكرار ؛ نفس جذع الخدمة `brickwork` على 9 URL ؛ لا H1 داخل جسم المقال (قد يعتمد على عنوان القالب)
شركة تركيب كربستون في الدوحة,https://www.rukn-eltatawer.com/qa/kerbstone-doha/,238,"critical_thin,template_boilerplate,local_doorway_variant,city_variant_similar,keyword_cannibalization,no_h1_in_body",محتوى هزيل جداً (238 كلمة) ؛ نفس الهيكل العناوين في 868 صفحة (hash a6b89d30b159) ؛ صفحة مدينة×خدمة من مولّد الشبكة — تغطية محلية لكن خطر doorway/تكرار ؛ نفس جذع الخدمة `kerbstone` على 9 URL ؛ لا H1 داخل جسم المقال (قد يعتمد على عنوان القالب)
شركة تركيب انترلوك في الدوحة,https://www.rukn-eltatawer.com/qa/interlock-doha/,238,"critical_thin,template_boilerplate,local_doorway_variant,city_variant_similar,keyword_cannibalization,no_h1_in_body",محتوى هزيل جداً (238 كلمة) ؛ نفس الهيكل العناوين في 868 صفحة (hash a6b89d30b159) ؛ صفحة مدينة×خدمة من مولّد الشبكة — تغطية محلية لكن خطر doorway/تكرار ؛ نفس جذع الخدمة `interlock` على 9 URL ؛ لا H1 داخل جسم المقال (قد يعتمد على عنوان القالب)
شركة إصلاح تشققات الأسقف والجدران في الدوحة,https://www.rukn-eltatawer.com/qa/crack-repair-doha/,233,"critical_thin,template_boilerplate,local_doorway_variant,keyword_cannibalization,no_h1_in_body",محتوى هزيل جداً (233 كلمة) ؛ نفس الهيكل العناوين في 905 صفحة (hash cb24e6f8b3f9) ؛ صفحة مدينة×خدمة من مولّد الشبكة — تغطية محلية لكن خطر doorway/تكرار ؛ نفس جذع الخدمة `crack-repair` على 9 URL ؛ لا H1 داخل جسم المقال (قد يعتمد على عنوان القالب)
شركة فحص فلل ومباني قبل الشراء في الدوحة,https://www.rukn-eltatawer.com/qa/villa-inspection-doha/,233,"critical_thin,template_boilerplate,local_doorway_variant,keyword_cannibalization,no_h1_in_body",محتوى هزيل جداً (233 كلمة) ؛ نفس الهيكل العناوين في 868 صفحة (hash a6b89d30b159) ؛ صفحة مدينة×خدمة من مولّد الشبكة — تغطية محلية لكن خطر doorway/تكرار ؛ نفس جذع الخدمة `villa-inspection` على 9 URL ؛ لا H1 داخل جسم المقال (قد يعتمد على عنوان القالب)
شركة ترميم منازل قديمة في الدوحة,https://www.rukn-eltatawer.com/qa/old-house-renovation-doha/,241,"critical_thin,template_boilerplate,local_doorway_variant,keyword_cannibalization,no_h1_in_body",محتوى هزيل جداً (241 كلمة) ؛ نفس الهيكل العناوين في 905 صفحة (hash cb24e6f8b3f9) ؛ صفحة مدينة×خدمة من مولّد الشبكة — تغطية محلية لكن خطر doorway/تكرار ؛ نفس جذع الخدمة `old-house-renovation` على 9 URL ؛ لا H1 داخل جسم المقال (قد يعتمد على عنوان القالب)
شركة ترميم مطابخ في الدوحة,https://www.rukn-eltatawer.com/qa/kitchen-renovation-doha/,245,"critical_thin,template_boilerplate,local_doorway_variant,city_variant_similar,keyword_cannibalization,no_h1_in_body",محتوى هزيل جداً (245 كلمة) ؛ نفس الهيكل العناوين في 905 صفحة (hash cb24e6f8b3f9) ؛ صفحة مدينة×خدمة من مولّد الشبكة — تغطية محلية لكن خطر doorway/تكرار ؛ نفس جذع الخدمة `kitchen-renovation` على 9 URL ؛ لا H1 داخل جسم المقال (قد يعتمد على عنوان القالب)
شركة ترميم حمامات في الدوحة,https://www.rukn-eltatawer.com/qa/bathroom-renovation-doha/,245,"critical_thin,template_boilerplate,local_doorway_variant,city_variant_similar,keyword_cannibalization,no_h1_in_body",محتوى هزيل جداً (245 كلمة) ؛ نفس الهيكل العناوين في 905 صفحة (hash cb24e6f8b3f9) ؛ صفحة مدينة×خدمة من مولّد الشبكة — تغطية محلية لكن خطر doorway/تكرار ؛ نفس جذع الخدمة `bathroom-renovation` على 9 URL ؛ لا H1 داخل جسم المقال (قد يعتمد على عنوان القالب)
شركة معالجة الرطوبة والعفن في الدوحة,https://www.rukn-eltatawer.com/qa/humidity-treatment-doha/,249,"critical_thin,template_boilerplate,local_doorway_variant,city_variant_similar,keyword_cannibalization,no_h1_in_body",محتوى هزيل جداً (249 كلمة) ؛ نفس الهيكل العناوين في 868 صفحة (hash a6b89d30b159) ؛ صفحة مدينة×خدمة من مولّد الشبكة — تغطية محلية لكن خطر doorway/تكرار ؛ نفس جذع الخدمة `humidity-treatment` على 9 URL ؛ لا H1 داخل جسم المقال (قد يعتمد على عنوان القالب)
شركة دهانات ديكورية وتأثيرات جدارية في الريان,https://www.rukn-eltatawer.com/qa/decorative-wall-effects-al-rayyan/,211,"critical_thin,template_boilerplate,local_doorway_variant,city_variant_similar,keyword_cannibalization,no_h1_in_body",محتوى هزيل جداً (211 كلمة) ؛ نفس الهيكل العناوين في 905 صفحة (hash cb24e6f8b3f9) ؛ صفحة مدينة×خدمة من مولّد الشبكة — تغطية محلية لكن خطر doorway/تكرار ؛ نفس جذع الخدمة `decorative-wall-effects` على 9 URL ؛ لا H1 داخل جسم المقال (قد يعتمد على عنوان القالب)
شركة رش بويات كهربائي في الريان,https://www.rukn-eltatawer.com/qa/electric-spray-painting-al-rayyan/,232,"critical_thin,template_boilerplate,local_doorway_variant,keyword_cannibalization,no_h1_in_body",محتوى هزيل جداً (232 كلمة) ؛ نفس الهيكل العناوين في 905 صفحة (hash cb24e6f8b3f9) ؛ صفحة مدينة×خدمة من مولّد الشبكة — تغطية محلية لكن خطر doorway/تكرار ؛ نفس جذع الخدمة `electric-spray-painting` على 9 URL ؛ لا H1 داخل جسم المقال (قد يعتمد على عنوان القالب)
شركة إزالة دهان قديم وتحضير أسطح في الريان,https://www.rukn-eltatawer.com/qa/paint-removal-surface-prep-al-rayyan/,215,"critical_thin,template_boilerplate,local_doorway_variant,city_variant_similar,keyword_cannibalization,no_h1_in_body",محتوى هزيل جداً (215 كلمة) ؛ نفس الهيكل العناوين في 868 صفحة (hash a6b89d30b159) ؛ صفحة مدينة×خدمة من مولّد الشبكة — تغطية محلية لكن خطر doorway/تكرار ؛ نفس جذع الخدمة `paint-removal-surface-prep` على 9 URL ؛ لا H1 داخل جسم المقال (قد يعتمد على عنوان القالب)
شركة دهان مكاتب وشركات في الريان,https://www.rukn-eltatawer.com/qa/office-painting-al-rayyan/,224,"critical_thin,template_boilerplate,local_doorway_variant,city_variant_similar,keyword_cannibalization,no_h1_in_body",محتوى هزيل جداً (224 كلمة) ؛ نفس الهيكل العناوين في 905 صفحة (hash cb24e6f8b3f9) ؛ صفحة مدينة×خدمة من مولّد الشبكة — تغطية محلية لكن خطر doorway/تكرار ؛ نفس جذع الخدمة `office-painting` على 9 URL ؛ لا H1 داخل جسم المقال (قد يعتمد على عنوان القالب)
شركة تشطيب ودهان فلل جديدة في الريان,https://www.rukn-eltatawer.com/qa/new-villa-finishing-painting-al-rayyan/,204,"critical_thin,template_boilerplate,local_doorway_variant,city_variant_similar,keyword_cannibalization,no_h1_in_body",محتوى هزيل جداً (204 كلمة) ؛ نفس الهيكل العناوين في 868 صفحة (hash a6b89d30b159) ؛ صفحة مدينة×خدمة من مولّد الشبكة — تغطية محلية لكن خطر doorway/تكرار ؛ نفس جذع الخدمة `new-villa-finishing-painting` على 9 URL ؛ لا H1 داخل جسم المقال (قد يعتمد على عنوان القالب)
شركة دهان بويات عالية الجودة في الريان,https://www.rukn-eltatawer.com/qa/premium-paint-finishing-al-rayyan/,214,"critical_thin,template_boilerplate,local_doorway_variant,city_variant_similar,keyword_cannibalization,no_h1_in_body",محتوى هزيل جداً (214 كلمة) ؛ نفس الهيكل العناوين في 868 صفحة (hash a6b89d30b159) ؛ صفحة مدينة×خدمة من مولّد الشبكة — تغطية محلية لكن خطر doorway/تكرار ؛ نفس جذع الخدمة `premium-paint-finishing` على 9 URL ؛ لا H1 داخل جسم المقال (قد يعتمد على عنوان القالب)
شركة ديكورات جبس بورد في الريان,https://www.rukn-eltatawer.com/qa/gypsum-board-decor-al-rayyan/,210,"critical_thin,template_boilerplate,local_doorway_variant,city_variant_similar,keyword_cannibalization,no_h1_in_body",محتوى هزيل جداً (210 كلمة) ؛ نفس الهيكل العناوين في 905 صفحة (hash cb24e6f8b3f9) ؛ صفحة مدينة×خدمة من مولّد الشبكة — تغطية محلية لكن خطر doorway/تكرار ؛ نفس جذع الخدمة `gypsum-board-decor` على 9 URL ؛ لا H1 داخل جسم المقال (قد يعتمد على عنوان القالب)
شركة تركيب ورق حائط في الريان,https://www.rukn-eltatawer.com/qa/wallpaper-installation-al-rayyan/,210,"critical_thin,template_boilerplate,local_doorway_variant,city_variant_similar,keyword_cannibalization,no_h1_in_body",محتوى هزيل جداً (210 كلمة) ؛ نفس الهيكل العناوين في 905 صفحة (hash cb24e6f8b3f9) ؛ صفحة مدينة×خدمة من مولّد الشبكة — تغطية محلية لكن خطر doorway/تكرار ؛ نفس جذع الخدمة `wallpaper-installation` على 9 URL ؛ لا H1 داخل جسم المقال (قد يعتمد على عنوان القالب)
شركة دهان واجهات خارجية في الريان,https://www.rukn-eltatawer.com/qa/exterior-facade-painting-al-rayyan/,203,"critical_thin,template_boilerplate,local_doorway_variant,city_variant_similar,keyword_cannibalization,no_h1_in_body",محتوى هزيل جداً (203 كلمة) ؛ نفس الهيكل العناوين في 868 صفحة (hash a6b89d30b159) ؛ صفحة مدينة×خدمة من مولّد الشبكة — تغطية محلية لكن خطر doorway/تكرار ؛ نفس جذع الخدمة `exterior-facade-painting` على 9 URL ؛ لا H1 داخل جسم المقال (قد يعتمد على عنوان القالب)
شركة دهان فلل في الريان,https://www.rukn-eltatawer.com/qa/villa-painting-al-rayyan/,216,"critical_thin,template_boilerplate,local_doorway_variant,keyword_cannibalization,no_h1_in_body",محتوى هزيل جداً (216 كلمة) ؛ نفس الهيكل العناوين في 868 صفحة (hash a6b89d30b159) ؛ صفحة مدينة×خدمة من مولّد الشبكة — تغطية محلية لكن خطر doorway/تكرار ؛ نفس جذع الخدمة `villa-painting` على 9 URL ؛ لا H1 داخل جسم المقال (قد يعتمد على عنوان القالب)
شركة دهان شقق في الريان,https://www.rukn-eltatawer.com/qa/apartment-painting-al-rayyan/,202,"critical_thin,template_boilerplate,local_doorway_variant,city_variant_similar,keyword_cannibalization,no_h1_in_body",محتوى هزيل جداً (202 كلمة) ؛ نفس الهيكل العناوين في 868 صفحة (hash a6b89d30b159) ؛ صفحة مدينة×خدمة من مولّد الشبكة — تغطية محلية لكن خطر doorway/تكرار ؛ نفس جذع الخدمة `apartment-painting` على 9 URL ؛ لا H1 داخل جسم المقال (قد يعتمد على عنوان القالب)
فني أنظمة صوت منزلية في الريان,https://www.rukn-eltatawer.com/qa/home-audio-tech-al-rayyan/,232,"critical_thin,template_boilerplate,local_doorway_variant,city_variant_similar,keyword_cannibalization,no_h1_in_body",محتوى هزيل جداً (232 كلمة) ؛ نفس الهيكل العناوين في 905 صفحة (hash cb24e6f8b3f9) ؛ صفحة مدينة×خدمة من مولّد الشبكة — تغطية محلية لكن خطر doorway/تكرار ؛ نفس جذع الخدمة `home-audio-tech` على 9 URL ؛ لا H1 داخل جسم المقال (قد يعتمد على عنوان القالب)
فني تركيب كاميرات مراقبة في الريان,https://www.rukn-eltatawer.com/qa/cctv-tech-al-rayyan/,221,"critical_thin,template_boilerplate,local_doorway_variant,city_variant_similar,keyword_cannibalization,no_h1_in_body",محتوى هزيل جداً (221 كلمة) ؛ نفس الهيكل العناوين في 868 صفحة (hash a6b89d30b159) ؛ صفحة مدينة×خدمة من مولّد الشبكة — تغطية محلية لكن خطر doorway/تكرار ؛ نفس جذع الخدمة `cctv-tech` على 9 URL ؛ لا H1 داخل جسم المقال (قد يعتمد على عنوان القالب)
فني تركيب أقمار صناعية في الريان,https://www.rukn-eltatawer.com/qa/satellite-tech-al-rayyan/,218,"critical_thin,template_boilerplate,local_doorway_variant,city_variant_similar,keyword_cannibalization,no_h1_in_body",محتوى هزيل جداً (218 كلمة) ؛ نفس الهيكل العناوين في 905 صفحة (hash cb24e6f8b3f9) ؛ صفحة مدينة×خدمة من مولّد الشبكة — تغطية محلية لكن خطر doorway/تكرار ؛ نفس جذع الخدمة `satellite-tech` على 9 URL ؛ لا H1 داخل جسم المقال (قد يعتمد على عنوان القالب)
فني تركيب دش في الريان,https://www.rukn-eltatawer.com/qa/sat-dish-tech-al-rayyan/,210,"critical_thin,template_boilerplate,local_doorway_variant,city_variant_similar,keyword_cannibalization,no_h1_in_body",محتوى هزيل جداً (210 كلمة) ؛ نفس الهيكل العناوين في 868 صفحة (hash a6b89d30b159) ؛ صفحة مدينة×خدمة من مولّد الشبكة — تغطية محلية لكن خطر doorway/تكرار ؛ نفس جذع الخدمة `sat-dish-tech` على 9 URL ؛ لا H1 داخل جسم المقال (قد يعتمد على عنوان القالب)
فني جبس بورد في الريان,https://www.rukn-eltatawer.com/qa/gypsum-tech-al-rayyan/,216,"critical_thin,template_boilerplate,local_doorway_variant,city_variant_similar,keyword_cannibalization,no_h1_in_body",محتوى هزيل جداً (216 كلمة) ؛ نفس الهيكل العناوين في 868 صفحة (hash a6b89d30b159) ؛ صفحة مدينة×خدمة من مولّد الشبكة — تغطية محلية لكن خطر doorway/تكرار ؛ نفس جذع الخدمة `gypsum-tech` على 9 URL ؛ لا H1 داخل جسم المقال (قد يعتمد على عنوان القالب)
عامل دهانات في الريان,https://www.rukn-eltatawer.com/qa/painter-al-rayyan/,201,"critical_thin,template_boilerplate,local_doorway_variant,city_variant_similar,keyword_cannibalization,no_h1_in_body",محتوى هزيل جداً (201 كلمة) ؛ نفس الهيكل العناوين في 868 صفحة (hash a6b89d30b159) ؛ صفحة مدينة×خدمة من مولّد الشبكة — تغطية محلية لكن خطر doorway/تكرار ؛ نفس جذع الخدمة `painter` على 9 URL ؛ لا H1 داخل جسم المقال (قد يعتمد على عنوان القالب)
حداد أبواب ونوافذ في الريان,https://www.rukn-eltatawer.com/qa/blacksmith-doors-windows-al-rayyan/,226,"critical_thin,template_boilerplate,local_doorway_variant,city_variant_similar,keyword_cannibalization,no_h1_in_body",محتوى هزيل جداً (226 كلمة) ؛ نفس الهيكل العناوين في 868 صفحة (hash a6b89d30b159) ؛ صفحة مدينة×خدمة من مولّد الشبكة — تغطية محلية لكن خطر doorway/تكرار ؛ نفس جذع الخدمة `blacksmith-doors-windows` على 9 URL ؛ لا H1 داخل جسم المقال (قد يعتمد على عنوان القالب)
نجار أثاث في الريان,https://www.rukn-eltatawer.com/qa/carpenter-al-rayyan/,210,"critical_thin,template_boilerplate,local_doorway_variant,keyword_cannibalization,no_h1_in_body",محتوى هزيل جداً (210 كلمة) ؛ نفس الهيكل العناوين في 868 صفحة (hash a6b89d30b159) ؛ صفحة مدينة×خدمة من مولّد الشبكة — تغطية محلية لكن خطر doorway/تكرار ؛ نفس جذع الخدمة `carpenter` على 9 URL ؛ لا H1 داخل جسم المقال (قد يعتمد على عنوان القالب)
كهربائي منازل في الريان,https://www.rukn-eltatawer.com/qa/home-electrician-al-rayyan/,226,"critical_thin,template_boilerplate,local_doorway_variant,city_variant_similar,keyword_cannibalization,no_h1_in_body",محتوى هزيل جداً (226 كلمة) ؛ نفس الهيكل العناوين في 905 صفحة (hash cb24e6f8b3f9) ؛ صفحة مدينة×خدمة من مولّد الشبكة — تغطية محلية لكن خطر doorway/تكرار ؛ نفس جذع الخدمة `home-electrician` على 9 URL ؛ لا H1 داخل جسم المقال (قد يعتمد على عنوان القالب)
شركة التعقيم بالأوزون في الريان,https://www.rukn-eltatawer.com/qa/ozone-disinfection-al-rayyan/,229,"critical_thin,template_boilerplate,local_doorway_variant,keyword_cannibalization,no_h1_in_body",محتوى هزيل جداً (229 كلمة) ؛ نفس الهيكل العناوين في 868 صفحة (hash a6b89d30b159) ؛ صفحة مدينة×خدمة من مولّد الشبكة — تغطية محلية لكن خطر doorway/تكرار ؛ نفس جذع الخدمة `ozone-disinfection` على 9 URL ؛ لا H1 داخل جسم المقال (قد يعتمد على عنوان القالب)
شركة التعقيم بالكلور في الريان,https://www.rukn-eltatawer.com/qa/chlorine-disinfection-al-rayyan/,222,"critical_thin,template_boilerplate,local_doorway_variant,city_variant_similar,keyword_cannibalization,no_h1_in_body",محتوى هزيل جداً (222 كلمة) ؛ نفس الهيكل العناوين في 905 صفحة (hash cb24e6f8b3f9) ؛ صفحة مدينة×خدمة من مولّد الشبكة — تغطية محلية لكن خطر doorway/تكرار ؛ نفس جذع الخدمة `chlorine-disinfection` على 9 URL ؛ لا H1 داخل جسم المقال (قد يعتمد على عنوان القالب)
شركة التعقيم بالبخار في الريان,https://www.rukn-eltatawer.com/qa/steam-disinfection-al-rayyan/,222,"critical_thin,template_boilerplate,local_doorway_variant,city_variant_similar,keyword_cannibalization,no_h1_in_body",محتوى هزيل جداً (222 كلمة) ؛ نفس الهيكل العناوين في 905 صفحة (hash cb24e6f8b3f9) ؛ صفحة مدينة×خدمة من مولّد الشبكة — تغطية محلية لكن خطر doorway/تكرار ؛ نفس جذع الخدمة `steam-disinfection` على 9 URL ؛ لا H1 داخل جسم المقال (قد يعتمد على عنوان القالب)
شركة تركيب أجهزة صوتية لطرد الطيور في الريان,https://www.rukn-eltatawer.com/qa/bird-sound-device-al-rayyan/,239,"critical_thin,template_boilerplate,local_doorway_variant,city_variant_similar,keyword_cannibalization,no_h1_in_body",محتوى هزيل جداً (239 كلمة) ؛ نفس الهيكل العناوين في 905 صفحة (hash cb24e6f8b3f9) ؛ صفحة مدينة×خدمة من مولّد الشبكة — تغطية محلية لكن خطر doorway/تكرار ؛ نفس جذع الخدمة `bird-sound-device` على 9 URL ؛ لا H1 داخل جسم المقال (قد يعتمد على عنوان القالب)
شركة تركيب مسامير طاردة للحمام في الريان,https://www.rukn-eltatawer.com/qa/pigeon-spikes-installation-al-rayyan/,227,"critical_thin,template_boilerplate,local_doorway_variant,keyword_cannibalization,no_h1_in_body",محتوى هزيل جداً (227 كلمة) ؛ نفس الهيكل العناوين في 868 صفحة (hash a6b89d30b159) ؛ صفحة مدينة×خدمة من مولّد الشبكة — تغطية محلية لكن خطر doorway/تكرار ؛ نفس جذع الخدمة `pigeon-spikes-installation` على 9 URL ؛ لا H1 داخل جسم المقال (قد يعتمد على عنوان القالب)
شركة تركيب شبك طارد للحمام في الريان,https://www.rukn-eltatawer.com/qa/pigeon-net-installation-al-rayyan/,231,"critical_thin,template_boilerplate,local_doorway_variant,keyword_cannibalization,no_h1_in_body",محتوى هزيل جداً (231 كلمة) ؛ نفس الهيكل العناوين في 868 صفحة (hash a6b89d30b159) ؛ صفحة مدينة×خدمة من مولّد الشبكة — تغطية محلية لكن خطر doorway/تكرار ؛ نفس جذع الخدمة `pigeon-net-installation` على 9 URL ؛ لا H1 داخل جسم المقال (قد يعتمد على عنوان القالب)
شركة مكافحة البعوض والذباب في الريان,https://www.rukn-eltatawer.com/qa/mosquito-fly-control-al-rayyan/,233,"critical_thin,template_boilerplate,local_doorway_variant,city_variant_similar,keyword_cannibalization,no_h1_in_body",محتوى هزيل جداً (233 كلمة) ؛ نفس الهيكل العناوين في 905 صفحة (hash cb24e6f8b3f9) ؛ صفحة مدينة×خدمة من مولّد الشبكة — تغطية محلية لكن خطر doorway/تكرار ؛ نفس جذع الخدمة `mosquito-fly-control` على 9 URL ؛ لا H1 داخل جسم المقال (قد يعتمد على عنوان القالب)
شركة مكافحة الطيور في الريان,https://www.rukn-eltatawer.com/qa/bird-control-al-rayyan/,232,"critical_thin,template_boilerplate,local_doorway_variant,city_variant_similar,keyword_cannibalization,no_h1_in_body",محتوى هزيل جداً (232 كلمة) ؛ نفس الهيكل العناوين في 905 صفحة (hash cb24e6f8b3f9) ؛ صفحة مدينة×خدمة من مولّد الشبكة — تغطية محلية لكن خطر doorway/تكرار ؛ نفس جذع الخدمة `bird-control` على 9 URL ؛ لا H1 داخل جسم المقال (قد يعتمد على عنوان القالب)
شركة مكافحة الوزغ (البرص) في الريان,https://www.rukn-eltatawer.com/qa/lizard-control-al-rayyan/,216,"critical_thin,template_boilerplate,local_doorway_variant,city_variant_similar,keyword_cannibalization,no_h1_in_body",محتوى هزيل جداً (216 كلمة) ؛ نفس الهيكل العناوين في 868 صفحة (hash a6b89d30b159) ؛ صفحة مدينة×خدمة من مولّد الشبكة — تغطية محلية لكن خطر doorway/تكرار ؛ نفس جذع الخدمة `lizard-control` على 9 URL ؛ لا H1 داخل جسم المقال (قد يعتمد على عنوان القالب)
شركة مكافحة البراغيث في الريان,https://www.rukn-eltatawer.com/qa/flea-control-al-rayyan/,225,"critical_thin,template_boilerplate,local_doorway_variant,keyword_cannibalization,no_h1_in_body",محتوى هزيل جداً (225 كلمة) ؛ نفس الهيكل العناوين في 868 صفحة (hash a6b89d30b159) ؛ صفحة مدينة×خدمة من مولّد الشبكة — تغطية محلية لكن خطر doorway/تكرار ؛ نفس جذع الخدمة `flea-control` على 9 URL ؛ لا H1 داخل جسم المقال (قد يعتمد على عنوان القالب)
شركة مكافحة العقارب في الريان,https://www.rukn-eltatawer.com/qa/scorpion-control-al-rayyan/,236,"critical_thin,template_boilerplate,local_doorway_variant,city_variant_similar,keyword_cannibalization,no_h1_in_body",محتوى هزيل جداً (236 كلمة) ؛ نفس الهيكل العناوين في 905 صفحة (hash cb24e6f8b3f9) ؛ صفحة مدينة×خدمة من مولّد الشبكة — تغطية محلية لكن خطر doorway/تكرار ؛ نفس جذع الخدمة `scorpion-control` على 9 URL ؛ لا H1 داخل جسم المقال (قد يعتمد على عنوان القالب)
شركة مكافحة الأفاعي في الريان,https://www.rukn-eltatawer.com/qa/snake-control-al-rayyan/,232,"critical_thin,template_boilerplate,local_doorway_variant,city_variant_similar,keyword_cannibalization,no_h1_in_body",محتوى هزيل جداً (232 كلمة) ؛ نفس الهيكل العناوين في 905 صفحة (hash cb24e6f8b3f9) ؛ صفحة مدينة×خدمة من مولّد الشبكة — تغطية محلية لكن خطر doorway/تكرار ؛ نفس جذع الخدمة `snake-control` على 9 URL ؛ لا H1 داخل جسم المقال (قد يعتمد على عنوان القالب)
شركة مكافحة الفئران والقوارض في الريان,https://www.rukn-eltatawer.com/qa/rodent-control-al-rayyan/,237,"critical_thin,template_boilerplate,local_doorway_variant,city_variant_similar,keyword_cannibalization,no_h1_in_body",محتوى هزيل جداً (237 كلمة) ؛ نفس الهيكل العناوين في 905 صفحة (hash cb24e6f8b3f9) ؛ صفحة مدينة×خدمة من مولّد الشبكة — تغطية محلية لكن خطر doorway/تكرار ؛ نفس جذع الخدمة `rodent-control` على 9 URL ؛ لا H1 داخل جسم المقال (قد يعتمد على عنوان القالب)
شركة مكافحة بق الفراش في الريان,https://www.rukn-eltatawer.com/qa/bed-bug-control-al-rayyan/,216,"critical_thin,template_boilerplate,local_doorway_variant,near_duplicate,keyword_cannibalization,no_h1_in_body",محتوى هزيل جداً (216 كلمة) ؛ نفس الهيكل العناوين في 868 صفحة (hash a6b89d30b159) ؛ صفحة مدينة×خدمة من مولّد الشبكة — تغطية محلية لكن خطر doorway/تكرار ؛ تشابه SimHash مسافة 2 مع https://www.rukn-eltatawer.com/qa/cockroach-control-al-rayyan/ ؛ نفس جذع الخدمة `bed-bug-control` على 10 URL ؛ لا H1 داخل جسم المقال (قد يعتمد على عنوان القالب)
شركة مكافحة النمل الأسود والأحمر في الريان,https://www.rukn-eltatawer.com/qa/ant-control-al-rayyan/,227,"critical_thin,template_boilerplate,local_doorway_variant,keyword_cannibalization,no_h1_in_body",محتوى هزيل جداً (227 كلمة) ؛ نفس الهيكل العناوين في 868 صفحة (hash a6b89d30b159) ؛ صفحة مدينة×خدمة من مولّد الشبكة — تغطية محلية لكن خطر doorway/تكرار ؛ نفس جذع الخدمة `ant-control` على 9 URL ؛ لا H1 داخل جسم المقال (قد يعتمد على عنوان القالب)
شركة تركيب سخانات طاقة شمسية في الريان,https://www.rukn-eltatawer.com/qa/solar-water-heaters-al-rayyan/,210,"critical_thin,template_boilerplate,local_doorway_variant,city_variant_similar,keyword_cannibalization,no_h1_in_body",محتوى هزيل جداً (210 كلمة) ؛ نفس الهيكل العناوين في 868 صفحة (hash a6b89d30b159) ؛ صفحة مدينة×خدمة من مولّد الشبكة — تغطية محلية لكن خطر doorway/تكرار ؛ نفس جذع الخدمة `solar-water-heaters` على 9 URL ؛ لا H1 داخل جسم المقال (قد يعتمد على عنوان القالب)
شركة تركيب أنظمة طاقة شمسية في الريان,https://www.rukn-eltatawer.com/qa/solar-systems-installation-al-rayyan/,220,"critical_thin,template_boilerplate,local_doorway_variant,keyword_cannibalization,no_h1_in_body",محتوى هزيل جداً (220 كلمة) ؛ نفس الهيكل العناوين في 868 صفحة (hash a6b89d30b159) ؛ صفحة مدينة×خدمة من مولّد الشبكة — تغطية محلية لكن خطر doorway/تكرار ؛ نفس جذع الخدمة `solar-systems-installation` على 9 URL ؛ لا H1 داخل جسم المقال (قد يعتمد على عنوان القالب)
شركة تخزين أثاث في الريان,https://www.rukn-eltatawer.com/qa/furniture-storage-al-rayyan/,228,"critical_thin,template_boilerplate,local_doorway_variant,keyword_cannibalization,no_h1_in_body",محتوى هزيل جداً (228 كلمة) ؛ نفس الهيكل العناوين في 905 صفحة (hash cb24e6f8b3f9) ؛ صفحة مدينة×خدمة من مولّد الشبكة — تغطية محلية لكن خطر doorway/تكرار ؛ نفس جذع الخدمة `furniture-storage` على 9 URL ؛ لا H1 داخل جسم المقال (قد يعتمد على عنوان القالب)
شركة تركيب وفك الأثاث في الريان,https://www.rukn-eltatawer.com/qa/furniture-assembly-al-rayyan/,215,"critical_thin,template_boilerplate,local_doorway_variant,city_variant_similar,keyword_cannibalization,no_h1_in_body",محتوى هزيل جداً (215 كلمة) ؛ نفس الهيكل العناوين في 905 صفحة (hash cb24e6f8b3f9) ؛ صفحة مدينة×خدمة من مولّد الشبكة — تغطية محلية لكن خطر doorway/تكرار ؛ نفس جذع الخدمة `furniture-assembly` على 9 URL ؛ لا H1 داخل جسم المقال (قد يعتمد على عنوان القالب)
شركة تغليف أثاث احترافي في الريان,https://www.rukn-eltatawer.com/qa/furniture-packaging-al-rayyan/,215,"critical_thin,template_boilerplate,local_doorway_variant,city_variant_similar,keyword_cannibalization,no_h1_in_body",محتوى هزيل جداً (215 كلمة) ؛ نفس الهيكل العناوين في 905 صفحة (hash cb24e6f8b3f9) ؛ صفحة مدينة×خدمة من مولّد الشبكة — تغطية محلية لكن خطر doorway/تكرار ؛ نفس جذع الخدمة `furniture-packaging` على 9 URL ؛ لا H1 داخل جسم المقال (قد يعتمد على عنوان القالب)
شركة نقل عفش مع التغليف في الريان,https://www.rukn-eltatawer.com/qa/furniture-moving-packaging-al-rayyan/,219,"critical_thin,template_boilerplate,local_doorway_variant,keyword_cannibalization,no_h1_in_body",محتوى هزيل جداً (219 كلمة) ؛ نفس الهيكل العناوين في 868 صفحة (hash a6b89d30b159) ؛ صفحة مدينة×خدمة من مولّد الشبكة — تغطية محلية لكن خطر doorway/تكرار ؛ نفس جذع الخدمة `furniture-moving-packaging` على 9 URL ؛ لا H1 داخل جسم المقال (قد يعتمد على عنوان القالب)
شركة نقل أثاث خارجي في الريان,https://www.rukn-eltatawer.com/qa/outdoor-moving-al-rayyan/,222,"critical_thin,template_boilerplate,local_doorway_variant,city_variant_similar,keyword_cannibalization,no_h1_in_body",محتوى هزيل جداً (222 كلمة) ؛ نفس الهيكل العناوين في 868 صفحة (hash a6b89d30b159) ؛ صفحة مدينة×خدمة من مولّد الشبكة — تغطية محلية لكن خطر doorway/تكرار ؛ نفس جذع الخدمة `outdoor-moving` على 9 URL ؛ لا H1 داخل جسم المقال (قد يعتمد على عنوان القالب)
شركة نقل أثاث داخلي في الريان,https://www.rukn-eltatawer.com/qa/indoor-moving-al-rayyan/,222,"critical_thin,template_boilerplate,local_doorway_variant,city_variant_similar,keyword_cannibalization,no_h1_in_body",محتوى هزيل جداً (222 كلمة) ؛ نفس الهيكل العناوين في 868 صفحة (hash a6b89d30b159) ؛ صفحة مدينة×خدمة من مولّد الشبكة — تغطية محلية لكن خطر doorway/تكرار ؛ نفس جذع الخدمة `indoor-moving` على 9 URL ؛ لا H1 داخل جسم المقال (قد يعتمد على عنوان القالب)
شركة تركيب نوافير جدارية في الريان,https://www.rukn-eltatawer.com/qa/wall-fountain-al-rayyan/,213,"critical_thin,template_boilerplate,local_doorway_variant,city_variant_similar,keyword_cannibalization,no_h1_in_body",محتوى هزيل جداً (213 كلمة) ؛ نفس الهيكل العناوين في 905 صفحة (hash cb24e6f8b3f9) ؛ صفحة مدينة×خدمة من مولّد الشبكة — تغطية محلية لكن خطر doorway/تكرار ؛ نفس جذع الخدمة `wall-fountain` على 9 URL ؛ لا H1 داخل جسم المقال (قد يعتمد على عنوان القالب)
شركة تركيب شلالات اصطناعية في الريان,https://www.rukn-eltatawer.com/qa/artificial-waterfall-al-rayyan/,220,"critical_thin,template_boilerplate,local_doorway_variant,keyword_cannibalization,no_h1_in_body",محتوى هزيل جداً (220 كلمة) ؛ نفس الهيكل العناوين في 868 صفحة (hash a6b89d30b159) ؛ صفحة مدينة×خدمة من مولّد الشبكة — تغطية محلية لكن خطر doorway/تكرار ؛ نفس جذع الخدمة `artificial-waterfall` على 9 URL ؛ لا H1 داخل جسم المقال (قد يعتمد على عنوان القالب)
شركة إنشاء ممرات حجرية في الريان,https://www.rukn-eltatawer.com/qa/stone-pathway-al-rayyan/,213,"critical_thin,template_boilerplate,local_doorway_variant,city_variant_similar,keyword_cannibalization,no_h1_in_body",محتوى هزيل جداً (213 كلمة) ؛ نفس الهيكل العناوين في 905 صفحة (hash cb24e6f8b3f9) ؛ صفحة مدينة×خدمة من مولّد الشبكة — تغطية محلية لكن خطر doorway/تكرار ؛ نفس جذع الخدمة `stone-pathway` على 9 URL ؛ لا H1 داخل جسم المقال (قد يعتمد على عنوان القالب)
شركة تركيب عرائش خشبية في الريان,https://www.rukn-eltatawer.com/qa/wooden-arbor-installation-al-rayyan/,213,"critical_thin,template_boilerplate,local_doorway_variant,city_variant_similar,keyword_cannibalization,no_h1_in_body",محتوى هزيل جداً (213 كلمة) ؛ نفس الهيكل العناوين في 905 صفحة (hash cb24e6f8b3f9) ؛ صفحة مدينة×خدمة من مولّد الشبكة — تغطية محلية لكن خطر doorway/تكرار ؛ نفس جذع الخدمة `wooden-arbor-installation` على 9 URL ؛ لا H1 داخل جسم المقال (قد يعتمد على عنوان القالب)
شركة تركيب برجولات في الريان,https://www.rukn-eltatawer.com/qa/pergola-installation-al-rayyan/,212,"critical_thin,template_boilerplate,local_doorway_variant,city_variant_similar,keyword_cannibalization,no_h1_in_body",محتوى هزيل جداً (212 كلمة) ؛ نفس الهيكل العناوين في 905 صفحة (hash cb24e6f8b3f9) ؛ صفحة مدينة×خدمة من مولّد الشبكة — تغطية محلية لكن خطر doorway/تكرار ؛ نفس جذع الخدمة `pergola-installation` على 9 URL ؛ لا H1 داخل جسم المقال (قد يعتمد على عنوان القالب)
شركة إنشاء جلسات حدائق في الريان,https://www.rukn-eltatawer.com/qa/garden-seating-al-rayyan/,227,"critical_thin,template_boilerplate,local_doorway_variant,city_variant_similar,keyword_cannibalization,no_h1_in_body",محتوى هزيل جداً (227 كلمة) ؛ نفس الهيكل العناوين في 905 صفحة (hash cb24e6f8b3f9) ؛ صفحة مدينة×خدمة من مولّد الشبكة — تغطية محلية لكن خطر doorway/تكرار ؛ نفس جذع الخدمة `garden-seating` على 9 URL ؛ لا H1 داخل جسم المقال (قد يعتمد على عنوان القالب)
شركة تركيب عشب جداري في الريان,https://www.rukn-eltatawer.com/qa/wall-grass-al-rayyan/,220,"critical_thin,template_boilerplate,local_doorway_variant,keyword_cannibalization,no_h1_in_body",محتوى هزيل جداً (220 كلمة) ؛ نفس الهيكل العناوين في 868 صفحة (hash a6b89d30b159) ؛ صفحة مدينة×خدمة من مولّد الشبكة — تغطية محلية لكن خطر doorway/تكرار ؛ نفس جذع الخدمة `wall-grass` على 9 URL ؛ لا H1 داخل جسم المقال (قد يعتمد على عنوان القالب)
شركة تركيب عشب صناعي في الريان,https://www.rukn-eltatawer.com/qa/artificial-grass-grdn-al-rayyan/,216,"critical_thin,template_boilerplate,local_doorway_variant,city_variant_similar,keyword_cannibalization,no_h1_in_body",محتوى هزيل جداً (216 كلمة) ؛ نفس الهيكل العناوين في 868 صفحة (hash a6b89d30b159) ؛ صفحة مدينة×خدمة من مولّد الشبكة — تغطية محلية لكن خطر doorway/تكرار ؛ نفس جذع الخدمة `artificial-grass-grdn` على 9 URL ؛ لا H1 داخل جسم المقال (قد يعتمد على عنوان القالب)
شركة تركيب شبكات ري أوتوماتيكية في الريان,https://www.rukn-eltatawer.com/qa/automatic-irrigation-al-rayyan/,207,"critical_thin,template_boilerplate,local_doorway_variant,city_variant_similar,keyword_cannibalization,no_h1_in_body",محتوى هزيل جداً (207 كلمة) ؛ نفس الهيكل العناوين في 868 صفحة (hash a6b89d30b159) ؛ صفحة مدينة×خدمة من مولّد الشبكة — تغطية محلية لكن خطر doorway/تكرار ؛ نفس جذع الخدمة `automatic-irrigation` على 9 URL ؛ لا H1 داخل جسم المقال (قد يعتمد على عنوان القالب)
شركة تركيب شبكات ري حديثة في الريان,https://www.rukn-eltatawer.com/qa/modern-irrigation-al-rayyan/,217,"critical_thin,template_boilerplate,local_doorway_variant,city_variant_similar,keyword_cannibalization,no_h1_in_body",محتوى هزيل جداً (217 كلمة) ؛ نفس الهيكل العناوين في 868 صفحة (hash a6b89d30b159) ؛ صفحة مدينة×خدمة من مولّد الشبكة — تغطية محلية لكن خطر doorway/تكرار ؛ نفس جذع الخدمة `modern-irrigation` على 9 URL ؛ لا H1 داخل جسم المقال (قد يعتمد على عنوان القالب)
شركة زرع نخيل وأشجار في الريان,https://www.rukn-eltatawer.com/qa/palm-tree-planting-al-rayyan/,216,"critical_thin,template_boilerplate,local_doorway_variant,city_variant_similar,keyword_cannibalization,no_h1_in_body",محتوى هزيل جداً (216 كلمة) ؛ نفس الهيكل العناوين في 868 صفحة (hash a6b89d30b159) ؛ صفحة مدينة×خدمة من مولّد الشبكة — تغطية محلية لكن خطر doorway/تكرار ؛ نفس جذع الخدمة `palm-tree-planting` على 9 URL ؛ لا H1 داخل جسم المقال (قد يعتمد على عنوان القالب)
شركة قص عشب طبيعي في الريان,https://www.rukn-eltatawer.com/qa/natural-grass-cutting-al-rayyan/,227,"critical_thin,template_boilerplate,local_doorway_variant,city_variant_similar,keyword_cannibalization,no_h1_in_body",محتوى هزيل جداً (227 كلمة) ؛ نفس الهيكل العناوين في 905 صفحة (hash cb24e6f8b3f9) ؛ صفحة مدينة×خدمة من مولّد الشبكة — تغطية محلية لكن خطر doorway/تكرار ؛ نفس جذع الخدمة `natural-grass-cutting` على 9 URL ؛ لا H1 داخل جسم المقال (قد يعتمد على عنوان القالب)
شركة تصميم حدائق أسطح في الريان,https://www.rukn-eltatawer.com/qa/roof-garden-design-al-rayyan/,206,"critical_thin,template_boilerplate,local_doorway_variant,city_variant_similar,keyword_cannibalization,no_h1_in_body",محتوى هزيل جداً (206 كلمة) ؛ نفس الهيكل العناوين في 868 صفحة (hash a6b89d30b159) ؛ صفحة مدينة×خدمة من مولّد الشبكة — تغطية محلية لكن خطر doorway/تكرار ؛ نفس جذع الخدمة `roof-garden-design` على 9 URL ؛ لا H1 داخل جسم المقال (قد يعتمد على عنوان القالب)
شركة تصميم حدائق داخلية في الريان,https://www.rukn-eltatawer.com/qa/indoor-garden-design-al-rayyan/,206,"critical_thin,template_boilerplate,local_doorway_variant,city_variant_similar,keyword_cannibalization,no_h1_in_body",محتوى هزيل جداً (206 كلمة) ؛ نفس الهيكل العناوين في 868 صفحة (hash a6b89d30b159) ؛ صفحة مدينة×خدمة من مولّد الشبكة — تغطية محلية لكن خطر doorway/تكرار ؛ نفس جذع الخدمة `indoor-garden-design` على 9 URL ؛ لا H1 داخل جسم المقال (قد يعتمد على عنوان القالب)
شركة تنسيق حدائق في الريان,https://www.rukn-eltatawer.com/qa/landscaping-al-rayyan/,205,"critical_thin,template_boilerplate,local_doorway_variant,near_duplicate,keyword_cannibalization,no_h1_in_body",محتوى هزيل جداً (205 كلمة) ؛ نفس الهيكل العناوين في 868 صفحة (hash a6b89d30b159) ؛ صفحة مدينة×خدمة من مولّد الشبكة — تغطية محلية لكن خطر doorway/تكرار ؛ تشابه SimHash مسافة 0 مع https://www.rukn-eltatawer.com/qa/roof-garden-design-al-rayyan/ ؛ نفس جذع الخدمة `landscaping` على 10 URL ؛ لا H1 داخل جسم المقال (قد يعتمد على عنوان القالب)
شركة تصميم وتنفيذ ديكورات في الريان,https://www.rukn-eltatawer.com/qa/decor-design-al-rayyan/,203,"critical_thin,template_boilerplate,local_doorway_variant,city_variant_similar,keyword_cannibalization,no_h1_in_body",محتوى هزيل جداً (203 كلمة) ؛ نفس الهيكل العناوين في 868 صفحة (hash a6b89d30b159) ؛ صفحة مدينة×خدمة من مولّد الشبكة — تغطية محلية لكن خطر doorway/تكرار ؛ نفس جذع الخدمة `decor-design` على 9 URL ؛ لا H1 داخل جسم المقال (قد يعتمد على عنوان القالب)
شركة دهانات خارجية في الريان,https://www.rukn-eltatawer.com/qa/exterior-painting-al-rayyan/,202,"critical_thin,template_boilerplate,local_doorway_variant,city_variant_similar,keyword_cannibalization,no_h1_in_body",محتوى هزيل جداً (202 كلمة) ؛ نفس الهيكل العناوين في 868 صفحة (hash a6b89d30b159) ؛ صفحة مدينة×خدمة من مولّد الشبكة — تغطية محلية لكن خطر doorway/تكرار ؛ نفس جذع الخدمة `exterior-painting` على 9 URL ؛ لا H1 داخل جسم المقال (قد يعتمد على عنوان القالب)
شركة دهانات داخلية في الريان,https://www.rukn-eltatawer.com/qa/interior-painting-al-rayyan/,216,"critical_thin,template_boilerplate,local_doorway_variant,city_variant_similar,keyword_cannibalization,no_h1_in_body",محتوى هزيل جداً (216 كلمة) ؛ نفس الهيكل العناوين في 868 صفحة (hash a6b89d30b159) ؛ صفحة مدينة×خدمة من مولّد الشبكة — تغطية محلية لكن خطر doorway/تكرار ؛ نفس جذع الخدمة `interior-painting` على 9 URL ؛ لا H1 داخل جسم المقال (قد يعتمد على عنوان القالب)
شركة بناء أسوار طابوق في الريان,https://www.rukn-eltatawer.com/qa/block-fences-al-rayyan/,224,"critical_thin,template_boilerplate,local_doorway_variant,keyword_cannibalization,no_h1_in_body",محتوى هزيل جداً (224 كلمة) ؛ نفس الهيكل العناوين في 868 صفحة (hash a6b89d30b159) ؛ صفحة مدينة×خدمة من مولّد الشبكة — تغطية محلية لكن خطر doorway/تكرار ؛ نفس جذع الخدمة `block-fences` على 9 URL ؛ لا H1 داخل جسم المقال (قد يعتمد على عنوان القالب)
شركة بناء مجالس خارجية في الريان,https://www.rukn-eltatawer.com/qa/outdoor-majlis-al-rayyan/,231,"critical_thin,template_boilerplate,local_doorway_variant,city_variant_similar,keyword_cannibalization,no_h1_in_body",محتوى هزيل جداً (231 كلمة) ؛ نفس الهيكل العناوين في 905 صفحة (hash cb24e6f8b3f9) ؛ صفحة مدينة×خدمة من مولّد الشبكة — تغطية محلية لكن خطر doorway/تكرار ؛ نفس جذع الخدمة `outdoor-majlis` على 9 URL ؛ لا H1 داخل جسم المقال (قد يعتمد على عنوان القالب)
شركة بناء مطابخ خارجية في الريان,https://www.rukn-eltatawer.com/qa/outdoor-kitchens-al-rayyan/,214,"critical_thin,template_boilerplate,local_doorway_variant,keyword_cannibalization,no_h1_in_body",محتوى هزيل جداً (214 كلمة) ؛ نفس الهيكل العناوين في 868 صفحة (hash a6b89d30b159) ؛ صفحة مدينة×خدمة من مولّد الشبكة — تغطية محلية لكن خطر doorway/تكرار ؛ نفس جذع الخدمة `outdoor-kitchens` على 9 URL ؛ لا H1 داخل جسم المقال (قد يعتمد على عنوان القالب)
شركة بناء حمامات خارجية في الريان,https://www.rukn-eltatawer.com/qa/outdoor-bathrooms-al-rayyan/,221,"critical_thin,template_boilerplate,local_doorway_variant,city_variant_similar,keyword_cannibalization,no_h1_in_body",محتوى هزيل جداً (221 كلمة) ؛ نفس الهيكل العناوين في 905 صفحة (hash cb24e6f8b3f9) ؛ صفحة مدينة×خدمة من مولّد الشبكة — تغطية محلية لكن خطر doorway/تكرار ؛ نفس جذع الخدمة `outdoor-bathrooms` على 9 URL ؛ لا H1 داخل جسم المقال (قد يعتمد على عنوان القالب)
شركة بناء استراحات في الريان,https://www.rukn-eltatawer.com/qa/majlis-building-al-rayyan/,233,"critical_thin,template_boilerplate,local_doorway_variant,city_variant_similar,keyword_cannibalization,no_h1_in_body",محتوى هزيل جداً (233 كلمة) ؛ نفس الهيكل العناوين في 905 صفحة (hash cb24e6f8b3f9) ؛ صفحة مدينة×خدمة من مولّد الشبكة — تغطية محلية لكن خطر doorway/تكرار ؛ نفس جذع الخدمة `majlis-building` على 9 URL ؛ لا H1 داخل جسم المقال (قد يعتمد على عنوان القالب)
شركة بناء ملاحق في الريان,https://www.rukn-eltatawer.com/qa/annex-building-al-rayyan/,219,"critical_thin,template_boilerplate,local_doorway_variant,city_variant_similar,keyword_cannibalization,no_h1_in_body",محتوى هزيل جداً (219 كلمة) ؛ نفس الهيكل العناوين في 905 صفحة (hash cb24e6f8b3f9) ؛ صفحة مدينة×خدمة من مولّد الشبكة — تغطية محلية لكن خطر doorway/تكرار ؛ نفس جذع الخدمة `annex-building` على 9 URL ؛ لا H1 داخل جسم المقال (قد يعتمد على عنوان القالب)
شركة تركيب عشب جداري في الريان,https://www.rukn-eltatawer.com/qa/grass-wall-al-rayyan/,206,"critical_thin,template_boilerplate,local_doorway_variant,city_variant_similar,keyword_cannibalization,no_h1_in_body",محتوى هزيل جداً (206 كلمة) ؛ نفس الهيكل العناوين في 868 صفحة (hash a6b89d30b159) ؛ صفحة مدينة×خدمة من مولّد الشبكة — تغطية محلية لكن خطر doorway/تكرار ؛ نفس جذع الخدمة `grass-wall` على 9 URL ؛ لا H1 داخل جسم المقال (قد يعتمد على عنوان القالب)
شركة تركيب عشب صناعي في الريان,https://www.rukn-eltatawer.com/qa/artificial-grass-al-rayyan/,216,"critical_thin,template_boilerplate,local_doorway_variant,city_variant_similar,keyword_cannibalization,no_h1_in_body",محتوى هزيل جداً (216 كلمة) ؛ نفس الهيكل العناوين في 868 صفحة (hash a6b89d30b159) ؛ صفحة مدينة×خدمة من مولّد الشبكة — تغطية محلية لكن خطر doorway/تكرار ؛ نفس جذع الخدمة `artificial-grass` على 9 URL ؛ لا H1 داخل جسم المقال (قد يعتمد على عنوان القالب)
شركة تركيب مظلات وسواتر في الريان,https://www.rukn-eltatawer.com/qa/shades-sails-al-rayyan/,235,"critical_thin,template_boilerplate,local_doorway_variant,keyword_cannibalization,no_h1_in_body",محتوى هزيل جداً (235 كلمة) ؛ نفس الهيكل العناوين في 905 صفحة (hash cb24e6f8b3f9) ؛ صفحة مدينة×خدمة من مولّد الشبكة — تغطية محلية لكن خطر doorway/تكرار ؛ نفس جذع الخدمة `shades-sails` على 9 URL ؛ لا H1 داخل جسم المقال (قد يعتمد على عنوان القالب)
شركة تركيب شبابيك في الريان,https://www.rukn-eltatawer.com/qa/windows-installation-al-rayyan/,229,"critical_thin,template_boilerplate,local_doorway_variant,city_variant_similar,keyword_cannibalization,no_h1_in_body",محتوى هزيل جداً (229 كلمة) ؛ نفس الهيكل العناوين في 905 صفحة (hash cb24e6f8b3f9) ؛ صفحة مدينة×خدمة من مولّد الشبكة — تغطية محلية لكن خطر doorway/تكرار ؛ نفس جذع الخدمة `windows-installation` على 9 URL ؛ لا H1 داخل جسم المقال (قد يعتمد على عنوان القالب)
شركة كشف أعطال تبريد في الوكرة,https://www.rukn-eltatawer.com/qa/cooling-fault-detection-al-wakrah/,221,"critical_thin,template_boilerplate,local_doorway_variant,city_variant_similar,keyword_cannibalization,no_h1_in_body",محتوى هزيل جداً (221 كلمة) ؛ نفس الهيكل العناوين في 868 صفحة (hash a6b89d30b159) ؛ صفحة مدينة×خدمة من مولّد الشبكة — تغطية محلية لكن خطر doorway/تكرار ؛ نفس جذع الخدمة `cooling-fault-detection` على 9 URL ؛ لا H1 داخل جسم المقال (قد يعتمد على عنوان القالب)
شركة كهربائي طوارئ 24 ساعة في الوكرة,https://www.rukn-eltatawer.com/qa/24h-emergency-electrician-al-wakrah/,214,"critical_thin,template_boilerplate,local_doorway_variant,city_variant_similar,keyword_cannibalization,no_h1_in_body",محتوى هزيل جداً (214 كلمة) ؛ نفس الهيكل العناوين في 868 صفحة (hash a6b89d30b159) ؛ صفحة مدينة×خدمة من مولّد الشبكة — تغطية محلية لكن خطر doorway/تكرار ؛ نفس جذع الخدمة `24h-emergency-electrician` على 9 URL ؛ لا H1 داخل جسم المقال (قد يعتمد على عنوان القالب)
شركة تركيب أدوات صحية في الوكرة,https://www.rukn-eltatawer.com/qa/sanitary-fixtures-installation-al-wakrah/,211,"critical_thin,template_boilerplate,local_doorway_variant,city_variant_similar,keyword_cannibalization,no_h1_in_body",محتوى هزيل جداً (211 كلمة) ؛ نفس الهيكل العناوين في 868 صفحة (hash a6b89d30b159) ؛ صفحة مدينة×خدمة من مولّد الشبكة — تغطية محلية لكن خطر doorway/تكرار ؛ نفس جذع الخدمة `sanitary-fixtures-installation` على 9 URL ؛ لا H1 داخل جسم المقال (قد يعتمد على عنوان القالب)
شركة تركيب سخانات مياه في الوكرة,https://www.rukn-eltatawer.com/qa/water-heater-installation-al-wakrah/,211,"critical_thin,template_boilerplate,local_doorway_variant,city_variant_similar,keyword_cannibalization,no_h1_in_body",محتوى هزيل جداً (211 كلمة) ؛ نفس الهيكل العناوين في 868 صفحة (hash a6b89d30b159) ؛ صفحة مدينة×خدمة من مولّد الشبكة — تغطية محلية لكن خطر doorway/تكرار ؛ نفس جذع الخدمة `water-heater-installation` على 9 URL ؛ لا H1 داخل جسم المقال (قد يعتمد على عنوان القالب)
شركة تركيب إنارة داخلية وخارجية في الوكرة,https://www.rukn-eltatawer.com/qa/indoor-outdoor-lighting-installation-al-wakrah/,226,"critical_thin,template_boilerplate,local_doorway_variant,city_variant_similar,keyword_cannibalization,no_h1_in_body",محتوى هزيل جداً (226 كلمة) ؛ نفس الهيكل العناوين في 868 صفحة (hash a6b89d30b159) ؛ صفحة مدينة×خدمة من مولّد الشبكة — تغطية محلية لكن خطر doorway/تكرار ؛ نفس جذع الخدمة `indoor-outdoor-lighting-installation` على 9 URL ؛ لا H1 داخل جسم المقال (قد يعتمد على عنوان القالب)
شركة كشف أعطال كهرباء في الوكرة,https://www.rukn-eltatawer.com/qa/electrical-fault-detection-al-wakrah/,213,"critical_thin,template_boilerplate,local_doorway_variant,keyword_cannibalization,no_h1_in_body",محتوى هزيل جداً (213 كلمة) ؛ نفس الهيكل العناوين في 868 صفحة (hash a6b89d30b159) ؛ صفحة مدينة×خدمة من مولّد الشبكة — تغطية محلية لكن خطر doorway/تكرار ؛ نفس جذع الخدمة `electrical-fault-detection` على 9 URL ؛ لا H1 داخل جسم المقال (قد يعتمد على عنوان القالب)
شركة تمديدات كهربائية جديدة في الوكرة,https://www.rukn-eltatawer.com/qa/new-electrical-wiring-al-wakrah/,225,"critical_thin,template_boilerplate,local_doorway_variant,city_variant_similar,keyword_cannibalization,no_h1_in_body",محتوى هزيل جداً (225 كلمة) ؛ نفس الهيكل العناوين في 868 صفحة (hash a6b89d30b159) ؛ صفحة مدينة×خدمة من مولّد الشبكة — تغطية محلية لكن خطر doorway/تكرار ؛ نفس جذع الخدمة `new-electrical-wiring` على 9 URL ؛ لا H1 داخل جسم المقال (قد يعتمد على عنوان القالب)
شركة كهربائي منازل في الوكرة,https://www.rukn-eltatawer.com/qa/home-electrician-elec-al-wakrah/,212,"critical_thin,template_boilerplate,local_doorway_variant,city_variant_similar,keyword_cannibalization,no_h1_in_body",محتوى هزيل جداً (212 كلمة) ؛ نفس الهيكل العناوين في 868 صفحة (hash a6b89d30b159) ؛ صفحة مدينة×خدمة من مولّد الشبكة — تغطية محلية لكن خطر doorway/تكرار ؛ نفس جذع الخدمة `home-electrician-elec` على 9 URL ؛ لا H1 داخل جسم المقال (قد يعتمد على عنوان القالب)
شركة دهان أبواب وشبابيك خشبية في الوكرة,https://www.rukn-eltatawer.com/qa/wood-doors-windows-painting-al-wakrah/,212,"critical_thin,template_boilerplate,local_doorway_variant,city_variant_similar,keyword_cannibalization,no_h1_in_body",محتوى هزيل جداً (212 كلمة) ؛ نفس الهيكل العناوين في 868 صفحة (hash a6b89d30b159) ؛ صفحة مدينة×خدمة من مولّد الشبكة — تغطية محلية لكن خطر doorway/تكرار ؛ نفس جذع الخدمة `wood-doors-windows-painting` على 9 URL ؛ لا H1 داخل جسم المقال (قد يعتمد على عنوان القالب)
شركة دهانات ديكورية وتأثيرات جدارية في الوكرة,https://www.rukn-eltatawer.com/qa/decorative-wall-effects-al-wakrah/,218,"critical_thin,template_boilerplate,local_doorway_variant,city_variant_similar,keyword_cannibalization,no_h1_in_body",محتوى هزيل جداً (218 كلمة) ؛ نفس الهيكل العناوين في 868 صفحة (hash a6b89d30b159) ؛ صفحة مدينة×خدمة من مولّد الشبكة — تغطية محلية لكن خطر doorway/تكرار ؛ نفس جذع الخدمة `decorative-wall-effects` على 9 URL ؛ لا H1 داخل جسم المقال (قد يعتمد على عنوان القالب)
شركة رش بويات كهربائي في الوكرة,https://www.rukn-eltatawer.com/qa/electric-spray-painting-al-wakrah/,219,"critical_thin,template_boilerplate,local_doorway_variant,city_variant_similar,keyword_cannibalization,no_h1_in_body",محتوى هزيل جداً (219 كلمة) ؛ نفس الهيكل العناوين في 868 صفحة (hash a6b89d30b159) ؛ صفحة مدينة×خدمة من مولّد الشبكة — تغطية محلية لكن خطر doorway/تكرار ؛ نفس جذع الخدمة `electric-spray-painting` على 9 URL ؛ لا H1 داخل جسم المقال (قد يعتمد على عنوان القالب)
شركة إزالة دهان قديم وتحضير أسطح في الوكرة,https://www.rukn-eltatawer.com/qa/paint-removal-surface-prep-al-wakrah/,224,"critical_thin,template_boilerplate,local_doorway_variant,city_variant_similar,keyword_cannibalization,no_h1_in_body",محتوى هزيل جداً (224 كلمة) ؛ نفس الهيكل العناوين في 905 صفحة (hash cb24e6f8b3f9) ؛ صفحة مدينة×خدمة من مولّد الشبكة — تغطية محلية لكن خطر doorway/تكرار ؛ نفس جذع الخدمة `paint-removal-surface-prep` على 9 URL ؛ لا H1 داخل جسم المقال (قد يعتمد على عنوان القالب)
شركة دهان مكاتب وشركات في الوكرة,https://www.rukn-eltatawer.com/qa/office-painting-al-wakrah/,211,"critical_thin,template_boilerplate,local_doorway_variant,city_variant_similar,keyword_cannibalization,no_h1_in_body",محتوى هزيل جداً (211 كلمة) ؛ نفس الهيكل العناوين في 868 صفحة (hash a6b89d30b159) ؛ صفحة مدينة×خدمة من مولّد الشبكة — تغطية محلية لكن خطر doorway/تكرار ؛ نفس جذع الخدمة `office-painting` على 9 URL ؛ لا H1 داخل جسم المقال (قد يعتمد على عنوان القالب)
شركة تركيب أبواب في الريان,https://www.rukn-eltatawer.com/qa/doors-installation-al-rayyan/,226,"critical_thin,template_boilerplate,local_doorway_variant,city_variant_similar,keyword_cannibalization,no_h1_in_body",محتوى هزيل جداً (226 كلمة) ؛ نفس الهيكل العناوين في 868 صفحة (hash a6b89d30b159) ؛ صفحة مدينة×خدمة من مولّد الشبكة — تغطية محلية لكن خطر doorway/تكرار ؛ نفس جذع الخدمة `doors-installation` على 9 URL ؛ لا H1 داخل جسم المقال (قد يعتمد على عنوان القالب)
شركة تركيب مطابخ في الريان,https://www.rukn-eltatawer.com/qa/kitchen-installation-al-rayyan/,222,"critical_thin,template_boilerplate,local_doorway_variant,city_variant_similar,keyword_cannibalization,no_h1_in_body",محتوى هزيل جداً (222 كلمة) ؛ نفس الهيكل العناوين في 868 صفحة (hash a6b89d30b159) ؛ صفحة مدينة×خدمة من مولّد الشبكة — تغطية محلية لكن خطر doorway/تكرار ؛ نفس جذع الخدمة `kitchen-installation` على 9 URL ؛ لا H1 داخل جسم المقال (قد يعتمد على عنوان القالب)
شركة تركيب زجاج وألوميتال في الريان,https://www.rukn-eltatawer.com/qa/glass-alumetal-al-rayyan/,235,"critical_thin,template_boilerplate,local_doorway_variant,city_variant_similar,keyword_cannibalization,no_h1_in_body",محتوى هزيل جداً (235 كلمة) ؛ نفس الهيكل العناوين في 905 صفحة (hash cb24e6f8b3f9) ؛ صفحة مدينة×خدمة من مولّد الشبكة — تغطية محلية لكن خطر doorway/تكرار ؛ نفس جذع الخدمة `glass-alumetal` على 9 URL ؛ لا H1 داخل جسم المقال (قد يعتمد على عنوان القالب)
شركة تركيب فواصل زجاجية وألومنيوم في الريان,https://www.rukn-eltatawer.com/qa/glass-aluminium-partitions-al-rayyan/,230,"critical_thin,template_boilerplate,local_doorway_variant,keyword_cannibalization,no_h1_in_body",محتوى هزيل جداً (230 كلمة) ؛ نفس الهيكل العناوين في 868 صفحة (hash a6b89d30b159) ؛ صفحة مدينة×خدمة من مولّد الشبكة — تغطية محلية لكن خطر doorway/تكرار ؛ نفس جذع الخدمة `glass-aluminium-partitions` على 9 URL ؛ لا H1 داخل جسم المقال (قد يعتمد على عنوان القالب)
شركة تركيب أسقف مستعارة في الريان,https://www.rukn-eltatawer.com/qa/suspended-ceiling-al-rayyan/,214,"critical_thin,template_boilerplate,local_doorway_variant,keyword_cannibalization,no_h1_in_body",محتوى هزيل جداً (214 كلمة) ؛ نفس الهيكل العناوين في 868 صفحة (hash a6b89d30b159) ؛ صفحة مدينة×خدمة من مولّد الشبكة — تغطية محلية لكن خطر doorway/تكرار ؛ نفس جذع الخدمة `suspended-ceiling` على 9 URL ؛ لا H1 داخل جسم المقال (قد يعتمد على عنوان القالب)
شركة تركيب سجاد أرضيات في الريان,https://www.rukn-eltatawer.com/qa/floor-carpeting-al-rayyan/,221,"critical_thin,template_boilerplate,local_doorway_variant,city_variant_similar,keyword_cannibalization,no_h1_in_body",محتوى هزيل جداً (221 كلمة) ؛ نفس الهيكل العناوين في 905 صفحة (hash cb24e6f8b3f9) ؛ صفحة مدينة×خدمة من مولّد الشبكة — تغطية محلية لكن خطر doorway/تكرار ؛ نفس جذع الخدمة `floor-carpeting` على 9 URL ؛ لا H1 داخل جسم المقال (قد يعتمد على عنوان القالب)
شركة تركيب ورق جدران في الريان,https://www.rukn-eltatawer.com/qa/wallpaper-al-rayyan/,210,"critical_thin,template_boilerplate,local_doorway_variant,city_variant_similar,keyword_cannibalization,no_h1_in_body",محتوى هزيل جداً (210 كلمة) ؛ نفس الهيكل العناوين في 905 صفحة (hash cb24e6f8b3f9) ؛ صفحة مدينة×خدمة من مولّد الشبكة — تغطية محلية لكن خطر doorway/تكرار ؛ نفس جذع الخدمة `wallpaper` على 9 URL ؛ لا H1 داخل جسم المقال (قد يعتمد على عنوان القالب)
شركة تركيب أسقف جبسية / فورسيلنج في الريان,https://www.rukn-eltatawer.com/qa/false-ceiling-al-rayyan/,216,"critical_thin,template_boilerplate,local_doorway_variant,keyword_cannibalization,no_h1_in_body",محتوى هزيل جداً (216 كلمة) ؛ نفس الهيكل العناوين في 868 صفحة (hash a6b89d30b159) ؛ صفحة مدينة×خدمة من مولّد الشبكة — تغطية محلية لكن خطر doorway/تكرار ؛ نفس جذع الخدمة `false-ceiling` على 9 URL ؛ لا H1 داخل جسم المقال (قد يعتمد على عنوان القالب)
شركة تركيب جبس بورد في الريان,https://www.rukn-eltatawer.com/qa/gypsum-board-al-rayyan/,210,"critical_thin,template_boilerplate,local_doorway_variant,city_variant_similar,keyword_cannibalization,no_h1_in_body",محتوى هزيل جداً (210 كلمة) ؛ نفس الهيكل العناوين في 905 صفحة (hash cb24e6f8b3f9) ؛ صفحة مدينة×خدمة من مولّد الشبكة — تغطية محلية لكن خطر doorway/تكرار ؛ نفس جذع الخدمة `gypsum-board` على 9 URL ؛ لا H1 داخل جسم المقال (قد يعتمد على عنوان القالب)
شركة تركيب فوم للجدران في الريان,https://www.rukn-eltatawer.com/qa/wall-foam-al-rayyan/,224,"critical_thin,template_boilerplate,local_doorway_variant,city_variant_similar,keyword_cannibalization,no_h1_in_body",محتوى هزيل جداً (224 كلمة) ؛ نفس الهيكل العناوين في 868 صفحة (hash a6b89d30b159) ؛ صفحة مدينة×خدمة من مولّد الشبكة — تغطية محلية لكن خطر doorway/تكرار ؛ نفس جذع الخدمة `wall-foam` على 9 URL ؛ لا H1 داخل جسم المقال (قد يعتمد على عنوان القالب)
شركة تركيب رخام وجرانيت في الريان,https://www.rukn-eltatawer.com/qa/marble-granite-al-rayyan/,228,"critical_thin,template_boilerplate,local_doorway_variant,city_variant_similar,keyword_cannibalization,no_h1_in_body",محتوى هزيل جداً (228 كلمة) ؛ نفس الهيكل العناوين في 868 صفحة (hash a6b89d30b159) ؛ صفحة مدينة×خدمة من مولّد الشبكة — تغطية محلية لكن خطر doorway/تكرار ؛ نفس جذع الخدمة `marble-granite` على 9 URL ؛ لا H1 داخل جسم المقال (قد يعتمد على عنوان القالب)
شركة تركيب حجر طبيعي وصناعي في الريان,https://www.rukn-eltatawer.com/qa/stone-al-rayyan/,230,"critical_thin,template_boilerplate,local_doorway_variant,keyword_cannibalization,no_h1_in_body",محتوى هزيل جداً (230 كلمة) ؛ نفس الهيكل العناوين في 868 صفحة (hash a6b89d30b159) ؛ صفحة مدينة×خدمة من مولّد الشبكة — تغطية محلية لكن خطر doorway/تكرار ؛ نفس جذع الخدمة `stone` على 9 URL ؛ لا H1 داخل جسم المقال (قد يعتمد على عنوان القالب)
شركة تركيب أرضيات فينيل في الريان,https://www.rukn-eltatawer.com/qa/vinyl-flooring-al-rayyan/,231,"critical_thin,template_boilerplate,local_doorway_variant,city_variant_similar,keyword_cannibalization,no_h1_in_body",محتوى هزيل جداً (231 كلمة) ؛ نفس الهيكل العناوين في 905 صفحة (hash cb24e6f8b3f9) ؛ صفحة مدينة×خدمة من مولّد الشبكة — تغطية محلية لكن خطر doorway/تكرار ؛ نفس جذع الخدمة `vinyl-flooring` على 9 URL ؛ لا H1 داخل جسم المقال (قد يعتمد على عنوان القالب)
شركة تركيب باركيه وأرضيات خشب في الريان,https://www.rukn-eltatawer.com/qa/parquet-al-rayyan/,237,"critical_thin,template_boilerplate,local_doorway_variant,keyword_cannibalization,no_h1_in_body",محتوى هزيل جداً (237 كلمة) ؛ نفس الهيكل العناوين في 905 صفحة (hash cb24e6f8b3f9) ؛ صفحة مدينة×خدمة من مولّد الشبكة — تغطية محلية لكن خطر doorway/تكرار ؛ نفس جذع الخدمة `parquet` على 9 URL ؛ لا H1 داخل جسم المقال (قد يعتمد على عنوان القالب)
شركة تركيب سيراميك وبورسلين في الريان,https://www.rukn-eltatawer.com/qa/ceramic-porcelain-al-rayyan/,221,"critical_thin,template_boilerplate,local_doorway_variant,city_variant_similar,keyword_cannibalization,no_h1_in_body",محتوى هزيل جداً (221 كلمة) ؛ نفس الهيكل العناوين في 905 صفحة (hash cb24e6f8b3f9) ؛ صفحة مدينة×خدمة من مولّد الشبكة — تغطية محلية لكن خطر doorway/تكرار ؛ نفس جذع الخدمة `ceramic-porcelain` على 9 URL ؛ لا H1 داخل جسم المقال (قد يعتمد على عنوان القالب)
شركة تركيب بلاستر في الريان,https://www.rukn-eltatawer.com/qa/plastering-al-rayyan/,222,"critical_thin,template_boilerplate,local_doorway_variant,city_variant_similar,keyword_cannibalization,no_h1_in_body",محتوى هزيل جداً (222 كلمة) ؛ نفس الهيكل العناوين في 868 صفحة (hash a6b89d30b159) ؛ صفحة مدينة×خدمة من مولّد الشبكة — تغطية محلية لكن خطر doorway/تكرار ؛ نفس جذع الخدمة `plastering` على 9 URL ؛ لا H1 داخل جسم المقال (قد يعتمد على عنوان القالب)
شركة تركيب طابوق في الريان,https://www.rukn-eltatawer.com/qa/brickwork-al-rayyan/,212,"critical_thin,template_boilerplate,local_doorway_variant,city_variant_similar,keyword_cannibalization,no_h1_in_body",محتوى هزيل جداً (212 كلمة) ؛ نفس الهيكل العناوين في 868 صفحة (hash a6b89d30b159) ؛ صفحة مدينة×خدمة من مولّد الشبكة — تغطية محلية لكن خطر doorway/تكرار ؛ نفس جذع الخدمة `brickwork` على 9 URL ؛ لا H1 داخل جسم المقال (قد يعتمد على عنوان القالب)
شركة تركيب كربستون في الريان,https://www.rukn-eltatawer.com/qa/kerbstone-al-rayyan/,233,"critical_thin,template_boilerplate,local_doorway_variant,city_variant_similar,keyword_cannibalization,no_h1_in_body",محتوى هزيل جداً (233 كلمة) ؛ نفس الهيكل العناوين في 905 صفحة (hash cb24e6f8b3f9) ؛ صفحة مدينة×خدمة من مولّد الشبكة — تغطية محلية لكن خطر doorway/تكرار ؛ نفس جذع الخدمة `kerbstone` على 9 URL ؛ لا H1 داخل جسم المقال (قد يعتمد على عنوان القالب)
شركة تركيب انترلوك في الريان,https://www.rukn-eltatawer.com/qa/interlock-al-rayyan/,219,"critical_thin,template_boilerplate,local_doorway_variant,city_variant_similar,keyword_cannibalization,no_h1_in_body",محتوى هزيل جداً (219 كلمة) ؛ نفس الهيكل العناوين في 905 صفحة (hash cb24e6f8b3f9) ؛ صفحة مدينة×خدمة من مولّد الشبكة — تغطية محلية لكن خطر doorway/تكرار ؛ نفس جذع الخدمة `interlock` على 9 URL ؛ لا H1 داخل جسم المقال (قد يعتمد على عنوان القالب)
شركة إصلاح تشققات الأسقف والجدران في الريان,https://www.rukn-eltatawer.com/qa/crack-repair-al-rayyan/,226,"critical_thin,template_boilerplate,local_doorway_variant,keyword_cannibalization,no_h1_in_body",محتوى هزيل جداً (226 كلمة) ؛ نفس الهيكل العناوين في 868 صفحة (hash a6b89d30b159) ؛ صفحة مدينة×خدمة من مولّد الشبكة — تغطية محلية لكن خطر doorway/تكرار ؛ نفس جذع الخدمة `crack-repair` على 9 URL ؛ لا H1 داخل جسم المقال (قد يعتمد على عنوان القالب)
شركة فحص فلل ومباني قبل الشراء في الريان,https://www.rukn-eltatawer.com/qa/villa-inspection-al-rayyan/,213,"critical_thin,template_boilerplate,local_doorway_variant,city_variant_similar,keyword_cannibalization,no_h1_in_body",محتوى هزيل جداً (213 كلمة) ؛ نفس الهيكل العناوين في 868 صفحة (hash a6b89d30b159) ؛ صفحة مدينة×خدمة من مولّد الشبكة — تغطية محلية لكن خطر doorway/تكرار ؛ نفس جذع الخدمة `villa-inspection` على 9 URL ؛ لا H1 داخل جسم المقال (قد يعتمد على عنوان القالب)
شركة ترميم منازل قديمة في الريان,https://www.rukn-eltatawer.com/qa/old-house-renovation-al-rayyan/,211,"critical_thin,template_boilerplate,local_doorway_variant,keyword_cannibalization,no_h1_in_body",محتوى هزيل جداً (211 كلمة) ؛ نفس الهيكل العناوين في 868 صفحة (hash a6b89d30b159) ؛ صفحة مدينة×خدمة من مولّد الشبكة — تغطية محلية لكن خطر doorway/تكرار ؛ نفس جذع الخدمة `old-house-renovation` على 9 URL ؛ لا H1 داخل جسم المقال (قد يعتمد على عنوان القالب)
شركة ترميم مطابخ في الريان,https://www.rukn-eltatawer.com/qa/kitchen-renovation-al-rayyan/,227,"critical_thin,template_boilerplate,local_doorway_variant,keyword_cannibalization,no_h1_in_body",محتوى هزيل جداً (227 كلمة) ؛ نفس الهيكل العناوين في 905 صفحة (hash cb24e6f8b3f9) ؛ صفحة مدينة×خدمة من مولّد الشبكة — تغطية محلية لكن خطر doorway/تكرار ؛ نفس جذع الخدمة `kitchen-renovation` على 9 URL ؛ لا H1 داخل جسم المقال (قد يعتمد على عنوان القالب)
شركة ترميم حمامات في الريان,https://www.rukn-eltatawer.com/qa/bathroom-renovation-al-rayyan/,217,"critical_thin,template_boilerplate,local_doorway_variant,city_variant_similar,keyword_cannibalization,no_h1_in_body",محتوى هزيل جداً (217 كلمة) ؛ نفس الهيكل العناوين في 905 صفحة (hash cb24e6f8b3f9) ؛ صفحة مدينة×خدمة من مولّد الشبكة — تغطية محلية لكن خطر doorway/تكرار ؛ نفس جذع الخدمة `bathroom-renovation` على 9 URL ؛ لا H1 داخل جسم المقال (قد يعتمد على عنوان القالب)
شركة معالجة الرطوبة والعفن في الريان,https://www.rukn-eltatawer.com/qa/humidity-treatment-al-rayyan/,244,"critical_thin,template_boilerplate,local_doorway_variant,city_variant_similar,keyword_cannibalization,no_h1_in_body",محتوى هزيل جداً (244 كلمة) ؛ نفس الهيكل العناوين في 905 صفحة (hash cb24e6f8b3f9) ؛ صفحة مدينة×خدمة من مولّد الشبكة — تغطية محلية لكن خطر doorway/تكرار ؛ نفس جذع الخدمة `humidity-treatment` على 9 URL ؛ لا H1 داخل جسم المقال (قد يعتمد على عنوان القالب)
شركة تشطيب ودهان فلل جديدة في الوكرة,https://www.rukn-eltatawer.com/qa/new-villa-finishing-painting-al-wakrah/,217,"critical_thin,template_boilerplate,local_doorway_variant,keyword_cannibalization,no_h1_in_body",محتوى هزيل جداً (217 كلمة) ؛ نفس الهيكل العناوين في 905 صفحة (hash cb24e6f8b3f9) ؛ صفحة مدينة×خدمة من مولّد الشبكة — تغطية محلية لكن خطر doorway/تكرار ؛ نفس جذع الخدمة `new-villa-finishing-painting` على 9 URL ؛ لا H1 داخل جسم المقال (قد يعتمد على عنوان القالب)
شركة دهان بويات عالية الجودة في الوكرة,https://www.rukn-eltatawer.com/qa/premium-paint-finishing-al-wakrah/,217,"critical_thin,template_boilerplate,local_doorway_variant,city_variant_similar,keyword_cannibalization,no_h1_in_body",محتوى هزيل جداً (217 كلمة) ؛ نفس الهيكل العناوين في 905 صفحة (hash cb24e6f8b3f9) ؛ صفحة مدينة×خدمة من مولّد الشبكة — تغطية محلية لكن خطر doorway/تكرار ؛ نفس جذع الخدمة `premium-paint-finishing` على 9 URL ؛ لا H1 داخل جسم المقال (قد يعتمد على عنوان القالب)
شركة ديكورات جبس بورد في الوكرة,https://www.rukn-eltatawer.com/qa/gypsum-board-decor-al-wakrah/,217,"critical_thin,template_boilerplate,local_doorway_variant,city_variant_similar,keyword_cannibalization,no_h1_in_body",محتوى هزيل جداً (217 كلمة) ؛ نفس الهيكل العناوين في 868 صفحة (hash a6b89d30b159) ؛ صفحة مدينة×خدمة من مولّد الشبكة — تغطية محلية لكن خطر doorway/تكرار ؛ نفس جذع الخدمة `gypsum-board-decor` على 9 URL ؛ لا H1 داخل جسم المقال (قد يعتمد على عنوان القالب)
شركة تركيب ورق حائط في الوكرة,https://www.rukn-eltatawer.com/qa/wallpaper-installation-al-wakrah/,205,"critical_thin,template_boilerplate,local_doorway_variant,city_variant_similar,keyword_cannibalization,no_h1_in_body",محتوى هزيل جداً (205 كلمة) ؛ نفس الهيكل العناوين في 868 صفحة (hash a6b89d30b159) ؛ صفحة مدينة×خدمة من مولّد الشبكة — تغطية محلية لكن خطر doorway/تكرار ؛ نفس جذع الخدمة `wallpaper-installation` على 9 URL ؛ لا H1 داخل جسم المقال (قد يعتمد على عنوان القالب)
شركة دهان واجهات خارجية في الوكرة,https://www.rukn-eltatawer.com/qa/exterior-facade-painting-al-wakrah/,216,"critical_thin,template_boilerplate,local_doorway_variant,city_variant_similar,keyword_cannibalization,no_h1_in_body",محتوى هزيل جداً (216 كلمة) ؛ نفس الهيكل العناوين في 905 صفحة (hash cb24e6f8b3f9) ؛ صفحة مدينة×خدمة من مولّد الشبكة — تغطية محلية لكن خطر doorway/تكرار ؛ نفس جذع الخدمة `exterior-facade-painting` على 9 URL ؛ لا H1 داخل جسم المقال (قد يعتمد على عنوان القالب)
شركة دهان فلل في الوكرة,https://www.rukn-eltatawer.com/qa/villa-painting-al-wakrah/,227,"critical_thin,template_boilerplate,local_doorway_variant,city_variant_similar,keyword_cannibalization,no_h1_in_body",محتوى هزيل جداً (227 كلمة) ؛ نفس الهيكل العناوين في 905 صفحة (hash cb24e6f8b3f9) ؛ صفحة مدينة×خدمة من مولّد الشبكة — تغطية محلية لكن خطر doorway/تكرار ؛ نفس جذع الخدمة `villa-painting` على 9 URL ؛ لا H1 داخل جسم المقال (قد يعتمد على عنوان القالب)
شركة دهان شقق في الوكرة,https://www.rukn-eltatawer.com/qa/apartment-painting-al-wakrah/,215,"critical_thin,template_boilerplate,local_doorway_variant,city_variant_similar,keyword_cannibalization,no_h1_in_body",محتوى هزيل جداً (215 كلمة) ؛ نفس الهيكل العناوين في 905 صفحة (hash cb24e6f8b3f9) ؛ صفحة مدينة×خدمة من مولّد الشبكة — تغطية محلية لكن خطر doorway/تكرار ؛ نفس جذع الخدمة `apartment-painting` على 9 URL ؛ لا H1 داخل جسم المقال (قد يعتمد على عنوان القالب)
فني أنظمة صوت منزلية في الوكرة,https://www.rukn-eltatawer.com/qa/home-audio-tech-al-wakrah/,225,"critical_thin,template_boilerplate,local_doorway_variant,city_variant_similar,keyword_cannibalization,no_h1_in_body",محتوى هزيل جداً (225 كلمة) ؛ نفس الهيكل العناوين في 868 صفحة (hash a6b89d30b159) ؛ صفحة مدينة×خدمة من مولّد الشبكة — تغطية محلية لكن خطر doorway/تكرار ؛ نفس جذع الخدمة `home-audio-tech` على 9 URL ؛ لا H1 داخل جسم المقال (قد يعتمد على عنوان القالب)
فني تركيب كاميرات مراقبة في الوكرة,https://www.rukn-eltatawer.com/qa/cctv-tech-al-wakrah/,224,"critical_thin,template_boilerplate,local_doorway_variant,city_variant_similar,keyword_cannibalization,no_h1_in_body",محتوى هزيل جداً (224 كلمة) ؛ نفس الهيكل العناوين في 905 صفحة (hash cb24e6f8b3f9) ؛ صفحة مدينة×خدمة من مولّد الشبكة — تغطية محلية لكن خطر doorway/تكرار ؛ نفس جذع الخدمة `cctv-tech` على 9 URL ؛ لا H1 داخل جسم المقال (قد يعتمد على عنوان القالب)
فني تركيب أقمار صناعية في الوكرة,https://www.rukn-eltatawer.com/qa/satellite-tech-al-wakrah/,213,"critical_thin,template_boilerplate,local_doorway_variant,city_variant_similar,keyword_cannibalization,no_h1_in_body",محتوى هزيل جداً (213 كلمة) ؛ نفس الهيكل العناوين في 868 صفحة (hash a6b89d30b159) ؛ صفحة مدينة×خدمة من مولّد الشبكة — تغطية محلية لكن خطر doorway/تكرار ؛ نفس جذع الخدمة `satellite-tech` على 9 URL ؛ لا H1 داخل جسم المقال (قد يعتمد على عنوان القالب)
فني تركيب دش في الوكرة,https://www.rukn-eltatawer.com/qa/sat-dish-tech-al-wakrah/,229,"critical_thin,template_boilerplate,local_doorway_variant,city_variant_similar,keyword_cannibalization,no_h1_in_body",محتوى هزيل جداً (229 كلمة) ؛ نفس الهيكل العناوين في 905 صفحة (hash cb24e6f8b3f9) ؛ صفحة مدينة×خدمة من مولّد الشبكة — تغطية محلية لكن خطر doorway/تكرار ؛ نفس جذع الخدمة `sat-dish-tech` على 9 URL ؛ لا H1 داخل جسم المقال (قد يعتمد على عنوان القالب)
فني جبس بورد في الوكرة,https://www.rukn-eltatawer.com/qa/gypsum-tech-al-wakrah/,221,"critical_thin,template_boilerplate,local_doorway_variant,city_variant_similar,keyword_cannibalization,no_h1_in_body",محتوى هزيل جداً (221 كلمة) ؛ نفس الهيكل العناوين في 905 صفحة (hash cb24e6f8b3f9) ؛ صفحة مدينة×خدمة من مولّد الشبكة — تغطية محلية لكن خطر doorway/تكرار ؛ نفس جذع الخدمة `gypsum-tech` على 9 URL ؛ لا H1 داخل جسم المقال (قد يعتمد على عنوان القالب)
عامل دهانات في الوكرة,https://www.rukn-eltatawer.com/qa/painter-al-wakrah/,220,"critical_thin,template_boilerplate,local_doorway_variant,city_variant_similar,keyword_cannibalization,no_h1_in_body",محتوى هزيل جداً (220 كلمة) ؛ نفس الهيكل العناوين في 905 صفحة (hash cb24e6f8b3f9) ؛ صفحة مدينة×خدمة من مولّد الشبكة — تغطية محلية لكن خطر doorway/تكرار ؛ نفس جذع الخدمة `painter` على 9 URL ؛ لا H1 داخل جسم المقال (قد يعتمد على عنوان القالب)
حداد أبواب ونوافذ في الوكرة,https://www.rukn-eltatawer.com/qa/blacksmith-doors-windows-al-wakrah/,237,"critical_thin,template_boilerplate,local_doorway_variant,keyword_cannibalization,no_h1_in_body",محتوى هزيل جداً (237 كلمة) ؛ نفس الهيكل العناوين في 905 صفحة (hash cb24e6f8b3f9) ؛ صفحة مدينة×خدمة من مولّد الشبكة — تغطية محلية لكن خطر doorway/تكرار ؛ نفس جذع الخدمة `blacksmith-doors-windows` على 9 URL ؛ لا H1 داخل جسم المقال (قد يعتمد على عنوان القالب)
نجار أثاث في الوكرة,https://www.rukn-eltatawer.com/qa/carpenter-al-wakrah/,223,"critical_thin,template_boilerplate,local_doorway_variant,city_variant_similar,keyword_cannibalization,no_h1_in_body",محتوى هزيل جداً (223 كلمة) ؛ نفس الهيكل العناوين في 905 صفحة (hash cb24e6f8b3f9) ؛ صفحة مدينة×خدمة من مولّد الشبكة — تغطية محلية لكن خطر doorway/تكرار ؛ نفس جذع الخدمة `carpenter` على 9 URL ؛ لا H1 داخل جسم المقال (قد يعتمد على عنوان القالب)
شركة تنظيف منازل في قطر,https://www.rukn-eltatawer.com/qa/shrkh-tnzyf-mnazl-fy-qtr-2/,2641,"no_h1_in_body,tel_link_present",لا H1 داخل جسم المقال (قد يعتمد على عنوان القالب) ؛ وجود رابط tel: في المحتوى
شركة مكافحة صراصير في قطر,https://www.rukn-eltatawer.com/qa/shrkh-mkafhh-srasyr-fy-qtr/,2644,"no_h1_in_body,tel_link_present",لا H1 داخل جسم المقال (قد يعتمد على عنوان القالب) ؛ وجود رابط tel: في المحتوى
شركة معالجة الرطوبة والعفن في الشمال,https://www.rukn-eltatawer.com/qa/humidity-treatment-al-shamal/,256,"critical_thin,template_boilerplate,local_doorway_variant,keyword_cannibalization,no_h1_in_body",محتوى هزيل جداً (256 كلمة) ؛ نفس الهيكل العناوين في 905 صفحة (hash cb24e6f8b3f9) ؛ صفحة مدينة×خدمة من مولّد الشبكة — تغطية محلية لكن خطر doorway/تكرار ؛ نفس جذع الخدمة `humidity-treatment` على 9 URL ؛ لا H1 داخل جسم المقال (قد يعتمد على عنوان القالب)
شركة معالجة الرطوبة والعفن في الشحانية,https://www.rukn-eltatawer.com/qa/humidity-treatment-al-shahaniya/,242,"critical_thin,template_boilerplate,local_doorway_variant,city_variant_similar,keyword_cannibalization,no_h1_in_body",محتوى هزيل جداً (242 كلمة) ؛ نفس الهيكل العناوين في 868 صفحة (hash a6b89d30b159) ؛ صفحة مدينة×خدمة من مولّد الشبكة — تغطية محلية لكن خطر doorway/تكرار ؛ نفس جذع الخدمة `humidity-treatment` على 9 URL ؛ لا H1 داخل جسم المقال (قد يعتمد على عنوان القالب)
شركة ترميم حمامات في الشمال,https://www.rukn-eltatawer.com/qa/bathroom-renovation-al-shamal/,214,"critical_thin,template_boilerplate,local_doorway_variant,city_variant_similar,keyword_cannibalization,no_h1_in_body",محتوى هزيل جداً (214 كلمة) ؛ نفس الهيكل العناوين في 905 صفحة (hash cb24e6f8b3f9) ؛ صفحة مدينة×خدمة من مولّد الشبكة — تغطية محلية لكن خطر doorway/تكرار ؛ نفس جذع الخدمة `bathroom-renovation` على 9 URL ؛ لا H1 داخل جسم المقال (قد يعتمد على عنوان القالب)
شركة ترميم حمامات في الشحانية,https://www.rukn-eltatawer.com/qa/bathroom-renovation-al-shahaniya/,212,"critical_thin,template_boilerplate,local_doorway_variant,keyword_cannibalization,no_h1_in_body",محتوى هزيل جداً (212 كلمة) ؛ نفس الهيكل العناوين في 868 صفحة (hash a6b89d30b159) ؛ صفحة مدينة×خدمة من مولّد الشبكة — تغطية محلية لكن خطر doorway/تكرار ؛ نفس جذع الخدمة `bathroom-renovation` على 9 URL ؛ لا H1 داخل جسم المقال (قد يعتمد على عنوان القالب)
شركة ترميم مطابخ في الشمال,https://www.rukn-eltatawer.com/qa/kitchen-renovation-al-shamal/,226,"critical_thin,template_boilerplate,local_doorway_variant,city_variant_similar,keyword_cannibalization,no_h1_in_body",محتوى هزيل جداً (226 كلمة) ؛ نفس الهيكل العناوين في 905 صفحة (hash cb24e6f8b3f9) ؛ صفحة مدينة×خدمة من مولّد الشبكة — تغطية محلية لكن خطر doorway/تكرار ؛ نفس جذع الخدمة `kitchen-renovation` على 9 URL ؛ لا H1 داخل جسم المقال (قد يعتمد على عنوان القالب)
شركة ترميم مطابخ في الشحانية,https://www.rukn-eltatawer.com/qa/kitchen-renovation-al-shahaniya/,220,"critical_thin,template_boilerplate,local_doorway_variant,city_variant_similar,keyword_cannibalization,no_h1_in_body",محتوى هزيل جداً (220 كلمة) ؛ نفس الهيكل العناوين في 868 صفحة (hash a6b89d30b159) ؛ صفحة مدينة×خدمة من مولّد الشبكة — تغطية محلية لكن خطر doorway/تكرار ؛ نفس جذع الخدمة `kitchen-renovation` على 9 URL ؛ لا H1 داخل جسم المقال (قد يعتمد على عنوان القالب)
شركة ترميم منازل قديمة في الشمال,https://www.rukn-eltatawer.com/qa/old-house-renovation-al-shamal/,222,"critical_thin,template_boilerplate,local_doorway_variant,city_variant_similar,keyword_cannibalization,no_h1_in_body",محتوى هزيل جداً (222 كلمة) ؛ نفس الهيكل العناوين في 868 صفحة (hash a6b89d30b159) ؛ صفحة مدينة×خدمة من مولّد الشبكة — تغطية محلية لكن خطر doorway/تكرار ؛ نفس جذع الخدمة `old-house-renovation` على 9 URL ؛ لا H1 داخل جسم المقال (قد يعتمد على عنوان القالب)
شركة ترميم منازل قديمة في الشحانية,https://www.rukn-eltatawer.com/qa/old-house-renovation-al-shahaniya/,218,"critical_thin,template_boilerplate,local_doorway_variant,keyword_cannibalization,no_h1_in_body",محتوى هزيل جداً (218 كلمة) ؛ نفس الهيكل العناوين في 868 صفحة (hash a6b89d30b159) ؛ صفحة مدينة×خدمة من مولّد الشبكة — تغطية محلية لكن خطر doorway/تكرار ؛ نفس جذع الخدمة `old-house-renovation` على 9 URL ؛ لا H1 داخل جسم المقال (قد يعتمد على عنوان القالب)
شركة فحص فلل ومباني قبل الشراء في الشمال,https://www.rukn-eltatawer.com/qa/villa-inspection-al-shamal/,212,"critical_thin,template_boilerplate,local_doorway_variant,city_variant_similar,keyword_cannibalization,no_h1_in_body",محتوى هزيل جداً (212 كلمة) ؛ نفس الهيكل العناوين في 868 صفحة (hash a6b89d30b159) ؛ صفحة مدينة×خدمة من مولّد الشبكة — تغطية محلية لكن خطر doorway/تكرار ؛ نفس جذع الخدمة `villa-inspection` على 9 URL ؛ لا H1 داخل جسم المقال (قد يعتمد على عنوان القالب)
شركة فحص فلل ومباني قبل الشراء في الشحانية,https://www.rukn-eltatawer.com/qa/villa-inspection-al-shahaniya/,225,"critical_thin,template_boilerplate,local_doorway_variant,city_variant_similar,keyword_cannibalization,no_h1_in_body",محتوى هزيل جداً (225 كلمة) ؛ نفس الهيكل العناوين في 905 صفحة (hash cb24e6f8b3f9) ؛ صفحة مدينة×خدمة من مولّد الشبكة — تغطية محلية لكن خطر doorway/تكرار ؛ نفس جذع الخدمة `villa-inspection` على 9 URL ؛ لا H1 داخل جسم المقال (قد يعتمد على عنوان القالب)
شركة إصلاح تشققات الأسقف والجدران في الشمال,https://www.rukn-eltatawer.com/qa/crack-repair-al-shamal/,223,"critical_thin,template_boilerplate,local_doorway_variant,keyword_cannibalization,no_h1_in_body",محتوى هزيل جداً (223 كلمة) ؛ نفس الهيكل العناوين في 868 صفحة (hash a6b89d30b159) ؛ صفحة مدينة×خدمة من مولّد الشبكة — تغطية محلية لكن خطر doorway/تكرار ؛ نفس جذع الخدمة `crack-repair` على 9 URL ؛ لا H1 داخل جسم المقال (قد يعتمد على عنوان القالب)
شركة إصلاح تشققات الأسقف والجدران في الشحانية,https://www.rukn-eltatawer.com/qa/crack-repair-al-shahaniya/,214,"critical_thin,template_boilerplate,local_doorway_variant,city_variant_similar,keyword_cannibalization,no_h1_in_body",محتوى هزيل جداً (214 كلمة) ؛ نفس الهيكل العناوين في 868 صفحة (hash a6b89d30b159) ؛ صفحة مدينة×خدمة من مولّد الشبكة — تغطية محلية لكن خطر doorway/تكرار ؛ نفس جذع الخدمة `crack-repair` على 9 URL ؛ لا H1 داخل جسم المقال (قد يعتمد على عنوان القالب)
شركة تركيب انترلوك في الشمال,https://www.rukn-eltatawer.com/qa/interlock-al-shamal/,228,"critical_thin,template_boilerplate,local_doorway_variant,city_variant_similar,keyword_cannibalization,no_h1_in_body",محتوى هزيل جداً (228 كلمة) ؛ نفس الهيكل العناوين في 905 صفحة (hash cb24e6f8b3f9) ؛ صفحة مدينة×خدمة من مولّد الشبكة — تغطية محلية لكن خطر doorway/تكرار ؛ نفس جذع الخدمة `interlock` على 9 URL ؛ لا H1 داخل جسم المقال (قد يعتمد على عنوان القالب)
شركة تركيب انترلوك في الشحانية,https://www.rukn-eltatawer.com/qa/interlock-al-shahaniya/,212,"critical_thin,template_boilerplate,local_doorway_variant,city_variant_similar,keyword_cannibalization,no_h1_in_body",محتوى هزيل جداً (212 كلمة) ؛ نفس الهيكل العناوين في 868 صفحة (hash a6b89d30b159) ؛ صفحة مدينة×خدمة من مولّد الشبكة — تغطية محلية لكن خطر doorway/تكرار ؛ نفس جذع الخدمة `interlock` على 9 URL ؛ لا H1 داخل جسم المقال (قد يعتمد على عنوان القالب)
شركة تركيب كربستون في الشمال,https://www.rukn-eltatawer.com/qa/kerbstone-al-shamal/,228,"critical_thin,template_boilerplate,local_doorway_variant,city_variant_similar,keyword_cannibalization,no_h1_in_body",محتوى هزيل جداً (228 كلمة) ؛ نفس الهيكل العناوين في 905 صفحة (hash cb24e6f8b3f9) ؛ صفحة مدينة×خدمة من مولّد الشبكة — تغطية محلية لكن خطر doorway/تكرار ؛ نفس جذع الخدمة `kerbstone` على 9 URL ؛ لا H1 داخل جسم المقال (قد يعتمد على عنوان القالب)
شركة تركيب كربستون في الشحانية,https://www.rukn-eltatawer.com/qa/kerbstone-al-shahaniya/,227,"critical_thin,template_boilerplate,local_doorway_variant,city_variant_similar,keyword_cannibalization,no_h1_in_body",محتوى هزيل جداً (227 كلمة) ؛ نفس الهيكل العناوين في 905 صفحة (hash cb24e6f8b3f9) ؛ صفحة مدينة×خدمة من مولّد الشبكة — تغطية محلية لكن خطر doorway/تكرار ؛ نفس جذع الخدمة `kerbstone` على 9 URL ؛ لا H1 داخل جسم المقال (قد يعتمد على عنوان القالب)
شركة تركيب طابوق في الشمال,https://www.rukn-eltatawer.com/qa/brickwork-al-shamal/,226,"critical_thin,template_boilerplate,local_doorway_variant,city_variant_similar,keyword_cannibalization,no_h1_in_body",محتوى هزيل جداً (226 كلمة) ؛ نفس الهيكل العناوين في 868 صفحة (hash a6b89d30b159) ؛ صفحة مدينة×خدمة من مولّد الشبكة — تغطية محلية لكن خطر doorway/تكرار ؛ نفس جذع الخدمة `brickwork` على 9 URL ؛ لا H1 داخل جسم المقال (قد يعتمد على عنوان القالب)
شركة تركيب طابوق في الشحانية,https://www.rukn-eltatawer.com/qa/brickwork-al-shahaniya/,222,"critical_thin,template_boilerplate,local_doorway_variant,city_variant_similar,keyword_cannibalization,no_h1_in_body",محتوى هزيل جداً (222 كلمة) ؛ نفس الهيكل العناوين في 905 صفحة (hash cb24e6f8b3f9) ؛ صفحة مدينة×خدمة من مولّد الشبكة — تغطية محلية لكن خطر doorway/تكرار ؛ نفس جذع الخدمة `brickwork` على 9 URL ؛ لا H1 داخل جسم المقال (قد يعتمد على عنوان القالب)
شركة تركيب بلاستر في الشمال,https://www.rukn-eltatawer.com/qa/plastering-al-shamal/,211,"critical_thin,template_boilerplate,local_doorway_variant,city_variant_similar,keyword_cannibalization,no_h1_in_body",محتوى هزيل جداً (211 كلمة) ؛ نفس الهيكل العناوين في 868 صفحة (hash a6b89d30b159) ؛ صفحة مدينة×خدمة من مولّد الشبكة — تغطية محلية لكن خطر doorway/تكرار ؛ نفس جذع الخدمة `plastering` على 9 URL ؛ لا H1 داخل جسم المقال (قد يعتمد على عنوان القالب)
شركة تركيب بلاستر في الشحانية,https://www.rukn-eltatawer.com/qa/plastering-al-shahaniya/,230,"critical_thin,template_boilerplate,local_doorway_variant,city_variant_similar,keyword_cannibalization,no_h1_in_body",محتوى هزيل جداً (230 كلمة) ؛ نفس الهيكل العناوين في 905 صفحة (hash cb24e6f8b3f9) ؛ صفحة مدينة×خدمة من مولّد الشبكة — تغطية محلية لكن خطر doorway/تكرار ؛ نفس جذع الخدمة `plastering` على 9 URL ؛ لا H1 داخل جسم المقال (قد يعتمد على عنوان القالب)
شركة تركيب سيراميك وبورسلين في الشمال,https://www.rukn-eltatawer.com/qa/ceramic-porcelain-al-shamal/,230,"critical_thin,template_boilerplate,local_doorway_variant,city_variant_similar,keyword_cannibalization,no_h1_in_body",محتوى هزيل جداً (230 كلمة) ؛ نفس الهيكل العناوين في 905 صفحة (hash cb24e6f8b3f9) ؛ صفحة مدينة×خدمة من مولّد الشبكة — تغطية محلية لكن خطر doorway/تكرار ؛ نفس جذع الخدمة `ceramic-porcelain` على 9 URL ؛ لا H1 داخل جسم المقال (قد يعتمد على عنوان القالب)
شركة تركيب سيراميك وبورسلين في الشحانية,https://www.rukn-eltatawer.com/qa/ceramic-porcelain-al-shahaniya/,229,"critical_thin,template_boilerplate,local_doorway_variant,city_variant_similar,keyword_cannibalization,no_h1_in_body",محتوى هزيل جداً (229 كلمة) ؛ نفس الهيكل العناوين في 905 صفحة (hash cb24e6f8b3f9) ؛ صفحة مدينة×خدمة من مولّد الشبكة — تغطية محلية لكن خطر doorway/تكرار ؛ نفس جذع الخدمة `ceramic-porcelain` على 9 URL ؛ لا H1 داخل جسم المقال (قد يعتمد على عنوان القالب)
شركة تركيب باركيه وأرضيات خشب في الشمال,https://www.rukn-eltatawer.com/qa/parquet-al-shamal/,235,"critical_thin,template_boilerplate,local_doorway_variant,city_variant_similar,keyword_cannibalization,no_h1_in_body",محتوى هزيل جداً (235 كلمة) ؛ نفس الهيكل العناوين في 905 صفحة (hash cb24e6f8b3f9) ؛ صفحة مدينة×خدمة من مولّد الشبكة — تغطية محلية لكن خطر doorway/تكرار ؛ نفس جذع الخدمة `parquet` على 9 URL ؛ لا H1 داخل جسم المقال (قد يعتمد على عنوان القالب)
شركة تركيب باركيه وأرضيات خشب في الشحانية,https://www.rukn-eltatawer.com/qa/parquet-al-shahaniya/,216,"critical_thin,template_boilerplate,local_doorway_variant,city_variant_similar,keyword_cannibalization,no_h1_in_body",محتوى هزيل جداً (216 كلمة) ؛ نفس الهيكل العناوين في 868 صفحة (hash a6b89d30b159) ؛ صفحة مدينة×خدمة من مولّد الشبكة — تغطية محلية لكن خطر doorway/تكرار ؛ نفس جذع الخدمة `parquet` على 9 URL ؛ لا H1 داخل جسم المقال (قد يعتمد على عنوان القالب)
شركة تركيب أرضيات فينيل في الشمال,https://www.rukn-eltatawer.com/qa/vinyl-flooring-al-shamal/,218,"critical_thin,template_boilerplate,local_doorway_variant,city_variant_similar,keyword_cannibalization,no_h1_in_body",محتوى هزيل جداً (218 كلمة) ؛ نفس الهيكل العناوين في 905 صفحة (hash cb24e6f8b3f9) ؛ صفحة مدينة×خدمة من مولّد الشبكة — تغطية محلية لكن خطر doorway/تكرار ؛ نفس جذع الخدمة `vinyl-flooring` على 9 URL ؛ لا H1 داخل جسم المقال (قد يعتمد على عنوان القالب)
شركة تركيب أرضيات فينيل في الشحانية,https://www.rukn-eltatawer.com/qa/vinyl-flooring-al-shahaniya/,219,"critical_thin,template_boilerplate,local_doorway_variant,keyword_cannibalization,no_h1_in_body",محتوى هزيل جداً (219 كلمة) ؛ نفس الهيكل العناوين في 868 صفحة (hash a6b89d30b159) ؛ صفحة مدينة×خدمة من مولّد الشبكة — تغطية محلية لكن خطر doorway/تكرار ؛ نفس جذع الخدمة `vinyl-flooring` على 9 URL ؛ لا H1 داخل جسم المقال (قد يعتمد على عنوان القالب)
شركة تركيب حجر طبيعي وصناعي في الشمال,https://www.rukn-eltatawer.com/qa/stone-al-shamal/,230,"critical_thin,template_boilerplate,local_doorway_variant,city_variant_similar,keyword_cannibalization,no_h1_in_body",محتوى هزيل جداً (230 كلمة) ؛ نفس الهيكل العناوين في 868 صفحة (hash a6b89d30b159) ؛ صفحة مدينة×خدمة من مولّد الشبكة — تغطية محلية لكن خطر doorway/تكرار ؛ نفس جذع الخدمة `stone` على 9 URL ؛ لا H1 داخل جسم المقال (قد يعتمد على عنوان القالب)
شركة تركيب حجر طبيعي وصناعي في الشحانية,https://www.rukn-eltatawer.com/qa/stone-al-shahaniya/,231,"critical_thin,template_boilerplate,local_doorway_variant,city_variant_similar,keyword_cannibalization,no_h1_in_body",محتوى هزيل جداً (231 كلمة) ؛ نفس الهيكل العناوين في 905 صفحة (hash cb24e6f8b3f9) ؛ صفحة مدينة×خدمة من مولّد الشبكة — تغطية محلية لكن خطر doorway/تكرار ؛ نفس جذع الخدمة `stone` على 9 URL ؛ لا H1 داخل جسم المقال (قد يعتمد على عنوان القالب)
شركة تركيب رخام وجرانيت في الشمال,https://www.rukn-eltatawer.com/qa/marble-granite-al-shamal/,228,"critical_thin,template_boilerplate,local_doorway_variant,city_variant_similar,keyword_cannibalization,no_h1_in_body",محتوى هزيل جداً (228 كلمة) ؛ نفس الهيكل العناوين في 868 صفحة (hash a6b89d30b159) ؛ صفحة مدينة×خدمة من مولّد الشبكة — تغطية محلية لكن خطر doorway/تكرار ؛ نفس جذع الخدمة `marble-granite` على 9 URL ؛ لا H1 داخل جسم المقال (قد يعتمد على عنوان القالب)
شركة تركيب رخام وجرانيت في الشحانية,https://www.rukn-eltatawer.com/qa/marble-granite-al-shahaniya/,222,"critical_thin,template_boilerplate,local_doorway_variant,city_variant_similar,keyword_cannibalization,no_h1_in_body",محتوى هزيل جداً (222 كلمة) ؛ نفس الهيكل العناوين في 868 صفحة (hash a6b89d30b159) ؛ صفحة مدينة×خدمة من مولّد الشبكة — تغطية محلية لكن خطر doorway/تكرار ؛ نفس جذع الخدمة `marble-granite` على 9 URL ؛ لا H1 داخل جسم المقال (قد يعتمد على عنوان القالب)
شركة تركيب فوم للجدران في الشمال,https://www.rukn-eltatawer.com/qa/wall-foam-al-shamal/,213,"critical_thin,template_boilerplate,local_doorway_variant,city_variant_similar,keyword_cannibalization,no_h1_in_body",محتوى هزيل جداً (213 كلمة) ؛ نفس الهيكل العناوين في 868 صفحة (hash a6b89d30b159) ؛ صفحة مدينة×خدمة من مولّد الشبكة — تغطية محلية لكن خطر doorway/تكرار ؛ نفس جذع الخدمة `wall-foam` على 9 URL ؛ لا H1 داخل جسم المقال (قد يعتمد على عنوان القالب)
شركة تركيب فوم للجدران في الشحانية,https://www.rukn-eltatawer.com/qa/wall-foam-al-shahaniya/,232,"critical_thin,template_boilerplate,local_doorway_variant,city_variant_similar,keyword_cannibalization,no_h1_in_body",محتوى هزيل جداً (232 كلمة) ؛ نفس الهيكل العناوين في 905 صفحة (hash cb24e6f8b3f9) ؛ صفحة مدينة×خدمة من مولّد الشبكة — تغطية محلية لكن خطر doorway/تكرار ؛ نفس جذع الخدمة `wall-foam` على 9 URL ؛ لا H1 داخل جسم المقال (قد يعتمد على عنوان القالب)
شركة تركيب جبس بورد في الشمال,https://www.rukn-eltatawer.com/qa/gypsum-board-al-shamal/,207,"critical_thin,template_boilerplate,local_doorway_variant,city_variant_similar,keyword_cannibalization,no_h1_in_body",محتوى هزيل جداً (207 كلمة) ؛ نفس الهيكل العناوين في 905 صفحة (hash cb24e6f8b3f9) ؛ صفحة مدينة×خدمة من مولّد الشبكة — تغطية محلية لكن خطر doorway/تكرار ؛ نفس جذع الخدمة `gypsum-board` على 9 URL ؛ لا H1 داخل جسم المقال (قد يعتمد على عنوان القالب)
شركة تركيب جبس بورد في الشحانية,https://www.rukn-eltatawer.com/qa/gypsum-board-al-shahaniya/,223,"critical_thin,template_boilerplate,local_doorway_variant,city_variant_similar,keyword_cannibalization,no_h1_in_body",محتوى هزيل جداً (223 كلمة) ؛ نفس الهيكل العناوين في 905 صفحة (hash cb24e6f8b3f9) ؛ صفحة مدينة×خدمة من مولّد الشبكة — تغطية محلية لكن خطر doorway/تكرار ؛ نفس جذع الخدمة `gypsum-board` على 9 URL ؛ لا H1 داخل جسم المقال (قد يعتمد على عنوان القالب)
شركة تركيب أسقف جبسية / فورسيلنج في الشمال,https://www.rukn-eltatawer.com/qa/false-ceiling-al-shamal/,227,"critical_thin,template_boilerplate,local_doorway_variant,city_variant_similar,keyword_cannibalization,no_h1_in_body",محتوى هزيل جداً (227 كلمة) ؛ نفس الهيكل العناوين في 868 صفحة (hash a6b89d30b159) ؛ صفحة مدينة×خدمة من مولّد الشبكة — تغطية محلية لكن خطر doorway/تكرار ؛ نفس جذع الخدمة `false-ceiling` على 9 URL ؛ لا H1 داخل جسم المقال (قد يعتمد على عنوان القالب)
شركة تركيب أسقف جبسية / فورسيلنج في الشحانية,https://www.rukn-eltatawer.com/qa/false-ceiling-al-shahaniya/,216,"critical_thin,template_boilerplate,local_doorway_variant,keyword_cannibalization,no_h1_in_body",محتوى هزيل جداً (216 كلمة) ؛ نفس الهيكل العناوين في 868 صفحة (hash a6b89d30b159) ؛ صفحة مدينة×خدمة من مولّد الشبكة — تغطية محلية لكن خطر doorway/تكرار ؛ نفس جذع الخدمة `false-ceiling` على 9 URL ؛ لا H1 داخل جسم المقال (قد يعتمد على عنوان القالب)
شركة تركيب ورق جدران في الشمال,https://www.rukn-eltatawer.com/qa/wallpaper-al-shamal/,219,"critical_thin,template_boilerplate,local_doorway_variant,city_variant_similar,keyword_cannibalization,no_h1_in_body",محتوى هزيل جداً (219 كلمة) ؛ نفس الهيكل العناوين في 905 صفحة (hash cb24e6f8b3f9) ؛ صفحة مدينة×خدمة من مولّد الشبكة — تغطية محلية لكن خطر doorway/تكرار ؛ نفس جذع الخدمة `wallpaper` على 9 URL ؛ لا H1 داخل جسم المقال (قد يعتمد على عنوان القالب)
شركة تركيب ورق جدران في الشحانية,https://www.rukn-eltatawer.com/qa/wallpaper-al-shahaniya/,205,"critical_thin,template_boilerplate,local_doorway_variant,keyword_cannibalization,no_h1_in_body",محتوى هزيل جداً (205 كلمة) ؛ نفس الهيكل العناوين في 868 صفحة (hash a6b89d30b159) ؛ صفحة مدينة×خدمة من مولّد الشبكة — تغطية محلية لكن خطر doorway/تكرار ؛ نفس جذع الخدمة `wallpaper` على 9 URL ؛ لا H1 داخل جسم المقال (قد يعتمد على عنوان القالب)
شركة تركيب سجاد أرضيات في الشمال,https://www.rukn-eltatawer.com/qa/floor-carpeting-al-shamal/,233,"critical_thin,template_boilerplate,local_doorway_variant,city_variant_similar,keyword_cannibalization,no_h1_in_body",محتوى هزيل جداً (233 كلمة) ؛ نفس الهيكل العناوين في 905 صفحة (hash cb24e6f8b3f9) ؛ صفحة مدينة×خدمة من مولّد الشبكة — تغطية محلية لكن خطر doorway/تكرار ؛ نفس جذع الخدمة `floor-carpeting` على 9 URL ؛ لا H1 داخل جسم المقال (قد يعتمد على عنوان القالب)
شركة تركيب سجاد أرضيات في الشحانية,https://www.rukn-eltatawer.com/qa/floor-carpeting-al-shahaniya/,219,"critical_thin,template_boilerplate,local_doorway_variant,city_variant_similar,keyword_cannibalization,no_h1_in_body",محتوى هزيل جداً (219 كلمة) ؛ نفس الهيكل العناوين في 868 صفحة (hash a6b89d30b159) ؛ صفحة مدينة×خدمة من مولّد الشبكة — تغطية محلية لكن خطر doorway/تكرار ؛ نفس جذع الخدمة `floor-carpeting` على 9 URL ؛ لا H1 داخل جسم المقال (قد يعتمد على عنوان القالب)
شركة تركيب أسقف مستعارة في الشمال,https://www.rukn-eltatawer.com/qa/suspended-ceiling-al-shamal/,228,"critical_thin,template_boilerplate,local_doorway_variant,city_variant_similar,keyword_cannibalization,no_h1_in_body",محتوى هزيل جداً (228 كلمة) ؛ نفس الهيكل العناوين في 868 صفحة (hash a6b89d30b159) ؛ صفحة مدينة×خدمة من مولّد الشبكة — تغطية محلية لكن خطر doorway/تكرار ؛ نفس جذع الخدمة `suspended-ceiling` على 9 URL ؛ لا H1 داخل جسم المقال (قد يعتمد على عنوان القالب)
شركة تركيب أسقف مستعارة في الشحانية,https://www.rukn-eltatawer.com/qa/suspended-ceiling-al-shahaniya/,214,"critical_thin,template_boilerplate,local_doorway_variant,city_variant_similar,keyword_cannibalization,no_h1_in_body",محتوى هزيل جداً (214 كلمة) ؛ نفس الهيكل العناوين في 868 صفحة (hash a6b89d30b159) ؛ صفحة مدينة×خدمة من مولّد الشبكة — تغطية محلية لكن خطر doorway/تكرار ؛ نفس جذع الخدمة `suspended-ceiling` على 9 URL ؛ لا H1 داخل جسم المقال (قد يعتمد على عنوان القالب)
شركة تركيب فواصل زجاجية وألومنيوم في الشمال,https://www.rukn-eltatawer.com/qa/glass-aluminium-partitions-al-shamal/,230,"critical_thin,template_boilerplate,local_doorway_variant,city_variant_similar,keyword_cannibalization,no_h1_in_body",محتوى هزيل جداً (230 كلمة) ؛ نفس الهيكل العناوين في 868 صفحة (hash a6b89d30b159) ؛ صفحة مدينة×خدمة من مولّد الشبكة — تغطية محلية لكن خطر doorway/تكرار ؛ نفس جذع الخدمة `glass-aluminium-partitions` على 9 URL ؛ لا H1 داخل جسم المقال (قد يعتمد على عنوان القالب)
شركة تركيب فواصل زجاجية وألومنيوم في الشحانية,https://www.rukn-eltatawer.com/qa/glass-aluminium-partitions-al-shahaniya/,234,"critical_thin,template_boilerplate,local_doorway_variant,city_variant_similar,keyword_cannibalization,no_h1_in_body",محتوى هزيل جداً (234 كلمة) ؛ نفس الهيكل العناوين في 905 صفحة (hash cb24e6f8b3f9) ؛ صفحة مدينة×خدمة من مولّد الشبكة — تغطية محلية لكن خطر doorway/تكرار ؛ نفس جذع الخدمة `glass-aluminium-partitions` على 9 URL ؛ لا H1 داخل جسم المقال (قد يعتمد على عنوان القالب)
شركة تركيب زجاج وألوميتال في الشمال,https://www.rukn-eltatawer.com/qa/glass-alumetal-al-shamal/,218,"critical_thin,template_boilerplate,local_doorway_variant,city_variant_similar,keyword_cannibalization,no_h1_in_body",محتوى هزيل جداً (218 كلمة) ؛ نفس الهيكل العناوين في 905 صفحة (hash cb24e6f8b3f9) ؛ صفحة مدينة×خدمة من مولّد الشبكة — تغطية محلية لكن خطر doorway/تكرار ؛ نفس جذع الخدمة `glass-alumetal` على 9 URL ؛ لا H1 داخل جسم المقال (قد يعتمد على عنوان القالب)
شركة تركيب زجاج وألوميتال في الشحانية,https://www.rukn-eltatawer.com/qa/glass-alumetal-al-shahaniya/,224,"critical_thin,template_boilerplate,local_doorway_variant,city_variant_similar,keyword_cannibalization,no_h1_in_body",محتوى هزيل جداً (224 كلمة) ؛ نفس الهيكل العناوين في 905 صفحة (hash cb24e6f8b3f9) ؛ صفحة مدينة×خدمة من مولّد الشبكة — تغطية محلية لكن خطر doorway/تكرار ؛ نفس جذع الخدمة `glass-alumetal` على 9 URL ؛ لا H1 داخل جسم المقال (قد يعتمد على عنوان القالب)
شركة تركيب مطابخ في الشمال,https://www.rukn-eltatawer.com/qa/kitchen-installation-al-shamal/,223,"critical_thin,template_boilerplate,local_doorway_variant,keyword_cannibalization,no_h1_in_body",محتوى هزيل جداً (223 كلمة) ؛ نفس الهيكل العناوين في 868 صفحة (hash a6b89d30b159) ؛ صفحة مدينة×خدمة من مولّد الشبكة — تغطية محلية لكن خطر doorway/تكرار ؛ نفس جذع الخدمة `kitchen-installation` على 9 URL ؛ لا H1 داخل جسم المقال (قد يعتمد على عنوان القالب)
شركة تركيب مطابخ في الشحانية,https://www.rukn-eltatawer.com/qa/kitchen-installation-al-shahaniya/,220,"critical_thin,template_boilerplate,local_doorway_variant,city_variant_similar,keyword_cannibalization,no_h1_in_body",محتوى هزيل جداً (220 كلمة) ؛ نفس الهيكل العناوين في 868 صفحة (hash a6b89d30b159) ؛ صفحة مدينة×خدمة من مولّد الشبكة — تغطية محلية لكن خطر doorway/تكرار ؛ نفس جذع الخدمة `kitchen-installation` على 9 URL ؛ لا H1 داخل جسم المقال (قد يعتمد على عنوان القالب)
شركة تركيب أبواب في الشمال,https://www.rukn-eltatawer.com/qa/doors-installation-al-shamal/,226,"critical_thin,template_boilerplate,local_doorway_variant,city_variant_similar,keyword_cannibalization,no_h1_in_body",محتوى هزيل جداً (226 كلمة) ؛ نفس الهيكل العناوين في 868 صفحة (hash a6b89d30b159) ؛ صفحة مدينة×خدمة من مولّد الشبكة — تغطية محلية لكن خطر doorway/تكرار ؛ نفس جذع الخدمة `doors-installation` على 9 URL ؛ لا H1 داخل جسم المقال (قد يعتمد على عنوان القالب)
شركة تركيب أبواب في الشحانية,https://www.rukn-eltatawer.com/qa/doors-installation-al-shahaniya/,220,"critical_thin,template_boilerplate,local_doorway_variant,city_variant_similar,keyword_cannibalization,no_h1_in_body",محتوى هزيل جداً (220 كلمة) ؛ نفس الهيكل العناوين في 868 صفحة (hash a6b89d30b159) ؛ صفحة مدينة×خدمة من مولّد الشبكة — تغطية محلية لكن خطر doorway/تكرار ؛ نفس جذع الخدمة `doors-installation` على 9 URL ؛ لا H1 داخل جسم المقال (قد يعتمد على عنوان القالب)
شركة تركيب شبابيك في الشمال,https://www.rukn-eltatawer.com/qa/windows-installation-al-shamal/,216,"critical_thin,template_boilerplate,local_doorway_variant,city_variant_similar,keyword_cannibalization,no_h1_in_body",محتوى هزيل جداً (216 كلمة) ؛ نفس الهيكل العناوين في 905 صفحة (hash cb24e6f8b3f9) ؛ صفحة مدينة×خدمة من مولّد الشبكة — تغطية محلية لكن خطر doorway/تكرار ؛ نفس جذع الخدمة `windows-installation` على 9 URL ؛ لا H1 داخل جسم المقال (قد يعتمد على عنوان القالب)
شركة تركيب شبابيك في الشحانية,https://www.rukn-eltatawer.com/qa/windows-installation-al-shahaniya/,227,"critical_thin,template_boilerplate,local_doorway_variant,city_variant_similar,keyword_cannibalization,no_h1_in_body",محتوى هزيل جداً (227 كلمة) ؛ نفس الهيكل العناوين في 905 صفحة (hash cb24e6f8b3f9) ؛ صفحة مدينة×خدمة من مولّد الشبكة — تغطية محلية لكن خطر doorway/تكرار ؛ نفس جذع الخدمة `windows-installation` على 9 URL ؛ لا H1 داخل جسم المقال (قد يعتمد على عنوان القالب)
شركة تركيب مظلات وسواتر في الشمال,https://www.rukn-eltatawer.com/qa/shades-sails-al-shamal/,218,"critical_thin,template_boilerplate,local_doorway_variant,city_variant_similar,keyword_cannibalization,no_h1_in_body",محتوى هزيل جداً (218 كلمة) ؛ نفس الهيكل العناوين في 905 صفحة (hash cb24e6f8b3f9) ؛ صفحة مدينة×خدمة من مولّد الشبكة — تغطية محلية لكن خطر doorway/تكرار ؛ نفس جذع الخدمة `shades-sails` على 9 URL ؛ لا H1 داخل جسم المقال (قد يعتمد على عنوان القالب)
شركة تركيب مظلات وسواتر في الشحانية,https://www.rukn-eltatawer.com/qa/shades-sails-al-shahaniya/,229,"critical_thin,template_boilerplate,local_doorway_variant,city_variant_similar,keyword_cannibalization,no_h1_in_body",محتوى هزيل جداً (229 كلمة) ؛ نفس الهيكل العناوين في 905 صفحة (hash cb24e6f8b3f9) ؛ صفحة مدينة×خدمة من مولّد الشبكة — تغطية محلية لكن خطر doorway/تكرار ؛ نفس جذع الخدمة `shades-sails` على 9 URL ؛ لا H1 داخل جسم المقال (قد يعتمد على عنوان القالب)
شركة تركيب عشب صناعي في الشمال,https://www.rukn-eltatawer.com/qa/artificial-grass-al-shamal/,220,"critical_thin,template_boilerplate,local_doorway_variant,city_variant_similar,keyword_cannibalization,no_h1_in_body",محتوى هزيل جداً (220 كلمة) ؛ نفس الهيكل العناوين في 868 صفحة (hash a6b89d30b159) ؛ صفحة مدينة×خدمة من مولّد الشبكة — تغطية محلية لكن خطر doorway/تكرار ؛ نفس جذع الخدمة `artificial-grass` على 9 URL ؛ لا H1 داخل جسم المقال (قد يعتمد على عنوان القالب)
شركة تركيب عشب صناعي في الشحانية,https://www.rukn-eltatawer.com/qa/artificial-grass-al-shahaniya/,213,"critical_thin,template_boilerplate,local_doorway_variant,city_variant_similar,keyword_cannibalization,no_h1_in_body",محتوى هزيل جداً (213 كلمة) ؛ نفس الهيكل العناوين في 868 صفحة (hash a6b89d30b159) ؛ صفحة مدينة×خدمة من مولّد الشبكة — تغطية محلية لكن خطر doorway/تكرار ؛ نفس جذع الخدمة `artificial-grass` على 9 URL ؛ لا H1 داخل جسم المقال (قد يعتمد على عنوان القالب)
شركة تركيب عشب جداري في الشمال,https://www.rukn-eltatawer.com/qa/grass-wall-al-shamal/,217,"critical_thin,template_boilerplate,local_doorway_variant,city_variant_similar,keyword_cannibalization,no_h1_in_body",محتوى هزيل جداً (217 كلمة) ؛ نفس الهيكل العناوين في 868 صفحة (hash a6b89d30b159) ؛ صفحة مدينة×خدمة من مولّد الشبكة — تغطية محلية لكن خطر doorway/تكرار ؛ نفس جذع الخدمة `grass-wall` على 9 URL ؛ لا H1 داخل جسم المقال (قد يعتمد على عنوان القالب)
شركة تركيب عشب جداري في الشحانية,https://www.rukn-eltatawer.com/qa/grass-wall-al-shahaniya/,213,"critical_thin,template_boilerplate,local_doorway_variant,city_variant_similar,keyword_cannibalization,no_h1_in_body",محتوى هزيل جداً (213 كلمة) ؛ نفس الهيكل العناوين في 868 صفحة (hash a6b89d30b159) ؛ صفحة مدينة×خدمة من مولّد الشبكة — تغطية محلية لكن خطر doorway/تكرار ؛ نفس جذع الخدمة `grass-wall` على 9 URL ؛ لا H1 داخل جسم المقال (قد يعتمد على عنوان القالب)
شركة بناء ملاحق في الشمال,https://www.rukn-eltatawer.com/qa/annex-building-al-shamal/,231,"critical_thin,template_boilerplate,local_doorway_variant,city_variant_similar,keyword_cannibalization,no_h1_in_body",محتوى هزيل جداً (231 كلمة) ؛ نفس الهيكل العناوين في 905 صفحة (hash cb24e6f8b3f9) ؛ صفحة مدينة×خدمة من مولّد الشبكة — تغطية محلية لكن خطر doorway/تكرار ؛ نفس جذع الخدمة `annex-building` على 9 URL ؛ لا H1 داخل جسم المقال (قد يعتمد على عنوان القالب)
شركة بناء ملاحق في الشحانية,https://www.rukn-eltatawer.com/qa/annex-building-al-shahaniya/,212,"critical_thin,template_boilerplate,local_doorway_variant,city_variant_similar,keyword_cannibalization,no_h1_in_body",محتوى هزيل جداً (212 كلمة) ؛ نفس الهيكل العناوين في 868 صفحة (hash a6b89d30b159) ؛ صفحة مدينة×خدمة من مولّد الشبكة — تغطية محلية لكن خطر doorway/تكرار ؛ نفس جذع الخدمة `annex-building` على 9 URL ؛ لا H1 داخل جسم المقال (قد يعتمد على عنوان القالب)
شركة بناء استراحات في الشمال,https://www.rukn-eltatawer.com/qa/majlis-building-al-shamal/,216,"critical_thin,template_boilerplate,local_doorway_variant,city_variant_similar,keyword_cannibalization,no_h1_in_body",محتوى هزيل جداً (216 كلمة) ؛ نفس الهيكل العناوين في 905 صفحة (hash cb24e6f8b3f9) ؛ صفحة مدينة×خدمة من مولّد الشبكة — تغطية محلية لكن خطر doorway/تكرار ؛ نفس جذع الخدمة `majlis-building` على 9 URL ؛ لا H1 داخل جسم المقال (قد يعتمد على عنوان القالب)
شركة بناء استراحات في الشحانية,https://www.rukn-eltatawer.com/qa/majlis-building-al-shahaniya/,212,"critical_thin,template_boilerplate,local_doorway_variant,city_variant_similar,keyword_cannibalization,no_h1_in_body",محتوى هزيل جداً (212 كلمة) ؛ نفس الهيكل العناوين في 868 صفحة (hash a6b89d30b159) ؛ صفحة مدينة×خدمة من مولّد الشبكة — تغطية محلية لكن خطر doorway/تكرار ؛ نفس جذع الخدمة `majlis-building` على 9 URL ؛ لا H1 داخل جسم المقال (قد يعتمد على عنوان القالب)
شركة بناء حمامات خارجية في الشمال,https://www.rukn-eltatawer.com/qa/outdoor-bathrooms-al-shamal/,230,"critical_thin,template_boilerplate,local_doorway_variant,city_variant_similar,keyword_cannibalization,no_h1_in_body",محتوى هزيل جداً (230 كلمة) ؛ نفس الهيكل العناوين في 905 صفحة (hash cb24e6f8b3f9) ؛ صفحة مدينة×خدمة من مولّد الشبكة — تغطية محلية لكن خطر doorway/تكرار ؛ نفس جذع الخدمة `outdoor-bathrooms` على 9 URL ؛ لا H1 داخل جسم المقال (قد يعتمد على عنوان القالب)
شركة بناء حمامات خارجية في الشحانية,https://www.rukn-eltatawer.com/qa/outdoor-bathrooms-al-shahaniya/,232,"critical_thin,template_boilerplate,local_doorway_variant,city_variant_similar,keyword_cannibalization,no_h1_in_body",محتوى هزيل جداً (232 كلمة) ؛ نفس الهيكل العناوين في 905 صفحة (hash cb24e6f8b3f9) ؛ صفحة مدينة×خدمة من مولّد الشبكة — تغطية محلية لكن خطر doorway/تكرار ؛ نفس جذع الخدمة `outdoor-bathrooms` على 9 URL ؛ لا H1 داخل جسم المقال (قد يعتمد على عنوان القالب)
شركة بناء مطابخ خارجية في الشمال,https://www.rukn-eltatawer.com/qa/outdoor-kitchens-al-shamal/,225,"critical_thin,template_boilerplate,local_doorway_variant,city_variant_similar,keyword_cannibalization,no_h1_in_body",محتوى هزيل جداً (225 كلمة) ؛ نفس الهيكل العناوين في 868 صفحة (hash a6b89d30b159) ؛ صفحة مدينة×خدمة من مولّد الشبكة — تغطية محلية لكن خطر doorway/تكرار ؛ نفس جذع الخدمة `outdoor-kitchens` على 9 URL ؛ لا H1 داخل جسم المقال (قد يعتمد على عنوان القالب)
شركة بناء مطابخ خارجية في الشحانية,https://www.rukn-eltatawer.com/qa/outdoor-kitchens-al-shahaniya/,222,"critical_thin,template_boilerplate,local_doorway_variant,city_variant_similar,keyword_cannibalization,no_h1_in_body",محتوى هزيل جداً (222 كلمة) ؛ نفس الهيكل العناوين في 868 صفحة (hash a6b89d30b159) ؛ صفحة مدينة×خدمة من مولّد الشبكة — تغطية محلية لكن خطر doorway/تكرار ؛ نفس جذع الخدمة `outdoor-kitchens` على 9 URL ؛ لا H1 داخل جسم المقال (قد يعتمد على عنوان القالب)
شركة بناء مجالس خارجية في الشمال,https://www.rukn-eltatawer.com/qa/outdoor-majlis-al-shamal/,230,"critical_thin,template_boilerplate,local_doorway_variant,city_variant_similar,keyword_cannibalization,no_h1_in_body",محتوى هزيل جداً (230 كلمة) ؛ نفس الهيكل العناوين في 905 صفحة (hash cb24e6f8b3f9) ؛ صفحة مدينة×خدمة من مولّد الشبكة — تغطية محلية لكن خطر doorway/تكرار ؛ نفس جذع الخدمة `outdoor-majlis` على 9 URL ؛ لا H1 داخل جسم المقال (قد يعتمد على عنوان القالب)
شركة بناء مجالس خارجية في الشحانية,https://www.rukn-eltatawer.com/qa/outdoor-majlis-al-shahaniya/,214,"critical_thin,template_boilerplate,local_doorway_variant,keyword_cannibalization,no_h1_in_body",محتوى هزيل جداً (214 كلمة) ؛ نفس الهيكل العناوين في 868 صفحة (hash a6b89d30b159) ؛ صفحة مدينة×خدمة من مولّد الشبكة — تغطية محلية لكن خطر doorway/تكرار ؛ نفس جذع الخدمة `outdoor-majlis` على 9 URL ؛ لا H1 داخل جسم المقال (قد يعتمد على عنوان القالب)
شركة بناء أسوار طابوق في الشمال,https://www.rukn-eltatawer.com/qa/block-fences-al-shamal/,228,"critical_thin,template_boilerplate,local_doorway_variant,city_variant_similar,keyword_cannibalization,no_h1_in_body",محتوى هزيل جداً (228 كلمة) ؛ نفس الهيكل العناوين في 868 صفحة (hash a6b89d30b159) ؛ صفحة مدينة×خدمة من مولّد الشبكة — تغطية محلية لكن خطر doorway/تكرار ؛ نفس جذع الخدمة `block-fences` على 9 URL ؛ لا H1 داخل جسم المقال (قد يعتمد على عنوان القالب)
شركة بناء أسوار طابوق في الشحانية,https://www.rukn-eltatawer.com/qa/block-fences-al-shahaniya/,232,"critical_thin,template_boilerplate,local_doorway_variant,city_variant_similar,keyword_cannibalization,no_h1_in_body",محتوى هزيل جداً (232 كلمة) ؛ نفس الهيكل العناوين في 905 صفحة (hash cb24e6f8b3f9) ؛ صفحة مدينة×خدمة من مولّد الشبكة — تغطية محلية لكن خطر doorway/تكرار ؛ نفس جذع الخدمة `block-fences` على 9 URL ؛ لا H1 داخل جسم المقال (قد يعتمد على عنوان القالب)
شركة دهانات داخلية في الشمال,https://www.rukn-eltatawer.com/qa/interior-painting-al-shamal/,216,"critical_thin,template_boilerplate,local_doorway_variant,city_variant_similar,keyword_cannibalization,no_h1_in_body",محتوى هزيل جداً (216 كلمة) ؛ نفس الهيكل العناوين في 868 صفحة (hash a6b89d30b159) ؛ صفحة مدينة×خدمة من مولّد الشبكة — تغطية محلية لكن خطر doorway/تكرار ؛ نفس جذع الخدمة `interior-painting` على 9 URL ؛ لا H1 داخل جسم المقال (قد يعتمد على عنوان القالب)
شركة دهانات داخلية في الشحانية,https://www.rukn-eltatawer.com/qa/interior-painting-al-shahaniya/,219,"critical_thin,template_boilerplate,local_doorway_variant,city_variant_similar,keyword_cannibalization,no_h1_in_body",محتوى هزيل جداً (219 كلمة) ؛ نفس الهيكل العناوين في 905 صفحة (hash cb24e6f8b3f9) ؛ صفحة مدينة×خدمة من مولّد الشبكة — تغطية محلية لكن خطر doorway/تكرار ؛ نفس جذع الخدمة `interior-painting` على 9 URL ؛ لا H1 داخل جسم المقال (قد يعتمد على عنوان القالب)
شركة دهانات خارجية في الشمال,https://www.rukn-eltatawer.com/qa/exterior-painting-al-shamal/,216,"critical_thin,template_boilerplate,local_doorway_variant,city_variant_similar,keyword_cannibalization,no_h1_in_body",محتوى هزيل جداً (216 كلمة) ؛ نفس الهيكل العناوين في 868 صفحة (hash a6b89d30b159) ؛ صفحة مدينة×خدمة من مولّد الشبكة — تغطية محلية لكن خطر doorway/تكرار ؛ نفس جذع الخدمة `exterior-painting` على 9 URL ؛ لا H1 داخل جسم المقال (قد يعتمد على عنوان القالب)
شركة دهانات خارجية في الشحانية,https://www.rukn-eltatawer.com/qa/exterior-painting-al-shahaniya/,212,"critical_thin,template_boilerplate,local_doorway_variant,city_variant_similar,keyword_cannibalization,no_h1_in_body",محتوى هزيل جداً (212 كلمة) ؛ نفس الهيكل العناوين في 868 صفحة (hash a6b89d30b159) ؛ صفحة مدينة×خدمة من مولّد الشبكة — تغطية محلية لكن خطر doorway/تكرار ؛ نفس جذع الخدمة `exterior-painting` على 9 URL ؛ لا H1 داخل جسم المقال (قد يعتمد على عنوان القالب)
شركة تصميم وتنفيذ ديكورات في الشمال,https://www.rukn-eltatawer.com/qa/decor-design-al-shamal/,214,"critical_thin,template_boilerplate,local_doorway_variant,city_variant_similar,keyword_cannibalization,no_h1_in_body",محتوى هزيل جداً (214 كلمة) ؛ نفس الهيكل العناوين في 868 صفحة (hash a6b89d30b159) ؛ صفحة مدينة×خدمة من مولّد الشبكة — تغطية محلية لكن خطر doorway/تكرار ؛ نفس جذع الخدمة `decor-design` على 9 URL ؛ لا H1 داخل جسم المقال (قد يعتمد على عنوان القالب)
شركة تصميم وتنفيذ ديكورات في الشحانية,https://www.rukn-eltatawer.com/qa/decor-design-al-shahaniya/,220,"critical_thin,template_boilerplate,local_doorway_variant,city_variant_similar,keyword_cannibalization,no_h1_in_body",محتوى هزيل جداً (220 كلمة) ؛ نفس الهيكل العناوين في 905 صفحة (hash cb24e6f8b3f9) ؛ صفحة مدينة×خدمة من مولّد الشبكة — تغطية محلية لكن خطر doorway/تكرار ؛ نفس جذع الخدمة `decor-design` على 9 URL ؛ لا H1 داخل جسم المقال (قد يعتمد على عنوان القالب)
شركة تنسيق حدائق في الشمال,https://www.rukn-eltatawer.com/qa/landscaping-al-shamal/,204,"critical_thin,template_boilerplate,local_doorway_variant,keyword_cannibalization,no_h1_in_body",محتوى هزيل جداً (204 كلمة) ؛ نفس الهيكل العناوين في 868 صفحة (hash a6b89d30b159) ؛ صفحة مدينة×خدمة من مولّد الشبكة — تغطية محلية لكن خطر doorway/تكرار ؛ نفس جذع الخدمة `landscaping` على 10 URL ؛ لا H1 داخل جسم المقال (قد يعتمد على عنوان القالب)
شركة تنسيق حدائق في الشحانية,https://www.rukn-eltatawer.com/qa/landscaping-al-shahaniya/,212,"critical_thin,template_boilerplate,local_doorway_variant,near_duplicate,keyword_cannibalization,no_h1_in_body",محتوى هزيل جداً (212 كلمة) ؛ نفس الهيكل العناوين في 868 صفحة (hash a6b89d30b159) ؛ صفحة مدينة×خدمة من مولّد الشبكة — تغطية محلية لكن خطر doorway/تكرار ؛ تشابه SimHash مسافة 1 مع https://www.rukn-eltatawer.com/qa/washer-maintenance-al-shahaniya/ ؛ نفس جذع الخدمة `landscaping` على 10 URL ؛ لا H1 داخل جسم المقال (قد يعتمد على عنوان القالب)
شركة تصميم حدائق داخلية في الشمال,https://www.rukn-eltatawer.com/qa/indoor-garden-design-al-shamal/,217,"critical_thin,template_boilerplate,local_doorway_variant,city_variant_similar,keyword_cannibalization,no_h1_in_body",محتوى هزيل جداً (217 كلمة) ؛ نفس الهيكل العناوين في 868 صفحة (hash a6b89d30b159) ؛ صفحة مدينة×خدمة من مولّد الشبكة — تغطية محلية لكن خطر doorway/تكرار ؛ نفس جذع الخدمة `indoor-garden-design` على 9 URL ؛ لا H1 داخل جسم المقال (قد يعتمد على عنوان القالب)
شركة تصميم حدائق داخلية في الشحانية,https://www.rukn-eltatawer.com/qa/indoor-garden-design-al-shahaniya/,226,"critical_thin,template_boilerplate,local_doorway_variant,city_variant_similar,keyword_cannibalization,no_h1_in_body",محتوى هزيل جداً (226 كلمة) ؛ نفس الهيكل العناوين في 905 صفحة (hash cb24e6f8b3f9) ؛ صفحة مدينة×خدمة من مولّد الشبكة — تغطية محلية لكن خطر doorway/تكرار ؛ نفس جذع الخدمة `indoor-garden-design` على 9 URL ؛ لا H1 داخل جسم المقال (قد يعتمد على عنوان القالب)
شركة تصميم حدائق أسطح في الشمال,https://www.rukn-eltatawer.com/qa/roof-garden-design-al-shamal/,220,"critical_thin,template_boilerplate,local_doorway_variant,city_variant_similar,keyword_cannibalization,no_h1_in_body",محتوى هزيل جداً (220 كلمة) ؛ نفس الهيكل العناوين في 868 صفحة (hash a6b89d30b159) ؛ صفحة مدينة×خدمة من مولّد الشبكة — تغطية محلية لكن خطر doorway/تكرار ؛ نفس جذع الخدمة `roof-garden-design` على 9 URL ؛ لا H1 داخل جسم المقال (قد يعتمد على عنوان القالب)
شركة تصميم حدائق أسطح في الشحانية,https://www.rukn-eltatawer.com/qa/roof-garden-design-al-shahaniya/,216,"critical_thin,template_boilerplate,local_doorway_variant,keyword_cannibalization,no_h1_in_body",محتوى هزيل جداً (216 كلمة) ؛ نفس الهيكل العناوين في 868 صفحة (hash a6b89d30b159) ؛ صفحة مدينة×خدمة من مولّد الشبكة — تغطية محلية لكن خطر doorway/تكرار ؛ نفس جذع الخدمة `roof-garden-design` على 9 URL ؛ لا H1 داخل جسم المقال (قد يعتمد على عنوان القالب)
شركة قص عشب طبيعي في الشمال,https://www.rukn-eltatawer.com/qa/natural-grass-cutting-al-shamal/,210,"critical_thin,template_boilerplate,local_doorway_variant,city_variant_similar,keyword_cannibalization,no_h1_in_body",محتوى هزيل جداً (210 كلمة) ؛ نفس الهيكل العناوين في 905 صفحة (hash cb24e6f8b3f9) ؛ صفحة مدينة×خدمة من مولّد الشبكة — تغطية محلية لكن خطر doorway/تكرار ؛ نفس جذع الخدمة `natural-grass-cutting` على 9 URL ؛ لا H1 داخل جسم المقال (قد يعتمد على عنوان القالب)
شركة قص عشب طبيعي في الشحانية,https://www.rukn-eltatawer.com/qa/natural-grass-cutting-al-shahaniya/,216,"critical_thin,template_boilerplate,local_doorway_variant,city_variant_similar,keyword_cannibalization,no_h1_in_body",محتوى هزيل جداً (216 كلمة) ؛ نفس الهيكل العناوين في 868 صفحة (hash a6b89d30b159) ؛ صفحة مدينة×خدمة من مولّد الشبكة — تغطية محلية لكن خطر doorway/تكرار ؛ نفس جذع الخدمة `natural-grass-cutting` على 9 URL ؛ لا H1 داخل جسم المقال (قد يعتمد على عنوان القالب)
شركة زرع نخيل وأشجار في الشمال,https://www.rukn-eltatawer.com/qa/palm-tree-planting-al-shamal/,220,"critical_thin,template_boilerplate,local_doorway_variant,city_variant_similar,keyword_cannibalization,no_h1_in_body",محتوى هزيل جداً (220 كلمة) ؛ نفس الهيكل العناوين في 868 صفحة (hash a6b89d30b159) ؛ صفحة مدينة×خدمة من مولّد الشبكة — تغطية محلية لكن خطر doorway/تكرار ؛ نفس جذع الخدمة `palm-tree-planting` على 9 URL ؛ لا H1 داخل جسم المقال (قد يعتمد على عنوان القالب)
شركة زرع نخيل وأشجار في الشحانية,https://www.rukn-eltatawer.com/qa/palm-tree-planting-al-shahaniya/,213,"critical_thin,template_boilerplate,local_doorway_variant,city_variant_similar,keyword_cannibalization,no_h1_in_body",محتوى هزيل جداً (213 كلمة) ؛ نفس الهيكل العناوين في 868 صفحة (hash a6b89d30b159) ؛ صفحة مدينة×خدمة من مولّد الشبكة — تغطية محلية لكن خطر doorway/تكرار ؛ نفس جذع الخدمة `palm-tree-planting` على 9 URL ؛ لا H1 داخل جسم المقال (قد يعتمد على عنوان القالب)
شركة تركيب شبكات ري حديثة في الشمال,https://www.rukn-eltatawer.com/qa/modern-irrigation-al-shamal/,206,"critical_thin,template_boilerplate,local_doorway_variant,city_variant_similar,keyword_cannibalization,no_h1_in_body",محتوى هزيل جداً (206 كلمة) ؛ نفس الهيكل العناوين في 868 صفحة (hash a6b89d30b159) ؛ صفحة مدينة×خدمة من مولّد الشبكة — تغطية محلية لكن خطر doorway/تكرار ؛ نفس جذع الخدمة `modern-irrigation` على 9 URL ؛ لا H1 داخل جسم المقال (قد يعتمد على عنوان القالب)
شركة تركيب شبكات ري حديثة في الشحانية,https://www.rukn-eltatawer.com/qa/modern-irrigation-al-shahaniya/,224,"critical_thin,template_boilerplate,local_doorway_variant,city_variant_similar,keyword_cannibalization,no_h1_in_body",محتوى هزيل جداً (224 كلمة) ؛ نفس الهيكل العناوين في 905 صفحة (hash cb24e6f8b3f9) ؛ صفحة مدينة×خدمة من مولّد الشبكة — تغطية محلية لكن خطر doorway/تكرار ؛ نفس جذع الخدمة `modern-irrigation` على 9 URL ؛ لا H1 داخل جسم المقال (قد يعتمد على عنوان القالب)
شركة تركيب شبكات ري أوتوماتيكية في الشمال,https://www.rukn-eltatawer.com/qa/automatic-irrigation-al-shamal/,206,"critical_thin,template_boilerplate,local_doorway_variant,city_variant_similar,keyword_cannibalization,no_h1_in_body",محتوى هزيل جداً (206 كلمة) ؛ نفس الهيكل العناوين في 868 صفحة (hash a6b89d30b159) ؛ صفحة مدينة×خدمة من مولّد الشبكة — تغطية محلية لكن خطر doorway/تكرار ؛ نفس جذع الخدمة `automatic-irrigation` على 9 URL ؛ لا H1 داخل جسم المقال (قد يعتمد على عنوان القالب)
شركة تركيب شبكات ري أوتوماتيكية في الشحانية,https://www.rukn-eltatawer.com/qa/automatic-irrigation-al-shahaniya/,217,"critical_thin,template_boilerplate,local_doorway_variant,keyword_cannibalization,no_h1_in_body",محتوى هزيل جداً (217 كلمة) ؛ نفس الهيكل العناوين في 868 صفحة (hash a6b89d30b159) ؛ صفحة مدينة×خدمة من مولّد الشبكة — تغطية محلية لكن خطر doorway/تكرار ؛ نفس جذع الخدمة `automatic-irrigation` على 9 URL ؛ لا H1 داخل جسم المقال (قد يعتمد على عنوان القالب)
شركة تركيب عشب صناعي في الشمال,https://www.rukn-eltatawer.com/qa/artificial-grass-grdn-al-shamal/,205,"critical_thin,template_boilerplate,local_doorway_variant,keyword_cannibalization,no_h1_in_body",محتوى هزيل جداً (205 كلمة) ؛ نفس الهيكل العناوين في 868 صفحة (hash a6b89d30b159) ؛ صفحة مدينة×خدمة من مولّد الشبكة — تغطية محلية لكن خطر doorway/تكرار ؛ نفس جذع الخدمة `artificial-grass-grdn` على 9 URL ؛ لا H1 داخل جسم المقال (قد يعتمد على عنوان القالب)
شركة تركيب عشب صناعي في الشحانية,https://www.rukn-eltatawer.com/qa/artificial-grass-grdn-al-shahaniya/,223,"critical_thin,template_boilerplate,local_doorway_variant,city_variant_similar,keyword_cannibalization,no_h1_in_body",محتوى هزيل جداً (223 كلمة) ؛ نفس الهيكل العناوين في 905 صفحة (hash cb24e6f8b3f9) ؛ صفحة مدينة×خدمة من مولّد الشبكة — تغطية محلية لكن خطر doorway/تكرار ؛ نفس جذع الخدمة `artificial-grass-grdn` على 9 URL ؛ لا H1 داخل جسم المقال (قد يعتمد على عنوان القالب)
شركة تركيب عشب جداري في الشمال,https://www.rukn-eltatawer.com/qa/wall-grass-al-shamal/,217,"critical_thin,template_boilerplate,local_doorway_variant,city_variant_similar,keyword_cannibalization,no_h1_in_body",محتوى هزيل جداً (217 كلمة) ؛ نفس الهيكل العناوين في 868 صفحة (hash a6b89d30b159) ؛ صفحة مدينة×خدمة من مولّد الشبكة — تغطية محلية لكن خطر doorway/تكرار ؛ نفس جذع الخدمة `wall-grass` على 9 URL ؛ لا H1 داخل جسم المقال (قد يعتمد على عنوان القالب)
شركة تركيب عشب جداري في الشحانية,https://www.rukn-eltatawer.com/qa/wall-grass-al-shahaniya/,223,"critical_thin,template_boilerplate,local_doorway_variant,city_variant_similar,keyword_cannibalization,no_h1_in_body",محتوى هزيل جداً (223 كلمة) ؛ نفس الهيكل العناوين في 905 صفحة (hash cb24e6f8b3f9) ؛ صفحة مدينة×خدمة من مولّد الشبكة — تغطية محلية لكن خطر doorway/تكرار ؛ نفس جذع الخدمة `wall-grass` على 9 URL ؛ لا H1 داخل جسم المقال (قد يعتمد على عنوان القالب)
شركة إنشاء جلسات حدائق في الشمال,https://www.rukn-eltatawer.com/qa/garden-seating-al-shamal/,222,"critical_thin,template_boilerplate,local_doorway_variant,city_variant_similar,keyword_cannibalization,no_h1_in_body",محتوى هزيل جداً (222 كلمة) ؛ نفس الهيكل العناوين في 905 صفحة (hash cb24e6f8b3f9) ؛ صفحة مدينة×خدمة من مولّد الشبكة — تغطية محلية لكن خطر doorway/تكرار ؛ نفس جذع الخدمة `garden-seating` على 9 URL ؛ لا H1 داخل جسم المقال (قد يعتمد على عنوان القالب)
شركة إنشاء جلسات حدائق في الشحانية,https://www.rukn-eltatawer.com/qa/garden-seating-al-shahaniya/,226,"critical_thin,template_boilerplate,local_doorway_variant,city_variant_similar,keyword_cannibalization,no_h1_in_body",محتوى هزيل جداً (226 كلمة) ؛ نفس الهيكل العناوين في 905 صفحة (hash cb24e6f8b3f9) ؛ صفحة مدينة×خدمة من مولّد الشبكة — تغطية محلية لكن خطر doorway/تكرار ؛ نفس جذع الخدمة `garden-seating` على 9 URL ؛ لا H1 داخل جسم المقال (قد يعتمد على عنوان القالب)
شركة تركيب برجولات في الشمال,https://www.rukn-eltatawer.com/qa/pergola-installation-al-shamal/,209,"critical_thin,template_boilerplate,local_doorway_variant,city_variant_similar,keyword_cannibalization,no_h1_in_body",محتوى هزيل جداً (209 كلمة) ؛ نفس الهيكل العناوين في 905 صفحة (hash cb24e6f8b3f9) ؛ صفحة مدينة×خدمة من مولّد الشبكة — تغطية محلية لكن خطر doorway/تكرار ؛ نفس جذع الخدمة `pergola-installation` على 9 URL ؛ لا H1 داخل جسم المقال (قد يعتمد على عنوان القالب)
شركة تركيب برجولات في الشحانية,https://www.rukn-eltatawer.com/qa/pergola-installation-al-shahaniya/,215,"critical_thin,template_boilerplate,local_doorway_variant,city_variant_similar,keyword_cannibalization,no_h1_in_body",محتوى هزيل جداً (215 كلمة) ؛ نفس الهيكل العناوين في 868 صفحة (hash a6b89d30b159) ؛ صفحة مدينة×خدمة من مولّد الشبكة — تغطية محلية لكن خطر doorway/تكرار ؛ نفس جذع الخدمة `pergola-installation` على 9 URL ؛ لا H1 داخل جسم المقال (قد يعتمد على عنوان القالب)
شركة تركيب عرائش خشبية في الشمال,https://www.rukn-eltatawer.com/qa/wooden-arbor-installation-al-shamal/,210,"critical_thin,template_boilerplate,local_doorway_variant,keyword_cannibalization,no_h1_in_body",محتوى هزيل جداً (210 كلمة) ؛ نفس الهيكل العناوين في 905 صفحة (hash cb24e6f8b3f9) ؛ صفحة مدينة×خدمة من مولّد الشبكة — تغطية محلية لكن خطر doorway/تكرار ؛ نفس جذع الخدمة `wooden-arbor-installation` على 9 URL ؛ لا H1 داخل جسم المقال (قد يعتمد على عنوان القالب)
شركة تركيب عرائش خشبية في الشحانية,https://www.rukn-eltatawer.com/qa/wooden-arbor-installation-al-shahaniya/,213,"critical_thin,template_boilerplate,local_doorway_variant,city_variant_similar,keyword_cannibalization,no_h1_in_body",محتوى هزيل جداً (213 كلمة) ؛ نفس الهيكل العناوين في 868 صفحة (hash a6b89d30b159) ؛ صفحة مدينة×خدمة من مولّد الشبكة — تغطية محلية لكن خطر doorway/تكرار ؛ نفس جذع الخدمة `wooden-arbor-installation` على 9 URL ؛ لا H1 داخل جسم المقال (قد يعتمد على عنوان القالب)
شركة إنشاء ممرات حجرية في الشمال,https://www.rukn-eltatawer.com/qa/stone-pathway-al-shamal/,210,"critical_thin,template_boilerplate,local_doorway_variant,city_variant_similar,keyword_cannibalization,no_h1_in_body",محتوى هزيل جداً (210 كلمة) ؛ نفس الهيكل العناوين في 905 صفحة (hash cb24e6f8b3f9) ؛ صفحة مدينة×خدمة من مولّد الشبكة — تغطية محلية لكن خطر doorway/تكرار ؛ نفس جذع الخدمة `stone-pathway` على 9 URL ؛ لا H1 داخل جسم المقال (قد يعتمد على عنوان القالب)
شركة إنشاء ممرات حجرية في الشحانية,https://www.rukn-eltatawer.com/qa/stone-pathway-al-shahaniya/,213,"critical_thin,template_boilerplate,local_doorway_variant,city_variant_similar,keyword_cannibalization,no_h1_in_body",محتوى هزيل جداً (213 كلمة) ؛ نفس الهيكل العناوين في 868 صفحة (hash a6b89d30b159) ؛ صفحة مدينة×خدمة من مولّد الشبكة — تغطية محلية لكن خطر doorway/تكرار ؛ نفس جذع الخدمة `stone-pathway` على 9 URL ؛ لا H1 داخل جسم المقال (قد يعتمد على عنوان القالب)
شركة تركيب شلالات اصطناعية في الشمال,https://www.rukn-eltatawer.com/qa/artificial-waterfall-al-shamal/,205,"critical_thin,template_boilerplate,local_doorway_variant,city_variant_similar,keyword_cannibalization,no_h1_in_body",محتوى هزيل جداً (205 كلمة) ؛ نفس الهيكل العناوين في 868 صفحة (hash a6b89d30b159) ؛ صفحة مدينة×خدمة من مولّد الشبكة — تغطية محلية لكن خطر doorway/تكرار ؛ نفس جذع الخدمة `artificial-waterfall` على 9 URL ؛ لا H1 داخل جسم المقال (قد يعتمد على عنوان القالب)
شركة تركيب شلالات اصطناعية في الشحانية,https://www.rukn-eltatawer.com/qa/artificial-waterfall-al-shahaniya/,226,"critical_thin,template_boilerplate,local_doorway_variant,city_variant_similar,keyword_cannibalization,no_h1_in_body",محتوى هزيل جداً (226 كلمة) ؛ نفس الهيكل العناوين في 905 صفحة (hash cb24e6f8b3f9) ؛ صفحة مدينة×خدمة من مولّد الشبكة — تغطية محلية لكن خطر doorway/تكرار ؛ نفس جذع الخدمة `artificial-waterfall` على 9 URL ؛ لا H1 داخل جسم المقال (قد يعتمد على عنوان القالب)
شركة تركيب نوافير جدارية في الشمال,https://www.rukn-eltatawer.com/qa/wall-fountain-al-shamal/,222,"critical_thin,template_boilerplate,local_doorway_variant,city_variant_similar,keyword_cannibalization,no_h1_in_body",محتوى هزيل جداً (222 كلمة) ؛ نفس الهيكل العناوين في 905 صفحة (hash cb24e6f8b3f9) ؛ صفحة مدينة×خدمة من مولّد الشبكة — تغطية محلية لكن خطر doorway/تكرار ؛ نفس جذع الخدمة `wall-fountain` على 9 URL ؛ لا H1 داخل جسم المقال (قد يعتمد على عنوان القالب)
شركة تركيب نوافير جدارية في الشحانية,https://www.rukn-eltatawer.com/qa/wall-fountain-al-shahaniya/,223,"critical_thin,template_boilerplate,local_doorway_variant,city_variant_similar,keyword_cannibalization,no_h1_in_body",محتوى هزيل جداً (223 كلمة) ؛ نفس الهيكل العناوين في 905 صفحة (hash cb24e6f8b3f9) ؛ صفحة مدينة×خدمة من مولّد الشبكة — تغطية محلية لكن خطر doorway/تكرار ؛ نفس جذع الخدمة `wall-fountain` على 9 URL ؛ لا H1 داخل جسم المقال (قد يعتمد على عنوان القالب)
شركة نقل أثاث داخلي في الشمال,https://www.rukn-eltatawer.com/qa/indoor-moving-al-shamal/,222,"critical_thin,template_boilerplate,local_doorway_variant,keyword_cannibalization,no_h1_in_body",محتوى هزيل جداً (222 كلمة) ؛ نفس الهيكل العناوين في 868 صفحة (hash a6b89d30b159) ؛ صفحة مدينة×خدمة من مولّد الشبكة — تغطية محلية لكن خطر doorway/تكرار ؛ نفس جذع الخدمة `indoor-moving` على 9 URL ؛ لا H1 داخل جسم المقال (قد يعتمد على عنوان القالب)
شركة نقل أثاث داخلي في الشحانية,https://www.rukn-eltatawer.com/qa/indoor-moving-al-shahaniya/,218,"critical_thin,template_boilerplate,local_doorway_variant,keyword_cannibalization,no_h1_in_body",محتوى هزيل جداً (218 كلمة) ؛ نفس الهيكل العناوين في 868 صفحة (hash a6b89d30b159) ؛ صفحة مدينة×خدمة من مولّد الشبكة — تغطية محلية لكن خطر doorway/تكرار ؛ نفس جذع الخدمة `indoor-moving` على 9 URL ؛ لا H1 داخل جسم المقال (قد يعتمد على عنوان القالب)
شركة نقل أثاث خارجي في الشمال,https://www.rukn-eltatawer.com/qa/outdoor-moving-al-shamal/,219,"critical_thin,template_boilerplate,local_doorway_variant,city_variant_similar,keyword_cannibalization,no_h1_in_body",محتوى هزيل جداً (219 كلمة) ؛ نفس الهيكل العناوين في 868 صفحة (hash a6b89d30b159) ؛ صفحة مدينة×خدمة من مولّد الشبكة — تغطية محلية لكن خطر doorway/تكرار ؛ نفس جذع الخدمة `outdoor-moving` على 9 URL ؛ لا H1 داخل جسم المقال (قد يعتمد على عنوان القالب)
شركة نقل أثاث خارجي في الشحانية,https://www.rukn-eltatawer.com/qa/outdoor-moving-al-shahaniya/,215,"critical_thin,template_boilerplate,local_doorway_variant,keyword_cannibalization,no_h1_in_body",محتوى هزيل جداً (215 كلمة) ؛ نفس الهيكل العناوين في 868 صفحة (hash a6b89d30b159) ؛ صفحة مدينة×خدمة من مولّد الشبكة — تغطية محلية لكن خطر doorway/تكرار ؛ نفس جذع الخدمة `outdoor-moving` على 9 URL ؛ لا H1 داخل جسم المقال (قد يعتمد على عنوان القالب)
شركة نقل عفش مع التغليف في الشمال,https://www.rukn-eltatawer.com/qa/furniture-moving-packaging-al-shamal/,208,"critical_thin,template_boilerplate,local_doorway_variant,city_variant_similar,keyword_cannibalization,no_h1_in_body",محتوى هزيل جداً (208 كلمة) ؛ نفس الهيكل العناوين في 868 صفحة (hash a6b89d30b159) ؛ صفحة مدينة×خدمة من مولّد الشبكة — تغطية محلية لكن خطر doorway/تكرار ؛ نفس جذع الخدمة `furniture-moving-packaging` على 9 URL ؛ لا H1 داخل جسم المقال (قد يعتمد على عنوان القالب)
شركة نقل عفش مع التغليف في الشحانية,https://www.rukn-eltatawer.com/qa/furniture-moving-packaging-al-shahaniya/,216,"critical_thin,template_boilerplate,local_doorway_variant,keyword_cannibalization,no_h1_in_body",محتوى هزيل جداً (216 كلمة) ؛ نفس الهيكل العناوين في 868 صفحة (hash a6b89d30b159) ؛ صفحة مدينة×خدمة من مولّد الشبكة — تغطية محلية لكن خطر doorway/تكرار ؛ نفس جذع الخدمة `furniture-moving-packaging` على 9 URL ؛ لا H1 داخل جسم المقال (قد يعتمد على عنوان القالب)
شركة تغليف أثاث احترافي في الشمال,https://www.rukn-eltatawer.com/qa/furniture-packaging-al-shamal/,212,"critical_thin,template_boilerplate,local_doorway_variant,city_variant_similar,keyword_cannibalization,no_h1_in_body",محتوى هزيل جداً (212 كلمة) ؛ نفس الهيكل العناوين في 905 صفحة (hash cb24e6f8b3f9) ؛ صفحة مدينة×خدمة من مولّد الشبكة — تغطية محلية لكن خطر doorway/تكرار ؛ نفس جذع الخدمة `furniture-packaging` على 9 URL ؛ لا H1 داخل جسم المقال (قد يعتمد على عنوان القالب)
شركة تغليف أثاث احترافي في الشحانية,https://www.rukn-eltatawer.com/qa/furniture-packaging-al-shahaniya/,220,"critical_thin,template_boilerplate,local_doorway_variant,city_variant_similar,keyword_cannibalization,no_h1_in_body",محتوى هزيل جداً (220 كلمة) ؛ نفس الهيكل العناوين في 905 صفحة (hash cb24e6f8b3f9) ؛ صفحة مدينة×خدمة من مولّد الشبكة — تغطية محلية لكن خطر doorway/تكرار ؛ نفس جذع الخدمة `furniture-packaging` على 9 URL ؛ لا H1 داخل جسم المقال (قد يعتمد على عنوان القالب)
شركة تركيب وفك الأثاث في الشمال,https://www.rukn-eltatawer.com/qa/furniture-assembly-al-shamal/,227,"critical_thin,template_boilerplate,local_doorway_variant,city_variant_similar,keyword_cannibalization,no_h1_in_body",محتوى هزيل جداً (227 كلمة) ؛ نفس الهيكل العناوين في 905 صفحة (hash cb24e6f8b3f9) ؛ صفحة مدينة×خدمة من مولّد الشبكة — تغطية محلية لكن خطر doorway/تكرار ؛ نفس جذع الخدمة `furniture-assembly` على 9 URL ؛ لا H1 داخل جسم المقال (قد يعتمد على عنوان القالب)
شركة تركيب وفك الأثاث في الشحانية,https://www.rukn-eltatawer.com/qa/furniture-assembly-al-shahaniya/,210,"critical_thin,template_boilerplate,local_doorway_variant,keyword_cannibalization,no_h1_in_body",محتوى هزيل جداً (210 كلمة) ؛ نفس الهيكل العناوين في 868 صفحة (hash a6b89d30b159) ؛ صفحة مدينة×خدمة من مولّد الشبكة — تغطية محلية لكن خطر doorway/تكرار ؛ نفس جذع الخدمة `furniture-assembly` على 9 URL ؛ لا H1 داخل جسم المقال (قد يعتمد على عنوان القالب)
شركة تخزين أثاث في الشمال,https://www.rukn-eltatawer.com/qa/furniture-storage-al-shamal/,223,"critical_thin,template_boilerplate,local_doorway_variant,city_variant_similar,keyword_cannibalization,no_h1_in_body",محتوى هزيل جداً (223 كلمة) ؛ نفس الهيكل العناوين في 905 صفحة (hash cb24e6f8b3f9) ؛ صفحة مدينة×خدمة من مولّد الشبكة — تغطية محلية لكن خطر doorway/تكرار ؛ نفس جذع الخدمة `furniture-storage` على 9 URL ؛ لا H1 داخل جسم المقال (قد يعتمد على عنوان القالب)
شركة تخزين أثاث في الشحانية,https://www.rukn-eltatawer.com/qa/furniture-storage-al-shahaniya/,219,"critical_thin,template_boilerplate,local_doorway_variant,keyword_cannibalization,no_h1_in_body",محتوى هزيل جداً (219 كلمة) ؛ نفس الهيكل العناوين في 905 صفحة (hash cb24e6f8b3f9) ؛ صفحة مدينة×خدمة من مولّد الشبكة — تغطية محلية لكن خطر doorway/تكرار ؛ نفس جذع الخدمة `furniture-storage` على 9 URL ؛ لا H1 داخل جسم المقال (قد يعتمد على عنوان القالب)
شركة تركيب أنظمة طاقة شمسية في الشمال,https://www.rukn-eltatawer.com/qa/solar-systems-installation-al-shamal/,221,"critical_thin,template_boilerplate,local_doorway_variant,city_variant_similar,keyword_cannibalization,no_h1_in_body",محتوى هزيل جداً (221 كلمة) ؛ نفس الهيكل العناوين في 868 صفحة (hash a6b89d30b159) ؛ صفحة مدينة×خدمة من مولّد الشبكة — تغطية محلية لكن خطر doorway/تكرار ؛ نفس جذع الخدمة `solar-systems-installation` على 9 URL ؛ لا H1 داخل جسم المقال (قد يعتمد على عنوان القالب)
شركة تركيب أنظمة طاقة شمسية في الشحانية,https://www.rukn-eltatawer.com/qa/solar-systems-installation-al-shahaniya/,230,"critical_thin,template_boilerplate,local_doorway_variant,keyword_cannibalization,no_h1_in_body",محتوى هزيل جداً (230 كلمة) ؛ نفس الهيكل العناوين في 905 صفحة (hash cb24e6f8b3f9) ؛ صفحة مدينة×خدمة من مولّد الشبكة — تغطية محلية لكن خطر doorway/تكرار ؛ نفس جذع الخدمة `solar-systems-installation` على 9 URL ؛ لا H1 داخل جسم المقال (قد يعتمد على عنوان القالب)
شركة تركيب سخانات طاقة شمسية في الشمال,https://www.rukn-eltatawer.com/qa/solar-water-heaters-al-shamal/,209,"critical_thin,template_boilerplate,local_doorway_variant,city_variant_similar,keyword_cannibalization,no_h1_in_body",محتوى هزيل جداً (209 كلمة) ؛ نفس الهيكل العناوين في 868 صفحة (hash a6b89d30b159) ؛ صفحة مدينة×خدمة من مولّد الشبكة — تغطية محلية لكن خطر doorway/تكرار ؛ نفس جذع الخدمة `solar-water-heaters` على 9 URL ؛ لا H1 داخل جسم المقال (قد يعتمد على عنوان القالب)
شركة تركيب سخانات طاقة شمسية في الشحانية,https://www.rukn-eltatawer.com/qa/solar-water-heaters-al-shahaniya/,227,"critical_thin,template_boilerplate,local_doorway_variant,city_variant_similar,keyword_cannibalization,no_h1_in_body",محتوى هزيل جداً (227 كلمة) ؛ نفس الهيكل العناوين في 905 صفحة (hash cb24e6f8b3f9) ؛ صفحة مدينة×خدمة من مولّد الشبكة — تغطية محلية لكن خطر doorway/تكرار ؛ نفس جذع الخدمة `solar-water-heaters` على 9 URL ؛ لا H1 داخل جسم المقال (قد يعتمد على عنوان القالب)
شركة مكافحة النمل الأسود والأحمر في الشمال,https://www.rukn-eltatawer.com/qa/ant-control-al-shamal/,216,"critical_thin,template_boilerplate,local_doorway_variant,city_variant_similar,keyword_cannibalization,no_h1_in_body",محتوى هزيل جداً (216 كلمة) ؛ نفس الهيكل العناوين في 868 صفحة (hash a6b89d30b159) ؛ صفحة مدينة×خدمة من مولّد الشبكة — تغطية محلية لكن خطر doorway/تكرار ؛ نفس جذع الخدمة `ant-control` على 9 URL ؛ لا H1 داخل جسم المقال (قد يعتمد على عنوان القالب)
شركة مكافحة النمل الأسود والأحمر في الشحانية,https://www.rukn-eltatawer.com/qa/ant-control-al-shahaniya/,235,"critical_thin,template_boilerplate,local_doorway_variant,city_variant_similar,keyword_cannibalization,no_h1_in_body",محتوى هزيل جداً (235 كلمة) ؛ نفس الهيكل العناوين في 905 صفحة (hash cb24e6f8b3f9) ؛ صفحة مدينة×خدمة من مولّد الشبكة — تغطية محلية لكن خطر doorway/تكرار ؛ نفس جذع الخدمة `ant-control` على 9 URL ؛ لا H1 داخل جسم المقال (قد يعتمد على عنوان القالب)
شركة مكافحة بق الفراش في الشمال,https://www.rukn-eltatawer.com/qa/bed-bug-control-al-shamal/,215,"critical_thin,template_boilerplate,local_doorway_variant,near_duplicate,keyword_cannibalization,no_h1_in_body",محتوى هزيل جداً (215 كلمة) ؛ نفس الهيكل العناوين في 868 صفحة (hash a6b89d30b159) ؛ صفحة مدينة×خدمة من مولّد الشبكة — تغطية محلية لكن خطر doorway/تكرار ؛ تشابه SimHash مسافة 1 مع https://www.rukn-eltatawer.com/qa/cockroach-control-al-shamal/ ؛ نفس جذع الخدمة `bed-bug-control` على 10 URL ؛ لا H1 داخل جسم المقال (قد يعتمد على عنوان القالب)
شركة مكافحة بق الفراش في الشحانية,https://www.rukn-eltatawer.com/qa/bed-bug-control-al-shahaniya/,231,"critical_thin,template_boilerplate,local_doorway_variant,near_duplicate,keyword_cannibalization,no_h1_in_body",محتوى هزيل جداً (231 كلمة) ؛ نفس الهيكل العناوين في 905 صفحة (hash cb24e6f8b3f9) ؛ صفحة مدينة×خدمة من مولّد الشبكة — تغطية محلية لكن خطر doorway/تكرار ؛ تشابه SimHash مسافة 1 مع https://www.rukn-eltatawer.com/qa/decor-design-al-shahaniya/ ؛ نفس جذع الخدمة `bed-bug-control` على 10 URL ؛ لا H1 داخل جسم المقال (قد يعتمد على عنوان القالب)
شركة مكافحة الفئران والقوارض في الشمال,https://www.rukn-eltatawer.com/qa/rodent-control-al-shamal/,220,"critical_thin,template_boilerplate,local_doorway_variant,city_variant_similar,keyword_cannibalization,no_h1_in_body",محتوى هزيل جداً (220 كلمة) ؛ نفس الهيكل العناوين في 905 صفحة (hash cb24e6f8b3f9) ؛ صفحة مدينة×خدمة من مولّد الشبكة — تغطية محلية لكن خطر doorway/تكرار ؛ نفس جذع الخدمة `rodent-control` على 9 URL ؛ لا H1 داخل جسم المقال (قد يعتمد على عنوان القالب)
شركة مكافحة الفئران والقوارض في الشحانية,https://www.rukn-eltatawer.com/qa/rodent-control-al-shahaniya/,226,"critical_thin,template_boilerplate,local_doorway_variant,city_variant_similar,keyword_cannibalization,no_h1_in_body",محتوى هزيل جداً (226 كلمة) ؛ نفس الهيكل العناوين في 905 صفحة (hash cb24e6f8b3f9) ؛ صفحة مدينة×خدمة من مولّد الشبكة — تغطية محلية لكن خطر doorway/تكرار ؛ نفس جذع الخدمة `rodent-control` على 9 URL ؛ لا H1 داخل جسم المقال (قد يعتمد على عنوان القالب)
شركة مكافحة الأفاعي في الشمال,https://www.rukn-eltatawer.com/qa/snake-control-al-shamal/,231,"critical_thin,template_boilerplate,local_doorway_variant,city_variant_similar,keyword_cannibalization,no_h1_in_body",محتوى هزيل جداً (231 كلمة) ؛ نفس الهيكل العناوين في 905 صفحة (hash cb24e6f8b3f9) ؛ صفحة مدينة×خدمة من مولّد الشبكة — تغطية محلية لكن خطر doorway/تكرار ؛ نفس جذع الخدمة `snake-control` على 9 URL ؛ لا H1 داخل جسم المقال (قد يعتمد على عنوان القالب)
شركة مكافحة الأفاعي في الشحانية,https://www.rukn-eltatawer.com/qa/snake-control-al-shahaniya/,233,"critical_thin,template_boilerplate,local_doorway_variant,city_variant_similar,keyword_cannibalization,no_h1_in_body",محتوى هزيل جداً (233 كلمة) ؛ نفس الهيكل العناوين في 905 صفحة (hash cb24e6f8b3f9) ؛ صفحة مدينة×خدمة من مولّد الشبكة — تغطية محلية لكن خطر doorway/تكرار ؛ نفس جذع الخدمة `snake-control` على 9 URL ؛ لا H1 داخل جسم المقال (قد يعتمد على عنوان القالب)
شركة مكافحة العقارب في الشمال,https://www.rukn-eltatawer.com/qa/scorpion-control-al-shamal/,231,"critical_thin,template_boilerplate,local_doorway_variant,city_variant_similar,keyword_cannibalization,no_h1_in_body",محتوى هزيل جداً (231 كلمة) ؛ نفس الهيكل العناوين في 905 صفحة (hash cb24e6f8b3f9) ؛ صفحة مدينة×خدمة من مولّد الشبكة — تغطية محلية لكن خطر doorway/تكرار ؛ نفس جذع الخدمة `scorpion-control` على 9 URL ؛ لا H1 داخل جسم المقال (قد يعتمد على عنوان القالب)
شركة مكافحة العقارب في الشحانية,https://www.rukn-eltatawer.com/qa/scorpion-control-al-shahaniya/,233,"critical_thin,template_boilerplate,local_doorway_variant,city_variant_similar,keyword_cannibalization,no_h1_in_body",محتوى هزيل جداً (233 كلمة) ؛ نفس الهيكل العناوين في 905 صفحة (hash cb24e6f8b3f9) ؛ صفحة مدينة×خدمة من مولّد الشبكة — تغطية محلية لكن خطر doorway/تكرار ؛ نفس جذع الخدمة `scorpion-control` على 9 URL ؛ لا H1 داخل جسم المقال (قد يعتمد على عنوان القالب)
شركة مكافحة البراغيث في الشمال,https://www.rukn-eltatawer.com/qa/flea-control-al-shamal/,229,"critical_thin,template_boilerplate,local_doorway_variant,city_variant_similar,keyword_cannibalization,no_h1_in_body",محتوى هزيل جداً (229 كلمة) ؛ نفس الهيكل العناوين في 868 صفحة (hash a6b89d30b159) ؛ صفحة مدينة×خدمة من مولّد الشبكة — تغطية محلية لكن خطر doorway/تكرار ؛ نفس جذع الخدمة `flea-control` على 9 URL ؛ لا H1 داخل جسم المقال (قد يعتمد على عنوان القالب)
شركة مكافحة البراغيث في الشحانية,https://www.rukn-eltatawer.com/qa/flea-control-al-shahaniya/,225,"critical_thin,template_boilerplate,local_doorway_variant,city_variant_similar,keyword_cannibalization,no_h1_in_body",محتوى هزيل جداً (225 كلمة) ؛ نفس الهيكل العناوين في 905 صفحة (hash cb24e6f8b3f9) ؛ صفحة مدينة×خدمة من مولّد الشبكة — تغطية محلية لكن خطر doorway/تكرار ؛ نفس جذع الخدمة `flea-control` على 9 URL ؛ لا H1 داخل جسم المقال (قد يعتمد على عنوان القالب)
شركة مكافحة الوزغ (البرص) في الشمال,https://www.rukn-eltatawer.com/qa/lizard-control-al-shamal/,227,"critical_thin,template_boilerplate,local_doorway_variant,city_variant_similar,keyword_cannibalization,no_h1_in_body",محتوى هزيل جداً (227 كلمة) ؛ نفس الهيكل العناوين في 868 صفحة (hash a6b89d30b159) ؛ صفحة مدينة×خدمة من مولّد الشبكة — تغطية محلية لكن خطر doorway/تكرار ؛ نفس جذع الخدمة `lizard-control` على 9 URL ؛ لا H1 داخل جسم المقال (قد يعتمد على عنوان القالب)
شركة مكافحة الوزغ (البرص) في الشحانية,https://www.rukn-eltatawer.com/qa/lizard-control-al-shahaniya/,221,"critical_thin,template_boilerplate,local_doorway_variant,city_variant_similar,keyword_cannibalization,no_h1_in_body",محتوى هزيل جداً (221 كلمة) ؛ نفس الهيكل العناوين في 868 صفحة (hash a6b89d30b159) ؛ صفحة مدينة×خدمة من مولّد الشبكة — تغطية محلية لكن خطر doorway/تكرار ؛ نفس جذع الخدمة `lizard-control` على 9 URL ؛ لا H1 داخل جسم المقال (قد يعتمد على عنوان القالب)
شركة مكافحة الطيور في الشمال,https://www.rukn-eltatawer.com/qa/bird-control-al-shamal/,219,"critical_thin,template_boilerplate,local_doorway_variant,city_variant_similar,keyword_cannibalization,no_h1_in_body",محتوى هزيل جداً (219 كلمة) ؛ نفس الهيكل العناوين في 905 صفحة (hash cb24e6f8b3f9) ؛ صفحة مدينة×خدمة من مولّد الشبكة — تغطية محلية لكن خطر doorway/تكرار ؛ نفس جذع الخدمة `bird-control` على 9 URL ؛ لا H1 داخل جسم المقال (قد يعتمد على عنوان القالب)
شركة مكافحة الطيور في الشحانية,https://www.rukn-eltatawer.com/qa/bird-control-al-shahaniya/,223,"critical_thin,template_boilerplate,local_doorway_variant,city_variant_similar,keyword_cannibalization,no_h1_in_body",محتوى هزيل جداً (223 كلمة) ؛ نفس الهيكل العناوين في 868 صفحة (hash a6b89d30b159) ؛ صفحة مدينة×خدمة من مولّد الشبكة — تغطية محلية لكن خطر doorway/تكرار ؛ نفس جذع الخدمة `bird-control` على 9 URL ؛ لا H1 داخل جسم المقال (قد يعتمد على عنوان القالب)
شركة مكافحة البعوض والذباب في الشمال,https://www.rukn-eltatawer.com/qa/mosquito-fly-control-al-shamal/,220,"critical_thin,template_boilerplate,local_doorway_variant,city_variant_similar,keyword_cannibalization,no_h1_in_body",محتوى هزيل جداً (220 كلمة) ؛ نفس الهيكل العناوين في 905 صفحة (hash cb24e6f8b3f9) ؛ صفحة مدينة×خدمة من مولّد الشبكة — تغطية محلية لكن خطر doorway/تكرار ؛ نفس جذع الخدمة `mosquito-fly-control` على 9 URL ؛ لا H1 داخل جسم المقال (قد يعتمد على عنوان القالب)
شركة مكافحة البعوض والذباب في الشحانية,https://www.rukn-eltatawer.com/qa/mosquito-fly-control-al-shahaniya/,234,"critical_thin,template_boilerplate,local_doorway_variant,city_variant_similar,keyword_cannibalization,no_h1_in_body",محتوى هزيل جداً (234 كلمة) ؛ نفس الهيكل العناوين في 905 صفحة (hash cb24e6f8b3f9) ؛ صفحة مدينة×خدمة من مولّد الشبكة — تغطية محلية لكن خطر doorway/تكرار ؛ نفس جذع الخدمة `mosquito-fly-control` على 9 URL ؛ لا H1 داخل جسم المقال (قد يعتمد على عنوان القالب)
شركة تركيب شبك طارد للحمام في الشمال,https://www.rukn-eltatawer.com/qa/pigeon-net-installation-al-shamal/,228,"critical_thin,template_boilerplate,local_doorway_variant,city_variant_similar,keyword_cannibalization,no_h1_in_body",محتوى هزيل جداً (228 كلمة) ؛ نفس الهيكل العناوين في 868 صفحة (hash a6b89d30b159) ؛ صفحة مدينة×خدمة من مولّد الشبكة — تغطية محلية لكن خطر doorway/تكرار ؛ نفس جذع الخدمة `pigeon-net-installation` على 9 URL ؛ لا H1 داخل جسم المقال (قد يعتمد على عنوان القالب)
شركة تركيب شبك طارد للحمام في الشحانية,https://www.rukn-eltatawer.com/qa/pigeon-net-installation-al-shahaniya/,235,"critical_thin,template_boilerplate,local_doorway_variant,city_variant_similar,keyword_cannibalization,no_h1_in_body",محتوى هزيل جداً (235 كلمة) ؛ نفس الهيكل العناوين في 905 صفحة (hash cb24e6f8b3f9) ؛ صفحة مدينة×خدمة من مولّد الشبكة — تغطية محلية لكن خطر doorway/تكرار ؛ نفس جذع الخدمة `pigeon-net-installation` على 9 URL ؛ لا H1 داخل جسم المقال (قد يعتمد على عنوان القالب)
شركة تركيب مسامير طاردة للحمام في الشمال,https://www.rukn-eltatawer.com/qa/pigeon-spikes-installation-al-shamal/,231,"critical_thin,template_boilerplate,local_doorway_variant,city_variant_similar,keyword_cannibalization,no_h1_in_body",محتوى هزيل جداً (231 كلمة) ؛ نفس الهيكل العناوين في 868 صفحة (hash a6b89d30b159) ؛ صفحة مدينة×خدمة من مولّد الشبكة — تغطية محلية لكن خطر doorway/تكرار ؛ نفس جذع الخدمة `pigeon-spikes-installation` على 9 URL ؛ لا H1 داخل جسم المقال (قد يعتمد على عنوان القالب)
شركة تركيب مسامير طاردة للحمام في الشحانية,https://www.rukn-eltatawer.com/qa/pigeon-spikes-installation-al-shahaniya/,225,"critical_thin,template_boilerplate,local_doorway_variant,city_variant_similar,keyword_cannibalization,no_h1_in_body",محتوى هزيل جداً (225 كلمة) ؛ نفس الهيكل العناوين في 868 صفحة (hash a6b89d30b159) ؛ صفحة مدينة×خدمة من مولّد الشبكة — تغطية محلية لكن خطر doorway/تكرار ؛ نفس جذع الخدمة `pigeon-spikes-installation` على 9 URL ؛ لا H1 داخل جسم المقال (قد يعتمد على عنوان القالب)
شركة تركيب أجهزة صوتية لطرد الطيور في الشمال,https://www.rukn-eltatawer.com/qa/bird-sound-device-al-shamal/,222,"critical_thin,template_boilerplate,local_doorway_variant,city_variant_similar,keyword_cannibalization,no_h1_in_body",محتوى هزيل جداً (222 كلمة) ؛ نفس الهيكل العناوين في 905 صفحة (hash cb24e6f8b3f9) ؛ صفحة مدينة×خدمة من مولّد الشبكة — تغطية محلية لكن خطر doorway/تكرار ؛ نفس جذع الخدمة `bird-sound-device` على 9 URL ؛ لا H1 داخل جسم المقال (قد يعتمد على عنوان القالب)
شركة تركيب أجهزة صوتية لطرد الطيور في الشحانية,https://www.rukn-eltatawer.com/qa/bird-sound-device-al-shahaniya/,236,"critical_thin,template_boilerplate,local_doorway_variant,city_variant_similar,keyword_cannibalization,no_h1_in_body",محتوى هزيل جداً (236 كلمة) ؛ نفس الهيكل العناوين في 905 صفحة (hash cb24e6f8b3f9) ؛ صفحة مدينة×خدمة من مولّد الشبكة — تغطية محلية لكن خطر doorway/تكرار ؛ نفس جذع الخدمة `bird-sound-device` على 9 URL ؛ لا H1 داخل جسم المقال (قد يعتمد على عنوان القالب)
شركة التعقيم بالبخار في الشمال,https://www.rukn-eltatawer.com/qa/steam-disinfection-al-shamal/,234,"critical_thin,template_boilerplate,local_doorway_variant,city_variant_similar,keyword_cannibalization,no_h1_in_body",محتوى هزيل جداً (234 كلمة) ؛ نفس الهيكل العناوين في 905 صفحة (hash cb24e6f8b3f9) ؛ صفحة مدينة×خدمة من مولّد الشبكة — تغطية محلية لكن خطر doorway/تكرار ؛ نفس جذع الخدمة `steam-disinfection` على 9 URL ؛ لا H1 داخل جسم المقال (قد يعتمد على عنوان القالب)
شركة التعقيم بالبخار في الشحانية,https://www.rukn-eltatawer.com/qa/steam-disinfection-al-shahaniya/,233,"critical_thin,template_boilerplate,local_doorway_variant,city_variant_similar,keyword_cannibalization,no_h1_in_body",محتوى هزيل جداً (233 كلمة) ؛ نفس الهيكل العناوين في 905 صفحة (hash cb24e6f8b3f9) ؛ صفحة مدينة×خدمة من مولّد الشبكة — تغطية محلية لكن خطر doorway/تكرار ؛ نفس جذع الخدمة `steam-disinfection` على 9 URL ؛ لا H1 داخل جسم المقال (قد يعتمد على عنوان القالب)
شركة التعقيم بالكلور في الشمال,https://www.rukn-eltatawer.com/qa/chlorine-disinfection-al-shamal/,234,"critical_thin,template_boilerplate,local_doorway_variant,city_variant_similar,keyword_cannibalization,no_h1_in_body",محتوى هزيل جداً (234 كلمة) ؛ نفس الهيكل العناوين في 905 صفحة (hash cb24e6f8b3f9) ؛ صفحة مدينة×خدمة من مولّد الشبكة — تغطية محلية لكن خطر doorway/تكرار ؛ نفس جذع الخدمة `chlorine-disinfection` على 9 URL ؛ لا H1 داخل جسم المقال (قد يعتمد على عنوان القالب)
شركة التعقيم بالكلور في الشحانية,https://www.rukn-eltatawer.com/qa/chlorine-disinfection-al-shahaniya/,233,"critical_thin,template_boilerplate,local_doorway_variant,city_variant_similar,keyword_cannibalization,no_h1_in_body",محتوى هزيل جداً (233 كلمة) ؛ نفس الهيكل العناوين في 905 صفحة (hash cb24e6f8b3f9) ؛ صفحة مدينة×خدمة من مولّد الشبكة — تغطية محلية لكن خطر doorway/تكرار ؛ نفس جذع الخدمة `chlorine-disinfection` على 9 URL ؛ لا H1 داخل جسم المقال (قد يعتمد على عنوان القالب)
شركة التعقيم بالأوزون في الشمال,https://www.rukn-eltatawer.com/qa/ozone-disinfection-al-shamal/,229,"critical_thin,template_boilerplate,local_doorway_variant,city_variant_similar,keyword_cannibalization,no_h1_in_body",محتوى هزيل جداً (229 كلمة) ؛ نفس الهيكل العناوين في 868 صفحة (hash a6b89d30b159) ؛ صفحة مدينة×خدمة من مولّد الشبكة — تغطية محلية لكن خطر doorway/تكرار ؛ نفس جذع الخدمة `ozone-disinfection` على 9 URL ؛ لا H1 داخل جسم المقال (قد يعتمد على عنوان القالب)
شركة التعقيم بالأوزون في الشحانية,https://www.rukn-eltatawer.com/qa/ozone-disinfection-al-shahaniya/,225,"critical_thin,template_boilerplate,local_doorway_variant,city_variant_similar,keyword_cannibalization,no_h1_in_body",محتوى هزيل جداً (225 كلمة) ؛ نفس الهيكل العناوين في 905 صفحة (hash cb24e6f8b3f9) ؛ صفحة مدينة×خدمة من مولّد الشبكة — تغطية محلية لكن خطر doorway/تكرار ؛ نفس جذع الخدمة `ozone-disinfection` على 9 URL ؛ لا H1 داخل جسم المقال (قد يعتمد على عنوان القالب)
كهربائي منازل في الشمال,https://www.rukn-eltatawer.com/qa/home-electrician-al-shamal/,228,"critical_thin,template_boilerplate,local_doorway_variant,city_variant_similar,keyword_cannibalization,no_h1_in_body",محتوى هزيل جداً (228 كلمة) ؛ نفس الهيكل العناوين في 905 صفحة (hash cb24e6f8b3f9) ؛ صفحة مدينة×خدمة من مولّد الشبكة — تغطية محلية لكن خطر doorway/تكرار ؛ نفس جذع الخدمة `home-electrician` على 9 URL ؛ لا H1 داخل جسم المقال (قد يعتمد على عنوان القالب)
كهربائي منازل في الشحانية,https://www.rukn-eltatawer.com/qa/home-electrician-al-shahaniya/,211,"critical_thin,template_boilerplate,local_doorway_variant,city_variant_similar,keyword_cannibalization,no_h1_in_body",محتوى هزيل جداً (211 كلمة) ؛ نفس الهيكل العناوين في 868 صفحة (hash a6b89d30b159) ؛ صفحة مدينة×خدمة من مولّد الشبكة — تغطية محلية لكن خطر doorway/تكرار ؛ نفس جذع الخدمة `home-electrician` على 9 URL ؛ لا H1 داخل جسم المقال (قد يعتمد على عنوان القالب)
نجار أثاث في الشمال,https://www.rukn-eltatawer.com/qa/carpenter-al-shamal/,221,"critical_thin,template_boilerplate,local_doorway_variant,city_variant_similar,keyword_cannibalization,no_h1_in_body",محتوى هزيل جداً (221 كلمة) ؛ نفس الهيكل العناوين في 868 صفحة (hash a6b89d30b159) ؛ صفحة مدينة×خدمة من مولّد الشبكة — تغطية محلية لكن خطر doorway/تكرار ؛ نفس جذع الخدمة `carpenter` على 9 URL ؛ لا H1 داخل جسم المقال (قد يعتمد على عنوان القالب)
نجار أثاث في الشحانية,https://www.rukn-eltatawer.com/qa/carpenter-al-shahaniya/,225,"critical_thin,template_boilerplate,local_doorway_variant,city_variant_similar,keyword_cannibalization,no_h1_in_body",محتوى هزيل جداً (225 كلمة) ؛ نفس الهيكل العناوين في 905 صفحة (hash cb24e6f8b3f9) ؛ صفحة مدينة×خدمة من مولّد الشبكة — تغطية محلية لكن خطر doorway/تكرار ؛ نفس جذع الخدمة `carpenter` على 9 URL ؛ لا H1 داخل جسم المقال (قد يعتمد على عنوان القالب)
حداد أبواب ونوافذ في الشمال,https://www.rukn-eltatawer.com/qa/blacksmith-doors-windows-al-shamal/,211,"critical_thin,template_boilerplate,local_doorway_variant,city_variant_similar,keyword_cannibalization,no_h1_in_body",محتوى هزيل جداً (211 كلمة) ؛ نفس الهيكل العناوين في 868 صفحة (hash a6b89d30b159) ؛ صفحة مدينة×خدمة من مولّد الشبكة — تغطية محلية لكن خطر doorway/تكرار ؛ نفس جذع الخدمة `blacksmith-doors-windows` على 9 URL ؛ لا H1 داخل جسم المقال (قد يعتمد على عنوان القالب)
حداد أبواب ونوافذ في الشحانية,https://www.rukn-eltatawer.com/qa/blacksmith-doors-windows-al-shahaniya/,230,"critical_thin,template_boilerplate,local_doorway_variant,city_variant_similar,keyword_cannibalization,no_h1_in_body",محتوى هزيل جداً (230 كلمة) ؛ نفس الهيكل العناوين في 905 صفحة (hash cb24e6f8b3f9) ؛ صفحة مدينة×خدمة من مولّد الشبكة — تغطية محلية لكن خطر doorway/تكرار ؛ نفس جذع الخدمة `blacksmith-doors-windows` على 9 URL ؛ لا H1 داخل جسم المقال (قد يعتمد على عنوان القالب)
عامل دهانات في الشمال,https://www.rukn-eltatawer.com/qa/painter-al-shamal/,200,"critical_thin,template_boilerplate,local_doorway_variant,city_variant_similar,keyword_cannibalization,no_h1_in_body",محتوى هزيل جداً (200 كلمة) ؛ نفس الهيكل العناوين في 868 صفحة (hash a6b89d30b159) ؛ صفحة مدينة×خدمة من مولّد الشبكة — تغطية محلية لكن خطر doorway/تكرار ؛ نفس جذع الخدمة `painter` على 9 URL ؛ لا H1 داخل جسم المقال (قد يعتمد على عنوان القالب)
عامل دهانات في الشحانية,https://www.rukn-eltatawer.com/qa/painter-al-shahaniya/,213,"critical_thin,template_boilerplate,local_doorway_variant,city_variant_similar,keyword_cannibalization,no_h1_in_body",محتوى هزيل جداً (213 كلمة) ؛ نفس الهيكل العناوين في 905 صفحة (hash cb24e6f8b3f9) ؛ صفحة مدينة×خدمة من مولّد الشبكة — تغطية محلية لكن خطر doorway/تكرار ؛ نفس جذع الخدمة `painter` على 9 URL ؛ لا H1 داخل جسم المقال (قد يعتمد على عنوان القالب)
فني جبس بورد في الشمال,https://www.rukn-eltatawer.com/qa/gypsum-tech-al-shamal/,201,"critical_thin,template_boilerplate,local_doorway_variant,city_variant_similar,keyword_cannibalization,no_h1_in_body",محتوى هزيل جداً (201 كلمة) ؛ نفس الهيكل العناوين في 868 صفحة (hash a6b89d30b159) ؛ صفحة مدينة×خدمة من مولّد الشبكة — تغطية محلية لكن خطر doorway/تكرار ؛ نفس جذع الخدمة `gypsum-tech` على 9 URL ؛ لا H1 داخل جسم المقال (قد يعتمد على عنوان القالب)
فني جبس بورد في الشحانية,https://www.rukn-eltatawer.com/qa/gypsum-tech-al-shahaniya/,214,"critical_thin,template_boilerplate,local_doorway_variant,keyword_cannibalization,no_h1_in_body",محتوى هزيل جداً (214 كلمة) ؛ نفس الهيكل العناوين في 905 صفحة (hash cb24e6f8b3f9) ؛ صفحة مدينة×خدمة من مولّد الشبكة — تغطية محلية لكن خطر doorway/تكرار ؛ نفس جذع الخدمة `gypsum-tech` على 9 URL ؛ لا H1 داخل جسم المقال (قد يعتمد على عنوان القالب)
فني تركيب دش في الشمال,https://www.rukn-eltatawer.com/qa/sat-dish-tech-al-shamal/,221,"critical_thin,template_boilerplate,local_doorway_variant,city_variant_similar,keyword_cannibalization,no_h1_in_body",محتوى هزيل جداً (221 كلمة) ؛ نفس الهيكل العناوين في 868 صفحة (hash a6b89d30b159) ؛ صفحة مدينة×خدمة من مولّد الشبكة — تغطية محلية لكن خطر doorway/تكرار ؛ نفس جذع الخدمة `sat-dish-tech` على 9 URL ؛ لا H1 داخل جسم المقال (قد يعتمد على عنوان القالب)
فني تركيب دش في الشحانية,https://www.rukn-eltatawer.com/qa/sat-dish-tech-al-shahaniya/,230,"critical_thin,template_boilerplate,local_doorway_variant,city_variant_similar,keyword_cannibalization,no_h1_in_body",محتوى هزيل جداً (230 كلمة) ؛ نفس الهيكل العناوين في 905 صفحة (hash cb24e6f8b3f9) ؛ صفحة مدينة×خدمة من مولّد الشبكة — تغطية محلية لكن خطر doorway/تكرار ؛ نفس جذع الخدمة `sat-dish-tech` على 9 URL ؛ لا H1 داخل جسم المقال (قد يعتمد على عنوان القالب)
فني تركيب أقمار صناعية في الشمال,https://www.rukn-eltatawer.com/qa/satellite-tech-al-shamal/,215,"critical_thin,template_boilerplate,local_doorway_variant,city_variant_similar,keyword_cannibalization,no_h1_in_body",محتوى هزيل جداً (215 كلمة) ؛ نفس الهيكل العناوين في 905 صفحة (hash cb24e6f8b3f9) ؛ صفحة مدينة×خدمة من مولّد الشبكة — تغطية محلية لكن خطر doorway/تكرار ؛ نفس جذع الخدمة `satellite-tech` على 9 URL ؛ لا H1 داخل جسم المقال (قد يعتمد على عنوان القالب)
فني تركيب أقمار صناعية في الشحانية,https://www.rukn-eltatawer.com/qa/satellite-tech-al-shahaniya/,228,"critical_thin,template_boilerplate,local_doorway_variant,city_variant_similar,keyword_cannibalization,no_h1_in_body",محتوى هزيل جداً (228 كلمة) ؛ نفس الهيكل العناوين في 905 صفحة (hash cb24e6f8b3f9) ؛ صفحة مدينة×خدمة من مولّد الشبكة — تغطية محلية لكن خطر doorway/تكرار ؛ نفس جذع الخدمة `satellite-tech` على 9 URL ؛ لا H1 داخل جسم المقال (قد يعتمد على عنوان القالب)
فني تركيب كاميرات مراقبة في الشمال,https://www.rukn-eltatawer.com/qa/cctv-tech-al-shamal/,222,"critical_thin,template_boilerplate,local_doorway_variant,city_variant_similar,keyword_cannibalization,no_h1_in_body",محتوى هزيل جداً (222 كلمة) ؛ نفس الهيكل العناوين في 868 صفحة (hash a6b89d30b159) ؛ صفحة مدينة×خدمة من مولّد الشبكة — تغطية محلية لكن خطر doorway/تكرار ؛ نفس جذع الخدمة `cctv-tech` على 9 URL ؛ لا H1 داخل جسم المقال (قد يعتمد على عنوان القالب)
فني تركيب كاميرات مراقبة في الشحانية,https://www.rukn-eltatawer.com/qa/cctv-tech-al-shahaniya/,213,"critical_thin,template_boilerplate,local_doorway_variant,city_variant_similar,keyword_cannibalization,no_h1_in_body",محتوى هزيل جداً (213 كلمة) ؛ نفس الهيكل العناوين في 868 صفحة (hash a6b89d30b159) ؛ صفحة مدينة×خدمة من مولّد الشبكة — تغطية محلية لكن خطر doorway/تكرار ؛ نفس جذع الخدمة `cctv-tech` على 9 URL ؛ لا H1 داخل جسم المقال (قد يعتمد على عنوان القالب)
فني أنظمة صوت منزلية في الشمال,https://www.rukn-eltatawer.com/qa/home-audio-tech-al-shamal/,227,"critical_thin,template_boilerplate,local_doorway_variant,city_variant_similar,keyword_cannibalization,no_h1_in_body",محتوى هزيل جداً (227 كلمة) ؛ نفس الهيكل العناوين في 905 صفحة (hash cb24e6f8b3f9) ؛ صفحة مدينة×خدمة من مولّد الشبكة — تغطية محلية لكن خطر doorway/تكرار ؛ نفس جذع الخدمة `home-audio-tech` على 9 URL ؛ لا H1 داخل جسم المقال (قد يعتمد على عنوان القالب)
فني أنظمة صوت منزلية في الشحانية,https://www.rukn-eltatawer.com/qa/home-audio-tech-al-shahaniya/,223,"critical_thin,template_boilerplate,local_doorway_variant,city_variant_similar,keyword_cannibalization,no_h1_in_body",محتوى هزيل جداً (223 كلمة) ؛ نفس الهيكل العناوين في 905 صفحة (hash cb24e6f8b3f9) ؛ صفحة مدينة×خدمة من مولّد الشبكة — تغطية محلية لكن خطر doorway/تكرار ؛ نفس جذع الخدمة `home-audio-tech` على 9 URL ؛ لا H1 داخل جسم المقال (قد يعتمد على عنوان القالب)
شركة دهان شقق في الشمال,https://www.rukn-eltatawer.com/qa/apartment-painting-al-shamal/,213,"critical_thin,template_boilerplate,local_doorway_variant,city_variant_similar,keyword_cannibalization,no_h1_in_body",محتوى هزيل جداً (213 كلمة) ؛ نفس الهيكل العناوين في 868 صفحة (hash a6b89d30b159) ؛ صفحة مدينة×خدمة من مولّد الشبكة — تغطية محلية لكن خطر doorway/تكرار ؛ نفس جذع الخدمة `apartment-painting` على 9 URL ؛ لا H1 داخل جسم المقال (قد يعتمد على عنوان القالب)
شركة دهان شقق في الشحانية,https://www.rukn-eltatawer.com/qa/apartment-painting-al-shahaniya/,222,"critical_thin,template_boilerplate,local_doorway_variant,city_variant_similar,keyword_cannibalization,no_h1_in_body",محتوى هزيل جداً (222 كلمة) ؛ نفس الهيكل العناوين في 905 صفحة (hash cb24e6f8b3f9) ؛ صفحة مدينة×خدمة من مولّد الشبكة — تغطية محلية لكن خطر doorway/تكرار ؛ نفس جذع الخدمة `apartment-painting` على 9 URL ؛ لا H1 داخل جسم المقال (قد يعتمد على عنوان القالب)
شركة دهان فلل في الشمال,https://www.rukn-eltatawer.com/qa/villa-painting-al-shamal/,201,"critical_thin,template_boilerplate,local_doorway_variant,city_variant_similar,keyword_cannibalization,no_h1_in_body",محتوى هزيل جداً (201 كلمة) ؛ نفس الهيكل العناوين في 868 صفحة (hash a6b89d30b159) ؛ صفحة مدينة×خدمة من مولّد الشبكة — تغطية محلية لكن خطر doorway/تكرار ؛ نفس جذع الخدمة `villa-painting` على 9 URL ؛ لا H1 داخل جسم المقال (قد يعتمد على عنوان القالب)
شركة دهان فلل في الشحانية,https://www.rukn-eltatawer.com/qa/villa-painting-al-shahaniya/,204,"critical_thin,template_boilerplate,local_doorway_variant,keyword_cannibalization,no_h1_in_body",محتوى هزيل جداً (204 كلمة) ؛ نفس الهيكل العناوين في 868 صفحة (hash a6b89d30b159) ؛ صفحة مدينة×خدمة من مولّد الشبكة — تغطية محلية لكن خطر doorway/تكرار ؛ نفس جذع الخدمة `villa-painting` على 9 URL ؛ لا H1 داخل جسم المقال (قد يعتمد على عنوان القالب)
شركة دهان واجهات خارجية في الشمال,https://www.rukn-eltatawer.com/qa/exterior-facade-painting-al-shamal/,202,"critical_thin,template_boilerplate,local_doorway_variant,city_variant_similar,keyword_cannibalization,no_h1_in_body",محتوى هزيل جداً (202 كلمة) ؛ نفس الهيكل العناوين في 868 صفحة (hash a6b89d30b159) ؛ صفحة مدينة×خدمة من مولّد الشبكة — تغطية محلية لكن خطر doorway/تكرار ؛ نفس جذع الخدمة `exterior-facade-painting` على 9 URL ؛ لا H1 داخل جسم المقال (قد يعتمد على عنوان القالب)
شركة دهان واجهات خارجية في الشحانية,https://www.rukn-eltatawer.com/qa/exterior-facade-painting-al-shahaniya/,210,"critical_thin,template_boilerplate,local_doorway_variant,city_variant_similar,keyword_cannibalization,no_h1_in_body",محتوى هزيل جداً (210 كلمة) ؛ نفس الهيكل العناوين في 868 صفحة (hash a6b89d30b159) ؛ صفحة مدينة×خدمة من مولّد الشبكة — تغطية محلية لكن خطر doorway/تكرار ؛ نفس جذع الخدمة `exterior-facade-painting` على 9 URL ؛ لا H1 داخل جسم المقال (قد يعتمد على عنوان القالب)
شركة تركيب ورق حائط في الشمال,https://www.rukn-eltatawer.com/qa/wallpaper-installation-al-shamal/,219,"critical_thin,template_boilerplate,local_doorway_variant,city_variant_similar,keyword_cannibalization,no_h1_in_body",محتوى هزيل جداً (219 كلمة) ؛ نفس الهيكل العناوين في 905 صفحة (hash cb24e6f8b3f9) ؛ صفحة مدينة×خدمة من مولّد الشبكة — تغطية محلية لكن خطر doorway/تكرار ؛ نفس جذع الخدمة `wallpaper-installation` على 9 URL ؛ لا H1 داخل جسم المقال (قد يعتمد على عنوان القالب)
شركة تركيب ورق حائط في الشحانية,https://www.rukn-eltatawer.com/qa/wallpaper-installation-al-shahaniya/,220,"critical_thin,template_boilerplate,local_doorway_variant,city_variant_similar,keyword_cannibalization,no_h1_in_body",محتوى هزيل جداً (220 كلمة) ؛ نفس الهيكل العناوين في 905 صفحة (hash cb24e6f8b3f9) ؛ صفحة مدينة×خدمة من مولّد الشبكة — تغطية محلية لكن خطر doorway/تكرار ؛ نفس جذع الخدمة `wallpaper-installation` على 9 URL ؛ لا H1 داخل جسم المقال (قد يعتمد على عنوان القالب)
شركة ديكورات جبس بورد في الشمال,https://www.rukn-eltatawer.com/qa/gypsum-board-decor-al-shamal/,207,"critical_thin,template_boilerplate,local_doorway_variant,city_variant_similar,keyword_cannibalization,no_h1_in_body",محتوى هزيل جداً (207 كلمة) ؛ نفس الهيكل العناوين في 905 صفحة (hash cb24e6f8b3f9) ؛ صفحة مدينة×خدمة من مولّد الشبكة — تغطية محلية لكن خطر doorway/تكرار ؛ نفس جذع الخدمة `gypsum-board-decor` على 9 URL ؛ لا H1 داخل جسم المقال (قد يعتمد على عنوان القالب)
شركة ديكورات جبس بورد في الشحانية,https://www.rukn-eltatawer.com/qa/gypsum-board-decor-al-shahaniya/,210,"critical_thin,template_boilerplate,local_doorway_variant,city_variant_similar,keyword_cannibalization,no_h1_in_body",محتوى هزيل جداً (210 كلمة) ؛ نفس الهيكل العناوين في 868 صفحة (hash a6b89d30b159) ؛ صفحة مدينة×خدمة من مولّد الشبكة — تغطية محلية لكن خطر doorway/تكرار ؛ نفس جذع الخدمة `gypsum-board-decor` على 9 URL ؛ لا H1 داخل جسم المقال (قد يعتمد على عنوان القالب)
شركة دهان بويات عالية الجودة في الشمال,https://www.rukn-eltatawer.com/qa/premium-paint-finishing-al-shamal/,203,"critical_thin,template_boilerplate,local_doorway_variant,keyword_cannibalization,no_h1_in_body",محتوى هزيل جداً (203 كلمة) ؛ نفس الهيكل العناوين في 868 صفحة (hash a6b89d30b159) ؛ صفحة مدينة×خدمة من مولّد الشبكة — تغطية محلية لكن خطر doorway/تكرار ؛ نفس جذع الخدمة `premium-paint-finishing` على 9 URL ؛ لا H1 داخل جسم المقال (قد يعتمد على عنوان القالب)
شركة دهان بويات عالية الجودة في الشحانية,https://www.rukn-eltatawer.com/qa/premium-paint-finishing-al-shahaniya/,211,"critical_thin,template_boilerplate,local_doorway_variant,city_variant_similar,keyword_cannibalization,no_h1_in_body",محتوى هزيل جداً (211 كلمة) ؛ نفس الهيكل العناوين في 868 صفحة (hash a6b89d30b159) ؛ صفحة مدينة×خدمة من مولّد الشبكة — تغطية محلية لكن خطر doorway/تكرار ؛ نفس جذع الخدمة `premium-paint-finishing` على 9 URL ؛ لا H1 داخل جسم المقال (قد يعتمد على عنوان القالب)
شركة تشطيب ودهان فلل جديدة في الشمال,https://www.rukn-eltatawer.com/qa/new-villa-finishing-painting-al-shamal/,218,"critical_thin,template_boilerplate,local_doorway_variant,city_variant_similar,keyword_cannibalization,no_h1_in_body",محتوى هزيل جداً (218 كلمة) ؛ نفس الهيكل العناوين في 868 صفحة (hash a6b89d30b159) ؛ صفحة مدينة×خدمة من مولّد الشبكة — تغطية محلية لكن خطر doorway/تكرار ؛ نفس جذع الخدمة `new-villa-finishing-painting` على 9 URL ؛ لا H1 داخل جسم المقال (قد يعتمد على عنوان القالب)
شركة تشطيب ودهان فلل جديدة في الشحانية,https://www.rukn-eltatawer.com/qa/new-villa-finishing-painting-al-shahaniya/,224,"critical_thin,template_boilerplate,local_doorway_variant,city_variant_similar,keyword_cannibalization,no_h1_in_body",محتوى هزيل جداً (224 كلمة) ؛ نفس الهيكل العناوين في 905 صفحة (hash cb24e6f8b3f9) ؛ صفحة مدينة×خدمة من مولّد الشبكة — تغطية محلية لكن خطر doorway/تكرار ؛ نفس جذع الخدمة `new-villa-finishing-painting` على 9 URL ؛ لا H1 داخل جسم المقال (قد يعتمد على عنوان القالب)
شركة دهان مكاتب وشركات في الشمال,https://www.rukn-eltatawer.com/qa/office-painting-al-shamal/,219,"critical_thin,template_boilerplate,local_doorway_variant,city_variant_similar,keyword_cannibalization,no_h1_in_body",محتوى هزيل جداً (219 كلمة) ؛ نفس الهيكل العناوين في 905 صفحة (hash cb24e6f8b3f9) ؛ صفحة مدينة×خدمة من مولّد الشبكة — تغطية محلية لكن خطر doorway/تكرار ؛ نفس جذع الخدمة `office-painting` على 9 URL ؛ لا H1 داخل جسم المقال (قد يعتمد على عنوان القالب)
شركة دهان مكاتب وشركات في الشحانية,https://www.rukn-eltatawer.com/qa/office-painting-al-shahaniya/,220,"critical_thin,template_boilerplate,local_doorway_variant,city_variant_similar,keyword_cannibalization,no_h1_in_body",محتوى هزيل جداً (220 كلمة) ؛ نفس الهيكل العناوين في 905 صفحة (hash cb24e6f8b3f9) ؛ صفحة مدينة×خدمة من مولّد الشبكة — تغطية محلية لكن خطر doorway/تكرار ؛ نفس جذع الخدمة `office-painting` على 9 URL ؛ لا H1 داخل جسم المقال (قد يعتمد على عنوان القالب)
شركة إزالة دهان قديم وتحضير أسطح في الشمال,https://www.rukn-eltatawer.com/qa/paint-removal-surface-prep-al-shamal/,219,"critical_thin,template_boilerplate,local_doorway_variant,city_variant_similar,keyword_cannibalization,no_h1_in_body",محتوى هزيل جداً (219 كلمة) ؛ نفس الهيكل العناوين في 868 صفحة (hash a6b89d30b159) ؛ صفحة مدينة×خدمة من مولّد الشبكة — تغطية محلية لكن خطر doorway/تكرار ؛ نفس جذع الخدمة `paint-removal-surface-prep` على 9 URL ؛ لا H1 داخل جسم المقال (قد يعتمد على عنوان القالب)
شركة إزالة دهان قديم وتحضير أسطح في الشحانية,https://www.rukn-eltatawer.com/qa/paint-removal-surface-prep-al-shahaniya/,217,"critical_thin,template_boilerplate,local_doorway_variant,city_variant_similar,keyword_cannibalization,no_h1_in_body",محتوى هزيل جداً (217 كلمة) ؛ نفس الهيكل العناوين في 905 صفحة (hash cb24e6f8b3f9) ؛ صفحة مدينة×خدمة من مولّد الشبكة — تغطية محلية لكن خطر doorway/تكرار ؛ نفس جذع الخدمة `paint-removal-surface-prep` على 9 URL ؛ لا H1 داخل جسم المقال (قد يعتمد على عنوان القالب)
شركة رش بويات كهربائي في الشمال,https://www.rukn-eltatawer.com/qa/electric-spray-painting-al-shamal/,230,"critical_thin,template_boilerplate,local_doorway_variant,city_variant_similar,keyword_cannibalization,no_h1_in_body",محتوى هزيل جداً (230 كلمة) ؛ نفس الهيكل العناوين في 905 صفحة (hash cb24e6f8b3f9) ؛ صفحة مدينة×خدمة من مولّد الشبكة — تغطية محلية لكن خطر doorway/تكرار ؛ نفس جذع الخدمة `electric-spray-painting` على 9 URL ؛ لا H1 داخل جسم المقال (قد يعتمد على عنوان القالب)
شركة رش بويات كهربائي في الشحانية,https://www.rukn-eltatawer.com/qa/electric-spray-painting-al-shahaniya/,213,"critical_thin,template_boilerplate,local_doorway_variant,city_variant_similar,keyword_cannibalization,no_h1_in_body",محتوى هزيل جداً (213 كلمة) ؛ نفس الهيكل العناوين في 868 صفحة (hash a6b89d30b159) ؛ صفحة مدينة×خدمة من مولّد الشبكة — تغطية محلية لكن خطر doorway/تكرار ؛ نفس جذع الخدمة `electric-spray-painting` على 9 URL ؛ لا H1 داخل جسم المقال (قد يعتمد على عنوان القالب)
شركة دهانات ديكورية وتأثيرات جدارية في الشمال,https://www.rukn-eltatawer.com/qa/decorative-wall-effects-al-shamal/,208,"critical_thin,template_boilerplate,local_doorway_variant,city_variant_similar,keyword_cannibalization,no_h1_in_body",محتوى هزيل جداً (208 كلمة) ؛ نفس الهيكل العناوين في 905 صفحة (hash cb24e6f8b3f9) ؛ صفحة مدينة×خدمة من مولّد الشبكة — تغطية محلية لكن خطر doorway/تكرار ؛ نفس جذع الخدمة `decorative-wall-effects` على 9 URL ؛ لا H1 داخل جسم المقال (قد يعتمد على عنوان القالب)
شركة دهانات ديكورية وتأثيرات جدارية في الشحانية,https://www.rukn-eltatawer.com/qa/decorative-wall-effects-al-shahaniya/,224,"critical_thin,template_boilerplate,local_doorway_variant,city_variant_similar,keyword_cannibalization,no_h1_in_body",محتوى هزيل جداً (224 كلمة) ؛ نفس الهيكل العناوين في 905 صفحة (hash cb24e6f8b3f9) ؛ صفحة مدينة×خدمة من مولّد الشبكة — تغطية محلية لكن خطر doorway/تكرار ؛ نفس جذع الخدمة `decorative-wall-effects` على 9 URL ؛ لا H1 داخل جسم المقال (قد يعتمد على عنوان القالب)
شركة دهان أبواب وشبابيك خشبية في الشمال,https://www.rukn-eltatawer.com/qa/wood-doors-windows-painting-al-shamal/,220,"critical_thin,template_boilerplate,local_doorway_variant,city_variant_similar,keyword_cannibalization,no_h1_in_body",محتوى هزيل جداً (220 كلمة) ؛ نفس الهيكل العناوين في 905 صفحة (hash cb24e6f8b3f9) ؛ صفحة مدينة×خدمة من مولّد الشبكة — تغطية محلية لكن خطر doorway/تكرار ؛ نفس جذع الخدمة `wood-doors-windows-painting` على 9 URL ؛ لا H1 داخل جسم المقال (قد يعتمد على عنوان القالب)
شركة دهان أبواب وشبابيك خشبية في الشحانية,https://www.rukn-eltatawer.com/qa/wood-doors-windows-painting-al-shahaniya/,214,"critical_thin,template_boilerplate,local_doorway_variant,city_variant_similar,keyword_cannibalization,no_h1_in_body",محتوى هزيل جداً (214 كلمة) ؛ نفس الهيكل العناوين في 868 صفحة (hash a6b89d30b159) ؛ صفحة مدينة×خدمة من مولّد الشبكة — تغطية محلية لكن خطر doorway/تكرار ؛ نفس جذع الخدمة `wood-doors-windows-painting` على 9 URL ؛ لا H1 داخل جسم المقال (قد يعتمد على عنوان القالب)
شركة كهربائي منازل في الشمال,https://www.rukn-eltatawer.com/qa/home-electrician-elec-al-shamal/,214,"critical_thin,template_boilerplate,local_doorway_variant,city_variant_similar,keyword_cannibalization,no_h1_in_body",محتوى هزيل جداً (214 كلمة) ؛ نفس الهيكل العناوين في 905 صفحة (hash cb24e6f8b3f9) ؛ صفحة مدينة×خدمة من مولّد الشبكة — تغطية محلية لكن خطر doorway/تكرار ؛ نفس جذع الخدمة `home-electrician-elec` على 9 URL ؛ لا H1 داخل جسم المقال (قد يعتمد على عنوان القالب)
شركة كهربائي منازل في الشحانية,https://www.rukn-eltatawer.com/qa/home-electrician-elec-al-shahaniya/,222,"critical_thin,template_boilerplate,local_doorway_variant,city_variant_similar,keyword_cannibalization,no_h1_in_body",محتوى هزيل جداً (222 كلمة) ؛ نفس الهيكل العناوين في 905 صفحة (hash cb24e6f8b3f9) ؛ صفحة مدينة×خدمة من مولّد الشبكة — تغطية محلية لكن خطر doorway/تكرار ؛ نفس جذع الخدمة `home-electrician-elec` على 9 URL ؛ لا H1 داخل جسم المقال (قد يعتمد على عنوان القالب)
شركة تمديدات كهربائية جديدة في الشمال,https://www.rukn-eltatawer.com/qa/new-electrical-wiring-al-shamal/,215,"critical_thin,template_boilerplate,local_doorway_variant,city_variant_similar,keyword_cannibalization,no_h1_in_body",محتوى هزيل جداً (215 كلمة) ؛ نفس الهيكل العناوين في 905 صفحة (hash cb24e6f8b3f9) ؛ صفحة مدينة×خدمة من مولّد الشبكة — تغطية محلية لكن خطر doorway/تكرار ؛ نفس جذع الخدمة `new-electrical-wiring` على 9 URL ؛ لا H1 داخل جسم المقال (قد يعتمد على عنوان القالب)
شركة تمديدات كهربائية جديدة في الشحانية,https://www.rukn-eltatawer.com/qa/new-electrical-wiring-al-shahaniya/,213,"critical_thin,template_boilerplate,local_doorway_variant,city_variant_similar,keyword_cannibalization,no_h1_in_body",محتوى هزيل جداً (213 كلمة) ؛ نفس الهيكل العناوين في 868 صفحة (hash a6b89d30b159) ؛ صفحة مدينة×خدمة من مولّد الشبكة — تغطية محلية لكن خطر doorway/تكرار ؛ نفس جذع الخدمة `new-electrical-wiring` على 9 URL ؛ لا H1 داخل جسم المقال (قد يعتمد على عنوان القالب)
شركة كشف أعطال كهرباء في الشمال,https://www.rukn-eltatawer.com/qa/electrical-fault-detection-al-shamal/,215,"critical_thin,template_boilerplate,local_doorway_variant,keyword_cannibalization,no_h1_in_body",محتوى هزيل جداً (215 كلمة) ؛ نفس الهيكل العناوين في 905 صفحة (hash cb24e6f8b3f9) ؛ صفحة مدينة×خدمة من مولّد الشبكة — تغطية محلية لكن خطر doorway/تكرار ؛ نفس جذع الخدمة `electrical-fault-detection` على 9 URL ؛ لا H1 داخل جسم المقال (قد يعتمد على عنوان القالب)
شركة كشف أعطال كهرباء في الشحانية,https://www.rukn-eltatawer.com/qa/electrical-fault-detection-al-shahaniya/,221,"critical_thin,template_boilerplate,local_doorway_variant,city_variant_similar,keyword_cannibalization,no_h1_in_body",محتوى هزيل جداً (221 كلمة) ؛ نفس الهيكل العناوين في 868 صفحة (hash a6b89d30b159) ؛ صفحة مدينة×خدمة من مولّد الشبكة — تغطية محلية لكن خطر doorway/تكرار ؛ نفس جذع الخدمة `electrical-fault-detection` على 9 URL ؛ لا H1 داخل جسم المقال (قد يعتمد على عنوان القالب)
شركة تركيب إنارة داخلية وخارجية في الشمال,https://www.rukn-eltatawer.com/qa/indoor-outdoor-lighting-installation-al-shamal/,216,"critical_thin,template_boilerplate,local_doorway_variant,city_variant_similar,keyword_cannibalization,no_h1_in_body",محتوى هزيل جداً (216 كلمة) ؛ نفس الهيكل العناوين في 905 صفحة (hash cb24e6f8b3f9) ؛ صفحة مدينة×خدمة من مولّد الشبكة — تغطية محلية لكن خطر doorway/تكرار ؛ نفس جذع الخدمة `indoor-outdoor-lighting-installation` على 9 URL ؛ لا H1 داخل جسم المقال (قد يعتمد على عنوان القالب)
شركة تركيب إنارة داخلية وخارجية في الشحانية,https://www.rukn-eltatawer.com/qa/indoor-outdoor-lighting-installation-al-shahaniya/,214,"critical_thin,template_boilerplate,local_doorway_variant,city_variant_similar,keyword_cannibalization,no_h1_in_body",محتوى هزيل جداً (214 كلمة) ؛ نفس الهيكل العناوين في 868 صفحة (hash a6b89d30b159) ؛ صفحة مدينة×خدمة من مولّد الشبكة — تغطية محلية لكن خطر doorway/تكرار ؛ نفس جذع الخدمة `indoor-outdoor-lighting-installation` على 9 URL ؛ لا H1 داخل جسم المقال (قد يعتمد على عنوان القالب)
شركة تركيب سخانات مياه في الشمال,https://www.rukn-eltatawer.com/qa/water-heater-installation-al-shamal/,225,"critical_thin,template_boilerplate,local_doorway_variant,city_variant_similar,keyword_cannibalization,no_h1_in_body",محتوى هزيل جداً (225 كلمة) ؛ نفس الهيكل العناوين في 905 صفحة (hash cb24e6f8b3f9) ؛ صفحة مدينة×خدمة من مولّد الشبكة — تغطية محلية لكن خطر doorway/تكرار ؛ نفس جذع الخدمة `water-heater-installation` على 9 URL ؛ لا H1 داخل جسم المقال (قد يعتمد على عنوان القالب)
شركة تركيب سخانات مياه في الشحانية,https://www.rukn-eltatawer.com/qa/water-heater-installation-al-shahaniya/,211,"critical_thin,template_boilerplate,local_doorway_variant,city_variant_similar,keyword_cannibalization,no_h1_in_body",محتوى هزيل جداً (211 كلمة) ؛ نفس الهيكل العناوين في 868 صفحة (hash a6b89d30b159) ؛ صفحة مدينة×خدمة من مولّد الشبكة — تغطية محلية لكن خطر doorway/تكرار ؛ نفس جذع الخدمة `water-heater-installation` على 9 URL ؛ لا H1 داخل جسم المقال (قد يعتمد على عنوان القالب)
شركة تركيب أدوات صحية في الشمال,https://www.rukn-eltatawer.com/qa/sanitary-fixtures-installation-al-shamal/,213,"critical_thin,template_boilerplate,local_doorway_variant,city_variant_similar,keyword_cannibalization,no_h1_in_body",محتوى هزيل جداً (213 كلمة) ؛ نفس الهيكل العناوين في 905 صفحة (hash cb24e6f8b3f9) ؛ صفحة مدينة×خدمة من مولّد الشبكة — تغطية محلية لكن خطر doorway/تكرار ؛ نفس جذع الخدمة `sanitary-fixtures-installation` على 9 URL ؛ لا H1 داخل جسم المقال (قد يعتمد على عنوان القالب)
شركة تركيب أدوات صحية في الشحانية,https://www.rukn-eltatawer.com/qa/sanitary-fixtures-installation-al-shahaniya/,219,"critical_thin,template_boilerplate,local_doorway_variant,city_variant_similar,keyword_cannibalization,no_h1_in_body",محتوى هزيل جداً (219 كلمة) ؛ نفس الهيكل العناوين في 868 صفحة (hash a6b89d30b159) ؛ صفحة مدينة×خدمة من مولّد الشبكة — تغطية محلية لكن خطر doorway/تكرار ؛ نفس جذع الخدمة `sanitary-fixtures-installation` على 9 URL ؛ لا H1 داخل جسم المقال (قد يعتمد على عنوان القالب)
شركة كهربائي طوارئ 24 ساعة في الشمال,https://www.rukn-eltatawer.com/qa/24h-emergency-electrician-al-shamal/,231,"critical_thin,template_boilerplate,local_doorway_variant,city_variant_similar,keyword_cannibalization,no_h1_in_body",محتوى هزيل جداً (231 كلمة) ؛ نفس الهيكل العناوين في 905 صفحة (hash cb24e6f8b3f9) ؛ صفحة مدينة×خدمة من مولّد الشبكة — تغطية محلية لكن خطر doorway/تكرار ؛ نفس جذع الخدمة `24h-emergency-electrician` على 9 URL ؛ لا H1 داخل جسم المقال (قد يعتمد على عنوان القالب)
شركة كهربائي طوارئ 24 ساعة في الشحانية,https://www.rukn-eltatawer.com/qa/24h-emergency-electrician-al-shahaniya/,214,"critical_thin,template_boilerplate,local_doorway_variant,city_variant_similar,keyword_cannibalization,no_h1_in_body",محتوى هزيل جداً (214 كلمة) ؛ نفس الهيكل العناوين في 868 صفحة (hash a6b89d30b159) ؛ صفحة مدينة×خدمة من مولّد الشبكة — تغطية محلية لكن خطر doorway/تكرار ؛ نفس جذع الخدمة `24h-emergency-electrician` على 9 URL ؛ لا H1 داخل جسم المقال (قد يعتمد على عنوان القالب)
شركة كشف أعطال تبريد في الشمال,https://www.rukn-eltatawer.com/qa/cooling-fault-detection-al-shamal/,229,"critical_thin,template_boilerplate,local_doorway_variant,city_variant_similar,keyword_cannibalization,no_h1_in_body",محتوى هزيل جداً (229 كلمة) ؛ نفس الهيكل العناوين في 905 صفحة (hash cb24e6f8b3f9) ؛ صفحة مدينة×خدمة من مولّد الشبكة — تغطية محلية لكن خطر doorway/تكرار ؛ نفس جذع الخدمة `cooling-fault-detection` على 9 URL ؛ لا H1 داخل جسم المقال (قد يعتمد على عنوان القالب)
شركة كشف أعطال تبريد في الشحانية,https://www.rukn-eltatawer.com/qa/cooling-fault-detection-al-shahaniya/,223,"critical_thin,template_boilerplate,local_doorway_variant,city_variant_similar,keyword_cannibalization,no_h1_in_body",محتوى هزيل جداً (223 كلمة) ؛ نفس الهيكل العناوين في 868 صفحة (hash a6b89d30b159) ؛ صفحة مدينة×خدمة من مولّد الشبكة — تغطية محلية لكن خطر doorway/تكرار ؛ نفس جذع الخدمة `cooling-fault-detection` على 9 URL ؛ لا H1 داخل جسم المقال (قد يعتمد على عنوان القالب)
شركة معالجة الرطوبة والعفن في الظعاين,https://www.rukn-eltatawer.com/qa/humidity-treatment-al-daayen/,250,"critical_thin,template_boilerplate,local_doorway_variant,city_variant_similar,keyword_cannibalization,no_h1_in_body",محتوى هزيل جداً (250 كلمة) ؛ نفس الهيكل العناوين في 905 صفحة (hash cb24e6f8b3f9) ؛ صفحة مدينة×خدمة من مولّد الشبكة — تغطية محلية لكن خطر doorway/تكرار ؛ نفس جذع الخدمة `humidity-treatment` على 9 URL ؛ لا H1 داخل جسم المقال (قد يعتمد على عنوان القالب)
شركة ترميم حمامات في الظعاين,https://www.rukn-eltatawer.com/qa/bathroom-renovation-al-daayen/,225,"critical_thin,template_boilerplate,local_doorway_variant,keyword_cannibalization,no_h1_in_body",محتوى هزيل جداً (225 كلمة) ؛ نفس الهيكل العناوين في 905 صفحة (hash cb24e6f8b3f9) ؛ صفحة مدينة×خدمة من مولّد الشبكة — تغطية محلية لكن خطر doorway/تكرار ؛ نفس جذع الخدمة `bathroom-renovation` على 9 URL ؛ لا H1 داخل جسم المقال (قد يعتمد على عنوان القالب)
شركة ترميم مطابخ في الظعاين,https://www.rukn-eltatawer.com/qa/kitchen-renovation-al-daayen/,225,"critical_thin,template_boilerplate,local_doorway_variant,keyword_cannibalization,no_h1_in_body",محتوى هزيل جداً (225 كلمة) ؛ نفس الهيكل العناوين في 905 صفحة (hash cb24e6f8b3f9) ؛ صفحة مدينة×خدمة من مولّد الشبكة — تغطية محلية لكن خطر doorway/تكرار ؛ نفس جذع الخدمة `kitchen-renovation` على 9 URL ؛ لا H1 داخل جسم المقال (قد يعتمد على عنوان القالب)
شركة ترميم منازل قديمة في الظعاين,https://www.rukn-eltatawer.com/qa/old-house-renovation-al-daayen/,218,"critical_thin,template_boilerplate,local_doorway_variant,city_variant_similar,keyword_cannibalization,no_h1_in_body",محتوى هزيل جداً (218 كلمة) ؛ نفس الهيكل العناوين في 868 صفحة (hash a6b89d30b159) ؛ صفحة مدينة×خدمة من مولّد الشبكة — تغطية محلية لكن خطر doorway/تكرار ؛ نفس جذع الخدمة `old-house-renovation` على 9 URL ؛ لا H1 داخل جسم المقال (قد يعتمد على عنوان القالب)
شركة فحص فلل ومباني قبل الشراء في الظعاين,https://www.rukn-eltatawer.com/qa/villa-inspection-al-daayen/,211,"critical_thin,template_boilerplate,local_doorway_variant,city_variant_similar,keyword_cannibalization,no_h1_in_body",محتوى هزيل جداً (211 كلمة) ؛ نفس الهيكل العناوين في 868 صفحة (hash a6b89d30b159) ؛ صفحة مدينة×خدمة من مولّد الشبكة — تغطية محلية لكن خطر doorway/تكرار ؛ نفس جذع الخدمة `villa-inspection` على 9 URL ؛ لا H1 داخل جسم المقال (قد يعتمد على عنوان القالب)
شركة إصلاح تشققات الأسقف والجدران في الظعاين,https://www.rukn-eltatawer.com/qa/crack-repair-al-daayen/,219,"critical_thin,template_boilerplate,local_doorway_variant,city_variant_similar,keyword_cannibalization,no_h1_in_body",محتوى هزيل جداً (219 كلمة) ؛ نفس الهيكل العناوين في 868 صفحة (hash a6b89d30b159) ؛ صفحة مدينة×خدمة من مولّد الشبكة — تغطية محلية لكن خطر doorway/تكرار ؛ نفس جذع الخدمة `crack-repair` على 9 URL ؛ لا H1 داخل جسم المقال (قد يعتمد على عنوان القالب)
شركة تركيب انترلوك في الظعاين,https://www.rukn-eltatawer.com/qa/interlock-al-daayen/,225,"critical_thin,template_boilerplate,local_doorway_variant,city_variant_similar,keyword_cannibalization,no_h1_in_body",محتوى هزيل جداً (225 كلمة) ؛ نفس الهيكل العناوين في 905 صفحة (hash cb24e6f8b3f9) ؛ صفحة مدينة×خدمة من مولّد الشبكة — تغطية محلية لكن خطر doorway/تكرار ؛ نفس جذع الخدمة `interlock` على 9 URL ؛ لا H1 داخل جسم المقال (قد يعتمد على عنوان القالب)
شركة تركيب كربستون في الظعاين,https://www.rukn-eltatawer.com/qa/kerbstone-al-daayen/,228,"critical_thin,template_boilerplate,local_doorway_variant,city_variant_similar,keyword_cannibalization,no_h1_in_body",محتوى هزيل جداً (228 كلمة) ؛ نفس الهيكل العناوين في 905 صفحة (hash cb24e6f8b3f9) ؛ صفحة مدينة×خدمة من مولّد الشبكة — تغطية محلية لكن خطر doorway/تكرار ؛ نفس جذع الخدمة `kerbstone` على 9 URL ؛ لا H1 داخل جسم المقال (قد يعتمد على عنوان القالب)
شركة تركيب طابوق في الظعاين,https://www.rukn-eltatawer.com/qa/brickwork-al-daayen/,208,"critical_thin,template_boilerplate,local_doorway_variant,city_variant_similar,keyword_cannibalization,no_h1_in_body",محتوى هزيل جداً (208 كلمة) ؛ نفس الهيكل العناوين في 868 صفحة (hash a6b89d30b159) ؛ صفحة مدينة×خدمة من مولّد الشبكة — تغطية محلية لكن خطر doorway/تكرار ؛ نفس جذع الخدمة `brickwork` على 9 URL ؛ لا H1 داخل جسم المقال (قد يعتمد على عنوان القالب)
شركة تركيب بلاستر في الظعاين,https://www.rukn-eltatawer.com/qa/plastering-al-daayen/,208,"critical_thin,template_boilerplate,local_doorway_variant,city_variant_similar,keyword_cannibalization,no_h1_in_body",محتوى هزيل جداً (208 كلمة) ؛ نفس الهيكل العناوين في 868 صفحة (hash a6b89d30b159) ؛ صفحة مدينة×خدمة من مولّد الشبكة — تغطية محلية لكن خطر doorway/تكرار ؛ نفس جذع الخدمة `plastering` على 9 URL ؛ لا H1 داخل جسم المقال (قد يعتمد على عنوان القالب)
شركة تركيب سيراميك وبورسلين في الظعاين,https://www.rukn-eltatawer.com/qa/ceramic-porcelain-al-daayen/,230,"critical_thin,template_boilerplate,local_doorway_variant,city_variant_similar,keyword_cannibalization,no_h1_in_body",محتوى هزيل جداً (230 كلمة) ؛ نفس الهيكل العناوين في 905 صفحة (hash cb24e6f8b3f9) ؛ صفحة مدينة×خدمة من مولّد الشبكة — تغطية محلية لكن خطر doorway/تكرار ؛ نفس جذع الخدمة `ceramic-porcelain` على 9 URL ؛ لا H1 داخل جسم المقال (قد يعتمد على عنوان القالب)
شركة تركيب باركيه وأرضيات خشب في الظعاين,https://www.rukn-eltatawer.com/qa/parquet-al-daayen/,220,"critical_thin,template_boilerplate,local_doorway_variant,city_variant_similar,keyword_cannibalization,no_h1_in_body",محتوى هزيل جداً (220 كلمة) ؛ نفس الهيكل العناوين في 905 صفحة (hash cb24e6f8b3f9) ؛ صفحة مدينة×خدمة من مولّد الشبكة — تغطية محلية لكن خطر doorway/تكرار ؛ نفس جذع الخدمة `parquet` على 9 URL ؛ لا H1 داخل جسم المقال (قد يعتمد على عنوان القالب)
شركة تركيب أرضيات فينيل في الظعاين,https://www.rukn-eltatawer.com/qa/vinyl-flooring-al-daayen/,227,"critical_thin,template_boilerplate,local_doorway_variant,keyword_cannibalization,no_h1_in_body",محتوى هزيل جداً (227 كلمة) ؛ نفس الهيكل العناوين في 905 صفحة (hash cb24e6f8b3f9) ؛ صفحة مدينة×خدمة من مولّد الشبكة — تغطية محلية لكن خطر doorway/تكرار ؛ نفس جذع الخدمة `vinyl-flooring` على 9 URL ؛ لا H1 داخل جسم المقال (قد يعتمد على عنوان القالب)
شركة تركيب حجر طبيعي وصناعي في الظعاين,https://www.rukn-eltatawer.com/qa/stone-al-daayen/,224,"critical_thin,template_boilerplate,local_doorway_variant,city_variant_similar,keyword_cannibalization,no_h1_in_body",محتوى هزيل جداً (224 كلمة) ؛ نفس الهيكل العناوين في 868 صفحة (hash a6b89d30b159) ؛ صفحة مدينة×خدمة من مولّد الشبكة — تغطية محلية لكن خطر doorway/تكرار ؛ نفس جذع الخدمة `stone` على 9 URL ؛ لا H1 داخل جسم المقال (قد يعتمد على عنوان القالب)
شركة تركيب رخام وجرانيت في الظعاين,https://www.rukn-eltatawer.com/qa/marble-granite-al-daayen/,210,"critical_thin,template_boilerplate,local_doorway_variant,city_variant_similar,keyword_cannibalization,no_h1_in_body",محتوى هزيل جداً (210 كلمة) ؛ نفس الهيكل العناوين في 868 صفحة (hash a6b89d30b159) ؛ صفحة مدينة×خدمة من مولّد الشبكة — تغطية محلية لكن خطر doorway/تكرار ؛ نفس جذع الخدمة `marble-granite` على 9 URL ؛ لا H1 داخل جسم المقال (قد يعتمد على عنوان القالب)
شركة تركيب فوم للجدران في الظعاين,https://www.rukn-eltatawer.com/qa/wall-foam-al-daayen/,219,"critical_thin,template_boilerplate,local_doorway_variant,keyword_cannibalization,no_h1_in_body",محتوى هزيل جداً (219 كلمة) ؛ نفس الهيكل العناوين في 868 صفحة (hash a6b89d30b159) ؛ صفحة مدينة×خدمة من مولّد الشبكة — تغطية محلية لكن خطر doorway/تكرار ؛ نفس جذع الخدمة `wall-foam` على 9 URL ؛ لا H1 داخل جسم المقال (قد يعتمد على عنوان القالب)
شركة تركيب جبس بورد في الظعاين,https://www.rukn-eltatawer.com/qa/gypsum-board-al-daayen/,209,"critical_thin,template_boilerplate,local_doorway_variant,city_variant_similar,keyword_cannibalization,no_h1_in_body",محتوى هزيل جداً (209 كلمة) ؛ نفس الهيكل العناوين في 905 صفحة (hash cb24e6f8b3f9) ؛ صفحة مدينة×خدمة من مولّد الشبكة — تغطية محلية لكن خطر doorway/تكرار ؛ نفس جذع الخدمة `gypsum-board` على 9 URL ؛ لا H1 داخل جسم المقال (قد يعتمد على عنوان القالب)
شركة تركيب أسقف جبسية / فورسيلنج في الظعاين,https://www.rukn-eltatawer.com/qa/false-ceiling-al-daayen/,221,"critical_thin,template_boilerplate,local_doorway_variant,keyword_cannibalization,no_h1_in_body",محتوى هزيل جداً (221 كلمة) ؛ نفس الهيكل العناوين في 868 صفحة (hash a6b89d30b159) ؛ صفحة مدينة×خدمة من مولّد الشبكة — تغطية محلية لكن خطر doorway/تكرار ؛ نفس جذع الخدمة `false-ceiling` على 9 URL ؛ لا H1 داخل جسم المقال (قد يعتمد على عنوان القالب)
شركة تركيب ورق جدران في الظعاين,https://www.rukn-eltatawer.com/qa/wallpaper-al-daayen/,218,"critical_thin,template_boilerplate,local_doorway_variant,city_variant_similar,keyword_cannibalization,no_h1_in_body",محتوى هزيل جداً (218 كلمة) ؛ نفس الهيكل العناوين في 905 صفحة (hash cb24e6f8b3f9) ؛ صفحة مدينة×خدمة من مولّد الشبكة — تغطية محلية لكن خطر doorway/تكرار ؛ نفس جذع الخدمة `wallpaper` على 9 URL ؛ لا H1 داخل جسم المقال (قد يعتمد على عنوان القالب)
شركة تركيب سجاد أرضيات في الظعاين,https://www.rukn-eltatawer.com/qa/floor-carpeting-al-daayen/,227,"critical_thin,template_boilerplate,local_doorway_variant,city_variant_similar,keyword_cannibalization,no_h1_in_body",محتوى هزيل جداً (227 كلمة) ؛ نفس الهيكل العناوين في 905 صفحة (hash cb24e6f8b3f9) ؛ صفحة مدينة×خدمة من مولّد الشبكة — تغطية محلية لكن خطر doorway/تكرار ؛ نفس جذع الخدمة `floor-carpeting` على 9 URL ؛ لا H1 داخل جسم المقال (قد يعتمد على عنوان القالب)
شركة تركيب أسقف مستعارة في الظعاين,https://www.rukn-eltatawer.com/qa/suspended-ceiling-al-daayen/,222,"critical_thin,template_boilerplate,local_doorway_variant,keyword_cannibalization,no_h1_in_body",محتوى هزيل جداً (222 كلمة) ؛ نفس الهيكل العناوين في 868 صفحة (hash a6b89d30b159) ؛ صفحة مدينة×خدمة من مولّد الشبكة — تغطية محلية لكن خطر doorway/تكرار ؛ نفس جذع الخدمة `suspended-ceiling` على 9 URL ؛ لا H1 داخل جسم المقال (قد يعتمد على عنوان القالب)
شركة تركيب فواصل زجاجية وألومنيوم في الظعاين,https://www.rukn-eltatawer.com/qa/glass-aluminium-partitions-al-daayen/,212,"critical_thin,template_boilerplate,local_doorway_variant,city_variant_similar,keyword_cannibalization,no_h1_in_body",محتوى هزيل جداً (212 كلمة) ؛ نفس الهيكل العناوين في 868 صفحة (hash a6b89d30b159) ؛ صفحة مدينة×خدمة من مولّد الشبكة — تغطية محلية لكن خطر doorway/تكرار ؛ نفس جذع الخدمة `glass-aluminium-partitions` على 9 URL ؛ لا H1 داخل جسم المقال (قد يعتمد على عنوان القالب)
شركة تركيب زجاج وألوميتال في الظعاين,https://www.rukn-eltatawer.com/qa/glass-alumetal-al-daayen/,218,"critical_thin,template_boilerplate,local_doorway_variant,city_variant_similar,keyword_cannibalization,no_h1_in_body",محتوى هزيل جداً (218 كلمة) ؛ نفس الهيكل العناوين في 905 صفحة (hash cb24e6f8b3f9) ؛ صفحة مدينة×خدمة من مولّد الشبكة — تغطية محلية لكن خطر doorway/تكرار ؛ نفس جذع الخدمة `glass-alumetal` على 9 URL ؛ لا H1 داخل جسم المقال (قد يعتمد على عنوان القالب)
شركة تركيب مطابخ في الظعاين,https://www.rukn-eltatawer.com/qa/kitchen-installation-al-daayen/,208,"critical_thin,template_boilerplate,local_doorway_variant,city_variant_similar,keyword_cannibalization,no_h1_in_body",محتوى هزيل جداً (208 كلمة) ؛ نفس الهيكل العناوين في 868 صفحة (hash a6b89d30b159) ؛ صفحة مدينة×خدمة من مولّد الشبكة — تغطية محلية لكن خطر doorway/تكرار ؛ نفس جذع الخدمة `kitchen-installation` على 9 URL ؛ لا H1 داخل جسم المقال (قد يعتمد على عنوان القالب)
شركة تركيب أبواب في الظعاين,https://www.rukn-eltatawer.com/qa/doors-installation-al-daayen/,220,"critical_thin,template_boilerplate,local_doorway_variant,city_variant_similar,keyword_cannibalization,no_h1_in_body",محتوى هزيل جداً (220 كلمة) ؛ نفس الهيكل العناوين في 868 صفحة (hash a6b89d30b159) ؛ صفحة مدينة×خدمة من مولّد الشبكة — تغطية محلية لكن خطر doorway/تكرار ؛ نفس جذع الخدمة `doors-installation` على 9 URL ؛ لا H1 داخل جسم المقال (قد يعتمد على عنوان القالب)
شركة تركيب شبابيك في الظعاين,https://www.rukn-eltatawer.com/qa/windows-installation-al-daayen/,225,"critical_thin,template_boilerplate,local_doorway_variant,city_variant_similar,keyword_cannibalization,no_h1_in_body",محتوى هزيل جداً (225 كلمة) ؛ نفس الهيكل العناوين في 905 صفحة (hash cb24e6f8b3f9) ؛ صفحة مدينة×خدمة من مولّد الشبكة — تغطية محلية لكن خطر doorway/تكرار ؛ نفس جذع الخدمة `windows-installation` على 9 URL ؛ لا H1 داخل جسم المقال (قد يعتمد على عنوان القالب)
شركة تركيب مظلات وسواتر في الظعاين,https://www.rukn-eltatawer.com/qa/shades-sails-al-daayen/,227,"critical_thin,template_boilerplate,local_doorway_variant,keyword_cannibalization,no_h1_in_body",محتوى هزيل جداً (227 كلمة) ؛ نفس الهيكل العناوين في 905 صفحة (hash cb24e6f8b3f9) ؛ صفحة مدينة×خدمة من مولّد الشبكة — تغطية محلية لكن خطر doorway/تكرار ؛ نفس جذع الخدمة `shades-sails` على 9 URL ؛ لا H1 داخل جسم المقال (قد يعتمد على عنوان القالب)
شركة تركيب عشب صناعي في الظعاين,https://www.rukn-eltatawer.com/qa/artificial-grass-al-daayen/,204,"critical_thin,template_boilerplate,local_doorway_variant,keyword_cannibalization,no_h1_in_body",محتوى هزيل جداً (204 كلمة) ؛ نفس الهيكل العناوين في 868 صفحة (hash a6b89d30b159) ؛ صفحة مدينة×خدمة من مولّد الشبكة — تغطية محلية لكن خطر doorway/تكرار ؛ نفس جذع الخدمة `artificial-grass` على 9 URL ؛ لا H1 داخل جسم المقال (قد يعتمد على عنوان القالب)
شركة تركيب عشب جداري في الظعاين,https://www.rukn-eltatawer.com/qa/grass-wall-al-daayen/,204,"critical_thin,template_boilerplate,local_doorway_variant,city_variant_similar,keyword_cannibalization,no_h1_in_body",محتوى هزيل جداً (204 كلمة) ؛ نفس الهيكل العناوين في 868 صفحة (hash a6b89d30b159) ؛ صفحة مدينة×خدمة من مولّد الشبكة — تغطية محلية لكن خطر doorway/تكرار ؛ نفس جذع الخدمة `grass-wall` على 9 URL ؛ لا H1 داخل جسم المقال (قد يعتمد على عنوان القالب)
شركة بناء ملاحق في الظعاين,https://www.rukn-eltatawer.com/qa/annex-building-al-daayen/,225,"critical_thin,template_boilerplate,local_doorway_variant,keyword_cannibalization,no_h1_in_body",محتوى هزيل جداً (225 كلمة) ؛ نفس الهيكل العناوين في 905 صفحة (hash cb24e6f8b3f9) ؛ صفحة مدينة×خدمة من مولّد الشبكة — تغطية محلية لكن خطر doorway/تكرار ؛ نفس جذع الخدمة `annex-building` على 9 URL ؛ لا H1 داخل جسم المقال (قد يعتمد على عنوان القالب)
شركة بناء استراحات في الظعاين,https://www.rukn-eltatawer.com/qa/majlis-building-al-daayen/,216,"critical_thin,template_boilerplate,local_doorway_variant,city_variant_similar,keyword_cannibalization,no_h1_in_body",محتوى هزيل جداً (216 كلمة) ؛ نفس الهيكل العناوين في 905 صفحة (hash cb24e6f8b3f9) ؛ صفحة مدينة×خدمة من مولّد الشبكة — تغطية محلية لكن خطر doorway/تكرار ؛ نفس جذع الخدمة `majlis-building` على 9 URL ؛ لا H1 داخل جسم المقال (قد يعتمد على عنوان القالب)
شركة بناء حمامات خارجية في الظعاين,https://www.rukn-eltatawer.com/qa/outdoor-bathrooms-al-daayen/,230,"critical_thin,template_boilerplate,local_doorway_variant,keyword_cannibalization,no_h1_in_body",محتوى هزيل جداً (230 كلمة) ؛ نفس الهيكل العناوين في 905 صفحة (hash cb24e6f8b3f9) ؛ صفحة مدينة×خدمة من مولّد الشبكة — تغطية محلية لكن خطر doorway/تكرار ؛ نفس جذع الخدمة `outdoor-bathrooms` على 9 URL ؛ لا H1 داخل جسم المقال (قد يعتمد على عنوان القالب)
شركة بناء مطابخ خارجية في الظعاين,https://www.rukn-eltatawer.com/qa/outdoor-kitchens-al-daayen/,219,"critical_thin,template_boilerplate,local_doorway_variant,keyword_cannibalization,no_h1_in_body",محتوى هزيل جداً (219 كلمة) ؛ نفس الهيكل العناوين في 868 صفحة (hash a6b89d30b159) ؛ صفحة مدينة×خدمة من مولّد الشبكة — تغطية محلية لكن خطر doorway/تكرار ؛ نفس جذع الخدمة `outdoor-kitchens` على 9 URL ؛ لا H1 داخل جسم المقال (قد يعتمد على عنوان القالب)
شركة بناء مجالس خارجية في الظعاين,https://www.rukn-eltatawer.com/qa/outdoor-majlis-al-daayen/,227,"critical_thin,template_boilerplate,local_doorway_variant,city_variant_similar,keyword_cannibalization,no_h1_in_body",محتوى هزيل جداً (227 كلمة) ؛ نفس الهيكل العناوين في 905 صفحة (hash cb24e6f8b3f9) ؛ صفحة مدينة×خدمة من مولّد الشبكة — تغطية محلية لكن خطر doorway/تكرار ؛ نفس جذع الخدمة `outdoor-majlis` على 9 URL ؛ لا H1 داخل جسم المقال (قد يعتمد على عنوان القالب)
شركة بناء أسوار طابوق في الظعاين,https://www.rukn-eltatawer.com/qa/block-fences-al-daayen/,219,"critical_thin,template_boilerplate,local_doorway_variant,keyword_cannibalization,no_h1_in_body",محتوى هزيل جداً (219 كلمة) ؛ نفس الهيكل العناوين في 868 صفحة (hash a6b89d30b159) ؛ صفحة مدينة×خدمة من مولّد الشبكة — تغطية محلية لكن خطر doorway/تكرار ؛ نفس جذع الخدمة `block-fences` على 9 URL ؛ لا H1 داخل جسم المقال (قد يعتمد على عنوان القالب)
شركة دهانات داخلية في الظعاين,https://www.rukn-eltatawer.com/qa/interior-painting-al-daayen/,212,"critical_thin,template_boilerplate,local_doorway_variant,keyword_cannibalization,no_h1_in_body",محتوى هزيل جداً (212 كلمة) ؛ نفس الهيكل العناوين في 868 صفحة (hash a6b89d30b159) ؛ صفحة مدينة×خدمة من مولّد الشبكة — تغطية محلية لكن خطر doorway/تكرار ؛ نفس جذع الخدمة `interior-painting` على 9 URL ؛ لا H1 داخل جسم المقال (قد يعتمد على عنوان القالب)
شركة دهانات خارجية في الظعاين,https://www.rukn-eltatawer.com/qa/exterior-painting-al-daayen/,200,"critical_thin,template_boilerplate,local_doorway_variant,city_variant_similar,keyword_cannibalization,no_h1_in_body",محتوى هزيل جداً (200 كلمة) ؛ نفس الهيكل العناوين في 868 صفحة (hash a6b89d30b159) ؛ صفحة مدينة×خدمة من مولّد الشبكة — تغطية محلية لكن خطر doorway/تكرار ؛ نفس جذع الخدمة `exterior-painting` على 9 URL ؛ لا H1 داخل جسم المقال (قد يعتمد على عنوان القالب)
شركة تصميم وتنفيذ ديكورات في الظعاين,https://www.rukn-eltatawer.com/qa/decor-design-al-daayen/,201,"critical_thin,template_boilerplate,local_doorway_variant,city_variant_similar,keyword_cannibalization,no_h1_in_body",محتوى هزيل جداً (201 كلمة) ؛ نفس الهيكل العناوين في 868 صفحة (hash a6b89d30b159) ؛ صفحة مدينة×خدمة من مولّد الشبكة — تغطية محلية لكن خطر doorway/تكرار ؛ نفس جذع الخدمة `decor-design` على 9 URL ؛ لا H1 داخل جسم المقال (قد يعتمد على عنوان القالب)
شركة تنسيق حدائق في الظعاين,https://www.rukn-eltatawer.com/qa/landscaping-al-daayen/,215,"critical_thin,template_boilerplate,local_doorway_variant,keyword_cannibalization,no_h1_in_body",محتوى هزيل جداً (215 كلمة) ؛ نفس الهيكل العناوين في 868 صفحة (hash a6b89d30b159) ؛ صفحة مدينة×خدمة من مولّد الشبكة — تغطية محلية لكن خطر doorway/تكرار ؛ نفس جذع الخدمة `landscaping` على 10 URL ؛ لا H1 داخل جسم المقال (قد يعتمد على عنوان القالب)
شركة تصميم حدائق داخلية في الظعاين,https://www.rukn-eltatawer.com/qa/indoor-garden-design-al-daayen/,204,"critical_thin,template_boilerplate,local_doorway_variant,city_variant_similar,keyword_cannibalization,no_h1_in_body",محتوى هزيل جداً (204 كلمة) ؛ نفس الهيكل العناوين في 868 صفحة (hash a6b89d30b159) ؛ صفحة مدينة×خدمة من مولّد الشبكة — تغطية محلية لكن خطر doorway/تكرار ؛ نفس جذع الخدمة `indoor-garden-design` على 9 URL ؛ لا H1 داخل جسم المقال (قد يعتمد على عنوان القالب)
شركة تصميم حدائق أسطح في الظعاين,https://www.rukn-eltatawer.com/qa/roof-garden-design-al-daayen/,213,"critical_thin,template_boilerplate,local_doorway_variant,keyword_cannibalization,no_h1_in_body",محتوى هزيل جداً (213 كلمة) ؛ نفس الهيكل العناوين في 868 صفحة (hash a6b89d30b159) ؛ صفحة مدينة×خدمة من مولّد الشبكة — تغطية محلية لكن خطر doorway/تكرار ؛ نفس جذع الخدمة `roof-garden-design` على 9 URL ؛ لا H1 داخل جسم المقال (قد يعتمد على عنوان القالب)
شركة قص عشب طبيعي في الظعاين,https://www.rukn-eltatawer.com/qa/natural-grass-cutting-al-daayen/,221,"critical_thin,template_boilerplate,local_doorway_variant,city_variant_similar,keyword_cannibalization,no_h1_in_body",محتوى هزيل جداً (221 كلمة) ؛ نفس الهيكل العناوين في 905 صفحة (hash cb24e6f8b3f9) ؛ صفحة مدينة×خدمة من مولّد الشبكة — تغطية محلية لكن خطر doorway/تكرار ؛ نفس جذع الخدمة `natural-grass-cutting` على 9 URL ؛ لا H1 داخل جسم المقال (قد يعتمد على عنوان القالب)
شركة زرع نخيل وأشجار في الظعاين,https://www.rukn-eltatawer.com/qa/palm-tree-planting-al-daayen/,216,"critical_thin,template_boilerplate,local_doorway_variant,keyword_cannibalization,no_h1_in_body",محتوى هزيل جداً (216 كلمة) ؛ نفس الهيكل العناوين في 868 صفحة (hash a6b89d30b159) ؛ صفحة مدينة×خدمة من مولّد الشبكة — تغطية محلية لكن خطر doorway/تكرار ؛ نفس جذع الخدمة `palm-tree-planting` على 9 URL ؛ لا H1 داخل جسم المقال (قد يعتمد على عنوان القالب)
شركة تركيب شبكات ري حديثة في الظعاين,https://www.rukn-eltatawer.com/qa/modern-irrigation-al-daayen/,205,"critical_thin,template_boilerplate,local_doorway_variant,city_variant_similar,keyword_cannibalization,no_h1_in_body",محتوى هزيل جداً (205 كلمة) ؛ نفس الهيكل العناوين في 868 صفحة (hash a6b89d30b159) ؛ صفحة مدينة×خدمة من مولّد الشبكة — تغطية محلية لكن خطر doorway/تكرار ؛ نفس جذع الخدمة `modern-irrigation` على 9 URL ؛ لا H1 داخل جسم المقال (قد يعتمد على عنوان القالب)
شركة تركيب شبكات ري أوتوماتيكية في الظعاين,https://www.rukn-eltatawer.com/qa/automatic-irrigation-al-daayen/,217,"critical_thin,template_boilerplate,local_doorway_variant,keyword_cannibalization,no_h1_in_body",محتوى هزيل جداً (217 كلمة) ؛ نفس الهيكل العناوين في 868 صفحة (hash a6b89d30b159) ؛ صفحة مدينة×خدمة من مولّد الشبكة — تغطية محلية لكن خطر doorway/تكرار ؛ نفس جذع الخدمة `automatic-irrigation` على 9 URL ؛ لا H1 داخل جسم المقال (قد يعتمد على عنوان القالب)
شركة تركيب عشب صناعي في الظعاين,https://www.rukn-eltatawer.com/qa/artificial-grass-grdn-al-daayen/,213,"critical_thin,template_boilerplate,local_doorway_variant,keyword_cannibalization,no_h1_in_body",محتوى هزيل جداً (213 كلمة) ؛ نفس الهيكل العناوين في 868 صفحة (hash a6b89d30b159) ؛ صفحة مدينة×خدمة من مولّد الشبكة — تغطية محلية لكن خطر doorway/تكرار ؛ نفس جذع الخدمة `artificial-grass-grdn` على 9 URL ؛ لا H1 داخل جسم المقال (قد يعتمد على عنوان القالب)
شركة تركيب عشب جداري في الظعاين,https://www.rukn-eltatawer.com/qa/wall-grass-al-daayen/,216,"critical_thin,template_boilerplate,local_doorway_variant,city_variant_similar,keyword_cannibalization,no_h1_in_body",محتوى هزيل جداً (216 كلمة) ؛ نفس الهيكل العناوين في 868 صفحة (hash a6b89d30b159) ؛ صفحة مدينة×خدمة من مولّد الشبكة — تغطية محلية لكن خطر doorway/تكرار ؛ نفس جذع الخدمة `wall-grass` على 9 URL ؛ لا H1 داخل جسم المقال (قد يعتمد على عنوان القالب)
شركة إنشاء جلسات حدائق في الظعاين,https://www.rukn-eltatawer.com/qa/garden-seating-al-daayen/,212,"critical_thin,template_boilerplate,local_doorway_variant,city_variant_similar,keyword_cannibalization,no_h1_in_body",محتوى هزيل جداً (212 كلمة) ؛ نفس الهيكل العناوين في 905 صفحة (hash cb24e6f8b3f9) ؛ صفحة مدينة×خدمة من مولّد الشبكة — تغطية محلية لكن خطر doorway/تكرار ؛ نفس جذع الخدمة `garden-seating` على 9 URL ؛ لا H1 داخل جسم المقال (قد يعتمد على عنوان القالب)
شركة تركيب برجولات في الظعاين,https://www.rukn-eltatawer.com/qa/pergola-installation-al-daayen/,211,"critical_thin,template_boilerplate,local_doorway_variant,city_variant_similar,keyword_cannibalization,no_h1_in_body",محتوى هزيل جداً (211 كلمة) ؛ نفس الهيكل العناوين في 905 صفحة (hash cb24e6f8b3f9) ؛ صفحة مدينة×خدمة من مولّد الشبكة — تغطية محلية لكن خطر doorway/تكرار ؛ نفس جذع الخدمة `pergola-installation` على 9 URL ؛ لا H1 داخل جسم المقال (قد يعتمد على عنوان القالب)
شركة تركيب عرائش خشبية في الظعاين,https://www.rukn-eltatawer.com/qa/wooden-arbor-installation-al-daayen/,212,"critical_thin,template_boilerplate,local_doorway_variant,city_variant_similar,keyword_cannibalization,no_h1_in_body",محتوى هزيل جداً (212 كلمة) ؛ نفس الهيكل العناوين في 905 صفحة (hash cb24e6f8b3f9) ؛ صفحة مدينة×خدمة من مولّد الشبكة — تغطية محلية لكن خطر doorway/تكرار ؛ نفس جذع الخدمة `wooden-arbor-installation` على 9 URL ؛ لا H1 داخل جسم المقال (قد يعتمد على عنوان القالب)
شركة إنشاء ممرات حجرية في الظعاين,https://www.rukn-eltatawer.com/qa/stone-pathway-al-daayen/,221,"critical_thin,template_boilerplate,local_doorway_variant,city_variant_similar,keyword_cannibalization,no_h1_in_body",محتوى هزيل جداً (221 كلمة) ؛ نفس الهيكل العناوين في 905 صفحة (hash cb24e6f8b3f9) ؛ صفحة مدينة×خدمة من مولّد الشبكة — تغطية محلية لكن خطر doorway/تكرار ؛ نفس جذع الخدمة `stone-pathway` على 9 URL ؛ لا H1 داخل جسم المقال (قد يعتمد على عنوان القالب)
شركة تركيب شلالات اصطناعية في الظعاين,https://www.rukn-eltatawer.com/qa/artificial-waterfall-al-daayen/,216,"critical_thin,template_boilerplate,local_doorway_variant,city_variant_similar,keyword_cannibalization,no_h1_in_body",محتوى هزيل جداً (216 كلمة) ؛ نفس الهيكل العناوين في 868 صفحة (hash a6b89d30b159) ؛ صفحة مدينة×خدمة من مولّد الشبكة — تغطية محلية لكن خطر doorway/تكرار ؛ نفس جذع الخدمة `artificial-waterfall` على 9 URL ؛ لا H1 داخل جسم المقال (قد يعتمد على عنوان القالب)
شركة تركيب نوافير جدارية في الظعاين,https://www.rukn-eltatawer.com/qa/wall-fountain-al-daayen/,224,"critical_thin,template_boilerplate,local_doorway_variant,keyword_cannibalization,no_h1_in_body",محتوى هزيل جداً (224 كلمة) ؛ نفس الهيكل العناوين في 905 صفحة (hash cb24e6f8b3f9) ؛ صفحة مدينة×خدمة من مولّد الشبكة — تغطية محلية لكن خطر doorway/تكرار ؛ نفس جذع الخدمة `wall-fountain` على 9 URL ؛ لا H1 داخل جسم المقال (قد يعتمد على عنوان القالب)
شركة نقل أثاث داخلي في الظعاين,https://www.rukn-eltatawer.com/qa/indoor-moving-al-daayen/,218,"critical_thin,template_boilerplate,local_doorway_variant,city_variant_similar,keyword_cannibalization,no_h1_in_body",محتوى هزيل جداً (218 كلمة) ؛ نفس الهيكل العناوين في 868 صفحة (hash a6b89d30b159) ؛ صفحة مدينة×خدمة من مولّد الشبكة — تغطية محلية لكن خطر doorway/تكرار ؛ نفس جذع الخدمة `indoor-moving` على 9 URL ؛ لا H1 داخل جسم المقال (قد يعتمد على عنوان القالب)
شركة نقل أثاث خارجي في الظعاين,https://www.rukn-eltatawer.com/qa/outdoor-moving-al-daayen/,218,"critical_thin,template_boilerplate,local_doorway_variant,city_variant_similar,keyword_cannibalization,no_h1_in_body",محتوى هزيل جداً (218 كلمة) ؛ نفس الهيكل العناوين في 868 صفحة (hash a6b89d30b159) ؛ صفحة مدينة×خدمة من مولّد الشبكة — تغطية محلية لكن خطر doorway/تكرار ؛ نفس جذع الخدمة `outdoor-moving` على 9 URL ؛ لا H1 داخل جسم المقال (قد يعتمد على عنوان القالب)
شركة نقل عفش مع التغليف في الظعاين,https://www.rukn-eltatawer.com/qa/furniture-moving-packaging-al-daayen/,216,"critical_thin,template_boilerplate,local_doorway_variant,keyword_cannibalization,no_h1_in_body",محتوى هزيل جداً (216 كلمة) ؛ نفس الهيكل العناوين في 868 صفحة (hash a6b89d30b159) ؛ صفحة مدينة×خدمة من مولّد الشبكة — تغطية محلية لكن خطر doorway/تكرار ؛ نفس جذع الخدمة `furniture-moving-packaging` على 9 URL ؛ لا H1 داخل جسم المقال (قد يعتمد على عنوان القالب)
شركة تغليف أثاث احترافي في الظعاين,https://www.rukn-eltatawer.com/qa/furniture-packaging-al-daayen/,226,"critical_thin,template_boilerplate,local_doorway_variant,city_variant_similar,keyword_cannibalization,no_h1_in_body",محتوى هزيل جداً (226 كلمة) ؛ نفس الهيكل العناوين في 905 صفحة (hash cb24e6f8b3f9) ؛ صفحة مدينة×خدمة من مولّد الشبكة — تغطية محلية لكن خطر doorway/تكرار ؛ نفس جذع الخدمة `furniture-packaging` على 9 URL ؛ لا H1 داخل جسم المقال (قد يعتمد على عنوان القالب)
شركة تركيب وفك الأثاث في الظعاين,https://www.rukn-eltatawer.com/qa/furniture-assembly-al-daayen/,214,"critical_thin,template_boilerplate,local_doorway_variant,keyword_cannibalization,no_h1_in_body",محتوى هزيل جداً (214 كلمة) ؛ نفس الهيكل العناوين في 905 صفحة (hash cb24e6f8b3f9) ؛ صفحة مدينة×خدمة من مولّد الشبكة — تغطية محلية لكن خطر doorway/تكرار ؛ نفس جذع الخدمة `furniture-assembly` على 9 URL ؛ لا H1 داخل جسم المقال (قد يعتمد على عنوان القالب)
شركة تخزين أثاث في الظعاين,https://www.rukn-eltatawer.com/qa/furniture-storage-al-daayen/,225,"critical_thin,template_boilerplate,local_doorway_variant,city_variant_similar,keyword_cannibalization,no_h1_in_body",محتوى هزيل جداً (225 كلمة) ؛ نفس الهيكل العناوين في 905 صفحة (hash cb24e6f8b3f9) ؛ صفحة مدينة×خدمة من مولّد الشبكة — تغطية محلية لكن خطر doorway/تكرار ؛ نفس جذع الخدمة `furniture-storage` على 9 URL ؛ لا H1 داخل جسم المقال (قد يعتمد على عنوان القالب)
شركة تركيب أنظمة طاقة شمسية في الظعاين,https://www.rukn-eltatawer.com/qa/solar-systems-installation-al-daayen/,220,"critical_thin,template_boilerplate,local_doorway_variant,keyword_cannibalization,no_h1_in_body",محتوى هزيل جداً (220 كلمة) ؛ نفس الهيكل العناوين في 868 صفحة (hash a6b89d30b159) ؛ صفحة مدينة×خدمة من مولّد الشبكة — تغطية محلية لكن خطر doorway/تكرار ؛ نفس جذع الخدمة `solar-systems-installation` على 9 URL ؛ لا H1 داخل جسم المقال (قد يعتمد على عنوان القالب)
شركة تركيب سخانات طاقة شمسية في الظعاين,https://www.rukn-eltatawer.com/qa/solar-water-heaters-al-daayen/,208,"critical_thin,template_boilerplate,local_doorway_variant,keyword_cannibalization,no_h1_in_body",محتوى هزيل جداً (208 كلمة) ؛ نفس الهيكل العناوين في 868 صفحة (hash a6b89d30b159) ؛ صفحة مدينة×خدمة من مولّد الشبكة — تغطية محلية لكن خطر doorway/تكرار ؛ نفس جذع الخدمة `solar-water-heaters` على 9 URL ؛ لا H1 داخل جسم المقال (قد يعتمد على عنوان القالب)
شركة مكافحة النمل الأسود والأحمر في الظعاين,https://www.rukn-eltatawer.com/qa/ant-control-al-daayen/,225,"critical_thin,template_boilerplate,local_doorway_variant,city_variant_similar,keyword_cannibalization,no_h1_in_body",محتوى هزيل جداً (225 كلمة) ؛ نفس الهيكل العناوين في 868 صفحة (hash a6b89d30b159) ؛ صفحة مدينة×خدمة من مولّد الشبكة — تغطية محلية لكن خطر doorway/تكرار ؛ نفس جذع الخدمة `ant-control` على 9 URL ؛ لا H1 داخل جسم المقال (قد يعتمد على عنوان القالب)
شركة مكافحة بق الفراش في الظعاين,https://www.rukn-eltatawer.com/qa/bed-bug-control-al-daayen/,224,"critical_thin,template_boilerplate,local_doorway_variant,near_duplicate,keyword_cannibalization,no_h1_in_body",محتوى هزيل جداً (224 كلمة) ؛ نفس الهيكل العناوين في 868 صفحة (hash a6b89d30b159) ؛ صفحة مدينة×خدمة من مولّد الشبكة — تغطية محلية لكن خطر doorway/تكرار ؛ تشابه SimHash مسافة 0 مع https://www.rukn-eltatawer.com/qa/flea-control-al-daayen/ ؛ نفس جذع الخدمة `bed-bug-control` على 10 URL ؛ لا H1 داخل جسم المقال (قد يعتمد على عنوان القالب)
شركة مكافحة الفئران والقوارض في الظعاين,https://www.rukn-eltatawer.com/qa/rodent-control-al-daayen/,220,"critical_thin,template_boilerplate,local_doorway_variant,city_variant_similar,keyword_cannibalization,no_h1_in_body",محتوى هزيل جداً (220 كلمة) ؛ نفس الهيكل العناوين في 905 صفحة (hash cb24e6f8b3f9) ؛ صفحة مدينة×خدمة من مولّد الشبكة — تغطية محلية لكن خطر doorway/تكرار ؛ نفس جذع الخدمة `rodent-control` على 9 URL ؛ لا H1 داخل جسم المقال (قد يعتمد على عنوان القالب)
شركة مكافحة الأفاعي في الظعاين,https://www.rukn-eltatawer.com/qa/snake-control-al-daayen/,231,"critical_thin,template_boilerplate,local_doorway_variant,city_variant_similar,keyword_cannibalization,no_h1_in_body",محتوى هزيل جداً (231 كلمة) ؛ نفس الهيكل العناوين في 905 صفحة (hash cb24e6f8b3f9) ؛ صفحة مدينة×خدمة من مولّد الشبكة — تغطية محلية لكن خطر doorway/تكرار ؛ نفس جذع الخدمة `snake-control` على 9 URL ؛ لا H1 داخل جسم المقال (قد يعتمد على عنوان القالب)
شركة مكافحة العقارب في الظعاين,https://www.rukn-eltatawer.com/qa/scorpion-control-al-daayen/,228,"critical_thin,template_boilerplate,local_doorway_variant,keyword_cannibalization,no_h1_in_body",محتوى هزيل جداً (228 كلمة) ؛ نفس الهيكل العناوين في 905 صفحة (hash cb24e6f8b3f9) ؛ صفحة مدينة×خدمة من مولّد الشبكة — تغطية محلية لكن خطر doorway/تكرار ؛ نفس جذع الخدمة `scorpion-control` على 9 URL ؛ لا H1 داخل جسم المقال (قد يعتمد على عنوان القالب)
شركة مكافحة البراغيث في الظعاين,https://www.rukn-eltatawer.com/qa/flea-control-al-daayen/,223,"critical_thin,template_boilerplate,local_doorway_variant,city_variant_similar,keyword_cannibalization,no_h1_in_body",محتوى هزيل جداً (223 كلمة) ؛ نفس الهيكل العناوين في 868 صفحة (hash a6b89d30b159) ؛ صفحة مدينة×خدمة من مولّد الشبكة — تغطية محلية لكن خطر doorway/تكرار ؛ نفس جذع الخدمة `flea-control` على 9 URL ؛ لا H1 داخل جسم المقال (قد يعتمد على عنوان القالب)
شركة مكافحة الوزغ (البرص) في الظعاين,https://www.rukn-eltatawer.com/qa/lizard-control-al-daayen/,212,"critical_thin,template_boilerplate,local_doorway_variant,keyword_cannibalization,no_h1_in_body",محتوى هزيل جداً (212 كلمة) ؛ نفس الهيكل العناوين في 868 صفحة (hash a6b89d30b159) ؛ صفحة مدينة×خدمة من مولّد الشبكة — تغطية محلية لكن خطر doorway/تكرار ؛ نفس جذع الخدمة `lizard-control` على 9 URL ؛ لا H1 داخل جسم المقال (قد يعتمد على عنوان القالب)
شركة مكافحة الطيور في الظعاين,https://www.rukn-eltatawer.com/qa/bird-control-al-daayen/,231,"critical_thin,template_boilerplate,local_doorway_variant,city_variant_similar,keyword_cannibalization,no_h1_in_body",محتوى هزيل جداً (231 كلمة) ؛ نفس الهيكل العناوين في 905 صفحة (hash cb24e6f8b3f9) ؛ صفحة مدينة×خدمة من مولّد الشبكة — تغطية محلية لكن خطر doorway/تكرار ؛ نفس جذع الخدمة `bird-control` على 9 URL ؛ لا H1 داخل جسم المقال (قد يعتمد على عنوان القالب)
شركة مكافحة البعوض والذباب في الظعاين,https://www.rukn-eltatawer.com/qa/mosquito-fly-control-al-daayen/,229,"critical_thin,template_boilerplate,local_doorway_variant,city_variant_similar,keyword_cannibalization,no_h1_in_body",محتوى هزيل جداً (229 كلمة) ؛ نفس الهيكل العناوين في 905 صفحة (hash cb24e6f8b3f9) ؛ صفحة مدينة×خدمة من مولّد الشبكة — تغطية محلية لكن خطر doorway/تكرار ؛ نفس جذع الخدمة `mosquito-fly-control` على 9 URL ؛ لا H1 داخل جسم المقال (قد يعتمد على عنوان القالب)
شركة تركيب شبك طارد للحمام في الظعاين,https://www.rukn-eltatawer.com/qa/pigeon-net-installation-al-daayen/,225,"critical_thin,template_boilerplate,local_doorway_variant,city_variant_similar,keyword_cannibalization,no_h1_in_body",محتوى هزيل جداً (225 كلمة) ؛ نفس الهيكل العناوين في 868 صفحة (hash a6b89d30b159) ؛ صفحة مدينة×خدمة من مولّد الشبكة — تغطية محلية لكن خطر doorway/تكرار ؛ نفس جذع الخدمة `pigeon-net-installation` على 9 URL ؛ لا H1 داخل جسم المقال (قد يعتمد على عنوان القالب)
شركة تركيب مسامير طاردة للحمام في الظعاين,https://www.rukn-eltatawer.com/qa/pigeon-spikes-installation-al-daayen/,213,"critical_thin,template_boilerplate,local_doorway_variant,city_variant_similar,keyword_cannibalization,no_h1_in_body",محتوى هزيل جداً (213 كلمة) ؛ نفس الهيكل العناوين في 868 صفحة (hash a6b89d30b159) ؛ صفحة مدينة×خدمة من مولّد الشبكة — تغطية محلية لكن خطر doorway/تكرار ؛ نفس جذع الخدمة `pigeon-spikes-installation` على 9 URL ؛ لا H1 داخل جسم المقال (قد يعتمد على عنوان القالب)
شركة تركيب أجهزة صوتية لطرد الطيور في الظعاين,https://www.rukn-eltatawer.com/qa/bird-sound-device-al-daayen/,231,"critical_thin,template_boilerplate,local_doorway_variant,city_variant_similar,keyword_cannibalization,no_h1_in_body",محتوى هزيل جداً (231 كلمة) ؛ نفس الهيكل العناوين في 905 صفحة (hash cb24e6f8b3f9) ؛ صفحة مدينة×خدمة من مولّد الشبكة — تغطية محلية لكن خطر doorway/تكرار ؛ نفس جذع الخدمة `bird-sound-device` على 9 URL ؛ لا H1 داخل جسم المقال (قد يعتمد على عنوان القالب)
شركة التعقيم بالبخار في الظعاين,https://www.rukn-eltatawer.com/qa/steam-disinfection-al-daayen/,228,"critical_thin,template_boilerplate,local_doorway_variant,city_variant_similar,keyword_cannibalization,no_h1_in_body",محتوى هزيل جداً (228 كلمة) ؛ نفس الهيكل العناوين في 905 صفحة (hash cb24e6f8b3f9) ؛ صفحة مدينة×خدمة من مولّد الشبكة — تغطية محلية لكن خطر doorway/تكرار ؛ نفس جذع الخدمة `steam-disinfection` على 9 URL ؛ لا H1 داخل جسم المقال (قد يعتمد على عنوان القالب)
شركة التعقيم بالكلور في الظعاين,https://www.rukn-eltatawer.com/qa/chlorine-disinfection-al-daayen/,219,"critical_thin,template_boilerplate,local_doorway_variant,city_variant_similar,keyword_cannibalization,no_h1_in_body",محتوى هزيل جداً (219 كلمة) ؛ نفس الهيكل العناوين في 905 صفحة (hash cb24e6f8b3f9) ؛ صفحة مدينة×خدمة من مولّد الشبكة — تغطية محلية لكن خطر doorway/تكرار ؛ نفس جذع الخدمة `chlorine-disinfection` على 9 URL ؛ لا H1 داخل جسم المقال (قد يعتمد على عنوان القالب)
شركة التعقيم بالأوزون في الظعاين,https://www.rukn-eltatawer.com/qa/ozone-disinfection-al-daayen/,211,"critical_thin,template_boilerplate,local_doorway_variant,city_variant_similar,keyword_cannibalization,no_h1_in_body",محتوى هزيل جداً (211 كلمة) ؛ نفس الهيكل العناوين في 868 صفحة (hash a6b89d30b159) ؛ صفحة مدينة×خدمة من مولّد الشبكة — تغطية محلية لكن خطر doorway/تكرار ؛ نفس جذع الخدمة `ozone-disinfection` على 9 URL ؛ لا H1 داخل جسم المقال (قد يعتمد على عنوان القالب)
كهربائي منازل في الظعاين,https://www.rukn-eltatawer.com/qa/home-electrician-al-daayen/,227,"critical_thin,template_boilerplate,local_doorway_variant,city_variant_similar,keyword_cannibalization,no_h1_in_body",محتوى هزيل جداً (227 كلمة) ؛ نفس الهيكل العناوين في 905 صفحة (hash cb24e6f8b3f9) ؛ صفحة مدينة×خدمة من مولّد الشبكة — تغطية محلية لكن خطر doorway/تكرار ؛ نفس جذع الخدمة `home-electrician` على 9 URL ؛ لا H1 داخل جسم المقال (قد يعتمد على عنوان القالب)
نجار أثاث في الظعاين,https://www.rukn-eltatawer.com/qa/carpenter-al-daayen/,218,"critical_thin,template_boilerplate,local_doorway_variant,keyword_cannibalization,no_h1_in_body",محتوى هزيل جداً (218 كلمة) ؛ نفس الهيكل العناوين في 868 صفحة (hash a6b89d30b159) ؛ صفحة مدينة×خدمة من مولّد الشبكة — تغطية محلية لكن خطر doorway/تكرار ؛ نفس جذع الخدمة `carpenter` على 9 URL ؛ لا H1 داخل جسم المقال (قد يعتمد على عنوان القالب)
حداد أبواب ونوافذ في الظعاين,https://www.rukn-eltatawer.com/qa/blacksmith-doors-windows-al-daayen/,217,"critical_thin,template_boilerplate,local_doorway_variant,keyword_cannibalization,no_h1_in_body",محتوى هزيل جداً (217 كلمة) ؛ نفس الهيكل العناوين في 868 صفحة (hash a6b89d30b159) ؛ صفحة مدينة×خدمة من مولّد الشبكة — تغطية محلية لكن خطر doorway/تكرار ؛ نفس جذع الخدمة `blacksmith-doors-windows` على 9 URL ؛ لا H1 داخل جسم المقال (قد يعتمد على عنوان القالب)
عامل دهانات في الظعاين,https://www.rukn-eltatawer.com/qa/painter-al-daayen/,208,"critical_thin,template_boilerplate,local_doorway_variant,keyword_cannibalization,no_h1_in_body",محتوى هزيل جداً (208 كلمة) ؛ نفس الهيكل العناوين في 868 صفحة (hash a6b89d30b159) ؛ صفحة مدينة×خدمة من مولّد الشبكة — تغطية محلية لكن خطر doorway/تكرار ؛ نفس جذع الخدمة `painter` على 9 URL ؛ لا H1 داخل جسم المقال (قد يعتمد على عنوان القالب)
فني جبس بورد في الظعاين,https://www.rukn-eltatawer.com/qa/gypsum-tech-al-daayen/,200,"critical_thin,template_boilerplate,local_doorway_variant,city_variant_similar,keyword_cannibalization,no_h1_in_body",محتوى هزيل جداً (200 كلمة) ؛ نفس الهيكل العناوين في 868 صفحة (hash a6b89d30b159) ؛ صفحة مدينة×خدمة من مولّد الشبكة — تغطية محلية لكن خطر doorway/تكرار ؛ نفس جذع الخدمة `gypsum-tech` على 9 URL ؛ لا H1 داخل جسم المقال (قد يعتمد على عنوان القالب)
فني تركيب دش في الظعاين,https://www.rukn-eltatawer.com/qa/sat-dish-tech-al-daayen/,217,"critical_thin,template_boilerplate,local_doorway_variant,keyword_cannibalization,no_h1_in_body",محتوى هزيل جداً (217 كلمة) ؛ نفس الهيكل العناوين في 868 صفحة (hash a6b89d30b159) ؛ صفحة مدينة×خدمة من مولّد الشبكة — تغطية محلية لكن خطر doorway/تكرار ؛ نفس جذع الخدمة `sat-dish-tech` على 9 URL ؛ لا H1 داخل جسم المقال (قد يعتمد على عنوان القالب)
فني تركيب أقمار صناعية في الظعاين,https://www.rukn-eltatawer.com/qa/satellite-tech-al-daayen/,226,"critical_thin,template_boilerplate,local_doorway_variant,city_variant_similar,keyword_cannibalization,no_h1_in_body",محتوى هزيل جداً (226 كلمة) ؛ نفس الهيكل العناوين في 905 صفحة (hash cb24e6f8b3f9) ؛ صفحة مدينة×خدمة من مولّد الشبكة — تغطية محلية لكن خطر doorway/تكرار ؛ نفس جذع الخدمة `satellite-tech` على 9 URL ؛ لا H1 داخل جسم المقال (قد يعتمد على عنوان القالب)
فني تركيب كاميرات مراقبة في الظعاين,https://www.rukn-eltatawer.com/qa/cctv-tech-al-daayen/,221,"critical_thin,template_boilerplate,local_doorway_variant,keyword_cannibalization,no_h1_in_body",محتوى هزيل جداً (221 كلمة) ؛ نفس الهيكل العناوين في 868 صفحة (hash a6b89d30b159) ؛ صفحة مدينة×خدمة من مولّد الشبكة — تغطية محلية لكن خطر doorway/تكرار ؛ نفس جذع الخدمة `cctv-tech` على 9 URL ؛ لا H1 داخل جسم المقال (قد يعتمد على عنوان القالب)
فني أنظمة صوت منزلية في الظعاين,https://www.rukn-eltatawer.com/qa/home-audio-tech-al-daayen/,229,"critical_thin,template_boilerplate,local_doorway_variant,city_variant_similar,keyword_cannibalization,no_h1_in_body",محتوى هزيل جداً (229 كلمة) ؛ نفس الهيكل العناوين في 905 صفحة (hash cb24e6f8b3f9) ؛ صفحة مدينة×خدمة من مولّد الشبكة — تغطية محلية لكن خطر doorway/تكرار ؛ نفس جذع الخدمة `home-audio-tech` على 9 URL ؛ لا H1 داخل جسم المقال (قد يعتمد على عنوان القالب)
شركة دهان شقق في الظعاين,https://www.rukn-eltatawer.com/qa/apartment-painting-al-daayen/,200,"critical_thin,template_boilerplate,local_doorway_variant,city_variant_similar,keyword_cannibalization,no_h1_in_body",محتوى هزيل جداً (200 كلمة) ؛ نفس الهيكل العناوين في 868 صفحة (hash a6b89d30b159) ؛ صفحة مدينة×خدمة من مولّد الشبكة — تغطية محلية لكن خطر doorway/تكرار ؛ نفس جذع الخدمة `apartment-painting` على 9 URL ؛ لا H1 داخل جسم المقال (قد يعتمد على عنوان القالب)
شركة دهان فلل في الظعاين,https://www.rukn-eltatawer.com/qa/villa-painting-al-daayen/,200,"critical_thin,template_boilerplate,local_doorway_variant,city_variant_similar,keyword_cannibalization,no_h1_in_body",محتوى هزيل جداً (200 كلمة) ؛ نفس الهيكل العناوين في 868 صفحة (hash a6b89d30b159) ؛ صفحة مدينة×خدمة من مولّد الشبكة — تغطية محلية لكن خطر doorway/تكرار ؛ نفس جذع الخدمة `villa-painting` على 9 URL ؛ لا H1 داخل جسم المقال (قد يعتمد على عنوان القالب)
شركة دهان واجهات خارجية في الظعاين,https://www.rukn-eltatawer.com/qa/exterior-facade-painting-al-daayen/,213,"critical_thin,template_boilerplate,local_doorway_variant,city_variant_similar,keyword_cannibalization,no_h1_in_body",محتوى هزيل جداً (213 كلمة) ؛ نفس الهيكل العناوين في 868 صفحة (hash a6b89d30b159) ؛ صفحة مدينة×خدمة من مولّد الشبكة — تغطية محلية لكن خطر doorway/تكرار ؛ نفس جذع الخدمة `exterior-facade-painting` على 9 URL ؛ لا H1 داخل جسم المقال (قد يعتمد على عنوان القالب)
شركة تركيب ورق حائط في الظعاين,https://www.rukn-eltatawer.com/qa/wallpaper-installation-al-daayen/,209,"critical_thin,template_boilerplate,local_doorway_variant,city_variant_similar,keyword_cannibalization,no_h1_in_body",محتوى هزيل جداً (209 كلمة) ؛ نفس الهيكل العناوين في 905 صفحة (hash cb24e6f8b3f9) ؛ صفحة مدينة×خدمة من مولّد الشبكة — تغطية محلية لكن خطر doorway/تكرار ؛ نفس جذع الخدمة `wallpaper-installation` على 9 URL ؛ لا H1 داخل جسم المقال (قد يعتمد على عنوان القالب)
شركة ديكورات جبس بورد في الظعاين,https://www.rukn-eltatawer.com/qa/gypsum-board-decor-al-daayen/,218,"critical_thin,template_boilerplate,local_doorway_variant,city_variant_similar,keyword_cannibalization,no_h1_in_body",محتوى هزيل جداً (218 كلمة) ؛ نفس الهيكل العناوين في 905 صفحة (hash cb24e6f8b3f9) ؛ صفحة مدينة×خدمة من مولّد الشبكة — تغطية محلية لكن خطر doorway/تكرار ؛ نفس جذع الخدمة `gypsum-board-decor` على 9 URL ؛ لا H1 داخل جسم المقال (قد يعتمد على عنوان القالب)
شركة دهان بويات عالية الجودة في الظعاين,https://www.rukn-eltatawer.com/qa/premium-paint-finishing-al-daayen/,202,"critical_thin,template_boilerplate,local_doorway_variant,keyword_cannibalization,no_h1_in_body",محتوى هزيل جداً (202 كلمة) ؛ نفس الهيكل العناوين في 868 صفحة (hash a6b89d30b159) ؛ صفحة مدينة×خدمة من مولّد الشبكة — تغطية محلية لكن خطر doorway/تكرار ؛ نفس جذع الخدمة `premium-paint-finishing` على 9 URL ؛ لا H1 داخل جسم المقال (قد يعتمد على عنوان القالب)
شركة تشطيب ودهان فلل جديدة في الظعاين,https://www.rukn-eltatawer.com/qa/new-villa-finishing-painting-al-daayen/,214,"critical_thin,template_boilerplate,local_doorway_variant,keyword_cannibalization,no_h1_in_body",محتوى هزيل جداً (214 كلمة) ؛ نفس الهيكل العناوين في 868 صفحة (hash a6b89d30b159) ؛ صفحة مدينة×خدمة من مولّد الشبكة — تغطية محلية لكن خطر doorway/تكرار ؛ نفس جذع الخدمة `new-villa-finishing-painting` على 9 URL ؛ لا H1 داخل جسم المقال (قد يعتمد على عنوان القالب)
شركة دهان مكاتب وشركات في الظعاين,https://www.rukn-eltatawer.com/qa/office-painting-al-daayen/,218,"critical_thin,template_boilerplate,local_doorway_variant,keyword_cannibalization,no_h1_in_body",محتوى هزيل جداً (218 كلمة) ؛ نفس الهيكل العناوين في 905 صفحة (hash cb24e6f8b3f9) ؛ صفحة مدينة×خدمة من مولّد الشبكة — تغطية محلية لكن خطر doorway/تكرار ؛ نفس جذع الخدمة `office-painting` على 9 URL ؛ لا H1 داخل جسم المقال (قد يعتمد على عنوان القالب)
شركة إزالة دهان قديم وتحضير أسطح في الظعاين,https://www.rukn-eltatawer.com/qa/paint-removal-surface-prep-al-daayen/,212,"critical_thin,template_boilerplate,local_doorway_variant,keyword_cannibalization,no_h1_in_body",محتوى هزيل جداً (212 كلمة) ؛ نفس الهيكل العناوين في 868 صفحة (hash a6b89d30b159) ؛ صفحة مدينة×خدمة من مولّد الشبكة — تغطية محلية لكن خطر doorway/تكرار ؛ نفس جذع الخدمة `paint-removal-surface-prep` على 9 URL ؛ لا H1 داخل جسم المقال (قد يعتمد على عنوان القالب)
شركة رش بويات كهربائي في الظعاين,https://www.rukn-eltatawer.com/qa/electric-spray-painting-al-daayen/,229,"critical_thin,template_boilerplate,local_doorway_variant,city_variant_similar,keyword_cannibalization,no_h1_in_body",محتوى هزيل جداً (229 كلمة) ؛ نفس الهيكل العناوين في 905 صفحة (hash cb24e6f8b3f9) ؛ صفحة مدينة×خدمة من مولّد الشبكة — تغطية محلية لكن خطر doorway/تكرار ؛ نفس جذع الخدمة `electric-spray-painting` على 9 URL ؛ لا H1 داخل جسم المقال (قد يعتمد على عنوان القالب)
شركة دهانات ديكورية وتأثيرات جدارية في الظعاين,https://www.rukn-eltatawer.com/qa/decorative-wall-effects-al-daayen/,219,"critical_thin,template_boilerplate,local_doorway_variant,city_variant_similar,keyword_cannibalization,no_h1_in_body",محتوى هزيل جداً (219 كلمة) ؛ نفس الهيكل العناوين في 905 صفحة (hash cb24e6f8b3f9) ؛ صفحة مدينة×خدمة من مولّد الشبكة — تغطية محلية لكن خطر doorway/تكرار ؛ نفس جذع الخدمة `decorative-wall-effects` على 9 URL ؛ لا H1 داخل جسم المقال (قد يعتمد على عنوان القالب)
شركة دهان أبواب وشبابيك خشبية في الظعاين,https://www.rukn-eltatawer.com/qa/wood-doors-windows-painting-al-daayen/,219,"critical_thin,template_boilerplate,local_doorway_variant,city_variant_similar,keyword_cannibalization,no_h1_in_body",محتوى هزيل جداً (219 كلمة) ؛ نفس الهيكل العناوين في 905 صفحة (hash cb24e6f8b3f9) ؛ صفحة مدينة×خدمة من مولّد الشبكة — تغطية محلية لكن خطر doorway/تكرار ؛ نفس جذع الخدمة `wood-doors-windows-painting` على 9 URL ؛ لا H1 داخل جسم المقال (قد يعتمد على عنوان القالب)
شركة كهربائي منازل في الظعاين,https://www.rukn-eltatawer.com/qa/home-electrician-elec-al-daayen/,228,"critical_thin,template_boilerplate,local_doorway_variant,city_variant_similar,keyword_cannibalization,no_h1_in_body",محتوى هزيل جداً (228 كلمة) ؛ نفس الهيكل العناوين في 905 صفحة (hash cb24e6f8b3f9) ؛ صفحة مدينة×خدمة من مولّد الشبكة — تغطية محلية لكن خطر doorway/تكرار ؛ نفس جذع الخدمة `home-electrician-elec` على 9 URL ؛ لا H1 داخل جسم المقال (قد يعتمد على عنوان القالب)
شركة تمديدات كهربائية جديدة في الظعاين,https://www.rukn-eltatawer.com/qa/new-electrical-wiring-al-daayen/,217,"critical_thin,template_boilerplate,local_doorway_variant,city_variant_similar,keyword_cannibalization,no_h1_in_body",محتوى هزيل جداً (217 كلمة) ؛ نفس الهيكل العناوين في 905 صفحة (hash cb24e6f8b3f9) ؛ صفحة مدينة×خدمة من مولّد الشبكة — تغطية محلية لكن خطر doorway/تكرار ؛ نفس جذع الخدمة `new-electrical-wiring` على 9 URL ؛ لا H1 داخل جسم المقال (قد يعتمد على عنوان القالب)
شركة كشف أعطال كهرباء في الظعاين,https://www.rukn-eltatawer.com/qa/electrical-fault-detection-al-daayen/,229,"critical_thin,template_boilerplate,local_doorway_variant,city_variant_similar,keyword_cannibalization,no_h1_in_body",محتوى هزيل جداً (229 كلمة) ؛ نفس الهيكل العناوين في 905 صفحة (hash cb24e6f8b3f9) ؛ صفحة مدينة×خدمة من مولّد الشبكة — تغطية محلية لكن خطر doorway/تكرار ؛ نفس جذع الخدمة `electrical-fault-detection` على 9 URL ؛ لا H1 داخل جسم المقال (قد يعتمد على عنوان القالب)
شركة تركيب إنارة داخلية وخارجية في الظعاين,https://www.rukn-eltatawer.com/qa/indoor-outdoor-lighting-installation-al-daayen/,218,"critical_thin,template_boilerplate,local_doorway_variant,city_variant_similar,keyword_cannibalization,no_h1_in_body",محتوى هزيل جداً (218 كلمة) ؛ نفس الهيكل العناوين في 905 صفحة (hash cb24e6f8b3f9) ؛ صفحة مدينة×خدمة من مولّد الشبكة — تغطية محلية لكن خطر doorway/تكرار ؛ نفس جذع الخدمة `indoor-outdoor-lighting-installation` على 9 URL ؛ لا H1 داخل جسم المقال (قد يعتمد على عنوان القالب)
شركة تركيب سخانات مياه في الظعاين,https://www.rukn-eltatawer.com/qa/water-heater-installation-al-daayen/,224,"critical_thin,template_boilerplate,local_doorway_variant,city_variant_similar,keyword_cannibalization,no_h1_in_body",محتوى هزيل جداً (224 كلمة) ؛ نفس الهيكل العناوين في 905 صفحة (hash cb24e6f8b3f9) ؛ صفحة مدينة×خدمة من مولّد الشبكة — تغطية محلية لكن خطر doorway/تكرار ؛ نفس جذع الخدمة `water-heater-installation` على 9 URL ؛ لا H1 داخل جسم المقال (قد يعتمد على عنوان القالب)
شركة تركيب أدوات صحية في الظعاين,https://www.rukn-eltatawer.com/qa/sanitary-fixtures-installation-al-daayen/,224,"critical_thin,template_boilerplate,local_doorway_variant,city_variant_similar,keyword_cannibalization,no_h1_in_body",محتوى هزيل جداً (224 كلمة) ؛ نفس الهيكل العناوين في 905 صفحة (hash cb24e6f8b3f9) ؛ صفحة مدينة×خدمة من مولّد الشبكة — تغطية محلية لكن خطر doorway/تكرار ؛ نفس جذع الخدمة `sanitary-fixtures-installation` على 9 URL ؛ لا H1 داخل جسم المقال (قد يعتمد على عنوان القالب)
شركة كهربائي طوارئ 24 ساعة في الظعاين,https://www.rukn-eltatawer.com/qa/24h-emergency-electrician-al-daayen/,218,"critical_thin,template_boilerplate,local_doorway_variant,city_variant_similar,keyword_cannibalization,no_h1_in_body",محتوى هزيل جداً (218 كلمة) ؛ نفس الهيكل العناوين في 905 صفحة (hash cb24e6f8b3f9) ؛ صفحة مدينة×خدمة من مولّد الشبكة — تغطية محلية لكن خطر doorway/تكرار ؛ نفس جذع الخدمة `24h-emergency-electrician` على 9 URL ؛ لا H1 داخل جسم المقال (قد يعتمد على عنوان القالب)
شركة كشف أعطال تبريد في الظعاين,https://www.rukn-eltatawer.com/qa/cooling-fault-detection-al-daayen/,231,"critical_thin,template_boilerplate,local_doorway_variant,keyword_cannibalization,no_h1_in_body",محتوى هزيل جداً (231 كلمة) ؛ نفس الهيكل العناوين في 905 صفحة (hash cb24e6f8b3f9) ؛ صفحة مدينة×خدمة من مولّد الشبكة — تغطية محلية لكن خطر doorway/تكرار ؛ نفس جذع الخدمة `cooling-fault-detection` على 9 URL ؛ لا H1 داخل جسم المقال (قد يعتمد على عنوان القالب)
شركة معالجة الرطوبة والعفن في الخور,https://www.rukn-eltatawer.com/qa/humidity-treatment-al-khor/,263,"critical_thin,template_boilerplate,local_doorway_variant,city_variant_similar,keyword_cannibalization,no_h1_in_body",محتوى هزيل جداً (263 كلمة) ؛ نفس الهيكل العناوين في 905 صفحة (hash cb24e6f8b3f9) ؛ صفحة مدينة×خدمة من مولّد الشبكة — تغطية محلية لكن خطر doorway/تكرار ؛ نفس جذع الخدمة `humidity-treatment` على 9 URL ؛ لا H1 داخل جسم المقال (قد يعتمد على عنوان القالب)
شركة معالجة الرطوبة والعفن في أم صلال,https://www.rukn-eltatawer.com/qa/humidity-treatment-umm-salal/,257,"critical_thin,template_boilerplate,local_doorway_variant,keyword_cannibalization,no_h1_in_body",محتوى هزيل جداً (257 كلمة) ؛ نفس الهيكل العناوين في 868 صفحة (hash a6b89d30b159) ؛ صفحة مدينة×خدمة من مولّد الشبكة — تغطية محلية لكن خطر doorway/تكرار ؛ نفس جذع الخدمة `humidity-treatment` على 9 URL ؛ لا H1 داخل جسم المقال (قد يعتمد على عنوان القالب)
شركة ترميم حمامات في الخور,https://www.rukn-eltatawer.com/qa/bathroom-renovation-al-khor/,229,"critical_thin,template_boilerplate,local_doorway_variant,city_variant_similar,keyword_cannibalization,no_h1_in_body",محتوى هزيل جداً (229 كلمة) ؛ نفس الهيكل العناوين في 868 صفحة (hash a6b89d30b159) ؛ صفحة مدينة×خدمة من مولّد الشبكة — تغطية محلية لكن خطر doorway/تكرار ؛ نفس جذع الخدمة `bathroom-renovation` على 9 URL ؛ لا H1 داخل جسم المقال (قد يعتمد على عنوان القالب)
شركة ترميم حمامات في أم صلال,https://www.rukn-eltatawer.com/qa/bathroom-renovation-umm-salal/,243,"critical_thin,template_boilerplate,local_doorway_variant,city_variant_similar,keyword_cannibalization,no_h1_in_body",محتوى هزيل جداً (243 كلمة) ؛ نفس الهيكل العناوين في 868 صفحة (hash a6b89d30b159) ؛ صفحة مدينة×خدمة من مولّد الشبكة — تغطية محلية لكن خطر doorway/تكرار ؛ نفس جذع الخدمة `bathroom-renovation` على 9 URL ؛ لا H1 داخل جسم المقال (قد يعتمد على عنوان القالب)
شركة ترميم مطابخ في الخور,https://www.rukn-eltatawer.com/qa/kitchen-renovation-al-khor/,227,"critical_thin,template_boilerplate,local_doorway_variant,keyword_cannibalization,no_h1_in_body",محتوى هزيل جداً (227 كلمة) ؛ نفس الهيكل العناوين في 868 صفحة (hash a6b89d30b159) ؛ صفحة مدينة×خدمة من مولّد الشبكة — تغطية محلية لكن خطر doorway/تكرار ؛ نفس جذع الخدمة `kitchen-renovation` على 9 URL ؛ لا H1 داخل جسم المقال (قد يعتمد على عنوان القالب)
شركة ترميم مطابخ في أم صلال,https://www.rukn-eltatawer.com/qa/kitchen-renovation-umm-salal/,243,"critical_thin,template_boilerplate,local_doorway_variant,city_variant_similar,keyword_cannibalization,no_h1_in_body",محتوى هزيل جداً (243 كلمة) ؛ نفس الهيكل العناوين في 868 صفحة (hash a6b89d30b159) ؛ صفحة مدينة×خدمة من مولّد الشبكة — تغطية محلية لكن خطر doorway/تكرار ؛ نفس جذع الخدمة `kitchen-renovation` على 9 URL ؛ لا H1 داخل جسم المقال (قد يعتمد على عنوان القالب)
شركة ترميم منازل قديمة في الخور,https://www.rukn-eltatawer.com/qa/old-house-renovation-al-khor/,230,"critical_thin,template_boilerplate,local_doorway_variant,city_variant_similar,keyword_cannibalization,no_h1_in_body",محتوى هزيل جداً (230 كلمة) ؛ نفس الهيكل العناوين في 868 صفحة (hash a6b89d30b159) ؛ صفحة مدينة×خدمة من مولّد الشبكة — تغطية محلية لكن خطر doorway/تكرار ؛ نفس جذع الخدمة `old-house-renovation` على 9 URL ؛ لا H1 داخل جسم المقال (قد يعتمد على عنوان القالب)
شركة ترميم منازل قديمة في أم صلال,https://www.rukn-eltatawer.com/qa/old-house-renovation-umm-salal/,256,"critical_thin,template_boilerplate,local_doorway_variant,city_variant_similar,keyword_cannibalization,no_h1_in_body",محتوى هزيل جداً (256 كلمة) ؛ نفس الهيكل العناوين في 905 صفحة (hash cb24e6f8b3f9) ؛ صفحة مدينة×خدمة من مولّد الشبكة — تغطية محلية لكن خطر doorway/تكرار ؛ نفس جذع الخدمة `old-house-renovation` على 9 URL ؛ لا H1 داخل جسم المقال (قد يعتمد على عنوان القالب)
شركة فحص فلل ومباني قبل الشراء في الخور,https://www.rukn-eltatawer.com/qa/villa-inspection-al-khor/,232,"critical_thin,template_boilerplate,local_doorway_variant,city_variant_similar,keyword_cannibalization,no_h1_in_body",محتوى هزيل جداً (232 كلمة) ؛ نفس الهيكل العناوين في 868 صفحة (hash a6b89d30b159) ؛ صفحة مدينة×خدمة من مولّد الشبكة — تغطية محلية لكن خطر doorway/تكرار ؛ نفس جذع الخدمة `villa-inspection` على 9 URL ؛ لا H1 داخل جسم المقال (قد يعتمد على عنوان القالب)
شركة فحص فلل ومباني قبل الشراء في أم صلال,https://www.rukn-eltatawer.com/qa/villa-inspection-umm-salal/,246,"critical_thin,template_boilerplate,local_doorway_variant,city_variant_similar,keyword_cannibalization,no_h1_in_body",محتوى هزيل جداً (246 كلمة) ؛ نفس الهيكل العناوين في 905 صفحة (hash cb24e6f8b3f9) ؛ صفحة مدينة×خدمة من مولّد الشبكة — تغطية محلية لكن خطر doorway/تكرار ؛ نفس جذع الخدمة `villa-inspection` على 9 URL ؛ لا H1 داخل جسم المقال (قد يعتمد على عنوان القالب)
شركة إصلاح تشققات الأسقف والجدران في الخور,https://www.rukn-eltatawer.com/qa/crack-repair-al-khor/,234,"critical_thin,template_boilerplate,local_doorway_variant,city_variant_similar,keyword_cannibalization,no_h1_in_body",محتوى هزيل جداً (234 كلمة) ؛ نفس الهيكل العناوين في 905 صفحة (hash cb24e6f8b3f9) ؛ صفحة مدينة×خدمة من مولّد الشبكة — تغطية محلية لكن خطر doorway/تكرار ؛ نفس جذع الخدمة `crack-repair` على 9 URL ؛ لا H1 داخل جسم المقال (قد يعتمد على عنوان القالب)
شركة إصلاح تشققات الأسقف والجدران في أم صلال,https://www.rukn-eltatawer.com/qa/crack-repair-umm-salal/,251,"critical_thin,template_boilerplate,local_doorway_variant,city_variant_similar,keyword_cannibalization,no_h1_in_body",محتوى هزيل جداً (251 كلمة) ؛ نفس الهيكل العناوين في 905 صفحة (hash cb24e6f8b3f9) ؛ صفحة مدينة×خدمة من مولّد الشبكة — تغطية محلية لكن خطر doorway/تكرار ؛ نفس جذع الخدمة `crack-repair` على 9 URL ؛ لا H1 داخل جسم المقال (قد يعتمد على عنوان القالب)
شركة تركيب انترلوك في الخور,https://www.rukn-eltatawer.com/qa/interlock-al-khor/,228,"critical_thin,template_boilerplate,local_doorway_variant,city_variant_similar,keyword_cannibalization,no_h1_in_body",محتوى هزيل جداً (228 كلمة) ؛ نفس الهيكل العناوين في 868 صفحة (hash a6b89d30b159) ؛ صفحة مدينة×خدمة من مولّد الشبكة — تغطية محلية لكن خطر doorway/تكرار ؛ نفس جذع الخدمة `interlock` على 9 URL ؛ لا H1 داخل جسم المقال (قد يعتمد على عنوان القالب)
شركة تركيب انترلوك في أم صلال,https://www.rukn-eltatawer.com/qa/interlock-umm-salal/,239,"critical_thin,template_boilerplate,local_doorway_variant,city_variant_similar,keyword_cannibalization,no_h1_in_body",محتوى هزيل جداً (239 كلمة) ؛ نفس الهيكل العناوين في 868 صفحة (hash a6b89d30b159) ؛ صفحة مدينة×خدمة من مولّد الشبكة — تغطية محلية لكن خطر doorway/تكرار ؛ نفس جذع الخدمة `interlock` على 9 URL ؛ لا H1 داخل جسم المقال (قد يعتمد على عنوان القالب)
شركة تركيب كربستون في الخور,https://www.rukn-eltatawer.com/qa/kerbstone-al-khor/,233,"critical_thin,template_boilerplate,local_doorway_variant,city_variant_similar,keyword_cannibalization,no_h1_in_body",محتوى هزيل جداً (233 كلمة) ؛ نفس الهيكل العناوين في 905 صفحة (hash cb24e6f8b3f9) ؛ صفحة مدينة×خدمة من مولّد الشبكة — تغطية محلية لكن خطر doorway/تكرار ؛ نفس جذع الخدمة `kerbstone` على 9 URL ؛ لا H1 داخل جسم المقال (قد يعتمد على عنوان القالب)
شركة تركيب كربستون في أم صلال,https://www.rukn-eltatawer.com/qa/kerbstone-umm-salal/,233,"critical_thin,template_boilerplate,local_doorway_variant,city_variant_similar,keyword_cannibalization,no_h1_in_body",محتوى هزيل جداً (233 كلمة) ؛ نفس الهيكل العناوين في 868 صفحة (hash a6b89d30b159) ؛ صفحة مدينة×خدمة من مولّد الشبكة — تغطية محلية لكن خطر doorway/تكرار ؛ نفس جذع الخدمة `kerbstone` على 9 URL ؛ لا H1 داخل جسم المقال (قد يعتمد على عنوان القالب)
شركة تركيب طابوق في الخور,https://www.rukn-eltatawer.com/qa/brickwork-al-khor/,238,"critical_thin,template_boilerplate,local_doorway_variant,city_variant_similar,keyword_cannibalization,no_h1_in_body",محتوى هزيل جداً (238 كلمة) ؛ نفس الهيكل العناوين في 905 صفحة (hash cb24e6f8b3f9) ؛ صفحة مدينة×خدمة من مولّد الشبكة — تغطية محلية لكن خطر doorway/تكرار ؛ نفس جذع الخدمة `brickwork` على 9 URL ؛ لا H1 داخل جسم المقال (قد يعتمد على عنوان القالب)
شركة تركيب طابوق في أم صلال,https://www.rukn-eltatawer.com/qa/brickwork-umm-salal/,257,"critical_thin,template_boilerplate,local_doorway_variant,city_variant_similar,keyword_cannibalization,no_h1_in_body",محتوى هزيل جداً (257 كلمة) ؛ نفس الهيكل العناوين في 905 صفحة (hash cb24e6f8b3f9) ؛ صفحة مدينة×خدمة من مولّد الشبكة — تغطية محلية لكن خطر doorway/تكرار ؛ نفس جذع الخدمة `brickwork` على 9 URL ؛ لا H1 داخل جسم المقال (قد يعتمد على عنوان القالب)
شركة تركيب بلاستر في الخور,https://www.rukn-eltatawer.com/qa/plastering-al-khor/,233,"critical_thin,template_boilerplate,local_doorway_variant,city_variant_similar,keyword_cannibalization,no_h1_in_body",محتوى هزيل جداً (233 كلمة) ؛ نفس الهيكل العناوين في 905 صفحة (hash cb24e6f8b3f9) ؛ صفحة مدينة×خدمة من مولّد الشبكة — تغطية محلية لكن خطر doorway/تكرار ؛ نفس جذع الخدمة `plastering` على 9 URL ؛ لا H1 داخل جسم المقال (قد يعتمد على عنوان القالب)
شركة تركيب بلاستر في أم صلال,https://www.rukn-eltatawer.com/qa/plastering-umm-salal/,251,"critical_thin,template_boilerplate,local_doorway_variant,city_variant_similar,keyword_cannibalization,no_h1_in_body",محتوى هزيل جداً (251 كلمة) ؛ نفس الهيكل العناوين في 905 صفحة (hash cb24e6f8b3f9) ؛ صفحة مدينة×خدمة من مولّد الشبكة — تغطية محلية لكن خطر doorway/تكرار ؛ نفس جذع الخدمة `plastering` على 9 URL ؛ لا H1 داخل جسم المقال (قد يعتمد على عنوان القالب)
شركة تركيب سيراميك وبورسلين في الخور,https://www.rukn-eltatawer.com/qa/ceramic-porcelain-al-khor/,225,"critical_thin,template_boilerplate,local_doorway_variant,city_variant_similar,keyword_cannibalization,no_h1_in_body",محتوى هزيل جداً (225 كلمة) ؛ نفس الهيكل العناوين في 868 صفحة (hash a6b89d30b159) ؛ صفحة مدينة×خدمة من مولّد الشبكة — تغطية محلية لكن خطر doorway/تكرار ؛ نفس جذع الخدمة `ceramic-porcelain` على 9 URL ؛ لا H1 داخل جسم المقال (قد يعتمد على عنوان القالب)
شركة تركيب سيراميك وبورسلين في أم صلال,https://www.rukn-eltatawer.com/qa/ceramic-porcelain-umm-salal/,241,"critical_thin,template_boilerplate,local_doorway_variant,city_variant_similar,keyword_cannibalization,no_h1_in_body",محتوى هزيل جداً (241 كلمة) ؛ نفس الهيكل العناوين في 868 صفحة (hash a6b89d30b159) ؛ صفحة مدينة×خدمة من مولّد الشبكة — تغطية محلية لكن خطر doorway/تكرار ؛ نفس جذع الخدمة `ceramic-porcelain` على 9 URL ؛ لا H1 داخل جسم المقال (قد يعتمد على عنوان القالب)
شركة تركيب باركيه وأرضيات خشب في الخور,https://www.rukn-eltatawer.com/qa/parquet-al-khor/,242,"critical_thin,template_boilerplate,local_doorway_variant,city_variant_similar,keyword_cannibalization,no_h1_in_body",محتوى هزيل جداً (242 كلمة) ؛ نفس الهيكل العناوين في 905 صفحة (hash cb24e6f8b3f9) ؛ صفحة مدينة×خدمة من مولّد الشبكة — تغطية محلية لكن خطر doorway/تكرار ؛ نفس جذع الخدمة `parquet` على 9 URL ؛ لا H1 داخل جسم المقال (قد يعتمد على عنوان القالب)
شركة تركيب باركيه وأرضيات خشب في أم صلال,https://www.rukn-eltatawer.com/qa/parquet-umm-salal/,237,"critical_thin,template_boilerplate,local_doorway_variant,city_variant_similar,keyword_cannibalization,no_h1_in_body",محتوى هزيل جداً (237 كلمة) ؛ نفس الهيكل العناوين في 868 صفحة (hash a6b89d30b159) ؛ صفحة مدينة×خدمة من مولّد الشبكة — تغطية محلية لكن خطر doorway/تكرار ؛ نفس جذع الخدمة `parquet` على 9 URL ؛ لا H1 داخل جسم المقال (قد يعتمد على عنوان القالب)
شركة تركيب أرضيات فينيل في الخور,https://www.rukn-eltatawer.com/qa/vinyl-flooring-al-khor/,232,"critical_thin,template_boilerplate,local_doorway_variant,city_variant_similar,keyword_cannibalization,no_h1_in_body",محتوى هزيل جداً (232 كلمة) ؛ نفس الهيكل العناوين في 868 صفحة (hash a6b89d30b159) ؛ صفحة مدينة×خدمة من مولّد الشبكة — تغطية محلية لكن خطر doorway/تكرار ؛ نفس جذع الخدمة `vinyl-flooring` على 9 URL ؛ لا H1 داخل جسم المقال (قد يعتمد على عنوان القالب)
شركة تركيب أرضيات فينيل في أم صلال,https://www.rukn-eltatawer.com/qa/vinyl-flooring-umm-salal/,241,"critical_thin,template_boilerplate,local_doorway_variant,city_variant_similar,keyword_cannibalization,no_h1_in_body",محتوى هزيل جداً (241 كلمة) ؛ نفس الهيكل العناوين في 868 صفحة (hash a6b89d30b159) ؛ صفحة مدينة×خدمة من مولّد الشبكة — تغطية محلية لكن خطر doorway/تكرار ؛ نفس جذع الخدمة `vinyl-flooring` على 9 URL ؛ لا H1 داخل جسم المقال (قد يعتمد على عنوان القالب)
شركة تركيب حجر طبيعي وصناعي في الخور,https://www.rukn-eltatawer.com/qa/stone-al-khor/,234,"critical_thin,template_boilerplate,local_doorway_variant,city_variant_similar,keyword_cannibalization,no_h1_in_body",محتوى هزيل جداً (234 كلمة) ؛ نفس الهيكل العناوين في 868 صفحة (hash a6b89d30b159) ؛ صفحة مدينة×خدمة من مولّد الشبكة — تغطية محلية لكن خطر doorway/تكرار ؛ نفس جذع الخدمة `stone` على 9 URL ؛ لا H1 داخل جسم المقال (قد يعتمد على عنوان القالب)
شركة تركيب حجر طبيعي وصناعي في أم صلال,https://www.rukn-eltatawer.com/qa/stone-umm-salal/,255,"critical_thin,template_boilerplate,local_doorway_variant,city_variant_similar,keyword_cannibalization,no_h1_in_body",محتوى هزيل جداً (255 كلمة) ؛ نفس الهيكل العناوين في 905 صفحة (hash cb24e6f8b3f9) ؛ صفحة مدينة×خدمة من مولّد الشبكة — تغطية محلية لكن خطر doorway/تكرار ؛ نفس جذع الخدمة `stone` على 9 URL ؛ لا H1 داخل جسم المقال (قد يعتمد على عنوان القالب)
شركة تركيب رخام وجرانيت في الخور,https://www.rukn-eltatawer.com/qa/marble-granite-al-khor/,235,"critical_thin,template_boilerplate,local_doorway_variant,city_variant_similar,keyword_cannibalization,no_h1_in_body",محتوى هزيل جداً (235 كلمة) ؛ نفس الهيكل العناوين في 905 صفحة (hash cb24e6f8b3f9) ؛ صفحة مدينة×خدمة من مولّد الشبكة — تغطية محلية لكن خطر doorway/تكرار ؛ نفس جذع الخدمة `marble-granite` على 9 URL ؛ لا H1 داخل جسم المقال (قد يعتمد على عنوان القالب)
شركة تركيب رخام وجرانيت في أم صلال,https://www.rukn-eltatawer.com/qa/marble-granite-umm-salal/,259,"critical_thin,template_boilerplate,local_doorway_variant,city_variant_similar,keyword_cannibalization,no_h1_in_body",محتوى هزيل جداً (259 كلمة) ؛ نفس الهيكل العناوين في 905 صفحة (hash cb24e6f8b3f9) ؛ صفحة مدينة×خدمة من مولّد الشبكة — تغطية محلية لكن خطر doorway/تكرار ؛ نفس جذع الخدمة `marble-granite` على 9 URL ؛ لا H1 داخل جسم المقال (قد يعتمد على عنوان القالب)
شركة تركيب فوم للجدران في الخور,https://www.rukn-eltatawer.com/qa/wall-foam-al-khor/,235,"critical_thin,template_boilerplate,local_doorway_variant,city_variant_similar,keyword_cannibalization,no_h1_in_body",محتوى هزيل جداً (235 كلمة) ؛ نفس الهيكل العناوين في 905 صفحة (hash cb24e6f8b3f9) ؛ صفحة مدينة×خدمة من مولّد الشبكة — تغطية محلية لكن خطر doorway/تكرار ؛ نفس جذع الخدمة `wall-foam` على 9 URL ؛ لا H1 داخل جسم المقال (قد يعتمد على عنوان القالب)
شركة تركيب فوم للجدران في أم صلال,https://www.rukn-eltatawer.com/qa/wall-foam-umm-salal/,253,"critical_thin,template_boilerplate,local_doorway_variant,city_variant_similar,keyword_cannibalization,no_h1_in_body",محتوى هزيل جداً (253 كلمة) ؛ نفس الهيكل العناوين في 905 صفحة (hash cb24e6f8b3f9) ؛ صفحة مدينة×خدمة من مولّد الشبكة — تغطية محلية لكن خطر doorway/تكرار ؛ نفس جذع الخدمة `wall-foam` على 9 URL ؛ لا H1 داخل جسم المقال (قد يعتمد على عنوان القالب)
شركة تركيب جبس بورد في الخور,https://www.rukn-eltatawer.com/qa/gypsum-board-al-khor/,220,"critical_thin,template_boilerplate,local_doorway_variant,city_variant_similar,keyword_cannibalization,no_h1_in_body",محتوى هزيل جداً (220 كلمة) ؛ نفس الهيكل العناوين في 868 صفحة (hash a6b89d30b159) ؛ صفحة مدينة×خدمة من مولّد الشبكة — تغطية محلية لكن خطر doorway/تكرار ؛ نفس جذع الخدمة `gypsum-board` على 9 URL ؛ لا H1 داخل جسم المقال (قد يعتمد على عنوان القالب)
شركة تركيب جبس بورد في أم صلال,https://www.rukn-eltatawer.com/qa/gypsum-board-umm-salal/,228,"critical_thin,template_boilerplate,local_doorway_variant,city_variant_similar,keyword_cannibalization,no_h1_in_body",محتوى هزيل جداً (228 كلمة) ؛ نفس الهيكل العناوين في 868 صفحة (hash a6b89d30b159) ؛ صفحة مدينة×خدمة من مولّد الشبكة — تغطية محلية لكن خطر doorway/تكرار ؛ نفس جذع الخدمة `gypsum-board` على 9 URL ؛ لا H1 داخل جسم المقال (قد يعتمد على عنوان القالب)
شركة تركيب أسقف جبسية / فورسيلنج في الخور,https://www.rukn-eltatawer.com/qa/false-ceiling-al-khor/,242,"critical_thin,template_boilerplate,local_doorway_variant,city_variant_similar,keyword_cannibalization,no_h1_in_body",محتوى هزيل جداً (242 كلمة) ؛ نفس الهيكل العناوين في 905 صفحة (hash cb24e6f8b3f9) ؛ صفحة مدينة×خدمة من مولّد الشبكة — تغطية محلية لكن خطر doorway/تكرار ؛ نفس جذع الخدمة `false-ceiling` على 9 URL ؛ لا H1 داخل جسم المقال (قد يعتمد على عنوان القالب)
شركة تركيب أسقف جبسية / فورسيلنج في أم صلال,https://www.rukn-eltatawer.com/qa/false-ceiling-umm-salal/,249,"critical_thin,template_boilerplate,local_doorway_variant,city_variant_similar,keyword_cannibalization,no_h1_in_body",محتوى هزيل جداً (249 كلمة) ؛ نفس الهيكل العناوين في 905 صفحة (hash cb24e6f8b3f9) ؛ صفحة مدينة×خدمة من مولّد الشبكة — تغطية محلية لكن خطر doorway/تكرار ؛ نفس جذع الخدمة `false-ceiling` على 9 URL ؛ لا H1 داخل جسم المقال (قد يعتمد على عنوان القالب)
شركة تركيب ورق جدران في الخور,https://www.rukn-eltatawer.com/qa/wallpaper-al-khor/,215,"critical_thin,template_boilerplate,local_doorway_variant,keyword_cannibalization,no_h1_in_body",محتوى هزيل جداً (215 كلمة) ؛ نفس الهيكل العناوين في 868 صفحة (hash a6b89d30b159) ؛ صفحة مدينة×خدمة من مولّد الشبكة — تغطية محلية لكن خطر doorway/تكرار ؛ نفس جذع الخدمة `wallpaper` على 9 URL ؛ لا H1 داخل جسم المقال (قد يعتمد على عنوان القالب)
شركة تركيب ورق جدران في أم صلال,https://www.rukn-eltatawer.com/qa/wallpaper-umm-salal/,234,"critical_thin,template_boilerplate,local_doorway_variant,keyword_cannibalization,no_h1_in_body",محتوى هزيل جداً (234 كلمة) ؛ نفس الهيكل العناوين في 868 صفحة (hash a6b89d30b159) ؛ صفحة مدينة×خدمة من مولّد الشبكة — تغطية محلية لكن خطر doorway/تكرار ؛ نفس جذع الخدمة `wallpaper` على 9 URL ؛ لا H1 داخل جسم المقال (قد يعتمد على عنوان القالب)
شركة تركيب سجاد أرضيات في الخور,https://www.rukn-eltatawer.com/qa/floor-carpeting-al-khor/,240,"critical_thin,template_boilerplate,local_doorway_variant,city_variant_similar,keyword_cannibalization,no_h1_in_body",محتوى هزيل جداً (240 كلمة) ؛ نفس الهيكل العناوين في 905 صفحة (hash cb24e6f8b3f9) ؛ صفحة مدينة×خدمة من مولّد الشبكة — تغطية محلية لكن خطر doorway/تكرار ؛ نفس جذع الخدمة `floor-carpeting` على 9 URL ؛ لا H1 داخل جسم المقال (قد يعتمد على عنوان القالب)
شركة تركيب سجاد أرضيات في أم صلال,https://www.rukn-eltatawer.com/qa/floor-carpeting-umm-salal/,247,"critical_thin,template_boilerplate,local_doorway_variant,keyword_cannibalization,no_h1_in_body",محتوى هزيل جداً (247 كلمة) ؛ نفس الهيكل العناوين في 868 صفحة (hash a6b89d30b159) ؛ صفحة مدينة×خدمة من مولّد الشبكة — تغطية محلية لكن خطر doorway/تكرار ؛ نفس جذع الخدمة `floor-carpeting` على 9 URL ؛ لا H1 داخل جسم المقال (قد يعتمد على عنوان القالب)
شركة تركيب أسقف مستعارة في الخور,https://www.rukn-eltatawer.com/qa/suspended-ceiling-al-khor/,232,"critical_thin,template_boilerplate,local_doorway_variant,keyword_cannibalization,no_h1_in_body",محتوى هزيل جداً (232 كلمة) ؛ نفس الهيكل العناوين في 868 صفحة (hash a6b89d30b159) ؛ صفحة مدينة×خدمة من مولّد الشبكة — تغطية محلية لكن خطر doorway/تكرار ؛ نفس جذع الخدمة `suspended-ceiling` على 9 URL ؛ لا H1 داخل جسم المقال (قد يعتمد على عنوان القالب)
شركة تركيب أسقف مستعارة في أم صلال,https://www.rukn-eltatawer.com/qa/suspended-ceiling-umm-salal/,247,"critical_thin,template_boilerplate,local_doorway_variant,city_variant_similar,keyword_cannibalization,no_h1_in_body",محتوى هزيل جداً (247 كلمة) ؛ نفس الهيكل العناوين في 905 صفحة (hash cb24e6f8b3f9) ؛ صفحة مدينة×خدمة من مولّد الشبكة — تغطية محلية لكن خطر doorway/تكرار ؛ نفس جذع الخدمة `suspended-ceiling` على 9 URL ؛ لا H1 داخل جسم المقال (قد يعتمد على عنوان القالب)
شركة تركيب فواصل زجاجية وألومنيوم في الخور,https://www.rukn-eltatawer.com/qa/glass-aluminium-partitions-al-khor/,244,"critical_thin,template_boilerplate,local_doorway_variant,city_variant_similar,keyword_cannibalization,no_h1_in_body",محتوى هزيل جداً (244 كلمة) ؛ نفس الهيكل العناوين في 905 صفحة (hash cb24e6f8b3f9) ؛ صفحة مدينة×خدمة من مولّد الشبكة — تغطية محلية لكن خطر doorway/تكرار ؛ نفس جذع الخدمة `glass-aluminium-partitions` على 9 URL ؛ لا H1 داخل جسم المقال (قد يعتمد على عنوان القالب)
شركة تركيب فواصل زجاجية وألومنيوم في أم صلال,https://www.rukn-eltatawer.com/qa/glass-aluminium-partitions-umm-salal/,255,"critical_thin,template_boilerplate,local_doorway_variant,city_variant_similar,keyword_cannibalization,no_h1_in_body",محتوى هزيل جداً (255 كلمة) ؛ نفس الهيكل العناوين في 905 صفحة (hash cb24e6f8b3f9) ؛ صفحة مدينة×خدمة من مولّد الشبكة — تغطية محلية لكن خطر doorway/تكرار ؛ نفس جذع الخدمة `glass-aluminium-partitions` على 9 URL ؛ لا H1 داخل جسم المقال (قد يعتمد على عنوان القالب)
شركة تركيب زجاج وألوميتال في الخور,https://www.rukn-eltatawer.com/qa/glass-alumetal-al-khor/,242,"critical_thin,template_boilerplate,local_doorway_variant,city_variant_similar,keyword_cannibalization,no_h1_in_body",محتوى هزيل جداً (242 كلمة) ؛ نفس الهيكل العناوين في 905 صفحة (hash cb24e6f8b3f9) ؛ صفحة مدينة×خدمة من مولّد الشبكة — تغطية محلية لكن خطر doorway/تكرار ؛ نفس جذع الخدمة `glass-alumetal` على 9 URL ؛ لا H1 داخل جسم المقال (قد يعتمد على عنوان القالب)
شركة تركيب زجاج وألوميتال في أم صلال,https://www.rukn-eltatawer.com/qa/glass-alumetal-umm-salal/,241,"critical_thin,template_boilerplate,local_doorway_variant,city_variant_similar,keyword_cannibalization,no_h1_in_body",محتوى هزيل جداً (241 كلمة) ؛ نفس الهيكل العناوين في 868 صفحة (hash a6b89d30b159) ؛ صفحة مدينة×خدمة من مولّد الشبكة — تغطية محلية لكن خطر doorway/تكرار ؛ نفس جذع الخدمة `glass-alumetal` على 9 URL ؛ لا H1 داخل جسم المقال (قد يعتمد على عنوان القالب)
شركة تركيب مطابخ في الخور,https://www.rukn-eltatawer.com/qa/kitchen-installation-al-khor/,223,"critical_thin,template_boilerplate,local_doorway_variant,city_variant_similar,keyword_cannibalization,no_h1_in_body",محتوى هزيل جداً (223 كلمة) ؛ نفس الهيكل العناوين في 868 صفحة (hash a6b89d30b159) ؛ صفحة مدينة×خدمة من مولّد الشبكة — تغطية محلية لكن خطر doorway/تكرار ؛ نفس جذع الخدمة `kitchen-installation` على 9 URL ؛ لا H1 داخل جسم المقال (قد يعتمد على عنوان القالب)
شركة تركيب مطابخ في أم صلال,https://www.rukn-eltatawer.com/qa/kitchen-installation-umm-salal/,245,"critical_thin,template_boilerplate,local_doorway_variant,city_variant_similar,keyword_cannibalization,no_h1_in_body",محتوى هزيل جداً (245 كلمة) ؛ نفس الهيكل العناوين في 905 صفحة (hash cb24e6f8b3f9) ؛ صفحة مدينة×خدمة من مولّد الشبكة — تغطية محلية لكن خطر doorway/تكرار ؛ نفس جذع الخدمة `kitchen-installation` على 9 URL ؛ لا H1 داخل جسم المقال (قد يعتمد على عنوان القالب)
شركة تركيب أبواب في الخور,https://www.rukn-eltatawer.com/qa/doors-installation-al-khor/,228,"critical_thin,template_boilerplate,local_doorway_variant,city_variant_similar,keyword_cannibalization,no_h1_in_body",محتوى هزيل جداً (228 كلمة) ؛ نفس الهيكل العناوين في 868 صفحة (hash a6b89d30b159) ؛ صفحة مدينة×خدمة من مولّد الشبكة — تغطية محلية لكن خطر doorway/تكرار ؛ نفس جذع الخدمة `doors-installation` على 9 URL ؛ لا H1 داخل جسم المقال (قد يعتمد على عنوان القالب)
شركة تركيب أبواب في أم صلال,https://www.rukn-eltatawer.com/qa/doors-installation-umm-salal/,245,"critical_thin,template_boilerplate,local_doorway_variant,city_variant_similar,keyword_cannibalization,no_h1_in_body",محتوى هزيل جداً (245 كلمة) ؛ نفس الهيكل العناوين في 905 صفحة (hash cb24e6f8b3f9) ؛ صفحة مدينة×خدمة من مولّد الشبكة — تغطية محلية لكن خطر doorway/تكرار ؛ نفس جذع الخدمة `doors-installation` على 9 URL ؛ لا H1 داخل جسم المقال (قد يعتمد على عنوان القالب)
شركة تركيب شبابيك في الخور,https://www.rukn-eltatawer.com/qa/windows-installation-al-khor/,223,"critical_thin,template_boilerplate,local_doorway_variant,city_variant_similar,keyword_cannibalization,no_h1_in_body",محتوى هزيل جداً (223 كلمة) ؛ نفس الهيكل العناوين في 868 صفحة (hash a6b89d30b159) ؛ صفحة مدينة×خدمة من مولّد الشبكة — تغطية محلية لكن خطر doorway/تكرار ؛ نفس جذع الخدمة `windows-installation` على 9 URL ؛ لا H1 داخل جسم المقال (قد يعتمد على عنوان القالب)
شركة تركيب شبابيك في أم صلال,https://www.rukn-eltatawer.com/qa/windows-installation-umm-salal/,245,"critical_thin,template_boilerplate,local_doorway_variant,city_variant_similar,keyword_cannibalization,no_h1_in_body",محتوى هزيل جداً (245 كلمة) ؛ نفس الهيكل العناوين في 868 صفحة (hash a6b89d30b159) ؛ صفحة مدينة×خدمة من مولّد الشبكة — تغطية محلية لكن خطر doorway/تكرار ؛ نفس جذع الخدمة `windows-installation` على 9 URL ؛ لا H1 داخل جسم المقال (قد يعتمد على عنوان القالب)
شركة تركيب مظلات وسواتر في الخور,https://www.rukn-eltatawer.com/qa/shades-sails-al-khor/,225,"critical_thin,template_boilerplate,local_doorway_variant,city_variant_similar,keyword_cannibalization,no_h1_in_body",محتوى هزيل جداً (225 كلمة) ؛ نفس الهيكل العناوين في 868 صفحة (hash a6b89d30b159) ؛ صفحة مدينة×خدمة من مولّد الشبكة — تغطية محلية لكن خطر doorway/تكرار ؛ نفس جذع الخدمة `shades-sails` على 9 URL ؛ لا H1 داخل جسم المقال (قد يعتمد على عنوان القالب)
شركة تركيب مظلات وسواتر في أم صلال,https://www.rukn-eltatawer.com/qa/shades-sails-umm-salal/,247,"critical_thin,template_boilerplate,local_doorway_variant,city_variant_similar,keyword_cannibalization,no_h1_in_body",محتوى هزيل جداً (247 كلمة) ؛ نفس الهيكل العناوين في 868 صفحة (hash a6b89d30b159) ؛ صفحة مدينة×خدمة من مولّد الشبكة — تغطية محلية لكن خطر doorway/تكرار ؛ نفس جذع الخدمة `shades-sails` على 9 URL ؛ لا H1 داخل جسم المقال (قد يعتمد على عنوان القالب)
شركة تركيب عشب صناعي في الخور,https://www.rukn-eltatawer.com/qa/artificial-grass-al-khor/,218,"critical_thin,template_boilerplate,local_doorway_variant,city_variant_similar,keyword_cannibalization,no_h1_in_body",محتوى هزيل جداً (218 كلمة) ؛ نفس الهيكل العناوين في 868 صفحة (hash a6b89d30b159) ؛ صفحة مدينة×خدمة من مولّد الشبكة — تغطية محلية لكن خطر doorway/تكرار ؛ نفس جذع الخدمة `artificial-grass` على 9 URL ؛ لا H1 داخل جسم المقال (قد يعتمد على عنوان القالب)
شركة تركيب عشب صناعي في أم صلال,https://www.rukn-eltatawer.com/qa/artificial-grass-umm-salal/,245,"critical_thin,template_boilerplate,local_doorway_variant,city_variant_similar,keyword_cannibalization,no_h1_in_body",محتوى هزيل جداً (245 كلمة) ؛ نفس الهيكل العناوين في 905 صفحة (hash cb24e6f8b3f9) ؛ صفحة مدينة×خدمة من مولّد الشبكة — تغطية محلية لكن خطر doorway/تكرار ؛ نفس جذع الخدمة `artificial-grass` على 9 URL ؛ لا H1 داخل جسم المقال (قد يعتمد على عنوان القالب)
شركة تركيب عشب جداري في الخور,https://www.rukn-eltatawer.com/qa/grass-wall-al-khor/,228,"critical_thin,template_boilerplate,local_doorway_variant,city_variant_similar,keyword_cannibalization,no_h1_in_body",محتوى هزيل جداً (228 كلمة) ؛ نفس الهيكل العناوين في 905 صفحة (hash cb24e6f8b3f9) ؛ صفحة مدينة×خدمة من مولّد الشبكة — تغطية محلية لكن خطر doorway/تكرار ؛ نفس جذع الخدمة `grass-wall` على 9 URL ؛ لا H1 داخل جسم المقال (قد يعتمد على عنوان القالب)
شركة تركيب عشب جداري في أم صلال,https://www.rukn-eltatawer.com/qa/grass-wall-umm-salal/,239,"critical_thin,template_boilerplate,local_doorway_variant,city_variant_similar,keyword_cannibalization,no_h1_in_body",محتوى هزيل جداً (239 كلمة) ؛ نفس الهيكل العناوين في 905 صفحة (hash cb24e6f8b3f9) ؛ صفحة مدينة×خدمة من مولّد الشبكة — تغطية محلية لكن خطر doorway/تكرار ؛ نفس جذع الخدمة `grass-wall` على 9 URL ؛ لا H1 داخل جسم المقال (قد يعتمد على عنوان القالب)
شركة بناء ملاحق في الخور,https://www.rukn-eltatawer.com/qa/annex-building-al-khor/,240,"critical_thin,template_boilerplate,local_doorway_variant,city_variant_similar,keyword_cannibalization,no_h1_in_body",محتوى هزيل جداً (240 كلمة) ؛ نفس الهيكل العناوين في 905 صفحة (hash cb24e6f8b3f9) ؛ صفحة مدينة×خدمة من مولّد الشبكة — تغطية محلية لكن خطر doorway/تكرار ؛ نفس جذع الخدمة `annex-building` على 9 URL ؛ لا H1 داخل جسم المقال (قد يعتمد على عنوان القالب)
شركة بناء ملاحق في أم صلال,https://www.rukn-eltatawer.com/qa/annex-building-umm-salal/,239,"critical_thin,template_boilerplate,local_doorway_variant,city_variant_similar,keyword_cannibalization,no_h1_in_body",محتوى هزيل جداً (239 كلمة) ؛ نفس الهيكل العناوين في 868 صفحة (hash a6b89d30b159) ؛ صفحة مدينة×خدمة من مولّد الشبكة — تغطية محلية لكن خطر doorway/تكرار ؛ نفس جذع الخدمة `annex-building` على 9 URL ؛ لا H1 داخل جسم المقال (قد يعتمد على عنوان القالب)
شركة بناء استراحات في الخور,https://www.rukn-eltatawer.com/qa/majlis-building-al-khor/,228,"critical_thin,template_boilerplate,local_doorway_variant,city_variant_similar,keyword_cannibalization,no_h1_in_body",محتوى هزيل جداً (228 كلمة) ؛ نفس الهيكل العناوين في 868 صفحة (hash a6b89d30b159) ؛ صفحة مدينة×خدمة من مولّد الشبكة — تغطية محلية لكن خطر doorway/تكرار ؛ نفس جذع الخدمة `majlis-building` على 9 URL ؛ لا H1 داخل جسم المقال (قد يعتمد على عنوان القالب)
شركة بناء استراحات في أم صلال,https://www.rukn-eltatawer.com/qa/majlis-building-umm-salal/,245,"critical_thin,template_boilerplate,local_doorway_variant,city_variant_similar,keyword_cannibalization,no_h1_in_body",محتوى هزيل جداً (245 كلمة) ؛ نفس الهيكل العناوين في 868 صفحة (hash a6b89d30b159) ؛ صفحة مدينة×خدمة من مولّد الشبكة — تغطية محلية لكن خطر doorway/تكرار ؛ نفس جذع الخدمة `majlis-building` على 9 URL ؛ لا H1 داخل جسم المقال (قد يعتمد على عنوان القالب)
شركة بناء حمامات خارجية في الخور,https://www.rukn-eltatawer.com/qa/outdoor-bathrooms-al-khor/,240,"critical_thin,template_boilerplate,local_doorway_variant,city_variant_similar,keyword_cannibalization,no_h1_in_body",محتوى هزيل جداً (240 كلمة) ؛ نفس الهيكل العناوين في 905 صفحة (hash cb24e6f8b3f9) ؛ صفحة مدينة×خدمة من مولّد الشبكة — تغطية محلية لكن خطر doorway/تكرار ؛ نفس جذع الخدمة `outdoor-bathrooms` على 9 URL ؛ لا H1 داخل جسم المقال (قد يعتمد على عنوان القالب)
شركة بناء حمامات خارجية في أم صلال,https://www.rukn-eltatawer.com/qa/outdoor-bathrooms-umm-salal/,241,"critical_thin,template_boilerplate,local_doorway_variant,city_variant_similar,keyword_cannibalization,no_h1_in_body",محتوى هزيل جداً (241 كلمة) ؛ نفس الهيكل العناوين في 868 صفحة (hash a6b89d30b159) ؛ صفحة مدينة×خدمة من مولّد الشبكة — تغطية محلية لكن خطر doorway/تكرار ؛ نفس جذع الخدمة `outdoor-bathrooms` على 9 URL ؛ لا H1 داخل جسم المقال (قد يعتمد على عنوان القالب)
شركة بناء مطابخ خارجية في الخور,https://www.rukn-eltatawer.com/qa/outdoor-kitchens-al-khor/,240,"critical_thin,template_boilerplate,local_doorway_variant,city_variant_similar,keyword_cannibalization,no_h1_in_body",محتوى هزيل جداً (240 كلمة) ؛ نفس الهيكل العناوين في 905 صفحة (hash cb24e6f8b3f9) ؛ صفحة مدينة×خدمة من مولّد الشبكة — تغطية محلية لكن خطر doorway/تكرار ؛ نفس جذع الخدمة `outdoor-kitchens` على 9 URL ؛ لا H1 داخل جسم المقال (قد يعتمد على عنوان القالب)
شركة بناء مطابخ خارجية في أم صلال,https://www.rukn-eltatawer.com/qa/outdoor-kitchens-umm-salal/,259,"critical_thin,template_boilerplate,local_doorway_variant,city_variant_similar,keyword_cannibalization,no_h1_in_body",محتوى هزيل جداً (259 كلمة) ؛ نفس الهيكل العناوين في 905 صفحة (hash cb24e6f8b3f9) ؛ صفحة مدينة×خدمة من مولّد الشبكة — تغطية محلية لكن خطر doorway/تكرار ؛ نفس جذع الخدمة `outdoor-kitchens` على 9 URL ؛ لا H1 داخل جسم المقال (قد يعتمد على عنوان القالب)
شركة بناء مجالس خارجية في الخور,https://www.rukn-eltatawer.com/qa/outdoor-majlis-al-khor/,225,"critical_thin,template_boilerplate,local_doorway_variant,city_variant_similar,keyword_cannibalization,no_h1_in_body",محتوى هزيل جداً (225 كلمة) ؛ نفس الهيكل العناوين في 868 صفحة (hash a6b89d30b159) ؛ صفحة مدينة×خدمة من مولّد الشبكة — تغطية محلية لكن خطر doorway/تكرار ؛ نفس جذع الخدمة `outdoor-majlis` على 9 URL ؛ لا H1 داخل جسم المقال (قد يعتمد على عنوان القالب)
شركة بناء مجالس خارجية في أم صلال,https://www.rukn-eltatawer.com/qa/outdoor-majlis-umm-salal/,235,"critical_thin,template_boilerplate,local_doorway_variant,city_variant_similar,keyword_cannibalization,no_h1_in_body",محتوى هزيل جداً (235 كلمة) ؛ نفس الهيكل العناوين في 868 صفحة (hash a6b89d30b159) ؛ صفحة مدينة×خدمة من مولّد الشبكة — تغطية محلية لكن خطر doorway/تكرار ؛ نفس جذع الخدمة `outdoor-majlis` على 9 URL ؛ لا H1 داخل جسم المقال (قد يعتمد على عنوان القالب)
شركة بناء أسوار طابوق في الخور,https://www.rukn-eltatawer.com/qa/block-fences-al-khor/,235,"critical_thin,template_boilerplate,local_doorway_variant,city_variant_similar,keyword_cannibalization,no_h1_in_body",محتوى هزيل جداً (235 كلمة) ؛ نفس الهيكل العناوين في 905 صفحة (hash cb24e6f8b3f9) ؛ صفحة مدينة×خدمة من مولّد الشبكة — تغطية محلية لكن خطر doorway/تكرار ؛ نفس جذع الخدمة `block-fences` على 9 URL ؛ لا H1 داخل جسم المقال (قد يعتمد على عنوان القالب)
شركة بناء أسوار طابوق في أم صلال,https://www.rukn-eltatawer.com/qa/block-fences-umm-salal/,247,"critical_thin,template_boilerplate,local_doorway_variant,city_variant_similar,keyword_cannibalization,no_h1_in_body",محتوى هزيل جداً (247 كلمة) ؛ نفس الهيكل العناوين في 905 صفحة (hash cb24e6f8b3f9) ؛ صفحة مدينة×خدمة من مولّد الشبكة — تغطية محلية لكن خطر doorway/تكرار ؛ نفس جذع الخدمة `block-fences` على 9 URL ؛ لا H1 داخل جسم المقال (قد يعتمد على عنوان القالب)
شركة دهانات داخلية في الخور,https://www.rukn-eltatawer.com/qa/interior-painting-al-khor/,231,"critical_thin,template_boilerplate,local_doorway_variant,city_variant_similar,keyword_cannibalization,no_h1_in_body",محتوى هزيل جداً (231 كلمة) ؛ نفس الهيكل العناوين في 905 صفحة (hash cb24e6f8b3f9) ؛ صفحة مدينة×خدمة من مولّد الشبكة — تغطية محلية لكن خطر doorway/تكرار ؛ نفس جذع الخدمة `interior-painting` على 9 URL ؛ لا H1 داخل جسم المقال (قد يعتمد على عنوان القالب)
شركة دهانات داخلية في أم صلال,https://www.rukn-eltatawer.com/qa/interior-painting-umm-salal/,245,"critical_thin,template_boilerplate,local_doorway_variant,city_variant_similar,keyword_cannibalization,no_h1_in_body",محتوى هزيل جداً (245 كلمة) ؛ نفس الهيكل العناوين في 905 صفحة (hash cb24e6f8b3f9) ؛ صفحة مدينة×خدمة من مولّد الشبكة — تغطية محلية لكن خطر doorway/تكرار ؛ نفس جذع الخدمة `interior-painting` على 9 URL ؛ لا H1 داخل جسم المقال (قد يعتمد على عنوان القالب)
شركة دهانات خارجية في الخور,https://www.rukn-eltatawer.com/qa/exterior-painting-al-khor/,221,"critical_thin,template_boilerplate,local_doorway_variant,city_variant_similar,keyword_cannibalization,no_h1_in_body",محتوى هزيل جداً (221 كلمة) ؛ نفس الهيكل العناوين في 868 صفحة (hash a6b89d30b159) ؛ صفحة مدينة×خدمة من مولّد الشبكة — تغطية محلية لكن خطر doorway/تكرار ؛ نفس جذع الخدمة `exterior-painting` على 9 URL ؛ لا H1 داخل جسم المقال (قد يعتمد على عنوان القالب)
شركة دهانات خارجية في أم صلال,https://www.rukn-eltatawer.com/qa/exterior-painting-umm-salal/,233,"critical_thin,template_boilerplate,local_doorway_variant,city_variant_similar,keyword_cannibalization,no_h1_in_body",محتوى هزيل جداً (233 كلمة) ؛ نفس الهيكل العناوين في 905 صفحة (hash cb24e6f8b3f9) ؛ صفحة مدينة×خدمة من مولّد الشبكة — تغطية محلية لكن خطر doorway/تكرار ؛ نفس جذع الخدمة `exterior-painting` على 9 URL ؛ لا H1 داخل جسم المقال (قد يعتمد على عنوان القالب)
شركة تصميم وتنفيذ ديكورات في الخور,https://www.rukn-eltatawer.com/qa/decor-design-al-khor/,215,"critical_thin,template_boilerplate,local_doorway_variant,keyword_cannibalization,no_h1_in_body",محتوى هزيل جداً (215 كلمة) ؛ نفس الهيكل العناوين في 868 صفحة (hash a6b89d30b159) ؛ صفحة مدينة×خدمة من مولّد الشبكة — تغطية محلية لكن خطر doorway/تكرار ؛ نفس جذع الخدمة `decor-design` على 9 URL ؛ لا H1 داخل جسم المقال (قد يعتمد على عنوان القالب)
شركة تصميم وتنفيذ ديكورات في أم صلال,https://www.rukn-eltatawer.com/qa/decor-design-umm-salal/,246,"critical_thin,template_boilerplate,local_doorway_variant,city_variant_similar,keyword_cannibalization,no_h1_in_body",محتوى هزيل جداً (246 كلمة) ؛ نفس الهيكل العناوين في 905 صفحة (hash cb24e6f8b3f9) ؛ صفحة مدينة×خدمة من مولّد الشبكة — تغطية محلية لكن خطر doorway/تكرار ؛ نفس جذع الخدمة `decor-design` على 9 URL ؛ لا H1 داخل جسم المقال (قد يعتمد على عنوان القالب)
شركة تنسيق حدائق في الخور,https://www.rukn-eltatawer.com/qa/landscaping-al-khor/,232,"critical_thin,template_boilerplate,local_doorway_variant,near_duplicate,keyword_cannibalization,no_h1_in_body",محتوى هزيل جداً (232 كلمة) ؛ نفس الهيكل العناوين في 905 صفحة (hash cb24e6f8b3f9) ؛ صفحة مدينة×خدمة من مولّد الشبكة — تغطية محلية لكن خطر doorway/تكرار ؛ تشابه SimHash مسافة 0 مع https://www.rukn-eltatawer.com/qa/natural-grass-cutting-al-khor/ ؛ نفس جذع الخدمة `landscaping` على 10 URL ؛ لا H1 داخل جسم المقال (قد يعتمد على عنوان القالب)
شركة تنسيق حدائق في أم صلال,https://www.rukn-eltatawer.com/qa/landscaping-umm-salal/,238,"critical_thin,template_boilerplate,local_doorway_variant,near_duplicate,keyword_cannibalization,no_h1_in_body",محتوى هزيل جداً (238 كلمة) ؛ نفس الهيكل العناوين في 905 صفحة (hash cb24e6f8b3f9) ؛ صفحة مدينة×خدمة من مولّد الشبكة — تغطية محلية لكن خطر doorway/تكرار ؛ تشابه SimHash مسافة 0 مع https://www.rukn-eltatawer.com/qa/automatic-irrigation-umm-salal/ ؛ نفس جذع الخدمة `landscaping` على 10 URL ؛ لا H1 داخل جسم المقال (قد يعتمد على عنوان القالب)
شركة تصميم حدائق داخلية في الخور,https://www.rukn-eltatawer.com/qa/indoor-garden-design-al-khor/,235,"critical_thin,template_boilerplate,local_doorway_variant,city_variant_similar,keyword_cannibalization,no_h1_in_body",محتوى هزيل جداً (235 كلمة) ؛ نفس الهيكل العناوين في 905 صفحة (hash cb24e6f8b3f9) ؛ صفحة مدينة×خدمة من مولّد الشبكة — تغطية محلية لكن خطر doorway/تكرار ؛ نفس جذع الخدمة `indoor-garden-design` على 9 URL ؛ لا H1 داخل جسم المقال (قد يعتمد على عنوان القالب)
شركة تصميم حدائق داخلية في أم صلال,https://www.rukn-eltatawer.com/qa/indoor-garden-design-umm-salal/,239,"critical_thin,template_boilerplate,local_doorway_variant,city_variant_similar,keyword_cannibalization,no_h1_in_body",محتوى هزيل جداً (239 كلمة) ؛ نفس الهيكل العناوين في 905 صفحة (hash cb24e6f8b3f9) ؛ صفحة مدينة×خدمة من مولّد الشبكة — تغطية محلية لكن خطر doorway/تكرار ؛ نفس جذع الخدمة `indoor-garden-design` على 9 URL ؛ لا H1 داخل جسم المقال (قد يعتمد على عنوان القالب)
شركة تصميم حدائق أسطح في الخور,https://www.rukn-eltatawer.com/qa/roof-garden-design-al-khor/,235,"critical_thin,template_boilerplate,local_doorway_variant,city_variant_similar,keyword_cannibalization,no_h1_in_body",محتوى هزيل جداً (235 كلمة) ؛ نفس الهيكل العناوين في 905 صفحة (hash cb24e6f8b3f9) ؛ صفحة مدينة×خدمة من مولّد الشبكة — تغطية محلية لكن خطر doorway/تكرار ؛ نفس جذع الخدمة `roof-garden-design` على 9 URL ؛ لا H1 داخل جسم المقال (قد يعتمد على عنوان القالب)
شركة تصميم حدائق أسطح في أم صلال,https://www.rukn-eltatawer.com/qa/roof-garden-design-umm-salal/,251,"critical_thin,template_boilerplate,local_doorway_variant,city_variant_similar,keyword_cannibalization,no_h1_in_body",محتوى هزيل جداً (251 كلمة) ؛ نفس الهيكل العناوين في 905 صفحة (hash cb24e6f8b3f9) ؛ صفحة مدينة×خدمة من مولّد الشبكة — تغطية محلية لكن خطر doorway/تكرار ؛ نفس جذع الخدمة `roof-garden-design` على 9 URL ؛ لا H1 داخل جسم المقال (قد يعتمد على عنوان القالب)
شركة قص عشب طبيعي في الخور,https://www.rukn-eltatawer.com/qa/natural-grass-cutting-al-khor/,233,"critical_thin,template_boilerplate,local_doorway_variant,city_variant_similar,keyword_cannibalization,no_h1_in_body",محتوى هزيل جداً (233 كلمة) ؛ نفس الهيكل العناوين في 905 صفحة (hash cb24e6f8b3f9) ؛ صفحة مدينة×خدمة من مولّد الشبكة — تغطية محلية لكن خطر doorway/تكرار ؛ نفس جذع الخدمة `natural-grass-cutting` على 9 URL ؛ لا H1 داخل جسم المقال (قد يعتمد على عنوان القالب)
شركة قص عشب طبيعي في أم صلال,https://www.rukn-eltatawer.com/qa/natural-grass-cutting-umm-salal/,233,"critical_thin,template_boilerplate,local_doorway_variant,city_variant_similar,keyword_cannibalization,no_h1_in_body",محتوى هزيل جداً (233 كلمة) ؛ نفس الهيكل العناوين في 868 صفحة (hash a6b89d30b159) ؛ صفحة مدينة×خدمة من مولّد الشبكة — تغطية محلية لكن خطر doorway/تكرار ؛ نفس جذع الخدمة `natural-grass-cutting` على 9 URL ؛ لا H1 داخل جسم المقال (قد يعتمد على عنوان القالب)
شركة زرع نخيل وأشجار في الخور,https://www.rukn-eltatawer.com/qa/palm-tree-planting-al-khor/,225,"critical_thin,template_boilerplate,local_doorway_variant,city_variant_similar,keyword_cannibalization,no_h1_in_body",محتوى هزيل جداً (225 كلمة) ؛ نفس الهيكل العناوين في 868 صفحة (hash a6b89d30b159) ؛ صفحة مدينة×خدمة من مولّد الشبكة — تغطية محلية لكن خطر doorway/تكرار ؛ نفس جذع الخدمة `palm-tree-planting` على 9 URL ؛ لا H1 داخل جسم المقال (قد يعتمد على عنوان القالب)
شركة زرع نخيل وأشجار في أم صلال,https://www.rukn-eltatawer.com/qa/palm-tree-planting-umm-salal/,251,"critical_thin,template_boilerplate,local_doorway_variant,city_variant_similar,keyword_cannibalization,no_h1_in_body",محتوى هزيل جداً (251 كلمة) ؛ نفس الهيكل العناوين في 905 صفحة (hash cb24e6f8b3f9) ؛ صفحة مدينة×خدمة من مولّد الشبكة — تغطية محلية لكن خطر doorway/تكرار ؛ نفس جذع الخدمة `palm-tree-planting` على 9 URL ؛ لا H1 داخل جسم المقال (قد يعتمد على عنوان القالب)
شركة تركيب شبكات ري حديثة في الخور,https://www.rukn-eltatawer.com/qa/modern-irrigation-al-khor/,234,"critical_thin,template_boilerplate,local_doorway_variant,city_variant_similar,keyword_cannibalization,no_h1_in_body",محتوى هزيل جداً (234 كلمة) ؛ نفس الهيكل العناوين في 905 صفحة (hash cb24e6f8b3f9) ؛ صفحة مدينة×خدمة من مولّد الشبكة — تغطية محلية لكن خطر doorway/تكرار ؛ نفس جذع الخدمة `modern-irrigation` على 9 URL ؛ لا H1 داخل جسم المقال (قد يعتمد على عنوان القالب)
شركة تركيب شبكات ري حديثة في أم صلال,https://www.rukn-eltatawer.com/qa/modern-irrigation-umm-salal/,246,"critical_thin,template_boilerplate,local_doorway_variant,city_variant_similar,keyword_cannibalization,no_h1_in_body",محتوى هزيل جداً (246 كلمة) ؛ نفس الهيكل العناوين في 905 صفحة (hash cb24e6f8b3f9) ؛ صفحة مدينة×خدمة من مولّد الشبكة — تغطية محلية لكن خطر doorway/تكرار ؛ نفس جذع الخدمة `modern-irrigation` على 9 URL ؛ لا H1 داخل جسم المقال (قد يعتمد على عنوان القالب)
شركة تركيب شبكات ري أوتوماتيكية في الخور,https://www.rukn-eltatawer.com/qa/automatic-irrigation-al-khor/,224,"critical_thin,template_boilerplate,local_doorway_variant,city_variant_similar,keyword_cannibalization,no_h1_in_body",محتوى هزيل جداً (224 كلمة) ؛ نفس الهيكل العناوين في 868 صفحة (hash a6b89d30b159) ؛ صفحة مدينة×خدمة من مولّد الشبكة — تغطية محلية لكن خطر doorway/تكرار ؛ نفس جذع الخدمة `automatic-irrigation` على 9 URL ؛ لا H1 داخل جسم المقال (قد يعتمد على عنوان القالب)
شركة تركيب شبكات ري أوتوماتيكية في أم صلال,https://www.rukn-eltatawer.com/qa/automatic-irrigation-umm-salal/,240,"critical_thin,template_boilerplate,local_doorway_variant,city_variant_similar,keyword_cannibalization,no_h1_in_body",محتوى هزيل جداً (240 كلمة) ؛ نفس الهيكل العناوين في 905 صفحة (hash cb24e6f8b3f9) ؛ صفحة مدينة×خدمة من مولّد الشبكة — تغطية محلية لكن خطر doorway/تكرار ؛ نفس جذع الخدمة `automatic-irrigation` على 9 URL ؛ لا H1 داخل جسم المقال (قد يعتمد على عنوان القالب)
شركة تركيب عشب صناعي في الخور,https://www.rukn-eltatawer.com/qa/artificial-grass-grdn-al-khor/,218,"critical_thin,template_boilerplate,local_doorway_variant,city_variant_similar,keyword_cannibalization,no_h1_in_body",محتوى هزيل جداً (218 كلمة) ؛ نفس الهيكل العناوين في 868 صفحة (hash a6b89d30b159) ؛ صفحة مدينة×خدمة من مولّد الشبكة — تغطية محلية لكن خطر doorway/تكرار ؛ نفس جذع الخدمة `artificial-grass-grdn` على 9 URL ؛ لا H1 داخل جسم المقال (قد يعتمد على عنوان القالب)
شركة تركيب عشب صناعي في أم صلال,https://www.rukn-eltatawer.com/qa/artificial-grass-grdn-umm-salal/,251,"critical_thin,template_boilerplate,local_doorway_variant,city_variant_similar,keyword_cannibalization,no_h1_in_body",محتوى هزيل جداً (251 كلمة) ؛ نفس الهيكل العناوين في 905 صفحة (hash cb24e6f8b3f9) ؛ صفحة مدينة×خدمة من مولّد الشبكة — تغطية محلية لكن خطر doorway/تكرار ؛ نفس جذع الخدمة `artificial-grass-grdn` على 9 URL ؛ لا H1 داخل جسم المقال (قد يعتمد على عنوان القالب)
شركة تركيب عشب جداري في الخور,https://www.rukn-eltatawer.com/qa/wall-grass-al-khor/,218,"critical_thin,template_boilerplate,local_doorway_variant,city_variant_similar,keyword_cannibalization,no_h1_in_body",محتوى هزيل جداً (218 كلمة) ؛ نفس الهيكل العناوين في 868 صفحة (hash a6b89d30b159) ؛ صفحة مدينة×خدمة من مولّد الشبكة — تغطية محلية لكن خطر doorway/تكرار ؛ نفس جذع الخدمة `wall-grass` على 9 URL ؛ لا H1 داخل جسم المقال (قد يعتمد على عنوان القالب)
شركة تركيب عشب جداري في أم صلال,https://www.rukn-eltatawer.com/qa/wall-grass-umm-salal/,239,"critical_thin,template_boilerplate,local_doorway_variant,city_variant_similar,keyword_cannibalization,no_h1_in_body",محتوى هزيل جداً (239 كلمة) ؛ نفس الهيكل العناوين في 905 صفحة (hash cb24e6f8b3f9) ؛ صفحة مدينة×خدمة من مولّد الشبكة — تغطية محلية لكن خطر doorway/تكرار ؛ نفس جذع الخدمة `wall-grass` على 9 URL ؛ لا H1 داخل جسم المقال (قد يعتمد على عنوان القالب)
شركة إنشاء جلسات حدائق في الخور,https://www.rukn-eltatawer.com/qa/garden-seating-al-khor/,233,"critical_thin,template_boilerplate,local_doorway_variant,city_variant_similar,keyword_cannibalization,no_h1_in_body",محتوى هزيل جداً (233 كلمة) ؛ نفس الهيكل العناوين في 905 صفحة (hash cb24e6f8b3f9) ؛ صفحة مدينة×خدمة من مولّد الشبكة — تغطية محلية لكن خطر doorway/تكرار ؛ نفس جذع الخدمة `garden-seating` على 9 URL ؛ لا H1 داخل جسم المقال (قد يعتمد على عنوان القالب)
شركة إنشاء جلسات حدائق في أم صلال,https://www.rukn-eltatawer.com/qa/garden-seating-umm-salal/,227,"critical_thin,template_boilerplate,local_doorway_variant,keyword_cannibalization,no_h1_in_body",محتوى هزيل جداً (227 كلمة) ؛ نفس الهيكل العناوين في 868 صفحة (hash a6b89d30b159) ؛ صفحة مدينة×خدمة من مولّد الشبكة — تغطية محلية لكن خطر doorway/تكرار ؛ نفس جذع الخدمة `garden-seating` على 9 URL ؛ لا H1 داخل جسم المقال (قد يعتمد على عنوان القالب)
شركة تركيب برجولات في الخور,https://www.rukn-eltatawer.com/qa/pergola-installation-al-khor/,227,"critical_thin,template_boilerplate,local_doorway_variant,city_variant_similar,keyword_cannibalization,no_h1_in_body",محتوى هزيل جداً (227 كلمة) ؛ نفس الهيكل العناوين في 905 صفحة (hash cb24e6f8b3f9) ؛ صفحة مدينة×خدمة من مولّد الشبكة — تغطية محلية لكن خطر doorway/تكرار ؛ نفس جذع الخدمة `pergola-installation` على 9 URL ؛ لا H1 داخل جسم المقال (قد يعتمد على عنوان القالب)
شركة تركيب برجولات في أم صلال,https://www.rukn-eltatawer.com/qa/pergola-installation-umm-salal/,238,"critical_thin,template_boilerplate,local_doorway_variant,city_variant_similar,keyword_cannibalization,no_h1_in_body",محتوى هزيل جداً (238 كلمة) ؛ نفس الهيكل العناوين في 868 صفحة (hash a6b89d30b159) ؛ صفحة مدينة×خدمة من مولّد الشبكة — تغطية محلية لكن خطر doorway/تكرار ؛ نفس جذع الخدمة `pergola-installation` على 9 URL ؛ لا H1 داخل جسم المقال (قد يعتمد على عنوان القالب)
شركة تركيب عرائش خشبية في الخور,https://www.rukn-eltatawer.com/qa/wooden-arbor-installation-al-khor/,218,"critical_thin,template_boilerplate,local_doorway_variant,city_variant_similar,keyword_cannibalization,no_h1_in_body",محتوى هزيل جداً (218 كلمة) ؛ نفس الهيكل العناوين في 868 صفحة (hash a6b89d30b159) ؛ صفحة مدينة×خدمة من مولّد الشبكة — تغطية محلية لكن خطر doorway/تكرار ؛ نفس جذع الخدمة `wooden-arbor-installation` على 9 URL ؛ لا H1 داخل جسم المقال (قد يعتمد على عنوان القالب)
شركة تركيب عرائش خشبية في أم صلال,https://www.rukn-eltatawer.com/qa/wooden-arbor-installation-umm-salal/,239,"critical_thin,template_boilerplate,local_doorway_variant,city_variant_similar,keyword_cannibalization,no_h1_in_body",محتوى هزيل جداً (239 كلمة) ؛ نفس الهيكل العناوين في 868 صفحة (hash a6b89d30b159) ؛ صفحة مدينة×خدمة من مولّد الشبكة — تغطية محلية لكن خطر doorway/تكرار ؛ نفس جذع الخدمة `wooden-arbor-installation` على 9 URL ؛ لا H1 داخل جسم المقال (قد يعتمد على عنوان القالب)
شركة إنشاء ممرات حجرية في الخور,https://www.rukn-eltatawer.com/qa/stone-pathway-al-khor/,228,"critical_thin,template_boilerplate,local_doorway_variant,city_variant_similar,keyword_cannibalization,no_h1_in_body",محتوى هزيل جداً (228 كلمة) ؛ نفس الهيكل العناوين في 905 صفحة (hash cb24e6f8b3f9) ؛ صفحة مدينة×خدمة من مولّد الشبكة — تغطية محلية لكن خطر doorway/تكرار ؛ نفس جذع الخدمة `stone-pathway` على 9 URL ؛ لا H1 داخل جسم المقال (قد يعتمد على عنوان القالب)
شركة إنشاء ممرات حجرية في أم صلال,https://www.rukn-eltatawer.com/qa/stone-pathway-umm-salal/,233,"critical_thin,template_boilerplate,local_doorway_variant,city_variant_similar,keyword_cannibalization,no_h1_in_body",محتوى هزيل جداً (233 كلمة) ؛ نفس الهيكل العناوين في 868 صفحة (hash a6b89d30b159) ؛ صفحة مدينة×خدمة من مولّد الشبكة — تغطية محلية لكن خطر doorway/تكرار ؛ نفس جذع الخدمة `stone-pathway` على 9 URL ؛ لا H1 داخل جسم المقال (قد يعتمد على عنوان القالب)
شركة تركيب شلالات اصطناعية في الخور,https://www.rukn-eltatawer.com/qa/artificial-waterfall-al-khor/,223,"critical_thin,template_boilerplate,local_doorway_variant,city_variant_similar,keyword_cannibalization,no_h1_in_body",محتوى هزيل جداً (223 كلمة) ؛ نفس الهيكل العناوين في 868 صفحة (hash a6b89d30b159) ؛ صفحة مدينة×خدمة من مولّد الشبكة — تغطية محلية لكن خطر doorway/تكرار ؛ نفس جذع الخدمة `artificial-waterfall` على 9 URL ؛ لا H1 داخل جسم المقال (قد يعتمد على عنوان القالب)
شركة تركيب شلالات اصطناعية في أم صلال,https://www.rukn-eltatawer.com/qa/artificial-waterfall-umm-salal/,245,"critical_thin,template_boilerplate,local_doorway_variant,city_variant_similar,keyword_cannibalization,no_h1_in_body",محتوى هزيل جداً (245 كلمة) ؛ نفس الهيكل العناوين في 905 صفحة (hash cb24e6f8b3f9) ؛ صفحة مدينة×خدمة من مولّد الشبكة — تغطية محلية لكن خطر doorway/تكرار ؛ نفس جذع الخدمة `artificial-waterfall` على 9 URL ؛ لا H1 داخل جسم المقال (قد يعتمد على عنوان القالب)
شركة تركيب نوافير جدارية في الخور,https://www.rukn-eltatawer.com/qa/wall-fountain-al-khor/,228,"critical_thin,template_boilerplate,local_doorway_variant,city_variant_similar,keyword_cannibalization,no_h1_in_body",محتوى هزيل جداً (228 كلمة) ؛ نفس الهيكل العناوين في 905 صفحة (hash cb24e6f8b3f9) ؛ صفحة مدينة×خدمة من مولّد الشبكة — تغطية محلية لكن خطر doorway/تكرار ؛ نفس جذع الخدمة `wall-fountain` على 9 URL ؛ لا H1 داخل جسم المقال (قد يعتمد على عنوان القالب)
شركة تركيب نوافير جدارية في أم صلال,https://www.rukn-eltatawer.com/qa/wall-fountain-umm-salal/,233,"critical_thin,template_boilerplate,local_doorway_variant,city_variant_similar,keyword_cannibalization,no_h1_in_body",محتوى هزيل جداً (233 كلمة) ؛ نفس الهيكل العناوين في 868 صفحة (hash a6b89d30b159) ؛ صفحة مدينة×خدمة من مولّد الشبكة — تغطية محلية لكن خطر doorway/تكرار ؛ نفس جذع الخدمة `wall-fountain` على 9 URL ؛ لا H1 داخل جسم المقال (قد يعتمد على عنوان القالب)
شركة نقل أثاث داخلي في الخور,https://www.rukn-eltatawer.com/qa/indoor-moving-al-khor/,227,"critical_thin,template_boilerplate,local_doorway_variant,city_variant_similar,keyword_cannibalization,no_h1_in_body",محتوى هزيل جداً (227 كلمة) ؛ نفس الهيكل العناوين في 868 صفحة (hash a6b89d30b159) ؛ صفحة مدينة×خدمة من مولّد الشبكة — تغطية محلية لكن خطر doorway/تكرار ؛ نفس جذع الخدمة `indoor-moving` على 9 URL ؛ لا H1 داخل جسم المقال (قد يعتمد على عنوان القالب)
شركة نقل أثاث داخلي في أم صلال,https://www.rukn-eltatawer.com/qa/indoor-moving-umm-salal/,247,"critical_thin,template_boilerplate,local_doorway_variant,city_variant_similar,keyword_cannibalization,no_h1_in_body",محتوى هزيل جداً (247 كلمة) ؛ نفس الهيكل العناوين في 905 صفحة (hash cb24e6f8b3f9) ؛ صفحة مدينة×خدمة من مولّد الشبكة — تغطية محلية لكن خطر doorway/تكرار ؛ نفس جذع الخدمة `indoor-moving` على 9 URL ؛ لا H1 داخل جسم المقال (قد يعتمد على عنوان القالب)
شركة نقل أثاث خارجي في الخور,https://www.rukn-eltatawer.com/qa/outdoor-moving-al-khor/,237,"critical_thin,template_boilerplate,local_doorway_variant,keyword_cannibalization,no_h1_in_body",محتوى هزيل جداً (237 كلمة) ؛ نفس الهيكل العناوين في 905 صفحة (hash cb24e6f8b3f9) ؛ صفحة مدينة×خدمة من مولّد الشبكة — تغطية محلية لكن خطر doorway/تكرار ؛ نفس جذع الخدمة `outdoor-moving` على 9 URL ؛ لا H1 داخل جسم المقال (قد يعتمد على عنوان القالب)
شركة نقل أثاث خارجي في أم صلال,https://www.rukn-eltatawer.com/qa/outdoor-moving-umm-salal/,241,"critical_thin,template_boilerplate,local_doorway_variant,city_variant_similar,keyword_cannibalization,no_h1_in_body",محتوى هزيل جداً (241 كلمة) ؛ نفس الهيكل العناوين في 905 صفحة (hash cb24e6f8b3f9) ؛ صفحة مدينة×خدمة من مولّد الشبكة — تغطية محلية لكن خطر doorway/تكرار ؛ نفس جذع الخدمة `outdoor-moving` على 9 URL ؛ لا H1 داخل جسم المقال (قد يعتمد على عنوان القالب)
شركة نقل عفش مع التغليف في الخور,https://www.rukn-eltatawer.com/qa/furniture-moving-packaging-al-khor/,231,"critical_thin,template_boilerplate,local_doorway_variant,city_variant_similar,keyword_cannibalization,no_h1_in_body",محتوى هزيل جداً (231 كلمة) ؛ نفس الهيكل العناوين في 905 صفحة (hash cb24e6f8b3f9) ؛ صفحة مدينة×خدمة من مولّد الشبكة — تغطية محلية لكن خطر doorway/تكرار ؛ نفس جذع الخدمة `furniture-moving-packaging` على 9 URL ؛ لا H1 داخل جسم المقال (قد يعتمد على عنوان القالب)
شركة نقل عفش مع التغليف في أم صلال,https://www.rukn-eltatawer.com/qa/furniture-moving-packaging-umm-salal/,254,"critical_thin,template_boilerplate,local_doorway_variant,city_variant_similar,keyword_cannibalization,no_h1_in_body",محتوى هزيل جداً (254 كلمة) ؛ نفس الهيكل العناوين في 905 صفحة (hash cb24e6f8b3f9) ؛ صفحة مدينة×خدمة من مولّد الشبكة — تغطية محلية لكن خطر doorway/تكرار ؛ نفس جذع الخدمة `furniture-moving-packaging` على 9 URL ؛ لا H1 داخل جسم المقال (قد يعتمد على عنوان القالب)
شركة تغليف أثاث احترافي في الخور,https://www.rukn-eltatawer.com/qa/furniture-packaging-al-khor/,227,"critical_thin,template_boilerplate,local_doorway_variant,keyword_cannibalization,no_h1_in_body",محتوى هزيل جداً (227 كلمة) ؛ نفس الهيكل العناوين في 868 صفحة (hash a6b89d30b159) ؛ صفحة مدينة×خدمة من مولّد الشبكة — تغطية محلية لكن خطر doorway/تكرار ؛ نفس جذع الخدمة `furniture-packaging` على 9 URL ؛ لا H1 داخل جسم المقال (قد يعتمد على عنوان القالب)
شركة تغليف أثاث احترافي في أم صلال,https://www.rukn-eltatawer.com/qa/furniture-packaging-umm-salal/,229,"critical_thin,template_boilerplate,local_doorway_variant,city_variant_similar,keyword_cannibalization,no_h1_in_body",محتوى هزيل جداً (229 كلمة) ؛ نفس الهيكل العناوين في 868 صفحة (hash a6b89d30b159) ؛ صفحة مدينة×خدمة من مولّد الشبكة — تغطية محلية لكن خطر doorway/تكرار ؛ نفس جذع الخدمة `furniture-packaging` على 9 URL ؛ لا H1 داخل جسم المقال (قد يعتمد على عنوان القالب)
شركة تركيب وفك الأثاث في الخور,https://www.rukn-eltatawer.com/qa/furniture-assembly-al-khor/,230,"critical_thin,template_boilerplate,local_doorway_variant,keyword_cannibalization,no_h1_in_body",محتوى هزيل جداً (230 كلمة) ؛ نفس الهيكل العناوين في 905 صفحة (hash cb24e6f8b3f9) ؛ صفحة مدينة×خدمة من مولّد الشبكة — تغطية محلية لكن خطر doorway/تكرار ؛ نفس جذع الخدمة `furniture-assembly` على 9 URL ؛ لا H1 داخل جسم المقال (قد يعتمد على عنوان القالب)
شركة تركيب وفك الأثاث في أم صلال,https://www.rukn-eltatawer.com/qa/furniture-assembly-umm-salal/,229,"critical_thin,template_boilerplate,local_doorway_variant,city_variant_similar,keyword_cannibalization,no_h1_in_body",محتوى هزيل جداً (229 كلمة) ؛ نفس الهيكل العناوين في 868 صفحة (hash a6b89d30b159) ؛ صفحة مدينة×خدمة من مولّد الشبكة — تغطية محلية لكن خطر doorway/تكرار ؛ نفس جذع الخدمة `furniture-assembly` على 9 URL ؛ لا H1 داخل جسم المقال (قد يعتمد على عنوان القالب)
شركة تخزين أثاث في الخور,https://www.rukn-eltatawer.com/qa/furniture-storage-al-khor/,226,"critical_thin,template_boilerplate,local_doorway_variant,city_variant_similar,keyword_cannibalization,no_h1_in_body",محتوى هزيل جداً (226 كلمة) ؛ نفس الهيكل العناوين في 868 صفحة (hash a6b89d30b159) ؛ صفحة مدينة×خدمة من مولّد الشبكة — تغطية محلية لكن خطر doorway/تكرار ؛ نفس جذع الخدمة `furniture-storage` على 9 URL ؛ لا H1 داخل جسم المقال (قد يعتمد على عنوان القالب)
شركة تخزين أثاث في أم صلال,https://www.rukn-eltatawer.com/qa/furniture-storage-umm-salal/,228,"critical_thin,template_boilerplate,local_doorway_variant,city_variant_similar,keyword_cannibalization,no_h1_in_body",محتوى هزيل جداً (228 كلمة) ؛ نفس الهيكل العناوين في 868 صفحة (hash a6b89d30b159) ؛ صفحة مدينة×خدمة من مولّد الشبكة — تغطية محلية لكن خطر doorway/تكرار ؛ نفس جذع الخدمة `furniture-storage` على 9 URL ؛ لا H1 داخل جسم المقال (قد يعتمد على عنوان القالب)
شركة تركيب أنظمة طاقة شمسية في الخور,https://www.rukn-eltatawer.com/qa/solar-systems-installation-al-khor/,227,"critical_thin,template_boilerplate,local_doorway_variant,keyword_cannibalization,no_h1_in_body",محتوى هزيل جداً (227 كلمة) ؛ نفس الهيكل العناوين في 868 صفحة (hash a6b89d30b159) ؛ صفحة مدينة×خدمة من مولّد الشبكة — تغطية محلية لكن خطر doorway/تكرار ؛ نفس جذع الخدمة `solar-systems-installation` على 9 URL ؛ لا H1 داخل جسم المقال (قد يعتمد على عنوان القالب)
شركة تركيب أنظمة طاقة شمسية في أم صلال,https://www.rukn-eltatawer.com/qa/solar-systems-installation-umm-salal/,243,"critical_thin,template_boilerplate,local_doorway_variant,keyword_cannibalization,no_h1_in_body",محتوى هزيل جداً (243 كلمة) ؛ نفس الهيكل العناوين في 905 صفحة (hash cb24e6f8b3f9) ؛ صفحة مدينة×خدمة من مولّد الشبكة — تغطية محلية لكن خطر doorway/تكرار ؛ نفس جذع الخدمة `solar-systems-installation` على 9 URL ؛ لا H1 داخل جسم المقال (قد يعتمد على عنوان القالب)
شركة تركيب سخانات طاقة شمسية في الخور,https://www.rukn-eltatawer.com/qa/solar-water-heaters-al-khor/,227,"critical_thin,template_boilerplate,local_doorway_variant,city_variant_similar,keyword_cannibalization,no_h1_in_body",محتوى هزيل جداً (227 كلمة) ؛ نفس الهيكل العناوين في 868 صفحة (hash a6b89d30b159) ؛ صفحة مدينة×خدمة من مولّد الشبكة — تغطية محلية لكن خطر doorway/تكرار ؛ نفس جذع الخدمة `solar-water-heaters` على 9 URL ؛ لا H1 داخل جسم المقال (قد يعتمد على عنوان القالب)
شركة تركيب سخانات طاقة شمسية في أم صلال,https://www.rukn-eltatawer.com/qa/solar-water-heaters-umm-salal/,255,"critical_thin,template_boilerplate,local_doorway_variant,city_variant_similar,keyword_cannibalization,no_h1_in_body",محتوى هزيل جداً (255 كلمة) ؛ نفس الهيكل العناوين في 905 صفحة (hash cb24e6f8b3f9) ؛ صفحة مدينة×خدمة من مولّد الشبكة — تغطية محلية لكن خطر doorway/تكرار ؛ نفس جذع الخدمة `solar-water-heaters` على 9 URL ؛ لا H1 داخل جسم المقال (قد يعتمد على عنوان القالب)
شركة مكافحة النمل الأسود والأحمر في الخور,https://www.rukn-eltatawer.com/qa/ant-control-al-khor/,228,"critical_thin,template_boilerplate,local_doorway_variant,city_variant_similar,keyword_cannibalization,no_h1_in_body",محتوى هزيل جداً (228 كلمة) ؛ نفس الهيكل العناوين في 868 صفحة (hash a6b89d30b159) ؛ صفحة مدينة×خدمة من مولّد الشبكة — تغطية محلية لكن خطر doorway/تكرار ؛ نفس جذع الخدمة `ant-control` على 9 URL ؛ لا H1 داخل جسم المقال (قد يعتمد على عنوان القالب)
شركة مكافحة النمل الأسود والأحمر في أم صلال,https://www.rukn-eltatawer.com/qa/ant-control-umm-salal/,247,"critical_thin,template_boilerplate,local_doorway_variant,keyword_cannibalization,no_h1_in_body",محتوى هزيل جداً (247 كلمة) ؛ نفس الهيكل العناوين في 905 صفحة (hash cb24e6f8b3f9) ؛ صفحة مدينة×خدمة من مولّد الشبكة — تغطية محلية لكن خطر doorway/تكرار ؛ نفس جذع الخدمة `ant-control` على 9 URL ؛ لا H1 داخل جسم المقال (قد يعتمد على عنوان القالب)
شركة مكافحة بق الفراش في الخور,https://www.rukn-eltatawer.com/qa/bed-bug-control-al-khor/,227,"critical_thin,template_boilerplate,local_doorway_variant,near_duplicate,keyword_cannibalization,no_h1_in_body",محتوى هزيل جداً (227 كلمة) ؛ نفس الهيكل العناوين في 868 صفحة (hash a6b89d30b159) ؛ صفحة مدينة×خدمة من مولّد الشبكة — تغطية محلية لكن خطر doorway/تكرار ؛ تشابه SimHash مسافة 0 مع https://www.rukn-eltatawer.com/qa/ant-control-al-khor/ ؛ نفس جذع الخدمة `bed-bug-control` على 10 URL ؛ لا H1 داخل جسم المقال (قد يعتمد على عنوان القالب)
شركة مكافحة بق الفراش في أم صلال,https://www.rukn-eltatawer.com/qa/bed-bug-control-umm-salal/,252,"critical_thin,template_boilerplate,local_doorway_variant,near_duplicate,keyword_cannibalization,no_h1_in_body",محتوى هزيل جداً (252 كلمة) ؛ نفس الهيكل العناوين في 905 صفحة (hash cb24e6f8b3f9) ؛ صفحة مدينة×خدمة من مولّد الشبكة — تغطية محلية لكن خطر doorway/تكرار ؛ تشابه SimHash مسافة 0 مع https://www.rukn-eltatawer.com/qa/cockroach-control-umm-salal/ ؛ نفس جذع الخدمة `bed-bug-control` على 10 URL ؛ لا H1 داخل جسم المقال (قد يعتمد على عنوان القالب)
شركة مكافحة الفئران والقوارض في الخور,https://www.rukn-eltatawer.com/qa/rodent-control-al-khor/,242,"critical_thin,template_boilerplate,local_doorway_variant,city_variant_similar,keyword_cannibalization,no_h1_in_body",محتوى هزيل جداً (242 كلمة) ؛ نفس الهيكل العناوين في 905 صفحة (hash cb24e6f8b3f9) ؛ صفحة مدينة×خدمة من مولّد الشبكة — تغطية محلية لكن خطر doorway/تكرار ؛ نفس جذع الخدمة `rodent-control` على 9 URL ؛ لا H1 داخل جسم المقال (قد يعتمد على عنوان القالب)
شركة مكافحة الفئران والقوارض في أم صلال,https://www.rukn-eltatawer.com/qa/rodent-control-umm-salal/,246,"critical_thin,template_boilerplate,local_doorway_variant,keyword_cannibalization,no_h1_in_body",محتوى هزيل جداً (246 كلمة) ؛ نفس الهيكل العناوين في 868 صفحة (hash a6b89d30b159) ؛ صفحة مدينة×خدمة من مولّد الشبكة — تغطية محلية لكن خطر doorway/تكرار ؛ نفس جذع الخدمة `rodent-control` على 9 URL ؛ لا H1 داخل جسم المقال (قد يعتمد على عنوان القالب)
شركة مكافحة الأفاعي في الخور,https://www.rukn-eltatawer.com/qa/snake-control-al-khor/,241,"critical_thin,template_boilerplate,local_doorway_variant,city_variant_similar,keyword_cannibalization,no_h1_in_body",محتوى هزيل جداً (241 كلمة) ؛ نفس الهيكل العناوين في 905 صفحة (hash cb24e6f8b3f9) ؛ صفحة مدينة×خدمة من مولّد الشبكة — تغطية محلية لكن خطر doorway/تكرار ؛ نفس جذع الخدمة `snake-control` على 9 URL ؛ لا H1 داخل جسم المقال (قد يعتمد على عنوان القالب)
شركة مكافحة الأفاعي في أم صلال,https://www.rukn-eltatawer.com/qa/snake-control-umm-salal/,233,"critical_thin,template_boilerplate,local_doorway_variant,city_variant_similar,keyword_cannibalization,no_h1_in_body",محتوى هزيل جداً (233 كلمة) ؛ نفس الهيكل العناوين في 868 صفحة (hash a6b89d30b159) ؛ صفحة مدينة×خدمة من مولّد الشبكة — تغطية محلية لكن خطر doorway/تكرار ؛ نفس جذع الخدمة `snake-control` على 9 URL ؛ لا H1 داخل جسم المقال (قد يعتمد على عنوان القالب)
شركة مكافحة العقارب في الخور,https://www.rukn-eltatawer.com/qa/scorpion-control-al-khor/,233,"critical_thin,template_boilerplate,local_doorway_variant,city_variant_similar,keyword_cannibalization,no_h1_in_body",محتوى هزيل جداً (233 كلمة) ؛ نفس الهيكل العناوين في 868 صفحة (hash a6b89d30b159) ؛ صفحة مدينة×خدمة من مولّد الشبكة — تغطية محلية لكن خطر doorway/تكرار ؛ نفس جذع الخدمة `scorpion-control` على 9 URL ؛ لا H1 داخل جسم المقال (قد يعتمد على عنوان القالب)
شركة مكافحة العقارب في أم صلال,https://www.rukn-eltatawer.com/qa/scorpion-control-umm-salal/,239,"critical_thin,template_boilerplate,local_doorway_variant,city_variant_similar,keyword_cannibalization,no_h1_in_body",محتوى هزيل جداً (239 كلمة) ؛ نفس الهيكل العناوين في 868 صفحة (hash a6b89d30b159) ؛ صفحة مدينة×خدمة من مولّد الشبكة — تغطية محلية لكن خطر doorway/تكرار ؛ نفس جذع الخدمة `scorpion-control` على 9 URL ؛ لا H1 داخل جسم المقال (قد يعتمد على عنوان القالب)
شركة مكافحة البراغيث في الخور,https://www.rukn-eltatawer.com/qa/flea-control-al-khor/,226,"critical_thin,template_boilerplate,local_doorway_variant,city_variant_similar,keyword_cannibalization,no_h1_in_body",محتوى هزيل جداً (226 كلمة) ؛ نفس الهيكل العناوين في 868 صفحة (hash a6b89d30b159) ؛ صفحة مدينة×خدمة من مولّد الشبكة — تغطية محلية لكن خطر doorway/تكرار ؛ نفس جذع الخدمة `flea-control` على 9 URL ؛ لا H1 داخل جسم المقال (قد يعتمد على عنوان القالب)
شركة مكافحة البراغيث في أم صلال,https://www.rukn-eltatawer.com/qa/flea-control-umm-salal/,251,"critical_thin,template_boilerplate,local_doorway_variant,city_variant_similar,keyword_cannibalization,no_h1_in_body",محتوى هزيل جداً (251 كلمة) ؛ نفس الهيكل العناوين في 905 صفحة (hash cb24e6f8b3f9) ؛ صفحة مدينة×خدمة من مولّد الشبكة — تغطية محلية لكن خطر doorway/تكرار ؛ نفس جذع الخدمة `flea-control` على 9 URL ؛ لا H1 داخل جسم المقال (قد يعتمد على عنوان القالب)
شركة مكافحة الوزغ (البرص) في الخور,https://www.rukn-eltatawer.com/qa/lizard-control-al-khor/,237,"critical_thin,template_boilerplate,local_doorway_variant,city_variant_similar,keyword_cannibalization,no_h1_in_body",محتوى هزيل جداً (237 كلمة) ؛ نفس الهيكل العناوين في 905 صفحة (hash cb24e6f8b3f9) ؛ صفحة مدينة×خدمة من مولّد الشبكة — تغطية محلية لكن خطر doorway/تكرار ؛ نفس جذع الخدمة `lizard-control` على 9 URL ؛ لا H1 داخل جسم المقال (قد يعتمد على عنوان القالب)
شركة مكافحة الوزغ (البرص) في أم صلال,https://www.rukn-eltatawer.com/qa/lizard-control-umm-salal/,252,"critical_thin,template_boilerplate,local_doorway_variant,city_variant_similar,keyword_cannibalization,no_h1_in_body",محتوى هزيل جداً (252 كلمة) ؛ نفس الهيكل العناوين في 905 صفحة (hash cb24e6f8b3f9) ؛ صفحة مدينة×خدمة من مولّد الشبكة — تغطية محلية لكن خطر doorway/تكرار ؛ نفس جذع الخدمة `lizard-control` على 9 URL ؛ لا H1 داخل جسم المقال (قد يعتمد على عنوان القالب)
شركة مكافحة الطيور في الخور,https://www.rukn-eltatawer.com/qa/bird-control-al-khor/,243,"critical_thin,template_boilerplate,local_doorway_variant,city_variant_similar,keyword_cannibalization,no_h1_in_body",محتوى هزيل جداً (243 كلمة) ؛ نفس الهيكل العناوين في 905 صفحة (hash cb24e6f8b3f9) ؛ صفحة مدينة×خدمة من مولّد الشبكة — تغطية محلية لكن خطر doorway/تكرار ؛ نفس جذع الخدمة `bird-control` على 9 URL ؛ لا H1 داخل جسم المقال (قد يعتمد على عنوان القالب)
شركة مكافحة الطيور في أم صلال,https://www.rukn-eltatawer.com/qa/bird-control-umm-salal/,239,"critical_thin,template_boilerplate,local_doorway_variant,city_variant_similar,keyword_cannibalization,no_h1_in_body",محتوى هزيل جداً (239 كلمة) ؛ نفس الهيكل العناوين في 868 صفحة (hash a6b89d30b159) ؛ صفحة مدينة×خدمة من مولّد الشبكة — تغطية محلية لكن خطر doorway/تكرار ؛ نفس جذع الخدمة `bird-control` على 9 URL ؛ لا H1 داخل جسم المقال (قد يعتمد على عنوان القالب)
شركة مكافحة البعوض والذباب في الخور,https://www.rukn-eltatawer.com/qa/mosquito-fly-control-al-khor/,244,"critical_thin,template_boilerplate,local_doorway_variant,city_variant_similar,keyword_cannibalization,no_h1_in_body",محتوى هزيل جداً (244 كلمة) ؛ نفس الهيكل العناوين في 905 صفحة (hash cb24e6f8b3f9) ؛ صفحة مدينة×خدمة من مولّد الشبكة — تغطية محلية لكن خطر doorway/تكرار ؛ نفس جذع الخدمة `mosquito-fly-control` على 9 URL ؛ لا H1 داخل جسم المقال (قد يعتمد على عنوان القالب)
شركة مكافحة البعوض والذباب في أم صلال,https://www.rukn-eltatawer.com/qa/mosquito-fly-control-umm-salal/,240,"critical_thin,template_boilerplate,local_doorway_variant,city_variant_similar,keyword_cannibalization,no_h1_in_body",محتوى هزيل جداً (240 كلمة) ؛ نفس الهيكل العناوين في 868 صفحة (hash a6b89d30b159) ؛ صفحة مدينة×خدمة من مولّد الشبكة — تغطية محلية لكن خطر doorway/تكرار ؛ نفس جذع الخدمة `mosquito-fly-control` على 9 URL ؛ لا H1 داخل جسم المقال (قد يعتمد على عنوان القالب)
شركة تركيب شبك طارد للحمام في الخور,https://www.rukn-eltatawer.com/qa/pigeon-net-installation-al-khor/,235,"critical_thin,template_boilerplate,local_doorway_variant,city_variant_similar,keyword_cannibalization,no_h1_in_body",محتوى هزيل جداً (235 كلمة) ؛ نفس الهيكل العناوين في 868 صفحة (hash a6b89d30b159) ؛ صفحة مدينة×خدمة من مولّد الشبكة — تغطية محلية لكن خطر doorway/تكرار ؛ نفس جذع الخدمة `pigeon-net-installation` على 9 URL ؛ لا H1 داخل جسم المقال (قد يعتمد على عنوان القالب)
شركة تركيب شبك طارد للحمام في أم صلال,https://www.rukn-eltatawer.com/qa/pigeon-net-installation-umm-salal/,253,"critical_thin,template_boilerplate,local_doorway_variant,city_variant_similar,keyword_cannibalization,no_h1_in_body",محتوى هزيل جداً (253 كلمة) ؛ نفس الهيكل العناوين في 905 صفحة (hash cb24e6f8b3f9) ؛ صفحة مدينة×خدمة من مولّد الشبكة — تغطية محلية لكن خطر doorway/تكرار ؛ نفس جذع الخدمة `pigeon-net-installation` على 9 URL ؛ لا H1 داخل جسم المقال (قد يعتمد على عنوان القالب)
شركة تركيب مسامير طاردة للحمام في الخور,https://www.rukn-eltatawer.com/qa/pigeon-spikes-installation-al-khor/,243,"critical_thin,template_boilerplate,local_doorway_variant,city_variant_similar,keyword_cannibalization,no_h1_in_body",محتوى هزيل جداً (243 كلمة) ؛ نفس الهيكل العناوين في 905 صفحة (hash cb24e6f8b3f9) ؛ صفحة مدينة×خدمة من مولّد الشبكة — تغطية محلية لكن خطر doorway/تكرار ؛ نفس جذع الخدمة `pigeon-spikes-installation` على 9 URL ؛ لا H1 داخل جسم المقال (قد يعتمد على عنوان القالب)
شركة تركيب مسامير طاردة للحمام في أم صلال,https://www.rukn-eltatawer.com/qa/pigeon-spikes-installation-umm-salal/,259,"critical_thin,template_boilerplate,local_doorway_variant,keyword_cannibalization,no_h1_in_body",محتوى هزيل جداً (259 كلمة) ؛ نفس الهيكل العناوين في 905 صفحة (hash cb24e6f8b3f9) ؛ صفحة مدينة×خدمة من مولّد الشبكة — تغطية محلية لكن خطر doorway/تكرار ؛ نفس جذع الخدمة `pigeon-spikes-installation` على 9 URL ؛ لا H1 داخل جسم المقال (قد يعتمد على عنوان القالب)
شركة تركيب أجهزة صوتية لطرد الطيور في الخور,https://www.rukn-eltatawer.com/qa/bird-sound-device-al-khor/,244,"critical_thin,template_boilerplate,local_doorway_variant,city_variant_similar,keyword_cannibalization,no_h1_in_body",محتوى هزيل جداً (244 كلمة) ؛ نفس الهيكل العناوين في 905 صفحة (hash cb24e6f8b3f9) ؛ صفحة مدينة×خدمة من مولّد الشبكة — تغطية محلية لكن خطر doorway/تكرار ؛ نفس جذع الخدمة `bird-sound-device` على 9 URL ؛ لا H1 داخل جسم المقال (قد يعتمد على عنوان القالب)
شركة تركيب أجهزة صوتية لطرد الطيور في أم صلال,https://www.rukn-eltatawer.com/qa/bird-sound-device-umm-salal/,236,"critical_thin,template_boilerplate,local_doorway_variant,keyword_cannibalization,no_h1_in_body",محتوى هزيل جداً (236 كلمة) ؛ نفس الهيكل العناوين في 868 صفحة (hash a6b89d30b159) ؛ صفحة مدينة×خدمة من مولّد الشبكة — تغطية محلية لكن خطر doorway/تكرار ؛ نفس جذع الخدمة `bird-sound-device` على 9 URL ؛ لا H1 داخل جسم المقال (قد يعتمد على عنوان القالب)
شركة التعقيم بالبخار في الخور,https://www.rukn-eltatawer.com/qa/steam-disinfection-al-khor/,243,"critical_thin,template_boilerplate,local_doorway_variant,keyword_cannibalization,no_h1_in_body",محتوى هزيل جداً (243 كلمة) ؛ نفس الهيكل العناوين في 905 صفحة (hash cb24e6f8b3f9) ؛ صفحة مدينة×خدمة من مولّد الشبكة — تغطية محلية لكن خطر doorway/تكرار ؛ نفس جذع الخدمة `steam-disinfection` على 9 URL ؛ لا H1 داخل جسم المقال (قد يعتمد على عنوان القالب)
شركة التعقيم بالبخار في أم صلال,https://www.rukn-eltatawer.com/qa/steam-disinfection-umm-salal/,239,"critical_thin,template_boilerplate,local_doorway_variant,city_variant_similar,keyword_cannibalization,no_h1_in_body",محتوى هزيل جداً (239 كلمة) ؛ نفس الهيكل العناوين في 868 صفحة (hash a6b89d30b159) ؛ صفحة مدينة×خدمة من مولّد الشبكة — تغطية محلية لكن خطر doorway/تكرار ؛ نفس جذع الخدمة `steam-disinfection` على 9 URL ؛ لا H1 داخل جسم المقال (قد يعتمد على عنوان القالب)
شركة التعقيم بالكلور في الخور,https://www.rukn-eltatawer.com/qa/chlorine-disinfection-al-khor/,231,"critical_thin,template_boilerplate,local_doorway_variant,city_variant_similar,keyword_cannibalization,no_h1_in_body",محتوى هزيل جداً (231 كلمة) ؛ نفس الهيكل العناوين في 868 صفحة (hash a6b89d30b159) ؛ صفحة مدينة×خدمة من مولّد الشبكة — تغطية محلية لكن خطر doorway/تكرار ؛ نفس جذع الخدمة `chlorine-disinfection` على 9 URL ؛ لا H1 داخل جسم المقال (قد يعتمد على عنوان القالب)
شركة التعقيم بالكلور في أم صلال,https://www.rukn-eltatawer.com/qa/chlorine-disinfection-umm-salal/,233,"critical_thin,template_boilerplate,local_doorway_variant,city_variant_similar,keyword_cannibalization,no_h1_in_body",محتوى هزيل جداً (233 كلمة) ؛ نفس الهيكل العناوين في 868 صفحة (hash a6b89d30b159) ؛ صفحة مدينة×خدمة من مولّد الشبكة — تغطية محلية لكن خطر doorway/تكرار ؛ نفس جذع الخدمة `chlorine-disinfection` على 9 URL ؛ لا H1 داخل جسم المقال (قد يعتمد على عنوان القالب)
شركة التعقيم بالأوزون في الخور,https://www.rukn-eltatawer.com/qa/ozone-disinfection-al-khor/,236,"critical_thin,template_boilerplate,local_doorway_variant,city_variant_similar,keyword_cannibalization,no_h1_in_body",محتوى هزيل جداً (236 كلمة) ؛ نفس الهيكل العناوين في 905 صفحة (hash cb24e6f8b3f9) ؛ صفحة مدينة×خدمة من مولّد الشبكة — تغطية محلية لكن خطر doorway/تكرار ؛ نفس جذع الخدمة `ozone-disinfection` على 9 URL ؛ لا H1 داخل جسم المقال (قد يعتمد على عنوان القالب)
شركة التعقيم بالأوزون في أم صلال,https://www.rukn-eltatawer.com/qa/ozone-disinfection-umm-salal/,251,"critical_thin,template_boilerplate,local_doorway_variant,city_variant_similar,keyword_cannibalization,no_h1_in_body",محتوى هزيل جداً (251 كلمة) ؛ نفس الهيكل العناوين في 905 صفحة (hash cb24e6f8b3f9) ؛ صفحة مدينة×خدمة من مولّد الشبكة — تغطية محلية لكن خطر doorway/تكرار ؛ نفس جذع الخدمة `ozone-disinfection` على 9 URL ؛ لا H1 داخل جسم المقال (قد يعتمد على عنوان القالب)
كهربائي منازل في الخور,https://www.rukn-eltatawer.com/qa/home-electrician-al-khor/,238,"critical_thin,template_boilerplate,local_doorway_variant,city_variant_similar,keyword_cannibalization,no_h1_in_body",محتوى هزيل جداً (238 كلمة) ؛ نفس الهيكل العناوين في 905 صفحة (hash cb24e6f8b3f9) ؛ صفحة مدينة×خدمة من مولّد الشبكة — تغطية محلية لكن خطر doorway/تكرار ؛ نفس جذع الخدمة `home-electrician` على 9 URL ؛ لا H1 داخل جسم المقال (قد يعتمد على عنوان القالب)
كهربائي منازل في أم صلال,https://www.rukn-eltatawer.com/qa/home-electrician-umm-salal/,236,"critical_thin,template_boilerplate,local_doorway_variant,city_variant_similar,keyword_cannibalization,no_h1_in_body",محتوى هزيل جداً (236 كلمة) ؛ نفس الهيكل العناوين في 868 صفحة (hash a6b89d30b159) ؛ صفحة مدينة×خدمة من مولّد الشبكة — تغطية محلية لكن خطر doorway/تكرار ؛ نفس جذع الخدمة `home-electrician` على 9 URL ؛ لا H1 داخل جسم المقال (قد يعتمد على عنوان القالب)
نجار أثاث في الخور,https://www.rukn-eltatawer.com/qa/carpenter-al-khor/,236,"critical_thin,template_boilerplate,local_doorway_variant,city_variant_similar,keyword_cannibalization,no_h1_in_body",محتوى هزيل جداً (236 كلمة) ؛ نفس الهيكل العناوين في 905 صفحة (hash cb24e6f8b3f9) ؛ صفحة مدينة×خدمة من مولّد الشبكة — تغطية محلية لكن خطر doorway/تكرار ؛ نفس جذع الخدمة `carpenter` على 9 URL ؛ لا H1 داخل جسم المقال (قد يعتمد على عنوان القالب)
نجار أثاث في أم صلال,https://www.rukn-eltatawer.com/qa/carpenter-umm-salal/,243,"critical_thin,template_boilerplate,local_doorway_variant,city_variant_similar,keyword_cannibalization,no_h1_in_body",محتوى هزيل جداً (243 كلمة) ؛ نفس الهيكل العناوين في 905 صفحة (hash cb24e6f8b3f9) ؛ صفحة مدينة×خدمة من مولّد الشبكة — تغطية محلية لكن خطر doorway/تكرار ؛ نفس جذع الخدمة `carpenter` على 9 URL ؛ لا H1 داخل جسم المقال (قد يعتمد على عنوان القالب)
حداد أبواب ونوافذ في الخور,https://www.rukn-eltatawer.com/qa/blacksmith-doors-windows-al-khor/,238,"critical_thin,template_boilerplate,local_doorway_variant,city_variant_similar,keyword_cannibalization,no_h1_in_body",محتوى هزيل جداً (238 كلمة) ؛ نفس الهيكل العناوين في 905 صفحة (hash cb24e6f8b3f9) ؛ صفحة مدينة×خدمة من مولّد الشبكة — تغطية محلية لكن خطر doorway/تكرار ؛ نفس جذع الخدمة `blacksmith-doors-windows` على 9 URL ؛ لا H1 داخل جسم المقال (قد يعتمد على عنوان القالب)
حداد أبواب ونوافذ في أم صلال,https://www.rukn-eltatawer.com/qa/blacksmith-doors-windows-umm-salal/,257,"critical_thin,template_boilerplate,local_doorway_variant,city_variant_similar,keyword_cannibalization,no_h1_in_body",محتوى هزيل جداً (257 كلمة) ؛ نفس الهيكل العناوين في 905 صفحة (hash cb24e6f8b3f9) ؛ صفحة مدينة×خدمة من مولّد الشبكة — تغطية محلية لكن خطر doorway/تكرار ؛ نفس جذع الخدمة `blacksmith-doors-windows` على 9 URL ؛ لا H1 داخل جسم المقال (قد يعتمد على عنوان القالب)
عامل دهانات في الخور,https://www.rukn-eltatawer.com/qa/painter-al-khor/,223,"critical_thin,template_boilerplate,local_doorway_variant,city_variant_similar,keyword_cannibalization,no_h1_in_body",محتوى هزيل جداً (223 كلمة) ؛ نفس الهيكل العناوين في 905 صفحة (hash cb24e6f8b3f9) ؛ صفحة مدينة×خدمة من مولّد الشبكة — تغطية محلية لكن خطر doorway/تكرار ؛ نفس جذع الخدمة `painter` على 9 URL ؛ لا H1 داخل جسم المقال (قد يعتمد على عنوان القالب)
عامل دهانات في أم صلال,https://www.rukn-eltatawer.com/qa/painter-umm-salal/,232,"critical_thin,template_boilerplate,local_doorway_variant,city_variant_similar,keyword_cannibalization,no_h1_in_body",محتوى هزيل جداً (232 كلمة) ؛ نفس الهيكل العناوين في 905 صفحة (hash cb24e6f8b3f9) ؛ صفحة مدينة×خدمة من مولّد الشبكة — تغطية محلية لكن خطر doorway/تكرار ؛ نفس جذع الخدمة `painter` على 9 URL ؛ لا H1 داخل جسم المقال (قد يعتمد على عنوان القالب)
فني جبس بورد في الخور,https://www.rukn-eltatawer.com/qa/gypsum-tech-al-khor/,219,"critical_thin,template_boilerplate,local_doorway_variant,city_variant_similar,keyword_cannibalization,no_h1_in_body",محتوى هزيل جداً (219 كلمة) ؛ نفس الهيكل العناوين في 868 صفحة (hash a6b89d30b159) ؛ صفحة مدينة×خدمة من مولّد الشبكة — تغطية محلية لكن خطر doorway/تكرار ؛ نفس جذع الخدمة `gypsum-tech` على 9 URL ؛ لا H1 داخل جسم المقال (قد يعتمد على عنوان القالب)
فني جبس بورد في أم صلال,https://www.rukn-eltatawer.com/qa/gypsum-tech-umm-salal/,239,"critical_thin,template_boilerplate,local_doorway_variant,city_variant_similar,keyword_cannibalization,no_h1_in_body",محتوى هزيل جداً (239 كلمة) ؛ نفس الهيكل العناوين في 905 صفحة (hash cb24e6f8b3f9) ؛ صفحة مدينة×خدمة من مولّد الشبكة — تغطية محلية لكن خطر doorway/تكرار ؛ نفس جذع الخدمة `gypsum-tech` على 9 URL ؛ لا H1 داخل جسم المقال (قد يعتمد على عنوان القالب)
فني تركيب دش في الخور,https://www.rukn-eltatawer.com/qa/sat-dish-tech-al-khor/,232,"critical_thin,template_boilerplate,local_doorway_variant,city_variant_similar,keyword_cannibalization,no_h1_in_body",محتوى هزيل جداً (232 كلمة) ؛ نفس الهيكل العناوين في 905 صفحة (hash cb24e6f8b3f9) ؛ صفحة مدينة×خدمة من مولّد الشبكة — تغطية محلية لكن خطر doorway/تكرار ؛ نفس جذع الخدمة `sat-dish-tech` على 9 URL ؛ لا H1 داخل جسم المقال (قد يعتمد على عنوان القالب)
فني تركيب دش في أم صلال,https://www.rukn-eltatawer.com/qa/sat-dish-tech-umm-salal/,243,"critical_thin,template_boilerplate,local_doorway_variant,city_variant_similar,keyword_cannibalization,no_h1_in_body",محتوى هزيل جداً (243 كلمة) ؛ نفس الهيكل العناوين في 905 صفحة (hash cb24e6f8b3f9) ؛ صفحة مدينة×خدمة من مولّد الشبكة — تغطية محلية لكن خطر doorway/تكرار ؛ نفس جذع الخدمة `sat-dish-tech` على 9 URL ؛ لا H1 داخل جسم المقال (قد يعتمد على عنوان القالب)
فني تركيب أقمار صناعية في الخور,https://www.rukn-eltatawer.com/qa/satellite-tech-al-khor/,228,"critical_thin,template_boilerplate,local_doorway_variant,city_variant_similar,keyword_cannibalization,no_h1_in_body",محتوى هزيل جداً (228 كلمة) ؛ نفس الهيكل العناوين في 868 صفحة (hash a6b89d30b159) ؛ صفحة مدينة×خدمة من مولّد الشبكة — تغطية محلية لكن خطر doorway/تكرار ؛ نفس جذع الخدمة `satellite-tech` على 9 URL ؛ لا H1 داخل جسم المقال (قد يعتمد على عنوان القالب)
فني تركيب أقمار صناعية في أم صلال,https://www.rukn-eltatawer.com/qa/satellite-tech-umm-salal/,232,"critical_thin,template_boilerplate,local_doorway_variant,city_variant_similar,keyword_cannibalization,no_h1_in_body",محتوى هزيل جداً (232 كلمة) ؛ نفس الهيكل العناوين في 868 صفحة (hash a6b89d30b159) ؛ صفحة مدينة×خدمة من مولّد الشبكة — تغطية محلية لكن خطر doorway/تكرار ؛ نفس جذع الخدمة `satellite-tech` على 9 URL ؛ لا H1 داخل جسم المقال (قد يعتمد على عنوان القالب)
فني تركيب كاميرات مراقبة في الخور,https://www.rukn-eltatawer.com/qa/cctv-tech-al-khor/,230,"critical_thin,template_boilerplate,local_doorway_variant,city_variant_similar,keyword_cannibalization,no_h1_in_body",محتوى هزيل جداً (230 كلمة) ؛ نفس الهيكل العناوين في 868 صفحة (hash a6b89d30b159) ؛ صفحة مدينة×خدمة من مولّد الشبكة — تغطية محلية لكن خطر doorway/تكرار ؛ نفس جذع الخدمة `cctv-tech` على 9 URL ؛ لا H1 داخل جسم المقال (قد يعتمد على عنوان القالب)
فني تركيب كاميرات مراقبة في أم صلال,https://www.rukn-eltatawer.com/qa/cctv-tech-umm-salal/,250,"critical_thin,template_boilerplate,local_doorway_variant,city_variant_similar,keyword_cannibalization,no_h1_in_body",محتوى هزيل جداً (250 كلمة) ؛ نفس الهيكل العناوين في 905 صفحة (hash cb24e6f8b3f9) ؛ صفحة مدينة×خدمة من مولّد الشبكة — تغطية محلية لكن خطر doorway/تكرار ؛ نفس جذع الخدمة `cctv-tech` على 9 URL ؛ لا H1 داخل جسم المقال (قد يعتمد على عنوان القالب)
فني أنظمة صوت منزلية في الخور,https://www.rukn-eltatawer.com/qa/home-audio-tech-al-khor/,223,"critical_thin,template_boilerplate,local_doorway_variant,city_variant_similar,keyword_cannibalization,no_h1_in_body",محتوى هزيل جداً (223 كلمة) ؛ نفس الهيكل العناوين في 868 صفحة (hash a6b89d30b159) ؛ صفحة مدينة×خدمة من مولّد الشبكة — تغطية محلية لكن خطر doorway/تكرار ؛ نفس جذع الخدمة `home-audio-tech` على 9 URL ؛ لا H1 داخل جسم المقال (قد يعتمد على عنوان القالب)
فني أنظمة صوت منزلية في أم صلال,https://www.rukn-eltatawer.com/qa/home-audio-tech-umm-salal/,238,"critical_thin,template_boilerplate,local_doorway_variant,city_variant_similar,keyword_cannibalization,no_h1_in_body",محتوى هزيل جداً (238 كلمة) ؛ نفس الهيكل العناوين في 868 صفحة (hash a6b89d30b159) ؛ صفحة مدينة×خدمة من مولّد الشبكة — تغطية محلية لكن خطر doorway/تكرار ؛ نفس جذع الخدمة `home-audio-tech` على 9 URL ؛ لا H1 داخل جسم المقال (قد يعتمد على عنوان القالب)
شركة دهان شقق في الخور,https://www.rukn-eltatawer.com/qa/apartment-painting-al-khor/,214,"critical_thin,template_boilerplate,local_doorway_variant,city_variant_similar,keyword_cannibalization,no_h1_in_body",محتوى هزيل جداً (214 كلمة) ؛ نفس الهيكل العناوين في 868 صفحة (hash a6b89d30b159) ؛ صفحة مدينة×خدمة من مولّد الشبكة — تغطية محلية لكن خطر doorway/تكرار ؛ نفس جذع الخدمة `apartment-painting` على 9 URL ؛ لا H1 داخل جسم المقال (قد يعتمد على عنوان القالب)
شركة دهان شقق في أم صلال,https://www.rukn-eltatawer.com/qa/apartment-painting-umm-salal/,245,"critical_thin,template_boilerplate,local_doorway_variant,city_variant_similar,keyword_cannibalization,no_h1_in_body",محتوى هزيل جداً (245 كلمة) ؛ نفس الهيكل العناوين في 905 صفحة (hash cb24e6f8b3f9) ؛ صفحة مدينة×خدمة من مولّد الشبكة — تغطية محلية لكن خطر doorway/تكرار ؛ نفس جذع الخدمة `apartment-painting` على 9 URL ؛ لا H1 داخل جسم المقال (قد يعتمد على عنوان القالب)
شركة دهان فلل في الخور,https://www.rukn-eltatawer.com/qa/villa-painting-al-khor/,219,"critical_thin,template_boilerplate,local_doorway_variant,city_variant_similar,keyword_cannibalization,no_h1_in_body",محتوى هزيل جداً (219 كلمة) ؛ نفس الهيكل العناوين في 868 صفحة (hash a6b89d30b159) ؛ صفحة مدينة×خدمة من مولّد الشبكة — تغطية محلية لكن خطر doorway/تكرار ؛ نفس جذع الخدمة `villa-painting` على 9 URL ؛ لا H1 داخل جسم المقال (قد يعتمد على عنوان القالب)
شركة دهان فلل في أم صلال,https://www.rukn-eltatawer.com/qa/villa-painting-umm-salal/,245,"critical_thin,template_boilerplate,local_doorway_variant,city_variant_similar,keyword_cannibalization,no_h1_in_body",محتوى هزيل جداً (245 كلمة) ؛ نفس الهيكل العناوين في 905 صفحة (hash cb24e6f8b3f9) ؛ صفحة مدينة×خدمة من مولّد الشبكة — تغطية محلية لكن خطر doorway/تكرار ؛ نفس جذع الخدمة `villa-painting` على 9 URL ؛ لا H1 داخل جسم المقال (قد يعتمد على عنوان القالب)
شركة دهان واجهات خارجية في الخور,https://www.rukn-eltatawer.com/qa/exterior-facade-painting-al-khor/,220,"critical_thin,template_boilerplate,local_doorway_variant,city_variant_similar,keyword_cannibalization,no_h1_in_body",محتوى هزيل جداً (220 كلمة) ؛ نفس الهيكل العناوين في 868 صفحة (hash a6b89d30b159) ؛ صفحة مدينة×خدمة من مولّد الشبكة — تغطية محلية لكن خطر doorway/تكرار ؛ نفس جذع الخدمة `exterior-facade-painting` على 9 URL ؛ لا H1 داخل جسم المقال (قد يعتمد على عنوان القالب)
شركة دهان واجهات خارجية في أم صلال,https://www.rukn-eltatawer.com/qa/exterior-facade-painting-umm-salal/,246,"critical_thin,template_boilerplate,local_doorway_variant,city_variant_similar,keyword_cannibalization,no_h1_in_body",محتوى هزيل جداً (246 كلمة) ؛ نفس الهيكل العناوين في 905 صفحة (hash cb24e6f8b3f9) ؛ صفحة مدينة×خدمة من مولّد الشبكة — تغطية محلية لكن خطر doorway/تكرار ؛ نفس جذع الخدمة `exterior-facade-painting` على 9 URL ؛ لا H1 داخل جسم المقال (قد يعتمد على عنوان القالب)
شركة تركيب ورق حائط في الخور,https://www.rukn-eltatawer.com/qa/wallpaper-installation-al-khor/,232,"critical_thin,template_boilerplate,local_doorway_variant,keyword_cannibalization,no_h1_in_body",محتوى هزيل جداً (232 كلمة) ؛ نفس الهيكل العناوين في 905 صفحة (hash cb24e6f8b3f9) ؛ صفحة مدينة×خدمة من مولّد الشبكة — تغطية محلية لكن خطر doorway/تكرار ؛ نفس جذع الخدمة `wallpaper-installation` على 9 URL ؛ لا H1 داخل جسم المقال (قد يعتمد على عنوان القالب)
شركة تركيب ورق حائط في أم صلال,https://www.rukn-eltatawer.com/qa/wallpaper-installation-umm-salal/,234,"critical_thin,template_boilerplate,local_doorway_variant,city_variant_similar,keyword_cannibalization,no_h1_in_body",محتوى هزيل جداً (234 كلمة) ؛ نفس الهيكل العناوين في 868 صفحة (hash a6b89d30b159) ؛ صفحة مدينة×خدمة من مولّد الشبكة — تغطية محلية لكن خطر doorway/تكرار ؛ نفس جذع الخدمة `wallpaper-installation` على 9 URL ؛ لا H1 داخل جسم المقال (قد يعتمد على عنوان القالب)
شركة ديكورات جبس بورد في الخور,https://www.rukn-eltatawer.com/qa/gypsum-board-decor-al-khor/,225,"critical_thin,template_boilerplate,local_doorway_variant,city_variant_similar,keyword_cannibalization,no_h1_in_body",محتوى هزيل جداً (225 كلمة) ؛ نفس الهيكل العناوين في 905 صفحة (hash cb24e6f8b3f9) ؛ صفحة مدينة×خدمة من مولّد الشبكة — تغطية محلية لكن خطر doorway/تكرار ؛ نفس جذع الخدمة `gypsum-board-decor` على 9 URL ؛ لا H1 داخل جسم المقال (قد يعتمد على عنوان القالب)
شركة ديكورات جبس بورد في أم صلال,https://www.rukn-eltatawer.com/qa/gypsum-board-decor-umm-salal/,222,"critical_thin,template_boilerplate,local_doorway_variant,city_variant_similar,keyword_cannibalization,no_h1_in_body",محتوى هزيل جداً (222 كلمة) ؛ نفس الهيكل العناوين في 868 صفحة (hash a6b89d30b159) ؛ صفحة مدينة×خدمة من مولّد الشبكة — تغطية محلية لكن خطر doorway/تكرار ؛ نفس جذع الخدمة `gypsum-board-decor` على 9 URL ؛ لا H1 داخل جسم المقال (قد يعتمد على عنوان القالب)
شركة دهان بويات عالية الجودة في الخور,https://www.rukn-eltatawer.com/qa/premium-paint-finishing-al-khor/,223,"critical_thin,template_boilerplate,local_doorway_variant,city_variant_similar,keyword_cannibalization,no_h1_in_body",محتوى هزيل جداً (223 كلمة) ؛ نفس الهيكل العناوين في 868 صفحة (hash a6b89d30b159) ؛ صفحة مدينة×خدمة من مولّد الشبكة — تغطية محلية لكن خطر doorway/تكرار ؛ نفس جذع الخدمة `premium-paint-finishing` على 9 URL ؛ لا H1 داخل جسم المقال (قد يعتمد على عنوان القالب)
شركة دهان بويات عالية الجودة في أم صلال,https://www.rukn-eltatawer.com/qa/premium-paint-finishing-umm-salal/,235,"critical_thin,template_boilerplate,local_doorway_variant,keyword_cannibalization,no_h1_in_body",محتوى هزيل جداً (235 كلمة) ؛ نفس الهيكل العناوين في 905 صفحة (hash cb24e6f8b3f9) ؛ صفحة مدينة×خدمة من مولّد الشبكة — تغطية محلية لكن خطر doorway/تكرار ؛ نفس جذع الخدمة `premium-paint-finishing` على 9 URL ؛ لا H1 داخل جسم المقال (قد يعتمد على عنوان القالب)
شركة تشطيب ودهان فلل جديدة في الخور,https://www.rukn-eltatawer.com/qa/new-villa-finishing-painting-al-khor/,221,"critical_thin,template_boilerplate,local_doorway_variant,city_variant_similar,keyword_cannibalization,no_h1_in_body",محتوى هزيل جداً (221 كلمة) ؛ نفس الهيكل العناوين في 868 صفحة (hash a6b89d30b159) ؛ صفحة مدينة×خدمة من مولّد الشبكة — تغطية محلية لكن خطر doorway/تكرار ؛ نفس جذع الخدمة `new-villa-finishing-painting` على 9 URL ؛ لا H1 داخل جسم المقال (قد يعتمد على عنوان القالب)
شركة تشطيب ودهان فلل جديدة في أم صلال,https://www.rukn-eltatawer.com/qa/new-villa-finishing-painting-umm-salal/,247,"critical_thin,template_boilerplate,local_doorway_variant,city_variant_similar,keyword_cannibalization,no_h1_in_body",محتوى هزيل جداً (247 كلمة) ؛ نفس الهيكل العناوين في 905 صفحة (hash cb24e6f8b3f9) ؛ صفحة مدينة×خدمة من مولّد الشبكة — تغطية محلية لكن خطر doorway/تكرار ؛ نفس جذع الخدمة `new-villa-finishing-painting` على 9 URL ؛ لا H1 داخل جسم المقال (قد يعتمد على عنوان القالب)
شركة دهان مكاتب وشركات في الخور,https://www.rukn-eltatawer.com/qa/office-painting-al-khor/,220,"critical_thin,template_boilerplate,local_doorway_variant,city_variant_similar,keyword_cannibalization,no_h1_in_body",محتوى هزيل جداً (220 كلمة) ؛ نفس الهيكل العناوين في 868 صفحة (hash a6b89d30b159) ؛ صفحة مدينة×خدمة من مولّد الشبكة — تغطية محلية لكن خطر doorway/تكرار ؛ نفس جذع الخدمة `office-painting` على 9 URL ؛ لا H1 داخل جسم المقال (قد يعتمد على عنوان القالب)
شركة دهان مكاتب وشركات في أم صلال,https://www.rukn-eltatawer.com/qa/office-painting-umm-salal/,228,"critical_thin,template_boilerplate,local_doorway_variant,city_variant_similar,keyword_cannibalization,no_h1_in_body",محتوى هزيل جداً (228 كلمة) ؛ نفس الهيكل العناوين في 868 صفحة (hash a6b89d30b159) ؛ صفحة مدينة×خدمة من مولّد الشبكة — تغطية محلية لكن خطر doorway/تكرار ؛ نفس جذع الخدمة `office-painting` على 9 URL ؛ لا H1 داخل جسم المقال (قد يعتمد على عنوان القالب)
شركة إزالة دهان قديم وتحضير أسطح في الخور,https://www.rukn-eltatawer.com/qa/paint-removal-surface-prep-al-khor/,217,"critical_thin,template_boilerplate,local_doorway_variant,city_variant_similar,keyword_cannibalization,no_h1_in_body",محتوى هزيل جداً (217 كلمة) ؛ نفس الهيكل العناوين في 868 صفحة (hash a6b89d30b159) ؛ صفحة مدينة×خدمة من مولّد الشبكة — تغطية محلية لكن خطر doorway/تكرار ؛ نفس جذع الخدمة `paint-removal-surface-prep` على 9 URL ؛ لا H1 داخل جسم المقال (قد يعتمد على عنوان القالب)
شركة إزالة دهان قديم وتحضير أسطح في أم صلال,https://www.rukn-eltatawer.com/qa/paint-removal-surface-prep-umm-salal/,248,"critical_thin,template_boilerplate,local_doorway_variant,city_variant_similar,keyword_cannibalization,no_h1_in_body",محتوى هزيل جداً (248 كلمة) ؛ نفس الهيكل العناوين في 905 صفحة (hash cb24e6f8b3f9) ؛ صفحة مدينة×خدمة من مولّد الشبكة — تغطية محلية لكن خطر doorway/تكرار ؛ نفس جذع الخدمة `paint-removal-surface-prep` على 9 URL ؛ لا H1 داخل جسم المقال (قد يعتمد على عنوان القالب)
شركة رش بويات كهربائي في الخور,https://www.rukn-eltatawer.com/qa/electric-spray-painting-al-khor/,240,"critical_thin,template_boilerplate,local_doorway_variant,city_variant_similar,keyword_cannibalization,no_h1_in_body",محتوى هزيل جداً (240 كلمة) ؛ نفس الهيكل العناوين في 905 صفحة (hash cb24e6f8b3f9) ؛ صفحة مدينة×خدمة من مولّد الشبكة — تغطية محلية لكن خطر doorway/تكرار ؛ نفس جذع الخدمة `electric-spray-painting` على 9 URL ؛ لا H1 داخل جسم المقال (قد يعتمد على عنوان القالب)
شركة رش بويات كهربائي في أم صلال,https://www.rukn-eltatawer.com/qa/electric-spray-painting-umm-salal/,238,"critical_thin,template_boilerplate,local_doorway_variant,city_variant_similar,keyword_cannibalization,no_h1_in_body",محتوى هزيل جداً (238 كلمة) ؛ نفس الهيكل العناوين في 868 صفحة (hash a6b89d30b159) ؛ صفحة مدينة×خدمة من مولّد الشبكة — تغطية محلية لكن خطر doorway/تكرار ؛ نفس جذع الخدمة `electric-spray-painting` على 9 URL ؛ لا H1 داخل جسم المقال (قد يعتمد على عنوان القالب)
شركة دهانات ديكورية وتأثيرات جدارية في الخور,https://www.rukn-eltatawer.com/qa/decorative-wall-effects-al-khor/,231,"critical_thin,template_boilerplate,local_doorway_variant,keyword_cannibalization,no_h1_in_body",محتوى هزيل جداً (231 كلمة) ؛ نفس الهيكل العناوين في 905 صفحة (hash cb24e6f8b3f9) ؛ صفحة مدينة×خدمة من مولّد الشبكة — تغطية محلية لكن خطر doorway/تكرار ؛ نفس جذع الخدمة `decorative-wall-effects` على 9 URL ؛ لا H1 داخل جسم المقال (قد يعتمد على عنوان القالب)
شركة دهانات ديكورية وتأثيرات جدارية في أم صلال,https://www.rukn-eltatawer.com/qa/decorative-wall-effects-umm-salal/,223,"critical_thin,template_boilerplate,local_doorway_variant,city_variant_similar,keyword_cannibalization,no_h1_in_body",محتوى هزيل جداً (223 كلمة) ؛ نفس الهيكل العناوين في 868 صفحة (hash a6b89d30b159) ؛ صفحة مدينة×خدمة من مولّد الشبكة — تغطية محلية لكن خطر doorway/تكرار ؛ نفس جذع الخدمة `decorative-wall-effects` على 9 URL ؛ لا H1 داخل جسم المقال (قد يعتمد على عنوان القالب)
شركة دهان أبواب وشبابيك خشبية في الخور,https://www.rukn-eltatawer.com/qa/wood-doors-windows-painting-al-khor/,231,"critical_thin,template_boilerplate,local_doorway_variant,keyword_cannibalization,no_h1_in_body",محتوى هزيل جداً (231 كلمة) ؛ نفس الهيكل العناوين في 905 صفحة (hash cb24e6f8b3f9) ؛ صفحة مدينة×خدمة من مولّد الشبكة — تغطية محلية لكن خطر doorway/تكرار ؛ نفس جذع الخدمة `wood-doors-windows-painting` على 9 URL ؛ لا H1 داخل جسم المقال (قد يعتمد على عنوان القالب)
شركة دهان أبواب وشبابيك خشبية في أم صلال,https://www.rukn-eltatawer.com/qa/wood-doors-windows-painting-umm-salal/,235,"critical_thin,template_boilerplate,local_doorway_variant,city_variant_similar,keyword_cannibalization,no_h1_in_body",محتوى هزيل جداً (235 كلمة) ؛ نفس الهيكل العناوين في 868 صفحة (hash a6b89d30b159) ؛ صفحة مدينة×خدمة من مولّد الشبكة — تغطية محلية لكن خطر doorway/تكرار ؛ نفس جذع الخدمة `wood-doors-windows-painting` على 9 URL ؛ لا H1 داخل جسم المقال (قد يعتمد على عنوان القالب)
شركة كهربائي منازل في الخور,https://www.rukn-eltatawer.com/qa/home-electrician-elec-al-khor/,237,"critical_thin,template_boilerplate,local_doorway_variant,city_variant_similar,keyword_cannibalization,no_h1_in_body",محتوى هزيل جداً (237 كلمة) ؛ نفس الهيكل العناوين في 905 صفحة (hash cb24e6f8b3f9) ؛ صفحة مدينة×خدمة من مولّد الشبكة — تغطية محلية لكن خطر doorway/تكرار ؛ نفس جذع الخدمة `home-electrician-elec` على 9 URL ؛ لا H1 داخل جسم المقال (قد يعتمد على عنوان القالب)
شركة كهربائي منازل في أم صلال,https://www.rukn-eltatawer.com/qa/home-electrician-elec-umm-salal/,237,"critical_thin,template_boilerplate,local_doorway_variant,city_variant_similar,keyword_cannibalization,no_h1_in_body",محتوى هزيل جداً (237 كلمة) ؛ نفس الهيكل العناوين في 868 صفحة (hash a6b89d30b159) ؛ صفحة مدينة×خدمة من مولّد الشبكة — تغطية محلية لكن خطر doorway/تكرار ؛ نفس جذع الخدمة `home-electrician-elec` على 9 URL ؛ لا H1 داخل جسم المقال (قد يعتمد على عنوان القالب)
شركة تمديدات كهربائية جديدة في الخور,https://www.rukn-eltatawer.com/qa/new-electrical-wiring-al-khor/,230,"critical_thin,template_boilerplate,local_doorway_variant,city_variant_similar,keyword_cannibalization,no_h1_in_body",محتوى هزيل جداً (230 كلمة) ؛ نفس الهيكل العناوين في 868 صفحة (hash a6b89d30b159) ؛ صفحة مدينة×خدمة من مولّد الشبكة — تغطية محلية لكن خطر doorway/تكرار ؛ نفس جذع الخدمة `new-electrical-wiring` على 9 URL ؛ لا H1 داخل جسم المقال (قد يعتمد على عنوان القالب)
شركة تمديدات كهربائية جديدة في أم صلال,https://www.rukn-eltatawer.com/qa/new-electrical-wiring-umm-salal/,238,"critical_thin,template_boilerplate,local_doorway_variant,city_variant_similar,keyword_cannibalization,no_h1_in_body",محتوى هزيل جداً (238 كلمة) ؛ نفس الهيكل العناوين في 868 صفحة (hash a6b89d30b159) ؛ صفحة مدينة×خدمة من مولّد الشبكة — تغطية محلية لكن خطر doorway/تكرار ؛ نفس جذع الخدمة `new-electrical-wiring` على 9 URL ؛ لا H1 داخل جسم المقال (قد يعتمد على عنوان القالب)
شركة كشف أعطال كهرباء في الخور,https://www.rukn-eltatawer.com/qa/electrical-fault-detection-al-khor/,238,"critical_thin,template_boilerplate,local_doorway_variant,keyword_cannibalization,no_h1_in_body",محتوى هزيل جداً (238 كلمة) ؛ نفس الهيكل العناوين في 905 صفحة (hash cb24e6f8b3f9) ؛ صفحة مدينة×خدمة من مولّد الشبكة — تغطية محلية لكن خطر doorway/تكرار ؛ نفس جذع الخدمة `electrical-fault-detection` على 9 URL ؛ لا H1 داخل جسم المقال (قد يعتمد على عنوان القالب)
شركة كشف أعطال كهرباء في أم صلال,https://www.rukn-eltatawer.com/qa/electrical-fault-detection-umm-salal/,232,"critical_thin,template_boilerplate,local_doorway_variant,city_variant_similar,keyword_cannibalization,no_h1_in_body",محتوى هزيل جداً (232 كلمة) ؛ نفس الهيكل العناوين في 868 صفحة (hash a6b89d30b159) ؛ صفحة مدينة×خدمة من مولّد الشبكة — تغطية محلية لكن خطر doorway/تكرار ؛ نفس جذع الخدمة `electrical-fault-detection` على 9 URL ؛ لا H1 داخل جسم المقال (قد يعتمد على عنوان القالب)
شركة تركيب إنارة داخلية وخارجية في الخور,https://www.rukn-eltatawer.com/qa/indoor-outdoor-lighting-installation-al-khor/,234,"critical_thin,template_boilerplate,local_doorway_variant,city_variant_similar,keyword_cannibalization,no_h1_in_body",محتوى هزيل جداً (234 كلمة) ؛ نفس الهيكل العناوين في 905 صفحة (hash cb24e6f8b3f9) ؛ صفحة مدينة×خدمة من مولّد الشبكة — تغطية محلية لكن خطر doorway/تكرار ؛ نفس جذع الخدمة `indoor-outdoor-lighting-installation` على 9 URL ؛ لا H1 داخل جسم المقال (قد يعتمد على عنوان القالب)
شركة تركيب إنارة داخلية وخارجية في أم صلال,https://www.rukn-eltatawer.com/qa/indoor-outdoor-lighting-installation-umm-salal/,245,"critical_thin,template_boilerplate,local_doorway_variant,city_variant_similar,keyword_cannibalization,no_h1_in_body",محتوى هزيل جداً (245 كلمة) ؛ نفس الهيكل العناوين في 868 صفحة (hash a6b89d30b159) ؛ صفحة مدينة×خدمة من مولّد الشبكة — تغطية محلية لكن خطر doorway/تكرار ؛ نفس جذع الخدمة `indoor-outdoor-lighting-installation` على 9 URL ؛ لا H1 داخل جسم المقال (قد يعتمد على عنوان القالب)
شركة تركيب سخانات مياه في الخور,https://www.rukn-eltatawer.com/qa/water-heater-installation-al-khor/,238,"critical_thin,template_boilerplate,local_doorway_variant,city_variant_similar,keyword_cannibalization,no_h1_in_body",محتوى هزيل جداً (238 كلمة) ؛ نفس الهيكل العناوين في 905 صفحة (hash cb24e6f8b3f9) ؛ صفحة مدينة×خدمة من مولّد الشبكة — تغطية محلية لكن خطر doorway/تكرار ؛ نفس جذع الخدمة `water-heater-installation` على 9 URL ؛ لا H1 داخل جسم المقال (قد يعتمد على عنوان القالب)
شركة تركيب سخانات مياه في أم صلال,https://www.rukn-eltatawer.com/qa/water-heater-installation-umm-salal/,242,"critical_thin,template_boilerplate,local_doorway_variant,city_variant_similar,keyword_cannibalization,no_h1_in_body",محتوى هزيل جداً (242 كلمة) ؛ نفس الهيكل العناوين في 868 صفحة (hash a6b89d30b159) ؛ صفحة مدينة×خدمة من مولّد الشبكة — تغطية محلية لكن خطر doorway/تكرار ؛ نفس جذع الخدمة `water-heater-installation` على 9 URL ؛ لا H1 داخل جسم المقال (قد يعتمد على عنوان القالب)
شركة تركيب أدوات صحية في الخور,https://www.rukn-eltatawer.com/qa/sanitary-fixtures-installation-al-khor/,236,"critical_thin,template_boilerplate,local_doorway_variant,city_variant_similar,keyword_cannibalization,no_h1_in_body",محتوى هزيل جداً (236 كلمة) ؛ نفس الهيكل العناوين في 905 صفحة (hash cb24e6f8b3f9) ؛ صفحة مدينة×خدمة من مولّد الشبكة — تغطية محلية لكن خطر doorway/تكرار ؛ نفس جذع الخدمة `sanitary-fixtures-installation` على 9 URL ؛ لا H1 داخل جسم المقال (قد يعتمد على عنوان القالب)
شركة تركيب أدوات صحية في أم صلال,https://www.rukn-eltatawer.com/qa/sanitary-fixtures-installation-umm-salal/,230,"critical_thin,template_boilerplate,local_doorway_variant,keyword_cannibalization,no_h1_in_body",محتوى هزيل جداً (230 كلمة) ؛ نفس الهيكل العناوين في 868 صفحة (hash a6b89d30b159) ؛ صفحة مدينة×خدمة من مولّد الشبكة — تغطية محلية لكن خطر doorway/تكرار ؛ نفس جذع الخدمة `sanitary-fixtures-installation` على 9 URL ؛ لا H1 داخل جسم المقال (قد يعتمد على عنوان القالب)
شركة كهربائي طوارئ 24 ساعة في الخور,https://www.rukn-eltatawer.com/qa/24h-emergency-electrician-al-khor/,224,"critical_thin,template_boilerplate,local_doorway_variant,city_variant_similar,keyword_cannibalization,no_h1_in_body",محتوى هزيل جداً (224 كلمة) ؛ نفس الهيكل العناوين في 868 صفحة (hash a6b89d30b159) ؛ صفحة مدينة×خدمة من مولّد الشبكة — تغطية محلية لكن خطر doorway/تكرار ؛ نفس جذع الخدمة `24h-emergency-electrician` على 9 URL ؛ لا H1 داخل جسم المقال (قد يعتمد على عنوان القالب)
شركة كهربائي طوارئ 24 ساعة في أم صلال,https://www.rukn-eltatawer.com/qa/24h-emergency-electrician-umm-salal/,245,"critical_thin,template_boilerplate,local_doorway_variant,city_variant_similar,keyword_cannibalization,no_h1_in_body",محتوى هزيل جداً (245 كلمة) ؛ نفس الهيكل العناوين في 868 صفحة (hash a6b89d30b159) ؛ صفحة مدينة×خدمة من مولّد الشبكة — تغطية محلية لكن خطر doorway/تكرار ؛ نفس جذع الخدمة `24h-emergency-electrician` على 9 URL ؛ لا H1 داخل جسم المقال (قد يعتمد على عنوان القالب)
شركة كشف أعطال تبريد في الخور,https://www.rukn-eltatawer.com/qa/cooling-fault-detection-al-khor/,235,"critical_thin,template_boilerplate,local_doorway_variant,city_variant_similar,keyword_cannibalization,no_h1_in_body",محتوى هزيل جداً (235 كلمة) ؛ نفس الهيكل العناوين في 905 صفحة (hash cb24e6f8b3f9) ؛ صفحة مدينة×خدمة من مولّد الشبكة — تغطية محلية لكن خطر doorway/تكرار ؛ نفس جذع الخدمة `cooling-fault-detection` على 9 URL ؛ لا H1 داخل جسم المقال (قد يعتمد على عنوان القالب)
شركة كشف أعطال تبريد في أم صلال,https://www.rukn-eltatawer.com/qa/cooling-fault-detection-umm-salal/,246,"critical_thin,template_boilerplate,local_doorway_variant,city_variant_similar,keyword_cannibalization,no_h1_in_body",محتوى هزيل جداً (246 كلمة) ؛ نفس الهيكل العناوين في 868 صفحة (hash a6b89d30b159) ؛ صفحة مدينة×خدمة من مولّد الشبكة — تغطية محلية لكن خطر doorway/تكرار ؛ نفس جذع الخدمة `cooling-fault-detection` على 9 URL ؛ لا H1 داخل جسم المقال (قد يعتمد على عنوان القالب)
شركة معالجة الرطوبة والعفن في الوكرة,https://www.rukn-eltatawer.com/qa/humidity-treatment-al-wakrah/,251,"critical_thin,template_boilerplate,local_doorway_variant,keyword_cannibalization,no_h1_in_body",محتوى هزيل جداً (251 كلمة) ؛ نفس الهيكل العناوين في 868 صفحة (hash a6b89d30b159) ؛ صفحة مدينة×خدمة من مولّد الشبكة — تغطية محلية لكن خطر doorway/تكرار ؛ نفس جذع الخدمة `humidity-treatment` على 9 URL ؛ لا H1 داخل جسم المقال (قد يعتمد على عنوان القالب)
شركة ترميم حمامات في الوكرة,https://www.rukn-eltatawer.com/qa/bathroom-renovation-al-wakrah/,218,"critical_thin,template_boilerplate,local_doorway_variant,city_variant_similar,keyword_cannibalization,no_h1_in_body",محتوى هزيل جداً (218 كلمة) ؛ نفس الهيكل العناوين في 868 صفحة (hash a6b89d30b159) ؛ صفحة مدينة×خدمة من مولّد الشبكة — تغطية محلية لكن خطر doorway/تكرار ؛ نفس جذع الخدمة `bathroom-renovation` على 9 URL ؛ لا H1 داخل جسم المقال (قد يعتمد على عنوان القالب)
شركة ترميم مطابخ في الوكرة,https://www.rukn-eltatawer.com/qa/kitchen-renovation-al-wakrah/,218,"critical_thin,template_boilerplate,local_doorway_variant,city_variant_similar,keyword_cannibalization,no_h1_in_body",محتوى هزيل جداً (218 كلمة) ؛ نفس الهيكل العناوين في 868 صفحة (hash a6b89d30b159) ؛ صفحة مدينة×خدمة من مولّد الشبكة — تغطية محلية لكن خطر doorway/تكرار ؛ نفس جذع الخدمة `kitchen-renovation` على 9 URL ؛ لا H1 داخل جسم المقال (قد يعتمد على عنوان القالب)
شركة ترميم منازل قديمة في الوكرة,https://www.rukn-eltatawer.com/qa/old-house-renovation-al-wakrah/,236,"critical_thin,template_boilerplate,local_doorway_variant,city_variant_similar,keyword_cannibalization,no_h1_in_body",محتوى هزيل جداً (236 كلمة) ؛ نفس الهيكل العناوين في 905 صفحة (hash cb24e6f8b3f9) ؛ صفحة مدينة×خدمة من مولّد الشبكة — تغطية محلية لكن خطر doorway/تكرار ؛ نفس جذع الخدمة `old-house-renovation` على 9 URL ؛ لا H1 داخل جسم المقال (قد يعتمد على عنوان القالب)
شركة فحص فلل ومباني قبل الشراء في الوكرة,https://www.rukn-eltatawer.com/qa/villa-inspection-al-wakrah/,232,"critical_thin,template_boilerplate,local_doorway_variant,city_variant_similar,keyword_cannibalization,no_h1_in_body",محتوى هزيل جداً (232 كلمة) ؛ نفس الهيكل العناوين في 905 صفحة (hash cb24e6f8b3f9) ؛ صفحة مدينة×خدمة من مولّد الشبكة — تغطية محلية لكن خطر doorway/تكرار ؛ نفس جذع الخدمة `villa-inspection` على 9 URL ؛ لا H1 داخل جسم المقال (قد يعتمد على عنوان القالب)
شركة إصلاح تشققات الأسقف والجدران في الوكرة,https://www.rukn-eltatawer.com/qa/crack-repair-al-wakrah/,237,"critical_thin,template_boilerplate,local_doorway_variant,keyword_cannibalization,no_h1_in_body",محتوى هزيل جداً (237 كلمة) ؛ نفس الهيكل العناوين في 905 صفحة (hash cb24e6f8b3f9) ؛ صفحة مدينة×خدمة من مولّد الشبكة — تغطية محلية لكن خطر doorway/تكرار ؛ نفس جذع الخدمة `crack-repair` على 9 URL ؛ لا H1 داخل جسم المقال (قد يعتمد على عنوان القالب)
شركة تركيب انترلوك في الوكرة,https://www.rukn-eltatawer.com/qa/interlock-al-wakrah/,226,"critical_thin,template_boilerplate,local_doorway_variant,city_variant_similar,keyword_cannibalization,no_h1_in_body",محتوى هزيل جداً (226 كلمة) ؛ نفس الهيكل العناوين في 868 صفحة (hash a6b89d30b159) ؛ صفحة مدينة×خدمة من مولّد الشبكة — تغطية محلية لكن خطر doorway/تكرار ؛ نفس جذع الخدمة `interlock` على 9 URL ؛ لا H1 داخل جسم المقال (قد يعتمد على عنوان القالب)
شركة تركيب كربستون في الوكرة,https://www.rukn-eltatawer.com/qa/kerbstone-al-wakrah/,226,"critical_thin,template_boilerplate,local_doorway_variant,city_variant_similar,keyword_cannibalization,no_h1_in_body",محتوى هزيل جداً (226 كلمة) ؛ نفس الهيكل العناوين في 868 صفحة (hash a6b89d30b159) ؛ صفحة مدينة×خدمة من مولّد الشبكة — تغطية محلية لكن خطر doorway/تكرار ؛ نفس جذع الخدمة `kerbstone` على 9 URL ؛ لا H1 داخل جسم المقال (قد يعتمد على عنوان القالب)
شركة تركيب طابوق في الوكرة,https://www.rukn-eltatawer.com/qa/brickwork-al-wakrah/,225,"critical_thin,template_boilerplate,local_doorway_variant,city_variant_similar,keyword_cannibalization,no_h1_in_body",محتوى هزيل جداً (225 كلمة) ؛ نفس الهيكل العناوين في 905 صفحة (hash cb24e6f8b3f9) ؛ صفحة مدينة×خدمة من مولّد الشبكة — تغطية محلية لكن خطر doorway/تكرار ؛ نفس جذع الخدمة `brickwork` على 9 URL ؛ لا H1 داخل جسم المقال (قد يعتمد على عنوان القالب)
شركة تركيب بلاستر في الوكرة,https://www.rukn-eltatawer.com/qa/plastering-al-wakrah/,237,"critical_thin,template_boilerplate,local_doorway_variant,city_variant_similar,keyword_cannibalization,no_h1_in_body",محتوى هزيل جداً (237 كلمة) ؛ نفس الهيكل العناوين في 905 صفحة (hash cb24e6f8b3f9) ؛ صفحة مدينة×خدمة من مولّد الشبكة — تغطية محلية لكن خطر doorway/تكرار ؛ نفس جذع الخدمة `plastering` على 9 URL ؛ لا H1 داخل جسم المقال (قد يعتمد على عنوان القالب)
شركة تركيب سيراميك وبورسلين في الوكرة,https://www.rukn-eltatawer.com/qa/ceramic-porcelain-al-wakrah/,222,"critical_thin,template_boilerplate,local_doorway_variant,keyword_cannibalization,no_h1_in_body",محتوى هزيل جداً (222 كلمة) ؛ نفس الهيكل العناوين في 868 صفحة (hash a6b89d30b159) ؛ صفحة مدينة×خدمة من مولّد الشبكة — تغطية محلية لكن خطر doorway/تكرار ؛ نفس جذع الخدمة `ceramic-porcelain` على 9 URL ؛ لا H1 داخل جسم المقال (قد يعتمد على عنوان القالب)
شركة تركيب باركيه وأرضيات خشب في الوكرة,https://www.rukn-eltatawer.com/qa/parquet-al-wakrah/,230,"critical_thin,template_boilerplate,local_doorway_variant,city_variant_similar,keyword_cannibalization,no_h1_in_body",محتوى هزيل جداً (230 كلمة) ؛ نفس الهيكل العناوين في 868 صفحة (hash a6b89d30b159) ؛ صفحة مدينة×خدمة من مولّد الشبكة — تغطية محلية لكن خطر doorway/تكرار ؛ نفس جذع الخدمة `parquet` على 9 URL ؛ لا H1 داخل جسم المقال (قد يعتمد على عنوان القالب)
شركة تركيب أرضيات فينيل في الوكرة,https://www.rukn-eltatawer.com/qa/vinyl-flooring-al-wakrah/,216,"critical_thin,template_boilerplate,local_doorway_variant,city_variant_similar,keyword_cannibalization,no_h1_in_body",محتوى هزيل جداً (216 كلمة) ؛ نفس الهيكل العناوين في 868 صفحة (hash a6b89d30b159) ؛ صفحة مدينة×خدمة من مولّد الشبكة — تغطية محلية لكن خطر doorway/تكرار ؛ نفس جذع الخدمة `vinyl-flooring` على 9 URL ؛ لا H1 داخل جسم المقال (قد يعتمد على عنوان القالب)
شركة تركيب حجر طبيعي وصناعي في الوكرة,https://www.rukn-eltatawer.com/qa/stone-al-wakrah/,229,"critical_thin,template_boilerplate,local_doorway_variant,city_variant_similar,keyword_cannibalization,no_h1_in_body",محتوى هزيل جداً (229 كلمة) ؛ نفس الهيكل العناوين في 905 صفحة (hash cb24e6f8b3f9) ؛ صفحة مدينة×خدمة من مولّد الشبكة — تغطية محلية لكن خطر doorway/تكرار ؛ نفس جذع الخدمة `stone` على 9 URL ؛ لا H1 داخل جسم المقال (قد يعتمد على عنوان القالب)
شركة تركيب رخام وجرانيت في الوكرة,https://www.rukn-eltatawer.com/qa/marble-granite-al-wakrah/,239,"critical_thin,template_boilerplate,local_doorway_variant,city_variant_similar,keyword_cannibalization,no_h1_in_body",محتوى هزيل جداً (239 كلمة) ؛ نفس الهيكل العناوين في 905 صفحة (hash cb24e6f8b3f9) ؛ صفحة مدينة×خدمة من مولّد الشبكة — تغطية محلية لكن خطر doorway/تكرار ؛ نفس جذع الخدمة `marble-granite` على 9 URL ؛ لا H1 داخل جسم المقال (قد يعتمد على عنوان القالب)
شركة تركيب فوم للجدران في الوكرة,https://www.rukn-eltatawer.com/qa/wall-foam-al-wakrah/,239,"critical_thin,template_boilerplate,local_doorway_variant,city_variant_similar,keyword_cannibalization,no_h1_in_body",محتوى هزيل جداً (239 كلمة) ؛ نفس الهيكل العناوين في 905 صفحة (hash cb24e6f8b3f9) ؛ صفحة مدينة×خدمة من مولّد الشبكة — تغطية محلية لكن خطر doorway/تكرار ؛ نفس جذع الخدمة `wall-foam` على 9 URL ؛ لا H1 داخل جسم المقال (قد يعتمد على عنوان القالب)
شركة تركيب جبس بورد في الوكرة,https://www.rukn-eltatawer.com/qa/gypsum-board-al-wakrah/,205,"critical_thin,template_boilerplate,local_doorway_variant,keyword_cannibalization,no_h1_in_body",محتوى هزيل جداً (205 كلمة) ؛ نفس الهيكل العناوين في 868 صفحة (hash a6b89d30b159) ؛ صفحة مدينة×خدمة من مولّد الشبكة — تغطية محلية لكن خطر doorway/تكرار ؛ نفس جذع الخدمة `gypsum-board` على 9 URL ؛ لا H1 داخل جسم المقال (قد يعتمد على عنوان القالب)
شركة تركيب أسقف جبسية / فورسيلنج في الوكرة,https://www.rukn-eltatawer.com/qa/false-ceiling-al-wakrah/,229,"critical_thin,template_boilerplate,local_doorway_variant,city_variant_similar,keyword_cannibalization,no_h1_in_body",محتوى هزيل جداً (229 كلمة) ؛ نفس الهيكل العناوين في 905 صفحة (hash cb24e6f8b3f9) ؛ صفحة مدينة×خدمة من مولّد الشبكة — تغطية محلية لكن خطر doorway/تكرار ؛ نفس جذع الخدمة `false-ceiling` على 9 URL ؛ لا H1 داخل جسم المقال (قد يعتمد على عنوان القالب)
شركة تركيب ورق جدران في الوكرة,https://www.rukn-eltatawer.com/qa/wallpaper-al-wakrah/,205,"critical_thin,template_boilerplate,local_doorway_variant,keyword_cannibalization,no_h1_in_body",محتوى هزيل جداً (205 كلمة) ؛ نفس الهيكل العناوين في 868 صفحة (hash a6b89d30b159) ؛ صفحة مدينة×خدمة من مولّد الشبكة — تغطية محلية لكن خطر doorway/تكرار ؛ نفس جذع الخدمة `wallpaper` على 9 URL ؛ لا H1 داخل جسم المقال (قد يعتمد على عنوان القالب)
شركة تركيب سجاد أرضيات في الوكرة,https://www.rukn-eltatawer.com/qa/floor-carpeting-al-wakrah/,228,"critical_thin,template_boilerplate,local_doorway_variant,city_variant_similar,keyword_cannibalization,no_h1_in_body",محتوى هزيل جداً (228 كلمة) ؛ نفس الهيكل العناوين في 868 صفحة (hash a6b89d30b159) ؛ صفحة مدينة×خدمة من مولّد الشبكة — تغطية محلية لكن خطر doorway/تكرار ؛ نفس جذع الخدمة `floor-carpeting` على 9 URL ؛ لا H1 داخل جسم المقال (قد يعتمد على عنوان القالب)
شركة تركيب أسقف مستعارة في الوكرة,https://www.rukn-eltatawer.com/qa/suspended-ceiling-al-wakrah/,239,"critical_thin,template_boilerplate,local_doorway_variant,city_variant_similar,keyword_cannibalization,no_h1_in_body",محتوى هزيل جداً (239 كلمة) ؛ نفس الهيكل العناوين في 905 صفحة (hash cb24e6f8b3f9) ؛ صفحة مدينة×خدمة من مولّد الشبكة — تغطية محلية لكن خطر doorway/تكرار ؛ نفس جذع الخدمة `suspended-ceiling` على 9 URL ؛ لا H1 داخل جسم المقال (قد يعتمد على عنوان القالب)
شركة تركيب فواصل زجاجية وألومنيوم في الوكرة,https://www.rukn-eltatawer.com/qa/glass-aluminium-partitions-al-wakrah/,229,"critical_thin,template_boilerplate,local_doorway_variant,city_variant_similar,keyword_cannibalization,no_h1_in_body",محتوى هزيل جداً (229 كلمة) ؛ نفس الهيكل العناوين في 905 صفحة (hash cb24e6f8b3f9) ؛ صفحة مدينة×خدمة من مولّد الشبكة — تغطية محلية لكن خطر doorway/تكرار ؛ نفس جذع الخدمة `glass-aluminium-partitions` على 9 URL ؛ لا H1 داخل جسم المقال (قد يعتمد على عنوان القالب)
شركة تركيب زجاج وألوميتال في الوكرة,https://www.rukn-eltatawer.com/qa/glass-alumetal-al-wakrah/,228,"critical_thin,template_boilerplate,local_doorway_variant,city_variant_similar,keyword_cannibalization,no_h1_in_body",محتوى هزيل جداً (228 كلمة) ؛ نفس الهيكل العناوين في 868 صفحة (hash a6b89d30b159) ؛ صفحة مدينة×خدمة من مولّد الشبكة — تغطية محلية لكن خطر doorway/تكرار ؛ نفس جذع الخدمة `glass-alumetal` على 9 URL ؛ لا H1 داخل جسم المقال (قد يعتمد على عنوان القالب)
شركة تركيب مطابخ في الوكرة,https://www.rukn-eltatawer.com/qa/kitchen-installation-al-wakrah/,237,"critical_thin,template_boilerplate,local_doorway_variant,city_variant_similar,keyword_cannibalization,no_h1_in_body",محتوى هزيل جداً (237 كلمة) ؛ نفس الهيكل العناوين في 905 صفحة (hash cb24e6f8b3f9) ؛ صفحة مدينة×خدمة من مولّد الشبكة — تغطية محلية لكن خطر doorway/تكرار ؛ نفس جذع الخدمة `kitchen-installation` على 9 URL ؛ لا H1 داخل جسم المقال (قد يعتمد على عنوان القالب)
شركة تركيب أبواب في الوكرة,https://www.rukn-eltatawer.com/qa/doors-installation-al-wakrah/,225,"critical_thin,template_boilerplate,local_doorway_variant,city_variant_similar,keyword_cannibalization,no_h1_in_body",محتوى هزيل جداً (225 كلمة) ؛ نفس الهيكل العناوين في 905 صفحة (hash cb24e6f8b3f9) ؛ صفحة مدينة×خدمة من مولّد الشبكة — تغطية محلية لكن خطر doorway/تكرار ؛ نفس جذع الخدمة `doors-installation` على 9 URL ؛ لا H1 داخل جسم المقال (قد يعتمد على عنوان القالب)
شركة تركيب شبابيك في الوكرة,https://www.rukn-eltatawer.com/qa/windows-installation-al-wakrah/,214,"critical_thin,template_boilerplate,local_doorway_variant,city_variant_similar,keyword_cannibalization,no_h1_in_body",محتوى هزيل جداً (214 كلمة) ؛ نفس الهيكل العناوين في 868 صفحة (hash a6b89d30b159) ؛ صفحة مدينة×خدمة من مولّد الشبكة — تغطية محلية لكن خطر doorway/تكرار ؛ نفس جذع الخدمة `windows-installation` على 9 URL ؛ لا H1 داخل جسم المقال (قد يعتمد على عنوان القالب)
شركة تركيب مظلات وسواتر في الوكرة,https://www.rukn-eltatawer.com/qa/shades-sails-al-wakrah/,228,"critical_thin,template_boilerplate,local_doorway_variant,city_variant_similar,keyword_cannibalization,no_h1_in_body",محتوى هزيل جداً (228 كلمة) ؛ نفس الهيكل العناوين في 868 صفحة (hash a6b89d30b159) ؛ صفحة مدينة×خدمة من مولّد الشبكة — تغطية محلية لكن خطر doorway/تكرار ؛ نفس جذع الخدمة `shades-sails` على 9 URL ؛ لا H1 داخل جسم المقال (قد يعتمد على عنوان القالب)
شركة تركيب عشب صناعي في الوكرة,https://www.rukn-eltatawer.com/qa/artificial-grass-al-wakrah/,231,"critical_thin,template_boilerplate,local_doorway_variant,city_variant_similar,keyword_cannibalization,no_h1_in_body",محتوى هزيل جداً (231 كلمة) ؛ نفس الهيكل العناوين في 905 صفحة (hash cb24e6f8b3f9) ؛ صفحة مدينة×خدمة من مولّد الشبكة — تغطية محلية لكن خطر doorway/تكرار ؛ نفس جذع الخدمة `artificial-grass` على 9 URL ؛ لا H1 داخل جسم المقال (قد يعتمد على عنوان القالب)
شركة تركيب عشب جداري في الوكرة,https://www.rukn-eltatawer.com/qa/grass-wall-al-wakrah/,225,"critical_thin,template_boilerplate,local_doorway_variant,city_variant_similar,keyword_cannibalization,no_h1_in_body",محتوى هزيل جداً (225 كلمة) ؛ نفس الهيكل العناوين في 905 صفحة (hash cb24e6f8b3f9) ؛ صفحة مدينة×خدمة من مولّد الشبكة — تغطية محلية لكن خطر doorway/تكرار ؛ نفس جذع الخدمة `grass-wall` على 9 URL ؛ لا H1 داخل جسم المقال (قد يعتمد على عنوان القالب)
شركة بناء ملاحق في الوكرة,https://www.rukn-eltatawer.com/qa/annex-building-al-wakrah/,220,"critical_thin,template_boilerplate,local_doorway_variant,keyword_cannibalization,no_h1_in_body",محتوى هزيل جداً (220 كلمة) ؛ نفس الهيكل العناوين في 868 صفحة (hash a6b89d30b159) ؛ صفحة مدينة×خدمة من مولّد الشبكة — تغطية محلية لكن خطر doorway/تكرار ؛ نفس جذع الخدمة `annex-building` على 9 URL ؛ لا H1 داخل جسم المقال (قد يعتمد على عنوان القالب)
شركة بناء استراحات في الوكرة,https://www.rukn-eltatawer.com/qa/majlis-building-al-wakrah/,226,"critical_thin,template_boilerplate,local_doorway_variant,city_variant_similar,keyword_cannibalization,no_h1_in_body",محتوى هزيل جداً (226 كلمة) ؛ نفس الهيكل العناوين في 868 صفحة (hash a6b89d30b159) ؛ صفحة مدينة×خدمة من مولّد الشبكة — تغطية محلية لكن خطر doorway/تكرار ؛ نفس جذع الخدمة `majlis-building` على 9 URL ؛ لا H1 داخل جسم المقال (قد يعتمد على عنوان القالب)
شركة بناء حمامات خارجية في الوكرة,https://www.rukn-eltatawer.com/qa/outdoor-bathrooms-al-wakrah/,228,"critical_thin,template_boilerplate,local_doorway_variant,keyword_cannibalization,no_h1_in_body",محتوى هزيل جداً (228 كلمة) ؛ نفس الهيكل العناوين في 868 صفحة (hash a6b89d30b159) ؛ صفحة مدينة×خدمة من مولّد الشبكة — تغطية محلية لكن خطر doorway/تكرار ؛ نفس جذع الخدمة `outdoor-bathrooms` على 9 URL ؛ لا H1 داخل جسم المقال (قد يعتمد على عنوان القالب)
شركة بناء مطابخ خارجية في الوكرة,https://www.rukn-eltatawer.com/qa/outdoor-kitchens-al-wakrah/,239,"critical_thin,template_boilerplate,local_doorway_variant,keyword_cannibalization,no_h1_in_body",محتوى هزيل جداً (239 كلمة) ؛ نفس الهيكل العناوين في 905 صفحة (hash cb24e6f8b3f9) ؛ صفحة مدينة×خدمة من مولّد الشبكة — تغطية محلية لكن خطر doorway/تكرار ؛ نفس جذع الخدمة `outdoor-kitchens` على 9 URL ؛ لا H1 داخل جسم المقال (قد يعتمد على عنوان القالب)
شركة بناء مجالس خارجية في الوكرة,https://www.rukn-eltatawer.com/qa/outdoor-majlis-al-wakrah/,228,"critical_thin,template_boilerplate,local_doorway_variant,keyword_cannibalization,no_h1_in_body",محتوى هزيل جداً (228 كلمة) ؛ نفس الهيكل العناوين في 868 صفحة (hash a6b89d30b159) ؛ صفحة مدينة×خدمة من مولّد الشبكة — تغطية محلية لكن خطر doorway/تكرار ؛ نفس جذع الخدمة `outdoor-majlis` على 9 URL ؛ لا H1 داخل جسم المقال (قد يعتمد على عنوان القالب)
شركة بناء أسوار طابوق في الوكرة,https://www.rukn-eltatawer.com/qa/block-fences-al-wakrah/,227,"critical_thin,template_boilerplate,local_doorway_variant,city_variant_similar,keyword_cannibalization,no_h1_in_body",محتوى هزيل جداً (227 كلمة) ؛ نفس الهيكل العناوين في 905 صفحة (hash cb24e6f8b3f9) ؛ صفحة مدينة×خدمة من مولّد الشبكة — تغطية محلية لكن خطر doorway/تكرار ؛ نفس جذع الخدمة `block-fences` على 9 URL ؛ لا H1 داخل جسم المقال (قد يعتمد على عنوان القالب)
شركة دهانات داخلية في الوكرة,https://www.rukn-eltatawer.com/qa/interior-painting-al-wakrah/,221,"critical_thin,template_boilerplate,local_doorway_variant,city_variant_similar,keyword_cannibalization,no_h1_in_body",محتوى هزيل جداً (221 كلمة) ؛ نفس الهيكل العناوين في 905 صفحة (hash cb24e6f8b3f9) ؛ صفحة مدينة×خدمة من مولّد الشبكة — تغطية محلية لكن خطر doorway/تكرار ؛ نفس جذع الخدمة `interior-painting` على 9 URL ؛ لا H1 داخل جسم المقال (قد يعتمد على عنوان القالب)
شركة دهانات خارجية في الوكرة,https://www.rukn-eltatawer.com/qa/exterior-painting-al-wakrah/,221,"critical_thin,template_boilerplate,local_doorway_variant,city_variant_similar,keyword_cannibalization,no_h1_in_body",محتوى هزيل جداً (221 كلمة) ؛ نفس الهيكل العناوين في 905 صفحة (hash cb24e6f8b3f9) ؛ صفحة مدينة×خدمة من مولّد الشبكة — تغطية محلية لكن خطر doorway/تكرار ؛ نفس جذع الخدمة `exterior-painting` على 9 URL ؛ لا H1 داخل جسم المقال (قد يعتمد على عنوان القالب)
شركة تصميم وتنفيذ ديكورات في الوكرة,https://www.rukn-eltatawer.com/qa/decor-design-al-wakrah/,228,"critical_thin,template_boilerplate,local_doorway_variant,city_variant_similar,keyword_cannibalization,no_h1_in_body",محتوى هزيل جداً (228 كلمة) ؛ نفس الهيكل العناوين في 905 صفحة (hash cb24e6f8b3f9) ؛ صفحة مدينة×خدمة من مولّد الشبكة — تغطية محلية لكن خطر doorway/تكرار ؛ نفس جذع الخدمة `decor-design` على 9 URL ؛ لا H1 داخل جسم المقال (قد يعتمد على عنوان القالب)
شركة تنسيق حدائق في الوكرة,https://www.rukn-eltatawer.com/qa/landscaping-al-wakrah/,230,"critical_thin,template_boilerplate,local_doorway_variant,keyword_cannibalization,no_h1_in_body",محتوى هزيل جداً (230 كلمة) ؛ نفس الهيكل العناوين في 905 صفحة (hash cb24e6f8b3f9) ؛ صفحة مدينة×خدمة من مولّد الشبكة — تغطية محلية لكن خطر doorway/تكرار ؛ نفس جذع الخدمة `landscaping` على 10 URL ؛ لا H1 داخل جسم المقال (قد يعتمد على عنوان القالب)
شركة تصميم حدائق داخلية في الوكرة,https://www.rukn-eltatawer.com/qa/indoor-garden-design-al-wakrah/,231,"critical_thin,template_boilerplate,local_doorway_variant,keyword_cannibalization,no_h1_in_body",محتوى هزيل جداً (231 كلمة) ؛ نفس الهيكل العناوين في 905 صفحة (hash cb24e6f8b3f9) ؛ صفحة مدينة×خدمة من مولّد الشبكة — تغطية محلية لكن خطر doorway/تكرار ؛ نفس جذع الخدمة `indoor-garden-design` على 9 URL ؛ لا H1 داخل جسم المقال (قد يعتمد على عنوان القالب)
شركة تصميم حدائق أسطح في الوكرة,https://www.rukn-eltatawer.com/qa/roof-garden-design-al-wakrah/,231,"critical_thin,template_boilerplate,local_doorway_variant,city_variant_similar,keyword_cannibalization,no_h1_in_body",محتوى هزيل جداً (231 كلمة) ؛ نفس الهيكل العناوين في 905 صفحة (hash cb24e6f8b3f9) ؛ صفحة مدينة×خدمة من مولّد الشبكة — تغطية محلية لكن خطر doorway/تكرار ؛ نفس جذع الخدمة `roof-garden-design` على 9 URL ؛ لا H1 داخل جسم المقال (قد يعتمد على عنوان القالب)
شركة قص عشب طبيعي في الوكرة,https://www.rukn-eltatawer.com/qa/natural-grass-cutting-al-wakrah/,208,"critical_thin,template_boilerplate,local_doorway_variant,keyword_cannibalization,no_h1_in_body",محتوى هزيل جداً (208 كلمة) ؛ نفس الهيكل العناوين في 868 صفحة (hash a6b89d30b159) ؛ صفحة مدينة×خدمة من مولّد الشبكة — تغطية محلية لكن خطر doorway/تكرار ؛ نفس جذع الخدمة `natural-grass-cutting` على 9 URL ؛ لا H1 داخل جسم المقال (قد يعتمد على عنوان القالب)
شركة زرع نخيل وأشجار في الوكرة,https://www.rukn-eltatawer.com/qa/palm-tree-planting-al-wakrah/,225,"critical_thin,template_boilerplate,local_doorway_variant,city_variant_similar,keyword_cannibalization,no_h1_in_body",محتوى هزيل جداً (225 كلمة) ؛ نفس الهيكل العناوين في 905 صفحة (hash cb24e6f8b3f9) ؛ صفحة مدينة×خدمة من مولّد الشبكة — تغطية محلية لكن خطر doorway/تكرار ؛ نفس جذع الخدمة `palm-tree-planting` على 9 URL ؛ لا H1 داخل جسم المقال (قد يعتمد على عنوان القالب)
شركة تركيب شبكات ري حديثة في الوكرة,https://www.rukn-eltatawer.com/qa/modern-irrigation-al-wakrah/,226,"critical_thin,template_boilerplate,local_doorway_variant,city_variant_similar,keyword_cannibalization,no_h1_in_body",محتوى هزيل جداً (226 كلمة) ؛ نفس الهيكل العناوين في 905 صفحة (hash cb24e6f8b3f9) ؛ صفحة مدينة×خدمة من مولّد الشبكة — تغطية محلية لكن خطر doorway/تكرار ؛ نفس جذع الخدمة `modern-irrigation` على 9 URL ؛ لا H1 داخل جسم المقال (قد يعتمد على عنوان القالب)
شركة تركيب شبكات ري أوتوماتيكية في الوكرة,https://www.rukn-eltatawer.com/qa/automatic-irrigation-al-wakrah/,232,"critical_thin,template_boilerplate,local_doorway_variant,city_variant_similar,keyword_cannibalization,no_h1_in_body",محتوى هزيل جداً (232 كلمة) ؛ نفس الهيكل العناوين في 905 صفحة (hash cb24e6f8b3f9) ؛ صفحة مدينة×خدمة من مولّد الشبكة — تغطية محلية لكن خطر doorway/تكرار ؛ نفس جذع الخدمة `automatic-irrigation` على 9 URL ؛ لا H1 داخل جسم المقال (قد يعتمد على عنوان القالب)
شركة تركيب عشب صناعي في الوكرة,https://www.rukn-eltatawer.com/qa/artificial-grass-grdn-al-wakrah/,225,"critical_thin,template_boilerplate,local_doorway_variant,city_variant_similar,keyword_cannibalization,no_h1_in_body",محتوى هزيل جداً (225 كلمة) ؛ نفس الهيكل العناوين في 905 صفحة (hash cb24e6f8b3f9) ؛ صفحة مدينة×خدمة من مولّد الشبكة — تغطية محلية لكن خطر doorway/تكرار ؛ نفس جذع الخدمة `artificial-grass-grdn` على 9 URL ؛ لا H1 داخل جسم المقال (قد يعتمد على عنوان القالب)
شركة تركيب عشب جداري في الوكرة,https://www.rukn-eltatawer.com/qa/wall-grass-al-wakrah/,225,"critical_thin,template_boilerplate,local_doorway_variant,city_variant_similar,keyword_cannibalization,no_h1_in_body",محتوى هزيل جداً (225 كلمة) ؛ نفس الهيكل العناوين في 905 صفحة (hash cb24e6f8b3f9) ؛ صفحة مدينة×خدمة من مولّد الشبكة — تغطية محلية لكن خطر doorway/تكرار ؛ نفس جذع الخدمة `wall-grass` على 9 URL ؛ لا H1 داخل جسم المقال (قد يعتمد على عنوان القالب)
شركة إنشاء جلسات حدائق في الوكرة,https://www.rukn-eltatawer.com/qa/garden-seating-al-wakrah/,220,"critical_thin,template_boilerplate,local_doorway_variant,city_variant_similar,keyword_cannibalization,no_h1_in_body",محتوى هزيل جداً (220 كلمة) ؛ نفس الهيكل العناوين في 868 صفحة (hash a6b89d30b159) ؛ صفحة مدينة×خدمة من مولّد الشبكة — تغطية محلية لكن خطر doorway/تكرار ؛ نفس جذع الخدمة `garden-seating` على 9 URL ؛ لا H1 داخل جسم المقال (قد يعتمد على عنوان القالب)
شركة تركيب برجولات في الوكرة,https://www.rukn-eltatawer.com/qa/pergola-installation-al-wakrah/,213,"critical_thin,template_boilerplate,local_doorway_variant,city_variant_similar,keyword_cannibalization,no_h1_in_body",محتوى هزيل جداً (213 كلمة) ؛ نفس الهيكل العناوين في 868 صفحة (hash a6b89d30b159) ؛ صفحة مدينة×خدمة من مولّد الشبكة — تغطية محلية لكن خطر doorway/تكرار ؛ نفس جذع الخدمة `pergola-installation` على 9 URL ؛ لا H1 داخل جسم المقال (قد يعتمد على عنوان القالب)
شركة تركيب عرائش خشبية في الوكرة,https://www.rukn-eltatawer.com/qa/wooden-arbor-installation-al-wakrah/,220,"critical_thin,template_boilerplate,local_doorway_variant,city_variant_similar,keyword_cannibalization,no_h1_in_body",محتوى هزيل جداً (220 كلمة) ؛ نفس الهيكل العناوين في 868 صفحة (hash a6b89d30b159) ؛ صفحة مدينة×خدمة من مولّد الشبكة — تغطية محلية لكن خطر doorway/تكرار ؛ نفس جذع الخدمة `wooden-arbor-installation` على 9 URL ؛ لا H1 داخل جسم المقال (قد يعتمد على عنوان القالب)
شركة إنشاء ممرات حجرية في الوكرة,https://www.rukn-eltatawer.com/qa/stone-pathway-al-wakrah/,214,"critical_thin,template_boilerplate,local_doorway_variant,city_variant_similar,keyword_cannibalization,no_h1_in_body",محتوى هزيل جداً (214 كلمة) ؛ نفس الهيكل العناوين في 868 صفحة (hash a6b89d30b159) ؛ صفحة مدينة×خدمة من مولّد الشبكة — تغطية محلية لكن خطر doorway/تكرار ؛ نفس جذع الخدمة `stone-pathway` على 9 URL ؛ لا H1 داخل جسم المقال (قد يعتمد على عنوان القالب)
شركة تركيب شلالات اصطناعية في الوكرة,https://www.rukn-eltatawer.com/qa/artificial-waterfall-al-wakrah/,225,"critical_thin,template_boilerplate,local_doorway_variant,city_variant_similar,keyword_cannibalization,no_h1_in_body",محتوى هزيل جداً (225 كلمة) ؛ نفس الهيكل العناوين في 905 صفحة (hash cb24e6f8b3f9) ؛ صفحة مدينة×خدمة من مولّد الشبكة — تغطية محلية لكن خطر doorway/تكرار ؛ نفس جذع الخدمة `artificial-waterfall` على 9 URL ؛ لا H1 داخل جسم المقال (قد يعتمد على عنوان القالب)
شركة تركيب نوافير جدارية في الوكرة,https://www.rukn-eltatawer.com/qa/wall-fountain-al-wakrah/,214,"critical_thin,template_boilerplate,local_doorway_variant,city_variant_similar,keyword_cannibalization,no_h1_in_body",محتوى هزيل جداً (214 كلمة) ؛ نفس الهيكل العناوين في 868 صفحة (hash a6b89d30b159) ؛ صفحة مدينة×خدمة من مولّد الشبكة — تغطية محلية لكن خطر doorway/تكرار ؛ نفس جذع الخدمة `wall-fountain` على 9 URL ؛ لا H1 داخل جسم المقال (قد يعتمد على عنوان القالب)
شركة نقل أثاث داخلي في الوكرة,https://www.rukn-eltatawer.com/qa/indoor-moving-al-wakrah/,227,"critical_thin,template_boilerplate,local_doorway_variant,city_variant_similar,keyword_cannibalization,no_h1_in_body",محتوى هزيل جداً (227 كلمة) ؛ نفس الهيكل العناوين في 905 صفحة (hash cb24e6f8b3f9) ؛ صفحة مدينة×خدمة من مولّد الشبكة — تغطية محلية لكن خطر doorway/تكرار ؛ نفس جذع الخدمة `indoor-moving` على 9 URL ؛ لا H1 داخل جسم المقال (قد يعتمد على عنوان القالب)
شركة نقل أثاث خارجي في الوكرة,https://www.rukn-eltatawer.com/qa/outdoor-moving-al-wakrah/,221,"critical_thin,template_boilerplate,local_doorway_variant,keyword_cannibalization,no_h1_in_body",محتوى هزيل جداً (221 كلمة) ؛ نفس الهيكل العناوين في 905 صفحة (hash cb24e6f8b3f9) ؛ صفحة مدينة×خدمة من مولّد الشبكة — تغطية محلية لكن خطر doorway/تكرار ؛ نفس جذع الخدمة `outdoor-moving` على 9 URL ؛ لا H1 داخل جسم المقال (قد يعتمد على عنوان القالب)
شركة نقل عفش مع التغليف في الوكرة,https://www.rukn-eltatawer.com/qa/furniture-moving-packaging-al-wakrah/,234,"critical_thin,template_boilerplate,local_doorway_variant,city_variant_similar,keyword_cannibalization,no_h1_in_body",محتوى هزيل جداً (234 كلمة) ؛ نفس الهيكل العناوين في 905 صفحة (hash cb24e6f8b3f9) ؛ صفحة مدينة×خدمة من مولّد الشبكة — تغطية محلية لكن خطر doorway/تكرار ؛ نفس جذع الخدمة `furniture-moving-packaging` على 9 URL ؛ لا H1 داخل جسم المقال (قد يعتمد على عنوان القالب)
شركة تغليف أثاث احترافي في الوكرة,https://www.rukn-eltatawer.com/qa/furniture-packaging-al-wakrah/,222,"critical_thin,template_boilerplate,local_doorway_variant,city_variant_similar,keyword_cannibalization,no_h1_in_body",محتوى هزيل جداً (222 كلمة) ؛ نفس الهيكل العناوين في 868 صفحة (hash a6b89d30b159) ؛ صفحة مدينة×خدمة من مولّد الشبكة — تغطية محلية لكن خطر doorway/تكرار ؛ نفس جذع الخدمة `furniture-packaging` على 9 URL ؛ لا H1 داخل جسم المقال (قد يعتمد على عنوان القالب)
شركة تركيب وفك الأثاث في الوكرة,https://www.rukn-eltatawer.com/qa/furniture-assembly-al-wakrah/,222,"critical_thin,template_boilerplate,local_doorway_variant,city_variant_similar,keyword_cannibalization,no_h1_in_body",محتوى هزيل جداً (222 كلمة) ؛ نفس الهيكل العناوين في 868 صفحة (hash a6b89d30b159) ؛ صفحة مدينة×خدمة من مولّد الشبكة — تغطية محلية لكن خطر doorway/تكرار ؛ نفس جذع الخدمة `furniture-assembly` على 9 URL ؛ لا H1 داخل جسم المقال (قد يعتمد على عنوان القالب)
شركة تخزين أثاث في الوكرة,https://www.rukn-eltatawer.com/qa/furniture-storage-al-wakrah/,209,"critical_thin,template_boilerplate,local_doorway_variant,keyword_cannibalization,no_h1_in_body",محتوى هزيل جداً (209 كلمة) ؛ نفس الهيكل العناوين في 868 صفحة (hash a6b89d30b159) ؛ صفحة مدينة×خدمة من مولّد الشبكة — تغطية محلية لكن خطر doorway/تكرار ؛ نفس جذع الخدمة `furniture-storage` على 9 URL ؛ لا H1 داخل جسم المقال (قد يعتمد على عنوان القالب)
شركة تركيب أنظمة طاقة شمسية في الوكرة,https://www.rukn-eltatawer.com/qa/solar-systems-installation-al-wakrah/,223,"critical_thin,template_boilerplate,local_doorway_variant,keyword_cannibalization,no_h1_in_body",محتوى هزيل جداً (223 كلمة) ؛ نفس الهيكل العناوين في 905 صفحة (hash cb24e6f8b3f9) ؛ صفحة مدينة×خدمة من مولّد الشبكة — تغطية محلية لكن خطر doorway/تكرار ؛ نفس جذع الخدمة `solar-systems-installation` على 9 URL ؛ لا H1 داخل جسم المقال (قد يعتمد على عنوان القالب)
شركة تركيب سخانات طاقة شمسية في الوكرة,https://www.rukn-eltatawer.com/qa/solar-water-heaters-al-wakrah/,229,"critical_thin,template_boilerplate,local_doorway_variant,city_variant_similar,keyword_cannibalization,no_h1_in_body",محتوى هزيل جداً (229 كلمة) ؛ نفس الهيكل العناوين في 905 صفحة (hash cb24e6f8b3f9) ؛ صفحة مدينة×خدمة من مولّد الشبكة — تغطية محلية لكن خطر doorway/تكرار ؛ نفس جذع الخدمة `solar-water-heaters` على 9 URL ؛ لا H1 داخل جسم المقال (قد يعتمد على عنوان القالب)
شركة مكافحة النمل الأسود والأحمر في الوكرة,https://www.rukn-eltatawer.com/qa/ant-control-al-wakrah/,242,"critical_thin,template_boilerplate,local_doorway_variant,city_variant_similar,keyword_cannibalization,no_h1_in_body",محتوى هزيل جداً (242 كلمة) ؛ نفس الهيكل العناوين في 905 صفحة (hash cb24e6f8b3f9) ؛ صفحة مدينة×خدمة من مولّد الشبكة — تغطية محلية لكن خطر doorway/تكرار ؛ نفس جذع الخدمة `ant-control` على 9 URL ؛ لا H1 داخل جسم المقال (قد يعتمد على عنوان القالب)
شركة مكافحة بق الفراش في الوكرة,https://www.rukn-eltatawer.com/qa/bed-bug-control-al-wakrah/,229,"critical_thin,template_boilerplate,local_doorway_variant,near_duplicate,keyword_cannibalization,no_h1_in_body",محتوى هزيل جداً (229 كلمة) ؛ نفس الهيكل العناوين في 905 صفحة (hash cb24e6f8b3f9) ؛ صفحة مدينة×خدمة من مولّد الشبكة — تغطية محلية لكن خطر doorway/تكرار ؛ تشابه SimHash مسافة 0 مع https://www.rukn-eltatawer.com/qa/cockroach-control-al-wakrah/ ؛ نفس جذع الخدمة `bed-bug-control` على 10 URL ؛ لا H1 داخل جسم المقال (قد يعتمد على عنوان القالب)
شركة مكافحة الفئران والقوارض في الوكرة,https://www.rukn-eltatawer.com/qa/rodent-control-al-wakrah/,230,"critical_thin,template_boilerplate,local_doorway_variant,city_variant_similar,keyword_cannibalization,no_h1_in_body",محتوى هزيل جداً (230 كلمة) ؛ نفس الهيكل العناوين في 868 صفحة (hash a6b89d30b159) ؛ صفحة مدينة×خدمة من مولّد الشبكة — تغطية محلية لكن خطر doorway/تكرار ؛ نفس جذع الخدمة `rodent-control` على 9 URL ؛ لا H1 داخل جسم المقال (قد يعتمد على عنوان القالب)
شركة مكافحة الأفاعي في الوكرة,https://www.rukn-eltatawer.com/qa/snake-control-al-wakrah/,223,"critical_thin,template_boilerplate,local_doorway_variant,city_variant_similar,keyword_cannibalization,no_h1_in_body",محتوى هزيل جداً (223 كلمة) ؛ نفس الهيكل العناوين في 868 صفحة (hash a6b89d30b159) ؛ صفحة مدينة×خدمة من مولّد الشبكة — تغطية محلية لكن خطر doorway/تكرار ؛ نفس جذع الخدمة `snake-control` على 9 URL ؛ لا H1 داخل جسم المقال (قد يعتمد على عنوان القالب)
شركة مكافحة العقارب في الوكرة,https://www.rukn-eltatawer.com/qa/scorpion-control-al-wakrah/,229,"critical_thin,template_boilerplate,local_doorway_variant,city_variant_similar,keyword_cannibalization,no_h1_in_body",محتوى هزيل جداً (229 كلمة) ؛ نفس الهيكل العناوين في 868 صفحة (hash a6b89d30b159) ؛ صفحة مدينة×خدمة من مولّد الشبكة — تغطية محلية لكن خطر doorway/تكرار ؛ نفس جذع الخدمة `scorpion-control` على 9 URL ؛ لا H1 داخل جسم المقال (قد يعتمد على عنوان القالب)
شركة مكافحة البراغيث في الوكرة,https://www.rukn-eltatawer.com/qa/flea-control-al-wakrah/,234,"critical_thin,template_boilerplate,local_doorway_variant,city_variant_similar,keyword_cannibalization,no_h1_in_body",محتوى هزيل جداً (234 كلمة) ؛ نفس الهيكل العناوين في 905 صفحة (hash cb24e6f8b3f9) ؛ صفحة مدينة×خدمة من مولّد الشبكة — تغطية محلية لكن خطر doorway/تكرار ؛ نفس جذع الخدمة `flea-control` على 9 URL ؛ لا H1 داخل جسم المقال (قد يعتمد على عنوان القالب)
شركة مكافحة الوزغ (البرص) في الوكرة,https://www.rukn-eltatawer.com/qa/lizard-control-al-wakrah/,229,"critical_thin,template_boilerplate,local_doorway_variant,city_variant_similar,keyword_cannibalization,no_h1_in_body",محتوى هزيل جداً (229 كلمة) ؛ نفس الهيكل العناوين في 905 صفحة (hash cb24e6f8b3f9) ؛ صفحة مدينة×خدمة من مولّد الشبكة — تغطية محلية لكن خطر doorway/تكرار ؛ نفس جذع الخدمة `lizard-control` على 9 URL ؛ لا H1 داخل جسم المقال (قد يعتمد على عنوان القالب)
شركة مكافحة الطيور في الوكرة,https://www.rukn-eltatawer.com/qa/bird-control-al-wakrah/,217,"critical_thin,template_boilerplate,local_doorway_variant,city_variant_similar,keyword_cannibalization,no_h1_in_body",محتوى هزيل جداً (217 كلمة) ؛ نفس الهيكل العناوين في 868 صفحة (hash a6b89d30b159) ؛ صفحة مدينة×خدمة من مولّد الشبكة — تغطية محلية لكن خطر doorway/تكرار ؛ نفس جذع الخدمة `bird-control` على 9 URL ؛ لا H1 داخل جسم المقال (قد يعتمد على عنوان القالب)
شركة كشف تسريبات مواسير مياه في الشمال,https://www.rukn-eltatawer.com/qa/water-pipe-leak-detection-al-shamal/,242,"critical_thin,template_boilerplate,local_doorway_variant,city_variant_similar,keyword_cannibalization,no_h1_in_body",محتوى هزيل جداً (242 كلمة) ؛ نفس الهيكل العناوين في 905 صفحة (hash cb24e6f8b3f9) ؛ صفحة مدينة×خدمة من مولّد الشبكة — تغطية محلية لكن خطر doorway/تكرار ؛ نفس جذع الخدمة `water-pipe-leak-detection` على 9 URL ؛ لا H1 داخل جسم المقال (قد يعتمد على عنوان القالب)
شركة كشف تسريبات مواسير مياه في الشحانية,https://www.rukn-eltatawer.com/qa/water-pipe-leak-detection-al-shahaniya/,253,"critical_thin,template_boilerplate,local_doorway_variant,city_variant_similar,keyword_cannibalization,no_h1_in_body",محتوى هزيل جداً (253 كلمة) ؛ نفس الهيكل العناوين في 905 صفحة (hash cb24e6f8b3f9) ؛ صفحة مدينة×خدمة من مولّد الشبكة — تغطية محلية لكن خطر doorway/تكرار ؛ نفس جذع الخدمة `water-pipe-leak-detection` على 9 URL ؛ لا H1 داخل جسم المقال (قد يعتمد على عنوان القالب)
شركة كشف تسربات المياه في الشمال,https://www.rukn-eltatawer.com/qa/water-leak-detection-al-shamal/,253,"critical_thin,template_boilerplate,local_doorway_variant,near_duplicate,keyword_cannibalization,no_h1_in_body",محتوى هزيل جداً (253 كلمة) ؛ نفس الهيكل العناوين في 905 صفحة (hash cb24e6f8b3f9) ؛ صفحة مدينة×خدمة من مولّد الشبكة — تغطية محلية لكن خطر doorway/تكرار ؛ تشابه SimHash مسافة 1 مع https://www.rukn-eltatawer.com/qa/gas-leak-detection-al-shamal/ ؛ نفس جذع الخدمة `water-leak-detection` على 10 URL ؛ لا H1 داخل جسم المقال (قد يعتمد على عنوان القالب)
شركة كشف تسربات المياه في الشحانية,https://www.rukn-eltatawer.com/qa/water-leak-detection-al-shahaniya/,255,"critical_thin,template_boilerplate,local_doorway_variant,near_duplicate,keyword_cannibalization,no_h1_in_body,noindex,missing_canonical",محتوى هزيل جداً (255 كلمة) ؛ نفس الهيكل العناوين في 905 صفحة (hash cb24e6f8b3f9) ؛ صفحة مدينة×خدمة من مولّد الشبكة — تغطية محلية لكن خطر doorway/تكرار ؛ تشابه SimHash مسافة 0 مع https://www.rukn-eltatawer.com/qa/ac-leak-detection-al-shahaniya/ ؛ نفس جذع الخدمة `water-leak-detection` على 10 URL ؛ لا H1 داخل جسم المقال (قد يعتمد على عنوان القالب) ؛ robots noindex على الصفحة الحية
شركة كشف تسريبات مواسير مياه في الظعاين,https://www.rukn-eltatawer.com/qa/water-pipe-leak-detection-al-daayen/,242,"critical_thin,template_boilerplate,local_doorway_variant,city_variant_similar,keyword_cannibalization,no_h1_in_body",محتوى هزيل جداً (242 كلمة) ؛ نفس الهيكل العناوين في 905 صفحة (hash cb24e6f8b3f9) ؛ صفحة مدينة×خدمة من مولّد الشبكة — تغطية محلية لكن خطر doorway/تكرار ؛ نفس جذع الخدمة `water-pipe-leak-detection` على 9 URL ؛ لا H1 داخل جسم المقال (قد يعتمد على عنوان القالب)
شركة كشف تسربات المياه في الظعاين,https://www.rukn-eltatawer.com/qa/water-leak-detection-al-daayen/,241,"critical_thin,template_boilerplate,local_doorway_variant,near_duplicate,keyword_cannibalization,no_h1_in_body",محتوى هزيل جداً (241 كلمة) ؛ نفس الهيكل العناوين في 905 صفحة (hash cb24e6f8b3f9) ؛ صفحة مدينة×خدمة من مولّد الشبكة — تغطية محلية لكن خطر doorway/تكرار ؛ تشابه SimHash مسافة 1 مع https://www.rukn-eltatawer.com/qa/water-pipe-leak-detection-al-daayen/ ؛ نفس جذع الخدمة `water-leak-detection` على 10 URL ؛ لا H1 داخل جسم المقال (قد يعتمد على عنوان القالب)
شركة كشف تسريبات مواسير مياه في الخور,https://www.rukn-eltatawer.com/qa/water-pipe-leak-detection-al-khor/,256,"critical_thin,template_boilerplate,local_doorway_variant,keyword_cannibalization,no_h1_in_body",محتوى هزيل جداً (256 كلمة) ؛ نفس الهيكل العناوين في 868 صفحة (hash a6b89d30b159) ؛ صفحة مدينة×خدمة من مولّد الشبكة — تغطية محلية لكن خطر doorway/تكرار ؛ نفس جذع الخدمة `water-pipe-leak-detection` على 9 URL ؛ لا H1 داخل جسم المقال (قد يعتمد على عنوان القالب)
شركة كشف تسريبات مواسير مياه في أم صلال,https://www.rukn-eltatawer.com/qa/water-pipe-leak-detection-umm-salal/,264,"critical_thin,template_boilerplate,local_doorway_variant,city_variant_similar,keyword_cannibalization,no_h1_in_body",محتوى هزيل جداً (264 كلمة) ؛ نفس الهيكل العناوين في 868 صفحة (hash a6b89d30b159) ؛ صفحة مدينة×خدمة من مولّد الشبكة — تغطية محلية لكن خطر doorway/تكرار ؛ نفس جذع الخدمة `water-pipe-leak-detection` على 9 URL ؛ لا H1 داخل جسم المقال (قد يعتمد على عنوان القالب)
شركة كشف تسربات المياه في الخور,https://www.rukn-eltatawer.com/qa/water-leak-detection-al-khor/,265,"critical_thin,template_boilerplate,local_doorway_variant,near_duplicate,keyword_cannibalization,no_h1_in_body",محتوى هزيل جداً (265 كلمة) ؛ نفس الهيكل العناوين في 905 صفحة (hash cb24e6f8b3f9) ؛ صفحة مدينة×خدمة من مولّد الشبكة — تغطية محلية لكن خطر doorway/تكرار ؛ تشابه SimHash مسافة 3 مع https://www.rukn-eltatawer.com/qa/indoor-garden-design-al-khor/ ؛ نفس جذع الخدمة `water-leak-detection` على 10 URL ؛ لا H1 داخل جسم المقال (قد يعتمد على عنوان القالب)
شركة كشف تسربات المياه في أم صلال,https://www.rukn-eltatawer.com/qa/water-leak-detection-umm-salal/,263,"critical_thin,template_boilerplate,local_doorway_variant,near_duplicate,keyword_cannibalization,no_h1_in_body",محتوى هزيل جداً (263 كلمة) ؛ نفس الهيكل العناوين في 868 صفحة (hash a6b89d30b159) ؛ صفحة مدينة×خدمة من مولّد الشبكة — تغطية محلية لكن خطر doorway/تكرار ؛ تشابه SimHash مسافة 0 مع https://www.rukn-eltatawer.com/qa/water-pipe-leak-detection-umm-salal/ ؛ نفس جذع الخدمة `water-leak-detection` على 10 URL ؛ لا H1 داخل جسم المقال (قد يعتمد على عنوان القالب)
شركة كشف تسريبات مواسير مياه في الوكرة,https://www.rukn-eltatawer.com/qa/water-pipe-leak-detection-al-wakrah/,240,"critical_thin,template_boilerplate,local_doorway_variant,city_variant_similar,keyword_cannibalization,no_h1_in_body",محتوى هزيل جداً (240 كلمة) ؛ نفس الهيكل العناوين في 868 صفحة (hash a6b89d30b159) ؛ صفحة مدينة×خدمة من مولّد الشبكة — تغطية محلية لكن خطر doorway/تكرار ؛ نفس جذع الخدمة `water-pipe-leak-detection` على 9 URL ؛ لا H1 داخل جسم المقال (قد يعتمد على عنوان القالب)
شركة كشف تسربات المياه في الوكرة,https://www.rukn-eltatawer.com/qa/water-leak-detection-al-wakrah/,251,"critical_thin,template_boilerplate,local_doorway_variant,keyword_cannibalization,no_h1_in_body",محتوى هزيل جداً (251 كلمة) ؛ نفس الهيكل العناوين في 868 صفحة (hash a6b89d30b159) ؛ صفحة مدينة×خدمة من مولّد الشبكة — تغطية محلية لكن خطر doorway/تكرار ؛ نفس جذع الخدمة `water-leak-detection` على 10 URL ؛ لا H1 داخل جسم المقال (قد يعتمد على عنوان القالب)
شركة كشف تسريبات مواسير مياه في الريان,https://www.rukn-eltatawer.com/qa/water-pipe-leak-detection-al-rayyan/,259,"critical_thin,template_boilerplate,local_doorway_variant,keyword_cannibalization,no_h1_in_body",محتوى هزيل جداً (259 كلمة) ؛ نفس الهيكل العناوين في 905 صفحة (hash cb24e6f8b3f9) ؛ صفحة مدينة×خدمة من مولّد الشبكة — تغطية محلية لكن خطر doorway/تكرار ؛ نفس جذع الخدمة `water-pipe-leak-detection` على 9 URL ؛ لا H1 داخل جسم المقال (قد يعتمد على عنوان القالب)
شركة كشف تسربات المياه في الريان,https://www.rukn-eltatawer.com/qa/water-leak-detection-al-rayyan/,254,"critical_thin,template_boilerplate,local_doorway_variant,near_duplicate,keyword_cannibalization,no_h1_in_body",محتوى هزيل جداً (254 كلمة) ؛ نفس الهيكل العناوين في 905 صفحة (hash cb24e6f8b3f9) ؛ صفحة مدينة×خدمة من مولّد الشبكة — تغطية محلية لكن خطر doorway/تكرار ؛ تشابه SimHash مسافة 2 مع https://www.rukn-eltatawer.com/qa/waterproofing-al-rayyan/ ؛ نفس جذع الخدمة `water-leak-detection` على 10 URL ؛ لا H1 داخل جسم المقال (قد يعتمد على عنوان القالب)
شركة كشف تسربات التكييف في الدوحة,https://www.rukn-eltatawer.com/qa/ac-leak-detection-doha/,273,"critical_thin,template_boilerplate,local_doorway_variant,keyword_cannibalization,no_h1_in_body",محتوى هزيل جداً (273 كلمة) ؛ نفس الهيكل العناوين في 905 صفحة (hash cb24e6f8b3f9) ؛ صفحة مدينة×خدمة من مولّد الشبكة — تغطية محلية لكن خطر doorway/تكرار ؛ نفس جذع الخدمة `ac-leak-detection` على 9 URL ؛ لا H1 داخل جسم المقال (قد يعتمد على عنوان القالب)
شركة كشف تسريبات مواسير مياه في الدوحة,https://www.rukn-eltatawer.com/qa/water-pipe-leak-detection-doha/,250,"critical_thin,template_boilerplate,local_doorway_variant,keyword_cannibalization,no_h1_in_body",محتوى هزيل جداً (250 كلمة) ؛ نفس الهيكل العناوين في 868 صفحة (hash a6b89d30b159) ؛ صفحة مدينة×خدمة من مولّد الشبكة — تغطية محلية لكن خطر doorway/تكرار ؛ نفس جذع الخدمة `water-pipe-leak-detection` على 9 URL ؛ لا H1 داخل جسم المقال (قد يعتمد على عنوان القالب)
شركة كشف تسربات المياه في الدوحة,https://www.rukn-eltatawer.com/qa/water-leak-detection-doha/,263,"critical_thin,template_boilerplate,local_doorway_variant,keyword_cannibalization,no_h1_in_body",محتوى هزيل جداً (263 كلمة) ؛ نفس الهيكل العناوين في 868 صفحة (hash a6b89d30b159) ؛ صفحة مدينة×خدمة من مولّد الشبكة — تغطية محلية لكن خطر doorway/تكرار ؛ نفس جذع الخدمة `water-leak-detection` على 10 URL ؛ لا H1 داخل جسم المقال (قد يعتمد على عنوان القالب)
AC maintenance in Doha and Qatar,https://www.rukn-eltatawer.com/qa/en/ac-maintenance-qatar-en/,176,"critical_thin,no_h1_in_body",محتوى هزيل جداً (176 كلمة) ؛ لا H1 داخل جسم المقال (قد يعتمد على عنوان القالب)
Roof insulation in Qatar,https://www.rukn-eltatawer.com/qa/en/roof-insulation-qatar-en/,181,"critical_thin,no_h1_in_body",محتوى هزيل جداً (181 كلمة) ؛ لا H1 داخل جسم المقال (قد يعتمد على عنوان القالب)
Water leak detection in Qatar without breaking,https://www.rukn-eltatawer.com/qa/en/water-leak-detection-qatar-en/,202,"critical_thin,no_h1_in_body",محتوى هزيل جداً (202 كلمة) ؛ لا H1 داخل جسم المقال (قد يعتمد على عنوان القالب)
شركة تركيب جلسات خارجية في قطر,https://www.rukn-eltatawer.com/qa/shrkh-trkyb-jlsat-kharjyh-fy-qtr/,582,"thin_content,no_h1_in_body",أقل من 1000 كلمة (582) ؛ لا H1 داخل جسم المقال (قد يعتمد على عنوان القالب)
شركة تركيب برجولات خشبية في قطر,https://www.rukn-eltatawer.com/qa/shrkh-trkyb-brjwlat-khshbyh-fy-qtr/,582,"thin_content,no_h1_in_body",أقل من 1000 كلمة (582) ؛ لا H1 داخل جسم المقال (قد يعتمد على عنوان القالب)
شركة تركيب سواتر في قطر,https://www.rukn-eltatawer.com/qa/shrkh-trkyb-swatr-fy-qtr/,567,"thin_content,no_h1_in_body",أقل من 1000 كلمة (567) ؛ لا H1 داخل جسم المقال (قد يعتمد على عنوان القالب)
شركة تركيب مظلات سيارات في قطر,https://www.rukn-eltatawer.com/qa/shrkh-trkyb-mzlat-syarat-fy-qtr/,582,"thin_content,no_h1_in_body",أقل من 1000 كلمة (582) ؛ لا H1 داخل جسم المقال (قد يعتمد على عنوان القالب)
شركة صيانة مسابح في قطر,https://www.rukn-eltatawer.com/qa/shrkh-syanh-msabh-fy-qtr/,609,"thin_content,similar_content,no_h1_in_body",أقل من 1000 كلمة (609) ؛ محتوى مشابه (hamming 5) ؛ لا H1 داخل جسم المقال (قد يعتمد على عنوان القالب)
شركة إنشاء مسابح في قطر,https://www.rukn-eltatawer.com/qa/shrkh-ansha-msabh-fy-qtr/,609,"thin_content,similar_content,no_h1_in_body",أقل من 1000 كلمة (609) ؛ محتوى مشابه (hamming 5) ؛ لا H1 داخل جسم المقال (قد يعتمد على عنوان القالب)
شركة تصميم نوافير في قطر,https://www.rukn-eltatawer.com/qa/shrkh-tsmym-nwafyr-fy-qtr/,606,"thin_content,no_h1_in_body",أقل من 1000 كلمة (606) ؛ لا H1 داخل جسم المقال (قد يعتمد على عنوان القالب)
شركة تصميم شلالات في قطر,https://www.rukn-eltatawer.com/qa/shrkh-tsmym-shlalat-fy-qtr/,606,"thin_content,no_h1_in_body",أقل من 1000 كلمة (606) ؛ لا H1 داخل جسم المقال (قد يعتمد على عنوان القالب)
شركة تركيب شبكات ري في قطر,https://www.rukn-eltatawer.com/qa/shrkh-trkyb-shbkat-ry-fy-qtr/,621,"thin_content,no_h1_in_body",أقل من 1000 كلمة (621) ؛ لا H1 داخل جسم المقال (قد يعتمد على عنوان القالب)
شركة تكريب نخيل في قطر,https://www.rukn-eltatawer.com/qa/shrkh-tkryb-nkhyl-fy-qtr/,606,"thin_content,similar_content,no_h1_in_body",أقل من 1000 كلمة (606) ؛ محتوى مشابه (hamming 5) ؛ لا H1 داخل جسم المقال (قد يعتمد على عنوان القالب)
شركة قص أشجار في قطر,https://www.rukn-eltatawer.com/qa/shrkh-qs-ashjar-fy-qtr/,539,"thin_content,no_h1_in_body",أقل من 1000 كلمة (539) ؛ لا H1 داخل جسم المقال (قد يعتمد على عنوان القالب)
شركة زراعة عشب طبيعي في قطر,https://www.rukn-eltatawer.com/qa/shrkh-zraah-ashb-tbyay-fy-qtr/,621,"thin_content,no_h1_in_body",أقل من 1000 كلمة (621) ؛ لا H1 داخل جسم المقال (قد يعتمد على عنوان القالب)
شركة تركيب عشب صناعي في قطر,https://www.rukn-eltatawer.com/qa/shrkh-trkyb-ashb-snaay-fy-qtr/,621,"thin_content,no_h1_in_body",أقل من 1000 كلمة (621) ؛ لا H1 داخل جسم المقال (قد يعتمد على عنوان القالب)
شركة تصميم حدائق في قطر,https://www.rukn-eltatawer.com/qa/shrkh-tsmym-hdayq-fy-qtr/,606,"thin_content,near_duplicate,no_h1_in_body",أقل من 1000 كلمة (606) ؛ تشابه SimHash مسافة 3 مع https://www.rukn-eltatawer.com/qa/shrkh-tnsyq-hdayq-fy-qtr/ ؛ لا H1 داخل جسم المقال (قد يعتمد على عنوان القالب)
شركة تنسيق حدائق في قطر,https://www.rukn-eltatawer.com/qa/shrkh-tnsyq-hdayq-fy-qtr/,606,"thin_content,near_duplicate,no_h1_in_body",أقل من 1000 كلمة (606) ؛ تشابه SimHash مسافة 3 مع https://www.rukn-eltatawer.com/qa/shrkh-tsmym-hdayq-fy-qtr/ ؛ لا H1 داخل جسم المقال (قد يعتمد على عنوان القالب)
شركة صيانة مصاعد في قطر,https://www.rukn-eltatawer.com/qa/shrkh-syanh-msaad-fy-qtr/,553,"thin_content,no_h1_in_body",أقل من 1000 كلمة (553) ؛ لا H1 داخل جسم المقال (قد يعتمد على عنوان القالب)
شركة صيانة أبواب أوتوماتيكية في قطر,https://www.rukn-eltatawer.com/qa/shrkh-syanh-abwab-awtwmatykyh-fy-qtr/,565,"thin_content,no_h1_in_body",أقل من 1000 كلمة (565) ؛ لا H1 داخل جسم المقال (قد يعتمد على عنوان القالب)
حدادة أبواب ونوافذ في قطر,https://www.rukn-eltatawer.com/qa/hdadh-abwab-wnwafdh-fy-qtr/,552,"thin_content,no_h1_in_body",أقل من 1000 كلمة (552) ؛ لا H1 داخل جسم المقال (قد يعتمد على عنوان القالب)
شركة صيانة أبواب خشبية في قطر,https://www.rukn-eltatawer.com/qa/shrkh-syanh-abwab-khshbyh-fy-qtr/,565,"thin_content,no_h1_in_body",أقل من 1000 كلمة (565) ؛ لا H1 داخل جسم المقال (قد يعتمد على عنوان القالب)
منجرة نجارة أثاث في قطر,https://www.rukn-eltatawer.com/qa/mnjrh-njarh-athath-fy-qtr/,537,"thin_content,no_h1_in_body",أقل من 1000 كلمة (537) ؛ لا H1 داخل جسم المقال (قد يعتمد على عنوان القالب)
شركة تفصيل مطابخ في قطر,https://www.rukn-eltatawer.com/qa/shrkh-tfsyl-mtabkh-fy-qtr/,578,"thin_content,no_h1_in_body",أقل من 1000 كلمة (578) ؛ لا H1 داخل جسم المقال (قد يعتمد على عنوان القالب)
شركة تركيب ألومنيوم في قطر,https://www.rukn-eltatawer.com/qa/shrkh-trkyb-alwmnywm-fy-qtr/,533,"thin_content,no_h1_in_body",أقل من 1000 كلمة (533) ؛ لا H1 داخل جسم المقال (قد يعتمد على عنوان القالب)
شركة تركيب زجاج سيكوريت في قطر,https://www.rukn-eltatawer.com/qa/shrkh-trkyb-zjaj-sykwryt-fy-qtr/,559,"thin_content,no_h1_in_body",أقل من 1000 كلمة (559) ؛ لا H1 داخل جسم المقال (قد يعتمد على عنوان القالب)
شركة تركيب فوم جدران في قطر,https://www.rukn-eltatawer.com/qa/shrkh-trkyb-fwm-jdran-fy-qtr/,701,"thin_content,no_h1_in_body",أقل من 1000 كلمة (701) ؛ لا H1 داخل جسم المقال (قد يعتمد على عنوان القالب)
شركة تركيب بديل رخام في قطر,https://www.rukn-eltatawer.com/qa/shrkh-trkyb-bdyl-rkham-fy-qtr/,617,"thin_content,no_h1_in_body",أقل من 1000 كلمة (617) ؛ لا H1 داخل جسم المقال (قد يعتمد على عنوان القالب)
شركة تركيب بديل خشب في قطر,https://www.rukn-eltatawer.com/qa/shrkh-trkyb-bdyl-khshb-fy-qtr/,552,"thin_content,similar_content,no_h1_in_body",أقل من 1000 كلمة (552) ؛ محتوى مشابه (hamming 6) ؛ لا H1 داخل جسم المقال (قد يعتمد على عنوان القالب)
شركة تركيب باركيه في قطر,https://www.rukn-eltatawer.com/qa/shrkh-trkyb-barkyh-fy-qtr/,602,"thin_content,similar_content,no_h1_in_body",أقل من 1000 كلمة (602) ؛ محتوى مشابه (hamming 5) ؛ لا H1 داخل جسم المقال (قد يعتمد على عنوان القالب)
شركة تركيب أرضيات إيبوكسي في قطر,https://www.rukn-eltatawer.com/qa/shrkh-trkyb-ardyat-aybwksy-fy-qtr/,617,"thin_content,no_h1_in_body",أقل من 1000 كلمة (617) ؛ لا H1 داخل جسم المقال (قد يعتمد على عنوان القالب)
شركة تركيب كربستون في قطر,https://www.rukn-eltatawer.com/qa/shrkh-trkyb-krbstwn-fy-qtr/,602,"thin_content,no_h1_in_body",أقل من 1000 كلمة (602) ؛ لا H1 داخل جسم المقال (قد يعتمد على عنوان القالب)
شركة تركيب انترلوك في قطر,https://www.rukn-eltatawer.com/qa/shrkh-trkyb-antrlwk-fy-qtr/,602,"thin_content,similar_content,no_h1_in_body",أقل من 1000 كلمة (602) ؛ محتوى مشابه (hamming 5) ؛ لا H1 داخل جسم المقال (قد يعتمد على عنوان القالب)
شركة تركيب رخام وجرانيت في قطر,https://www.rukn-eltatawer.com/qa/shrkh-trkyb-rkham-wjranyt-fy-qtr/,617,"thin_content,similar_content,no_h1_in_body",أقل من 1000 كلمة (617) ؛ محتوى مشابه (hamming 5) ؛ لا H1 داخل جسم المقال (قد يعتمد على عنوان القالب)
شركة تركيب سيراميك وبورسلين في قطر,https://www.rukn-eltatawer.com/qa/shrkh-trkyb-syramyk-wbwrslyn-fy-qtr/,617,"thin_content,similar_content,no_h1_in_body",أقل من 1000 كلمة (617) ؛ محتوى مشابه (hamming 5) ؛ لا H1 داخل جسم المقال (قد يعتمد على عنوان القالب)
شركة تركيب أسقف مستعارة في قطر,https://www.rukn-eltatawer.com/qa/shrkh-trkyb-asqf-mstaarh-fy-qtr/,615,"thin_content,no_h1_in_body",أقل من 1000 كلمة (615) ؛ لا H1 داخل جسم المقال (قد يعتمد على عنوان القالب)
شركة تركيب جبس بورد في قطر,https://www.rukn-eltatawer.com/qa/shrkh-trkyb-jbs-bwrd-fy-qtr/,615,"thin_content,similar_content,no_h1_in_body",أقل من 1000 كلمة (615) ؛ محتوى مشابه (hamming 6) ؛ لا H1 داخل جسم المقال (قد يعتمد على عنوان القالب)
شركة تركيب ورق جدران في قطر,https://www.rukn-eltatawer.com/qa/shrkh-trkyb-wrq-jdran-fy-qtr/,615,"thin_content,similar_content,no_h1_in_body",أقل من 1000 كلمة (615) ؛ محتوى مشابه (hamming 6) ؛ لا H1 داخل جسم المقال (قد يعتمد على عنوان القالب)
شركة ديكورات داخلية في قطر,https://www.rukn-eltatawer.com/qa/shrkh-dykwrat-dakhlyh-fy-qtr/,600,"thin_content,similar_content,no_h1_in_body",أقل من 1000 كلمة (600) ؛ محتوى مشابه (hamming 6) ؛ لا H1 داخل جسم المقال (قد يعتمد على عنوان القالب)
شركة دهانات خارجية في قطر,https://www.rukn-eltatawer.com/qa/shrkh-dhanat-kharjyh-fy-qtr/,600,"thin_content,near_duplicate,no_h1_in_body",أقل من 1000 كلمة (600) ؛ تشابه SimHash مسافة 3 مع https://www.rukn-eltatawer.com/qa/services/construction-and-maintenance-of-buildings/ ؛ لا H1 داخل جسم المقال (قد يعتمد على عنوان القالب)
شركة دهانات داخلية في قطر,https://www.rukn-eltatawer.com/qa/shrkh-dhanat-dakhlyh-fy-qtr/,600,"thin_content,similar_content,no_h1_in_body",أقل من 1000 كلمة (600) ؛ محتوى مشابه (hamming 6) ؛ لا H1 داخل جسم المقال (قد يعتمد على عنوان القالب)
شركة هدم مباني في قطر,https://www.rukn-eltatawer.com/qa/shrkh-hdm-mbany-fy-qtr/,595,"thin_content,similar_content,no_h1_in_body",أقل من 1000 كلمة (595) ؛ محتوى مشابه (hamming 4) ؛ لا H1 داخل جسم المقال (قد يعتمد على عنوان القالب)
شركة تشطيب شقق في قطر,https://www.rukn-eltatawer.com/qa/shrkh-tshtyb-shqq-fy-qtr/,595,"thin_content,similar_content,no_h1_in_body",أقل من 1000 كلمة (595) ؛ محتوى مشابه (hamming 5) ؛ لا H1 داخل جسم المقال (قد يعتمد على عنوان القالب)
شركة تشطيب فلل في قطر,https://www.rukn-eltatawer.com/qa/shrkh-tshtyb-fll-fy-qtr/,595,"thin_content,similar_content,no_h1_in_body",أقل من 1000 كلمة (595) ؛ محتوى مشابه (hamming 5) ؛ لا H1 داخل جسم المقال (قد يعتمد على عنوان القالب)
شركة ترميم مطابخ في قطر,https://www.rukn-eltatawer.com/qa/shrkh-trmym-mtabkh-fy-qtr/,578,"thin_content,no_h1_in_body",أقل من 1000 كلمة (578) ؛ لا H1 داخل جسم المقال (قد يعتمد على عنوان القالب)
شركة ترميم حمامات في قطر,https://www.rukn-eltatawer.com/qa/shrkh-trmym-hmamat-fy-qtr/,578,"thin_content,no_h1_in_body",أقل من 1000 كلمة (578) ؛ لا H1 داخل جسم المقال (قد يعتمد على عنوان القالب)
شركة ترميم منازل في قطر,https://www.rukn-eltatawer.com/qa/shrkh-trmym-mnazl-fy-qtr/,555,"thin_content,no_h1_in_body",أقل من 1000 كلمة (555) ؛ لا H1 داخل جسم المقال (قد يعتمد على عنوان القالب)
شركة بناء استراحات في قطر,https://www.rukn-eltatawer.com/qa/shrkh-bna-astrahat-fy-qtr/,595,"thin_content,near_duplicate,no_h1_in_body",أقل من 1000 كلمة (595) ؛ تشابه SimHash مسافة 3 مع https://www.rukn-eltatawer.com/qa/shrkh-bna-mjals-fy-qtr/ ؛ لا H1 داخل جسم المقال (قد يعتمد على عنوان القالب)
شركة بناء مجالس في قطر,https://www.rukn-eltatawer.com/qa/shrkh-bna-mjals-fy-qtr/,595,"thin_content,near_duplicate,no_h1_in_body",أقل من 1000 كلمة (595) ؛ تشابه SimHash مسافة 3 مع https://www.rukn-eltatawer.com/qa/shrkh-bna-astrahat-fy-qtr/ ؛ لا H1 داخل جسم المقال (قد يعتمد على عنوان القالب)
شركة بناء ملاحق في قطر,https://www.rukn-eltatawer.com/qa/shrkh-bna-mlahq-fy-qtr/,595,"thin_content,no_h1_in_body",أقل من 1000 كلمة (595) ؛ لا H1 داخل جسم المقال (قد يعتمد على عنوان القالب)
شركة مقاولات عامة في قطر,https://www.rukn-eltatawer.com/qa/shrkh-mqawlat-aamh-fy-qtr/,595,"thin_content,no_h1_in_body",أقل من 1000 كلمة (595) ؛ لا H1 داخل جسم المقال (قد يعتمد على عنوان القالب)
شركة صيانة مباني في قطر,https://www.rukn-eltatawer.com/qa/shrkh-syanh-mbany-fy-qtr/,595,"thin_content,similar_content,no_h1_in_body",أقل من 1000 كلمة (595) ؛ محتوى مشابه (hamming 5) ؛ لا H1 داخل جسم المقال (قد يعتمد على عنوان القالب)
شركة صيانة عامة في قطر,https://www.rukn-eltatawer.com/qa/shrkh-syanh-aamh-fy-qtr/,595,"thin_content,similar_content,no_h1_in_body",أقل من 1000 كلمة (595) ؛ محتوى مشابه (hamming 5) ؛ لا H1 داخل جسم المقال (قد يعتمد على عنوان القالب)
شركة تركيب طاقة شمسية في قطر,https://www.rukn-eltatawer.com/qa/shrkh-trkyb-taqh-shmsyh-fy-qtr/,554,"thin_content,no_h1_in_body",أقل من 1000 كلمة (554) ؛ لا H1 داخل جسم المقال (قد يعتمد على عنوان القالب)
شركة تركيب ستالايت في قطر,https://www.rukn-eltatawer.com/qa/shrkh-trkyb-stalayt-fy-qtr/,603,"thin_content,no_h1_in_body",أقل من 1000 كلمة (603) ؛ لا H1 داخل جسم المقال (قد يعتمد على عنوان القالب)
شركة تركيب أجهزة إنذار حريق في قطر,https://www.rukn-eltatawer.com/qa/shrkh-trkyb-ajhzh-andhar-hryq-fy-qtr/,579,"thin_content,no_h1_in_body",أقل من 1000 كلمة (579) ؛ لا H1 داخل جسم المقال (قد يعتمد على عنوان القالب)
شركة تركيب انتركم في قطر,https://www.rukn-eltatawer.com/qa/shrkh-trkyb-antrkm-fy-qtr/,603,"thin_content,no_h1_in_body",أقل من 1000 كلمة (603) ؛ لا H1 داخل جسم المقال (قد يعتمد على عنوان القالب)
شركة صيانة كاميرات مراقبة في قطر,https://www.rukn-eltatawer.com/qa/shrkh-syanh-kamyrat-mraqbh-fy-qtr/,618,"thin_content,no_h1_in_body",أقل من 1000 كلمة (618) ؛ لا H1 داخل جسم المقال (قد يعتمد على عنوان القالب)
شركة تركيب كاميرات مراقبة في قطر,https://www.rukn-eltatawer.com/qa/shrkh-trkyb-kamyrat-mraqbh-fy-qtr/,618,"thin_content,no_h1_in_body",أقل من 1000 كلمة (618) ؛ لا H1 داخل جسم المقال (قد يعتمد على عنوان القالب)
شركة تركيب أنظمة ذكية في قطر,https://www.rukn-eltatawer.com/qa/shrkh-trkyb-anzmh-dhkyh-fy-qtr/,618,"thin_content,no_h1_in_body",أقل من 1000 كلمة (618) ؛ لا H1 داخل جسم المقال (قد يعتمد على عنوان القالب)
شركة تأسيس كهرباء في قطر,https://www.rukn-eltatawer.com/qa/shrkh-tasys-khrba-fy-qtr/,603,"thin_content,no_h1_in_body",أقل من 1000 كلمة (603) ؛ لا H1 داخل جسم المقال (قد يعتمد على عنوان القالب)
شركة صيانة كهرباء في قطر,https://www.rukn-eltatawer.com/qa/shrkh-syanh-khrba-fy-qtr/,603,"thin_content,no_h1_in_body",أقل من 1000 كلمة (603) ؛ لا H1 داخل جسم المقال (قد يعتمد على عنوان القالب)
شركة صيانة ميكروويف في قطر,https://www.rukn-eltatawer.com/qa/shrkh-syanh-mykrwwyf-fy-qtr/,575,"thin_content,similar_content,no_h1_in_body",أقل من 1000 كلمة (575) ؛ محتوى مشابه (hamming 4) ؛ لا H1 داخل جسم المقال (قد يعتمد على عنوان القالب)
شركة صيانة طباخات في قطر,https://www.rukn-eltatawer.com/qa/shrkh-syanh-tbakhat-fy-qtr/,575,"thin_content,similar_content,no_h1_in_body",أقل من 1000 كلمة (575) ؛ محتوى مشابه (hamming 4) ؛ لا H1 داخل جسم المقال (قد يعتمد على عنوان القالب)
شركة صيانة أفران في قطر,https://www.rukn-eltatawer.com/qa/shrkh-syanh-afran-fy-qtr/,575,"thin_content,no_h1_in_body",أقل من 1000 كلمة (575) ؛ لا H1 داخل جسم المقال (قد يعتمد على عنوان القالب)
شركة صيانة نشافات في قطر,https://www.rukn-eltatawer.com/qa/shrkh-syanh-nshafat-fy-qtr/,575,"thin_content,no_h1_in_body",أقل من 1000 كلمة (575) ؛ لا H1 داخل جسم المقال (قد يعتمد على عنوان القالب)
شركة صيانة غسالات في قطر,https://www.rukn-eltatawer.com/qa/shrkh-syanh-ghsalat-fy-qtr/,575,"thin_content,similar_content,no_h1_in_body",أقل من 1000 كلمة (575) ؛ محتوى مشابه (hamming 4) ؛ لا H1 داخل جسم المقال (قد يعتمد على عنوان القالب)
شركة صيانة ثلاجات في قطر,https://www.rukn-eltatawer.com/qa/shrkh-syanh-thlajat-fy-qtr/,575,"thin_content,similar_content,no_h1_in_body",أقل من 1000 كلمة (575) ؛ محتوى مشابه (hamming 4) ؛ لا H1 داخل جسم المقال (قد يعتمد على عنوان القالب)
شركة صيانة غرف تبريد وتجميد في قطر,https://www.rukn-eltatawer.com/qa/shrkh-syanh-ghrf-tbryd-wtjmyd-fy-qtr/,576,"thin_content,no_h1_in_body",أقل من 1000 كلمة (576) ؛ لا H1 داخل جسم المقال (قد يعتمد على عنوان القالب)
شركة تعبئة غاز مكيفات في قطر,https://www.rukn-eltatawer.com/qa/shrkh-tabyh-ghaz-mkyfat-fy-qtr/,644,"thin_content,similar_content,no_h1_in_body",أقل من 1000 كلمة (644) ؛ محتوى مشابه (hamming 6) ؛ لا H1 داخل جسم المقال (قد يعتمد على عنوان القالب)
شركة غسيل مكيفات في قطر,https://www.rukn-eltatawer.com/qa/shrkh-ghsyl-mkyfat-fy-qtr/,629,"thin_content,similar_content,no_h1_in_body",أقل من 1000 كلمة (629) ؛ محتوى مشابه (hamming 6) ؛ لا H1 داخل جسم المقال (قد يعتمد على عنوان القالب)
شركة صيانة سخانات مياه في قطر,https://www.rukn-eltatawer.com/qa/shrkh-syanh-skhanat-myah-fy-qtr/,642,"thin_content,no_h1_in_body",أقل من 1000 كلمة (642) ؛ لا H1 داخل جسم المقال (قد يعتمد على عنوان القالب)
شركة تركيب محطات تحلية في قطر,https://www.rukn-eltatawer.com/qa/shrkh-trkyb-mhtat-thlyh-fy-qtr/,642,"thin_content,no_h1_in_body",أقل من 1000 كلمة (642) ؛ لا H1 داخل جسم المقال (قد يعتمد على عنوان القالب)
شركة تركيب فلاتر مياه في قطر,https://www.rukn-eltatawer.com/qa/shrkh-trkyb-flatr-myah-fy-qtr/,642,"thin_content,no_h1_in_body",أقل من 1000 كلمة (642) ؛ لا H1 داخل جسم المقال (قد يعتمد على عنوان القالب)
شركة صيانة دينامو في قطر,https://www.rukn-eltatawer.com/qa/shrkh-syanh-dynamw-fy-qtr/,627,"thin_content,no_h1_in_body",أقل من 1000 كلمة (627) ؛ لا H1 داخل جسم المقال (قد يعتمد على عنوان القالب)
شركة تركيب مضخات مياه في قطر,https://www.rukn-eltatawer.com/qa/shrkh-trkyb-mdkhat-myah-fy-qtr/,642,"thin_content,no_h1_in_body",أقل من 1000 كلمة (642) ؛ لا H1 داخل جسم المقال (قد يعتمد على عنوان القالب)
شركة تنظيف غرف تفتيش في قطر,https://www.rukn-eltatawer.com/qa/shrkh-tnzyf-ghrf-tftysh-fy-qtr/,622,"thin_content,no_h1_in_body",أقل من 1000 كلمة (622) ؛ لا H1 داخل جسم المقال (قد يعتمد على عنوان القالب)
شركة شفط بيارات في قطر,https://www.rukn-eltatawer.com/qa/shrkh-shft-byarat-fy-qtr/,625,"thin_content,no_h1_in_body",أقل من 1000 كلمة (625) ؛ لا H1 داخل جسم المقال (قد يعتمد على عنوان القالب)
شركة تسليك مجاري في قطر,https://www.rukn-eltatawer.com/qa/shrkh-tslyk-mjary-fy-qtr/,625,"thin_content,no_h1_in_body",أقل من 1000 كلمة (625) ؛ لا H1 داخل جسم المقال (قد يعتمد على عنوان القالب)
شركة تأسيس سباكة في قطر,https://www.rukn-eltatawer.com/qa/shrkh-tasys-sbakh-fy-qtr/,627,"thin_content,no_h1_in_body",أقل من 1000 كلمة (627) ؛ لا H1 داخل جسم المقال (قد يعتمد على عنوان القالب)
شركة فك وتركيب أثاث في قطر,https://www.rukn-eltatawer.com/qa/shrkh-fk-wtrkyb-athath-fy-qtr/,588,"thin_content,no_h1_in_body",أقل من 1000 كلمة (588) ؛ لا H1 داخل جسم المقال (قد يعتمد على عنوان القالب)
شركة تغليف أثاث في قطر,https://www.rukn-eltatawer.com/qa/shrkh-tghlyf-athath-fy-qtr/,573,"thin_content,no_h1_in_body",أقل من 1000 كلمة (573) ؛ لا H1 داخل جسم المقال (قد يعتمد على عنوان القالب)
شركة نقل أثاث في قطر,https://www.rukn-eltatawer.com/qa/shrkh-nql-athath-fy-qtr/,573,"thin_content,similar_content,no_h1_in_body",أقل من 1000 كلمة (573) ؛ محتوى مشابه (hamming 5) ؛ لا H1 داخل جسم المقال (قد يعتمد على عنوان القالب)
شركة نقل عفش في قطر,https://www.rukn-eltatawer.com/qa/shrkh-nql-afsh-fy-qtr/,573,"thin_content,no_h1_in_body",أقل من 1000 كلمة (573) ؛ لا H1 داخل جسم المقال (قد يعتمد على عنوان القالب)
شركة تركيب شبك طيور في قطر,https://www.rukn-eltatawer.com/qa/shrkh-trkyb-shbk-tywr-fy-qtr/,554,"thin_content,no_h1_in_body",أقل من 1000 كلمة (554) ؛ لا H1 داخل جسم المقال (قد يعتمد على عنوان القالب)
شركة تركيب طارد حمام في قطر,https://www.rukn-eltatawer.com/qa/shrkh-trkyb-tard-hmam-fy-qtr/,554,"thin_content,no_h1_in_body",أقل من 1000 كلمة (554) ؛ لا H1 داخل جسم المقال (قد يعتمد على عنوان القالب)
شركة مكافحة حشرات زراعية في قطر,https://www.rukn-eltatawer.com/qa/shrkh-mkafhh-hshrat-zraayh-fy-qtr/,633,"thin_content,no_h1_in_body",أقل من 1000 كلمة (633) ؛ لا H1 داخل جسم المقال (قد يعتمد على عنوان القالب)
شركة مكافحة عقارب وثعابين في قطر,https://www.rukn-eltatawer.com/qa/shrkh-mkafhh-aqarb-wthaabyn-fy-qtr/,633,"thin_content,no_h1_in_body",أقل من 1000 كلمة (633) ؛ لا H1 داخل جسم المقال (قد يعتمد على عنوان القالب)
شركة مكافحة فئران وقوارض في قطر,https://www.rukn-eltatawer.com/qa/shrkh-mkafhh-fyran-wqward-fy-qtr/,633,"thin_content,no_h1_in_body",أقل من 1000 كلمة (633) ؛ لا H1 داخل جسم المقال (قد يعتمد على عنوان القالب)
شركة تعقيم منازل في قطر,https://www.rukn-eltatawer.com/qa/shrkh-taqym-mnazl-fy-qtr/,543,"thin_content,no_h1_in_body",أقل من 1000 كلمة (543) ؛ لا H1 داخل جسم المقال (قد يعتمد على عنوان القالب)
عاملات تنظيف بالساعة في قطر,https://www.rukn-eltatawer.com/qa/aamlat-tnzyf-balsaah-fy-qtr/,609,"thin_content,no_h1_in_body",أقل من 1000 كلمة (609) ؛ لا H1 داخل جسم المقال (قد يعتمد على عنوان القالب)
شركة تلميع سيراميك في قطر,https://www.rukn-eltatawer.com/qa/shrkh-tlmya-syramyk-fy-qtr/,607,"thin_content,no_h1_in_body",أقل من 1000 كلمة (607) ؛ لا H1 داخل جسم المقال (قد يعتمد على عنوان القالب)
شركة جلي رخام في قطر,https://www.rukn-eltatawer.com/qa/shrkh-jly-rkham-fy-qtr/,607,"thin_content,near_duplicate,no_h1_in_body",أقل من 1000 كلمة (607) ؛ تشابه SimHash مسافة 3 مع https://www.rukn-eltatawer.com/qa/shrkh-tnzyf-qswr-fy-qtr/ ؛ لا H1 داخل جسم المقال (قد يعتمد على عنوان القالب)
شركة تنظيف بعد التشطيب في قطر,https://www.rukn-eltatawer.com/qa/shrkh-tnzyf-bad-altshtyb-fy-qtr/,622,"thin_content,similar_content,no_h1_in_body",أقل من 1000 كلمة (622) ؛ محتوى مشابه (hamming 5) ؛ لا H1 داخل جسم المقال (قد يعتمد على عنوان القالب)
شركة تنظيف مداخن مطاعم في قطر,https://www.rukn-eltatawer.com/qa/shrkh-tnzyf-mdakhn-mtaam-fy-qtr/,622,"thin_content,no_h1_in_body",أقل من 1000 كلمة (622) ؛ لا H1 داخل جسم المقال (قد يعتمد على عنوان القالب)
شركة تنظيف دكت مكيفات في قطر,https://www.rukn-eltatawer.com/qa/shrkh-tnzyf-dkt-mkyfat-fy-qtr/,565,"thin_content,no_h1_in_body",أقل من 1000 كلمة (565) ؛ لا H1 داخل جسم المقال (قد يعتمد على عنوان القالب)
شركة تنظيف مراتب في قطر,https://www.rukn-eltatawer.com/qa/shrkh-tnzyf-mratb-fy-qtr/,607,"thin_content,no_h1_in_body",أقل من 1000 كلمة (607) ؛ لا H1 داخل جسم المقال (قد يعتمد على عنوان القالب)
شركة تنظيف ستائر في قطر,https://www.rukn-eltatawer.com/qa/shrkh-tnzyf-stayr-fy-qtr/,607,"thin_content,no_h1_in_body",أقل من 1000 كلمة (607) ؛ لا H1 داخل جسم المقال (قد يعتمد على عنوان القالب)
شركة تنظيف كنب في قطر,https://www.rukn-eltatawer.com/qa/shrkh-tnzyf-knb-fy-qtr/,607,"thin_content,no_h1_in_body",أقل من 1000 كلمة (607) ؛ لا H1 داخل جسم المقال (قد يعتمد على عنوان القالب)
شركة تنظيف سجاد وموكيت في قطر,https://www.rukn-eltatawer.com/qa/shrkh-tnzyf-sjad-wmwkyt-fy-qtr/,622,"thin_content,no_h1_in_body",أقل من 1000 كلمة (622) ؛ لا H1 داخل جسم المقال (قد يعتمد على عنوان القالب)
شركة تنظيف واجهات حجرية في قطر,https://www.rukn-eltatawer.com/qa/shrkh-tnzyf-wajhat-hjryh-fy-qtr/,622,"thin_content,similar_content,no_h1_in_body",أقل من 1000 كلمة (622) ؛ محتوى مشابه (hamming 6) ؛ لا H1 داخل جسم المقال (قد يعتمد على عنوان القالب)
شركة تنظيف واجهات زجاجية في قطر,https://www.rukn-eltatawer.com/qa/shrkh-tnzyf-wajhat-zjajyh-fy-qtr/,559,"thin_content,no_h1_in_body",أقل من 1000 كلمة (559) ؛ لا H1 داخل جسم المقال (قد يعتمد على عنوان القالب)
شركة تنظيف مسابح في قطر,https://www.rukn-eltatawer.com/qa/shrkh-tnzyf-msabh-fy-qtr/,542,"thin_content,no_h1_in_body",أقل من 1000 كلمة (542) ؛ لا H1 داخل جسم المقال (قد يعتمد على عنوان القالب)
شركة تنظيف خيام وبيوت شعر في قطر,https://www.rukn-eltatawer.com/qa/shrkh-tnzyf-khyam-wbywt-shar-fy-qtr/,637,"thin_content,no_h1_in_body",أقل من 1000 كلمة (637) ؛ لا H1 داخل جسم المقال (قد يعتمد على عنوان القالب)
شركة تنظيف مجالس في قطر,https://www.rukn-eltatawer.com/qa/shrkh-tnzyf-mjals-fy-qtr/,607,"thin_content,no_h1_in_body",أقل من 1000 كلمة (607) ؛ لا H1 داخل جسم المقال (قد يعتمد على عنوان القالب)
شركة تنظيف قصور في قطر,https://www.rukn-eltatawer.com/qa/shrkh-tnzyf-qswr-fy-qtr/,607,"thin_content,near_duplicate,no_h1_in_body",أقل من 1000 كلمة (607) ؛ تشابه SimHash مسافة 3 مع https://www.rukn-eltatawer.com/qa/shrkh-jly-rkham-fy-qtr/ ؛ لا H1 داخل جسم المقال (قد يعتمد على عنوان القالب)
شركة فحص مباني في قطر,https://www.rukn-eltatawer.com/qa/shrkh-fhs-mbany-fy-qtr/,546,"thin_content,similar_content,no_h1_in_body",أقل من 1000 كلمة (546) ؛ محتوى مشابه (hamming 6) ؛ لا H1 داخل جسم المقال (قد يعتمد على عنوان القالب)
شركة معالجة الرطوبة في قطر,https://www.rukn-eltatawer.com/qa/shrkh-maaljh-alrtwbh-fy-qtr/,686,"thin_content,no_h1_in_body",أقل من 1000 كلمة (686) ؛ لا H1 داخل جسم المقال (قد يعتمد على عنوان القالب)
شركة عزل صوتي في قطر,https://www.rukn-eltatawer.com/qa/shrkh-azl-swty-fy-qtr/,686,"thin_content,near_duplicate,no_h1_in_body",أقل من 1000 كلمة (686) ؛ تشابه SimHash مسافة 1 مع https://www.rukn-eltatawer.com/qa/shrkh-azl-khzanat-fy-qtr/ ؛ لا H1 داخل جسم المقال (قد يعتمد على عنوان القالب)
شركة عزل فوم في قطر,https://www.rukn-eltatawer.com/qa/shrkh-azl-fwm-fy-qtr/,686,"thin_content,near_duplicate,no_h1_in_body",أقل من 1000 كلمة (686) ؛ تشابه SimHash مسافة 1 مع https://www.rukn-eltatawer.com/qa/shrkh-azl-asth-fy-qtr/ ؛ لا H1 داخل جسم المقال (قد يعتمد على عنوان القالب)
شركة عزل مائي في قطر,https://www.rukn-eltatawer.com/qa/shrkh-azl-mayy-fy-qtr/,686,"thin_content,near_duplicate,no_h1_in_body",أقل من 1000 كلمة (686) ؛ تشابه SimHash مسافة 2 مع https://www.rukn-eltatawer.com/qa/services/insulation-of-roofs-and-cabinets/ ؛ لا H1 داخل جسم المقال (قد يعتمد على عنوان القالب)
شركة عزل حراري في قطر,https://www.rukn-eltatawer.com/qa/shrkh-azl-hrary-fy-qtr/,686,"thin_content,no_h1_in_body",أقل من 1000 كلمة (686) ؛ لا H1 داخل جسم المقال (قد يعتمد على عنوان القالب)
شركة عزل مطابخ في قطر,https://www.rukn-eltatawer.com/qa/shrkh-azl-mtabkh-fy-qtr/,686,"thin_content,no_h1_in_body",أقل من 1000 كلمة (686) ؛ لا H1 داخل جسم المقال (قد يعتمد على عنوان القالب)
شركة عزل حمامات في قطر,https://www.rukn-eltatawer.com/qa/shrkh-azl-hmamat-fy-qtr/,686,"thin_content,near_duplicate,no_h1_in_body",أقل من 1000 كلمة (686) ؛ تشابه SimHash مسافة 2 مع https://www.rukn-eltatawer.com/qa/shrkh-azl-swty-fy-qtr/ ؛ لا H1 داخل جسم المقال (قد يعتمد على عنوان القالب)
شركة عزل خزانات في قطر,https://www.rukn-eltatawer.com/qa/shrkh-azl-khzanat-fy-qtr/,686,"thin_content,near_duplicate,no_h1_in_body",أقل من 1000 كلمة (686) ؛ تشابه SimHash مسافة 1 مع https://www.rukn-eltatawer.com/qa/shrkh-azl-swty-fy-qtr/ ؛ لا H1 داخل جسم المقال (قد يعتمد على عنوان القالب)
شركة عزل أسطح في قطر,https://www.rukn-eltatawer.com/qa/shrkh-azl-asth-fy-qtr/,686,"thin_content,near_duplicate,no_h1_in_body",أقل من 1000 كلمة (686) ؛ تشابه SimHash مسافة 1 مع https://www.rukn-eltatawer.com/qa/shrkh-azl-fwm-fy-qtr/ ؛ لا H1 داخل جسم المقال (قد يعتمد على عنوان القالب)
شركة كشف تسربات المسابح في قطر,https://www.rukn-eltatawer.com/qa/shrkh-kshf-tsrbat-almsabh-fy-qtr/,583,"thin_content,no_h1_in_body",أقل من 1000 كلمة (583) ؛ لا H1 داخل جسم المقال (قد يعتمد على عنوان القالب)
شركة كشف تسربات الغاز في قطر,https://www.rukn-eltatawer.com/qa/shrkh-kshf-tsrbat-alghaz-fy-qtr/,582,"thin_content,no_h1_in_body",أقل من 1000 كلمة (582) ؛ لا H1 داخل جسم المقال (قد يعتمد على عنوان القالب)
شركة تنظيف خزانات مياه في قطر,https://www.rukn-eltatawer.com/qa/water-tank-cleaning-in-qatar/,572,"thin_content,keyword_cannibalization,no_h1_in_body",أقل من 1000 كلمة (572) ؛ نفس جذع الخدمة `water-tank-cleaning` على 10 URL ؛ لا H1 داخل جسم المقال (قد يعتمد على عنوان القالب)
شركة نقل أثاث خارجي في قطر,https://www.rukn-eltatawer.com/qa/outdoor-furniture-moving-in-qatar/,588,"thin_content,similar_content,no_h1_in_body",أقل من 1000 كلمة (588) ؛ محتوى مشابه (hamming 5) ؛ لا H1 داخل جسم المقال (قد يعتمد على عنوان القالب)
شركة نقل أثاث داخلي في قطر,https://www.rukn-eltatawer.com/qa/interior-furniture-moving-in-qatar/,588,"thin_content,similar_content,no_h1_in_body",أقل من 1000 كلمة (588) ؛ محتوى مشابه (hamming 5) ؛ لا H1 داخل جسم المقال (قد يعتمد على عنوان القالب)
شركة نقل عفش مع التغليف في قطر,https://www.rukn-eltatawer.com/qa/furniture-moving-with-packing-in-qatar/,603,"thin_content,similar_content,no_h1_in_body",أقل من 1000 كلمة (603) ؛ محتوى مشابه (hamming 5) ؛ لا H1 داخل جسم المقال (قد يعتمد على عنوان القالب)
سباك منازل في قطر,https://www.rukn-eltatawer.com/qa/home-plumber-in-qatar/,612,"thin_content,keyword_cannibalization,no_h1_in_body",أقل من 1000 كلمة (612) ؛ نفس جذع الخدمة `home-plumber` على 10 URL ؛ لا H1 داخل جسم المقال (قد يعتمد على عنوان القالب)
شركة صيانة سباكة في قطر,https://www.rukn-eltatawer.com/qa/plumbing-maintenance-in-qatar/,627,"thin_content,keyword_cannibalization,no_h1_in_body",أقل من 1000 كلمة (627) ؛ نفس جذع الخدمة `plumbing-maintenance` على 10 URL ؛ لا H1 داخل جسم المقال (قد يعتمد على عنوان القالب)
شركة تنظيف وصيانة دكتات المكيفات في قطر,https://www.rukn-eltatawer.com/qa/ac-duct-cleaning-and-maintenance-in-qatar/,580,"thin_content,no_h1_in_body",أقل من 1000 كلمة (580) ؛ لا H1 داخل جسم المقال (قد يعتمد على عنوان القالب)
فني تركيب وصيانة تكييف في قطر,https://www.rukn-eltatawer.com/qa/ac-installation-and-maintenance-technician-in-qatar/,644,"thin_content,similar_content,no_h1_in_body",أقل من 1000 كلمة (644) ؛ محتوى مشابه (hamming 6) ؛ لا H1 داخل جسم المقال (قد يعتمد على عنوان القالب)
شركة صيانة تكييف مركزي في قطر,https://www.rukn-eltatawer.com/qa/central-air-conditioning-maintenance-in-qatar/,644,"thin_content,no_h1_in_body",أقل من 1000 كلمة (644) ؛ لا H1 داخل جسم المقال (قد يعتمد على عنوان القالب)
شركة مكافحة النمل الأبيض في قطر,https://www.rukn-eltatawer.com/qa/termite-control-in-qatar/,633,"thin_content,keyword_cannibalization,no_h1_in_body",أقل من 1000 كلمة (633) ؛ نفس جذع الخدمة `termite-control` على 10 URL ؛ لا H1 داخل جسم المقال (قد يعتمد على عنوان القالب)
شركة مكافحة بق الفراش في قطر,https://www.rukn-eltatawer.com/qa/bed-bug-control-in-qatar/,633,"thin_content,keyword_cannibalization,no_h1_in_body",أقل من 1000 كلمة (633) ؛ نفس جذع الخدمة `bed-bug-control` على 10 URL ؛ لا H1 داخل جسم المقال (قد يعتمد على عنوان القالب)
شركة تنظيف شقق في قطر,https://www.rukn-eltatawer.com/qa/apartment-cleaning-in-qatar/,607,"thin_content,keyword_cannibalization,no_h1_in_body",أقل من 1000 كلمة (607) ؛ نفس جذع الخدمة `apartment-cleaning` على 10 URL ؛ لا H1 داخل جسم المقال (قد يعتمد على عنوان القالب)
شركة تنظيف فلل في قطر,https://www.rukn-eltatawer.com/qa/villa-cleaning-in-qatar/,607,"thin_content,keyword_cannibalization,no_h1_in_body",أقل من 1000 كلمة (607) ؛ نفس جذع الخدمة `villa-cleaning` على 10 URL ؛ لا H1 داخل جسم المقال (قد يعتمد على عنوان القالب)
شركة مكافحة حشرات في قطر,https://www.rukn-eltatawer.com/qa/pest-control-in-qatar/,618,"thin_content,no_h1_in_body",أقل من 1000 كلمة (618) ؛ لا H1 داخل جسم المقال (قد يعتمد على عنوان القالب)
شركة صيانة مكيفات سبليت في قطر,https://www.rukn-eltatawer.com/qa/split-ac-maintenance-in-qatar/,644,"thin_content,keyword_cannibalization,no_h1_in_body",أقل من 1000 كلمة (644) ؛ نفس جذع الخدمة `split-ac-maintenance` على 10 URL ؛ لا H1 داخل جسم المقال (قد يعتمد على عنوان القالب)
شركة كشف تسربات المياه في قطر,https://www.rukn-eltatawer.com/qa/water-leak-detection-company-in-qatar/,4101,"no_internal_links_in_body,tel_link_present,multiple_h1",لا روابط داخلية في الجسم ؛ وجود رابط tel: في المحتوى ؛ 2 عناوين H1
خدمات ركن التطور في الشحانية,https://www.rukn-eltatawer.com/qa/services-in-al-shahaniya-qatar/,203,"critical_thin,template_boilerplate,no_h1_in_body",محتوى هزيل جداً (203 كلمة) ؛ نفس الهيكل العناوين في 9 صفحة (hash cf87e50bf32a) ؛ لا H1 داخل جسم المقال (قد يعتمد على عنوان القالب)
خدمات ركن التطور في الشمال,https://www.rukn-eltatawer.com/qa/services-in-al-shamal-qatar/,205,"critical_thin,template_boilerplate,no_h1_in_body",محتوى هزيل جداً (205 كلمة) ؛ نفس الهيكل العناوين في 9 صفحة (hash cf87e50bf32a) ؛ لا H1 داخل جسم المقال (قد يعتمد على عنوان القالب)
خدمات ركن التطور في الظعاين,https://www.rukn-eltatawer.com/qa/services-in-al-daayen-qatar/,208,"critical_thin,template_boilerplate,no_h1_in_body",محتوى هزيل جداً (208 كلمة) ؛ نفس الهيكل العناوين في 9 صفحة (hash cf87e50bf32a) ؛ لا H1 داخل جسم المقال (قد يعتمد على عنوان القالب)
خدمات ركن التطور في أم صلال والخيسة,https://www.rukn-eltatawer.com/qa/services-in-umm-salal-qatar/,210,"critical_thin,template_boilerplate,no_h1_in_body",محتوى هزيل جداً (210 كلمة) ؛ نفس الهيكل العناوين في 9 صفحة (hash cf87e50bf32a) ؛ لا H1 داخل جسم المقال (قد يعتمد على عنوان القالب)
خدمات ركن التطور في الخور,https://www.rukn-eltatawer.com/qa/services-in-al-khor-qatar/,212,"critical_thin,template_boilerplate,no_h1_in_body",محتوى هزيل جداً (212 كلمة) ؛ نفس الهيكل العناوين في 9 صفحة (hash cf87e50bf32a) ؛ لا H1 داخل جسم المقال (قد يعتمد على عنوان القالب)
خدمات ركن التطور في الوكرة,https://www.rukn-eltatawer.com/qa/services-in-al-wakrah-qatar/,217,"critical_thin,template_boilerplate,no_h1_in_body",محتوى هزيل جداً (217 كلمة) ؛ نفس الهيكل العناوين في 9 صفحة (hash cf87e50bf32a) ؛ لا H1 داخل جسم المقال (قد يعتمد على عنوان القالب)
خدمات ركن التطور في الريان,https://www.rukn-eltatawer.com/qa/services-in-al-rayyan-qatar/,213,"critical_thin,template_boilerplate,no_h1_in_body",محتوى هزيل جداً (213 كلمة) ؛ نفس الهيكل العناوين في 9 صفحة (hash cf87e50bf32a) ؛ لا H1 داخل جسم المقال (قد يعتمد على عنوان القالب)
خدمات ركن التطور في الدوحة,https://www.rukn-eltatawer.com/qa/services-in-doha-qatar/,244,"critical_thin,template_boilerplate,no_h1_in_body",محتوى هزيل جداً (244 كلمة) ؛ نفس الهيكل العناوين في 9 صفحة (hash cf87e50bf32a) ؛ لا H1 داخل جسم المقال (قد يعتمد على عنوان القالب)
خدمات ركن التطور في لوسيل,https://www.rukn-eltatawer.com/qa/services-in-lusail-qatar/,227,"critical_thin,template_boilerplate,no_h1_in_body",محتوى هزيل جداً (227 كلمة) ؛ نفس الهيكل العناوين في 9 صفحة (hash cf87e50bf32a) ؛ لا H1 داخل جسم المقال (قد يعتمد على عنوان القالب)
خريطة الموقع,https://www.rukn-eltatawer.com/qa/sitemap/,114,"critical_thin,multiple_h1",محتوى هزيل جداً (114 كلمة) ؛ 2 عناوين H1
الأسئلة الشائعة,https://www.rukn-eltatawer.com/qa/faq/,138,"critical_thin,no_h1_in_body",محتوى هزيل جداً (138 كلمة) ؛ لا H1 داخل جسم المقال (قد يعتمد على عنوان القالب)
المدن,https://www.rukn-eltatawer.com/qa/cities/,55,"critical_thin,no_h1_in_body",محتوى هزيل جداً (55 كلمة) ؛ لا H1 داخل جسم المقال (قد يعتمد على عنوان القالب)
الأسعار,https://www.rukn-eltatawer.com/qa/as3ar/,94,"critical_thin,no_h1_in_body",محتوى هزيل جداً (94 كلمة) ؛ لا H1 داخل جسم المقال (قد يعتمد على عنوان القالب)
الخدمات,https://www.rukn-eltatawer.com/qa/services/,62,"critical_thin,no_h1_in_body",محتوى هزيل جداً (62 كلمة) ؛ لا H1 داخل جسم المقال (قد يعتمد على عنوان القالب)
سياسة الخصوصية,https://www.rukn-eltatawer.com/qa/privacy-policy/,88,"critical_thin,no_h1_in_body,no_internal_links_in_body",محتوى هزيل جداً (88 كلمة) ؛ لا H1 داخل جسم المقال (قد يعتمد على عنوان القالب) ؛ لا روابط داخلية في الجسم
Contact,https://www.rukn-eltatawer.com/qa/contact-us-2/,98,"critical_thin,missing_h2_h3,no_h1_in_body",محتوى هزيل جداً (98 كلمة) ؛ لا توجد عناوين H2/H3 داخل المحتوى ؛ لا H1 داخل جسم المقال (قد يعتمد على عنوان القالب)
اتصل بنا,https://www.rukn-eltatawer.com/qa/contact-us/,92,"critical_thin,missing_h2_h3,no_h1_in_body",محتوى هزيل جداً (92 كلمة) ؛ لا توجد عناوين H2/H3 داخل المحتوى ؛ لا H1 داخل جسم المقال (قد يعتمد على عنوان القالب)
من نحن,https://www.rukn-eltatawer.com/qa/about/,141,"critical_thin,no_h1_in_body",محتوى هزيل جداً (141 كلمة) ؛ لا H1 داخل جسم المقال (قد يعتمد على عنوان القالب)
المدونة,https://www.rukn-eltatawer.com/qa/blog/,32,"critical_thin,no_h1_in_body",محتوى هزيل جداً (32 كلمة) ؛ لا H1 داخل جسم المقال (قد يعتمد على عنوان القالب)
إنشاء وصيانة المباني,https://www.rukn-eltatawer.com/qa/services/construction-and-maintenance-of-buildings/,501,"thin_content,near_duplicate,no_h1_in_body,noindex,missing_canonical",أقل من 1000 كلمة (501) ؛ تشابه SimHash مسافة 3 مع https://www.rukn-eltatawer.com/qa/shrkh-dhanat-kharjyh-fy-qtr/ ؛ لا H1 داخل جسم المقال (قد يعتمد على عنوان القالب) ؛ robots noindex على الصفحة الحية
إنشاء وصيانة المسابح,https://www.rukn-eltatawer.com/qa/services/construction-and-maintenance-of-swimming-pools/,513,"thin_content,no_h1_in_body,noindex,missing_canonical",أقل من 1000 كلمة (513) ؛ لا H1 داخل جسم المقال (قد يعتمد على عنوان القالب) ؛ robots noindex على الصفحة الحية
تنسيق الحدائق,https://www.rukn-eltatawer.com/qa/services/landscaping/,501,"thin_content,keyword_cannibalization,no_h1_in_body,noindex,missing_canonical",أقل من 1000 كلمة (501) ؛ نفس جذع الخدمة `landscaping` على 10 URL ؛ لا H1 داخل جسم المقال (قد يعتمد على عنوان القالب) ؛ robots noindex على الصفحة الحية
تركيب الباركيه,https://www.rukn-eltatawer.com/qa/services/parquet-installation/,494,"thin_content,no_h1_in_body,noindex,missing_canonical",أقل من 1000 كلمة (494) ؛ لا H1 داخل جسم المقال (قد يعتمد على عنوان القالب) ؛ robots noindex على الصفحة الحية
تركيب جبس بورد,https://www.rukn-eltatawer.com/qa/services/gypsum-board-installation/,505,"thin_content,similar_content,no_h1_in_body,noindex,missing_canonical",أقل من 1000 كلمة (505) ؛ محتوى مشابه (hamming 6) ؛ لا H1 داخل جسم المقال (قد يعتمد على عنوان القالب) ؛ robots noindex على الصفحة الحية
عازل الصوت,https://www.rukn-eltatawer.com/qa/services/sound-insulation-installation/,139,"critical_thin,local_doorway_variant,no_h1_in_body",محتوى هزيل جداً (139 كلمة) ؛ صفحة مدينة×خدمة من مولّد الشبكة — تغطية محلية لكن خطر doorway/تكرار ؛ لا H1 داخل جسم المقال (قد يعتمد على عنوان القالب)
كشف تسربات المياه,https://www.rukn-eltatawer.com/qa/services/water-leak-detection/,42,"critical_thin,keyword_cannibalization,no_h1_in_body,noindex,missing_canonical",محتوى هزيل جداً (42 كلمة) ؛ نفس جذع الخدمة `water-leak-detection` على 10 URL ؛ لا H1 داخل جسم المقال (قد يعتمد على عنوان القالب) ؛ robots noindex على الصفحة الحية
عزل الأسطح والخزانات,https://www.rukn-eltatawer.com/qa/services/insulation-of-roofs-and-cabinets/,588,"thin_content,near_duplicate,no_h1_in_body,noindex,missing_canonical",أقل من 1000 كلمة (588) ؛ تشابه SimHash مسافة 2 مع https://www.rukn-eltatawer.com/qa/shrkh-azl-mayy-fy-qtr/ ؛ لا H1 داخل جسم المقال (قد يعتمد على عنوان القالب) ؛ robots noindex على الصفحة الحية
تسليك المجاري,https://www.rukn-eltatawer.com/qa/services/sewer-wiring/,516,"thin_content,no_h1_in_body,noindex,missing_canonical",أقل من 1000 كلمة (516) ؛ لا H1 داخل جسم المقال (قد يعتمد على عنوان القالب) ؛ robots noindex على الصفحة الحية
صيانة وتركيب المكيفات,https://www.rukn-eltatawer.com/qa/services/air-conditioner-maintenance-and-installation/,536,"thin_content,similar_content,no_h1_in_body,noindex,missing_canonical",أقل من 1000 كلمة (536) ؛ محتوى مشابه (hamming 6) ؛ لا H1 داخل جسم المقال (قد يعتمد على عنوان القالب) ؛ robots noindex على الصفحة الحية
تنظيف وتعقيم,https://www.rukn-eltatawer.com/qa/services/cleaning-and-sterilization/,438,"thin_content,similar_content,no_h1_in_body,noindex,missing_canonical",أقل من 1000 كلمة (438) ؛ محتوى مشابه (hamming 5) ؛ لا H1 داخل جسم المقال (قد يعتمد على عنوان القالب) ؛ robots noindex على الصفحة الحية
مكافحة الحشرات,https://www.rukn-eltatawer.com/qa/services/pest-control/,511,"thin_content,no_h1_in_body,noindex,missing_canonical",أقل من 1000 كلمة (511) ؛ لا H1 داخل جسم المقال (قد يعتمد على عنوان القالب) ؛ robots noindex على الصفحة الحية
