task,id,type,slug,url,reason,result
"2_pillar",2973,"post","water-leak-detection-company-in-qatar","https://www.rukn-eltatawer.com/qa/water-leak-detection-company-in-qatar/","downgrade 1 H1, unwrap 1 tel: links [LOCKED #2973]","BLOCKED_BY_SNIPPET5"
"3_mesh",10950,"post","plumbing-maintenance-al-wakrah","https://www.rukn-eltatawer.com/qa/plumbing-maintenance-al-wakrah/","mesh 5 city-peers + 5 city-variants","ok_200"
"3_mesh",10933,"post","building-maintenance-al-rayyan","https://www.rukn-eltatawer.com/qa/building-maintenance-al-rayyan/","mesh 5 city-peers + 5 city-variants","ok_200"
"3_mesh",10925,"post","general-maintenance-al-rayyan","https://www.rukn-eltatawer.com/qa/general-maintenance-al-rayyan/","mesh 5 city-peers + 5 city-variants","ok_200"
"3_mesh",12843,"post","ac-periodic-maintenance-contracts-al-daayen","https://www.rukn-eltatawer.com/qa/ac-periodic-maintenance-contracts-al-daayen/","mesh 5 city-peers + 5 city-variants","ok_200"
"3_mesh",12819,"post","new-central-ac-installation-al-daayen","https://www.rukn-eltatawer.com/qa/new-central-ac-installation-al-daayen/","mesh 5 city-peers + 5 city-variants","ok_200"
"3_mesh",12811,"post","ac-duct-maintenance-al-daayen","https://www.rukn-eltatawer.com/qa/ac-duct-maintenance-al-daayen/","mesh 5 city-peers + 5 city-variants","ok_200"
"3_mesh",12803,"post","ac-relocation-installation-al-daayen","https://www.rukn-eltatawer.com/qa/ac-relocation-installation-al-daayen/","mesh 5 city-peers + 5 city-variants","ok_200"
"3_mesh",12256,"post","cockroach-control-al-khor","https://www.rukn-eltatawer.com/qa/cockroach-control-al-khor/","mesh 5 city-peers + 5 city-variants","ok_200"
"3_mesh",12241,"post","termite-control-umm-salal","https://www.rukn-eltatawer.com/qa/termite-control-umm-salal/","mesh 5 city-peers + 5 city-variants","ok_200"
"3_mesh",12240,"post","termite-control-al-khor","https://www.rukn-eltatawer.com/qa/termite-control-al-khor/","mesh 5 city-peers + 5 city-variants","ok_200"
"3_mesh",12233,"post","flying-pest-control-umm-salal","https://www.rukn-eltatawer.com/qa/flying-pest-control-umm-salal/","mesh 5 city-peers + 5 city-variants","ok_200"
"3_mesh",12232,"post","flying-pest-control-al-khor","https://www.rukn-eltatawer.com/qa/flying-pest-control-al-khor/","mesh 5 city-peers + 5 city-variants","ok_200"
"3_mesh",12225,"post","crawling-pest-control-umm-salal","https://www.rukn-eltatawer.com/qa/crawling-pest-control-umm-salal/","mesh 5 city-peers + 5 city-variants","ok_200"
"3_mesh",12224,"post","crawling-pest-control-al-khor","https://www.rukn-eltatawer.com/qa/crawling-pest-control-al-khor/","mesh 5 city-peers + 5 city-variants","ok_200"
"3_mesh",12055,"post","garden-cleaning-al-wakrah","https://www.rukn-eltatawer.com/qa/garden-cleaning-al-wakrah/","mesh 5 city-peers + 5 city-variants","ok_200"
"3_mesh",11659,"post","thermal-insulation-al-daayen","https://www.rukn-eltatawer.com/qa/thermal-insulation-al-daayen/","mesh 5 city-peers + 5 city-variants","ok_200"
"3_mesh",11651,"post","kitchen-insulation-al-daayen","https://www.rukn-eltatawer.com/qa/kitchen-insulation-al-daayen/","mesh 5 city-peers + 5 city-variants","ok_200"
"3_mesh",11161,"post","roof-insulation-al-daayen","https://www.rukn-eltatawer.com/qa/roof-insulation-al-daayen/","mesh 5 city-peers + 5 city-variants","ok_200"
"3_mesh",11154,"post","ac-leak-detection-al-daayen","https://www.rukn-eltatawer.com/qa/ac-leak-detection-al-daayen/","mesh 5 city-peers + 5 city-variants","ok_200"
"3_mesh",11146,"post","gas-leak-detection-al-daayen","https://www.rukn-eltatawer.com/qa/gas-leak-detection-al-daayen/","mesh 5 city-peers + 5 city-variants","ok_200"
"3_mesh",11101,"post","ro-plants-al-rayyan","https://www.rukn-eltatawer.com/qa/ro-plants-al-rayyan/","mesh 5 city-peers + 5 city-variants","ok_200"
"3_mesh",11093,"post","water-pumps-al-rayyan","https://www.rukn-eltatawer.com/qa/water-pumps-al-rayyan/","mesh 5 city-peers + 5 city-variants","ok_200"
"3_mesh",11085,"post","kitchen-hoods-al-rayyan","https://www.rukn-eltatawer.com/qa/kitchen-hoods-al-rayyan/","mesh 5 city-peers + 5 city-variants","ok_200"
"3_mesh",11077,"post","vacuum-maintenance-al-rayyan","https://www.rukn-eltatawer.com/qa/vacuum-maintenance-al-rayyan/","mesh 5 city-peers + 5 city-variants","ok_200"
"3_mesh",11069,"post","water-cooler-maintenance-al-rayyan","https://www.rukn-eltatawer.com/qa/water-cooler-maintenance-al-rayyan/","mesh 5 city-peers + 5 city-variants","ok_200"
"3_mesh",11061,"post","water-heater-maintenance-al-rayyan","https://www.rukn-eltatawer.com/qa/water-heater-maintenance-al-rayyan/","mesh 5 city-peers + 5 city-variants","ok_200"
"3_mesh",11053,"post","microwave-maintenance-al-rayyan","https://www.rukn-eltatawer.com/qa/microwave-maintenance-al-rayyan/","mesh 5 city-peers + 5 city-variants","ok_200"
"3_mesh",11045,"post","dryer-maintenance-al-rayyan","https://www.rukn-eltatawer.com/qa/dryer-maintenance-al-rayyan/","mesh 5 city-peers + 5 city-variants","ok_200"
"3_mesh",11037,"post","washer-maintenance-al-rayyan","https://www.rukn-eltatawer.com/qa/washer-maintenance-al-rayyan/","mesh 5 city-peers + 5 city-variants","ok_200"
"3_mesh",11029,"post","fridge-maintenance-al-rayyan","https://www.rukn-eltatawer.com/qa/fridge-maintenance-al-rayyan/","mesh 5 city-peers + 5 city-variants","ok_200"
"3_mesh",11021,"post","appliance-maintenance-al-rayyan","https://www.rukn-eltatawer.com/qa/appliance-maintenance-al-rayyan/","mesh 5 city-peers + 5 city-variants","ok_200"
"3_mesh",11013,"post","stove-maintenance-al-rayyan","https://www.rukn-eltatawer.com/qa/stove-maintenance-al-rayyan/","mesh 5 city-peers + 5 city-variants","ok_200"
"3_mesh",11005,"post","oven-maintenance-al-rayyan","https://www.rukn-eltatawer.com/qa/oven-maintenance-al-rayyan/","mesh 5 city-peers + 5 city-variants","ok_200"
"3_mesh",10997,"post","automatic-doors-maintenance-al-rayyan","https://www.rukn-eltatawer.com/qa/automatic-doors-maintenance-al-rayyan/","mesh 5 city-peers + 5 city-variants","ok_200"
"3_mesh",10989,"post","cctv-maintenance-al-rayyan","https://www.rukn-eltatawer.com/qa/cctv-maintenance-al-rayyan/","mesh 5 city-peers + 5 city-variants","ok_200"
"3_mesh",10981,"post","elevator-maintenance-al-rayyan","https://www.rukn-eltatawer.com/qa/elevator-maintenance-al-rayyan/","mesh 5 city-peers + 5 city-variants","ok_200"
"3_mesh",10973,"post","pool-maintenance-al-rayyan","https://www.rukn-eltatawer.com/qa/pool-maintenance-al-rayyan/","mesh 5 city-peers + 5 city-variants","ok_200"
"3_mesh",10968,"post","split-ac-maintenance-umm-salal","https://www.rukn-eltatawer.com/qa/split-ac-maintenance-umm-salal/","mesh 5 city-peers + 5 city-variants","ok_200"
"3_mesh",10967,"post","split-ac-maintenance-al-khor","https://www.rukn-eltatawer.com/qa/split-ac-maintenance-al-khor/","mesh 5 city-peers + 5 city-variants","ok_200"
"3_mesh",10758,"post","majlis-cleaning-al-wakrah","https://www.rukn-eltatawer.com/qa/majlis-cleaning-al-wakrah/","mesh 5 city-peers + 5 city-variants","ok_200"
"3_mesh",10750,"post","office-cleaning-al-wakrah","https://www.rukn-eltatawer.com/qa/office-cleaning-al-wakrah/","mesh 5 city-peers + 5 city-variants","ok_200"
"3_mesh",10734,"post","villa-cleaning-al-wakrah","https://www.rukn-eltatawer.com/qa/villa-cleaning-al-wakrah/","mesh 5 city-peers + 5 city-variants","ok_200"
"3_mesh",10718,"post","home-cleaning-al-wakrah","https://www.rukn-eltatawer.com/qa/home-cleaning-al-wakrah/","mesh 5 city-peers + 5 city-variants","ok_200"
"3_mesh",12795,"post","ac-cleaning-washing-al-daayen","https://www.rukn-eltatawer.com/qa/ac-cleaning-washing-al-daayen/","mesh 5 city-peers + 5 city-variants","ok_200"
"3_mesh",12787,"post","ac-freon-refill-al-daayen","https://www.rukn-eltatawer.com/qa/ac-freon-refill-al-daayen/","mesh 5 city-peers + 5 city-variants","ok_200"
"3_mesh",12779,"post","window-ac-installation-al-daayen","https://www.rukn-eltatawer.com/qa/window-ac-installation-al-daayen/","mesh 5 city-peers + 5 city-variants","ok_200"
"3_mesh",12771,"post","split-ac-installation-al-daayen","https://www.rukn-eltatawer.com/qa/split-ac-installation-al-daayen/","mesh 5 city-peers + 5 city-variants","ok_200"
"3_mesh",12761,"post","plumbing-fault-repair-umm-salal","https://www.rukn-eltatawer.com/qa/plumbing-fault-repair-umm-salal/","mesh 5 city-peers + 5 city-variants","ok_200"
"3_mesh",12760,"post","plumbing-fault-repair-al-khor","https://www.rukn-eltatawer.com/qa/plumbing-fault-repair-al-khor/","mesh 5 city-peers + 5 city-variants","ok_200"
"3_mesh",11743,"post","septic-tank-emptying-al-wakrah","https://www.rukn-eltatawer.com/qa/septic-tank-emptying-al-wakrah/","mesh 5 city-peers + 5 city-variants","ok_200"
"3_mesh",11687,"post","tank-lining-maintenance-al-wakrah","https://www.rukn-eltatawer.com/qa/tank-lining-maintenance-al-wakrah/","mesh 5 city-peers + 5 city-variants","ok_200"
"3_mesh",11675,"post","soundproofing-al-daayen","https://www.rukn-eltatawer.com/qa/soundproofing-al-daayen/","mesh 5 city-peers + 5 city-variants","ok_200"
"3_mesh",11667,"post","waterproofing-al-daayen","https://www.rukn-eltatawer.com/qa/waterproofing-al-daayen/","mesh 5 city-peers + 5 city-variants","ok_200"
"3_mesh",11177,"post","bathroom-insulation-al-daayen","https://www.rukn-eltatawer.com/qa/bathroom-insulation-al-daayen/","mesh 5 city-peers + 5 city-variants","ok_200"
"3_mesh",11169,"post","tank-insulation-al-daayen","https://www.rukn-eltatawer.com/qa/tank-insulation-al-daayen/","mesh 5 city-peers + 5 city-variants","ok_200"
"3_mesh",11118,"post","tank-water-chiller-al-wakrah","https://www.rukn-eltatawer.com/qa/tank-water-chiller-al-wakrah/","mesh 5 city-peers + 5 city-variants","ok_200"
"3_mesh",10962,"post","central-ac-maintenance-al-daayen","https://www.rukn-eltatawer.com/qa/central-ac-maintenance-al-daayen/","mesh 5 city-peers + 5 city-variants","ok_200"
"3_mesh",10952,"post","plumbing-maintenance-umm-salal","https://www.rukn-eltatawer.com/qa/plumbing-maintenance-umm-salal/","mesh 5 city-peers + 5 city-variants","ok_200"
"3_mesh",10951,"post","plumbing-maintenance-al-khor","https://www.rukn-eltatawer.com/qa/plumbing-maintenance-al-khor/","mesh 5 city-peers + 5 city-variants","ok_200"
"3_mesh",10941,"post","electrical-maintenance-al-rayyan","https://www.rukn-eltatawer.com/qa/electrical-maintenance-al-rayyan/","mesh 5 city-peers + 5 city-variants","ok_200"
"3_mesh",10918,"post","chimney-cleaning-al-wakrah","https://www.rukn-eltatawer.com/qa/chimney-cleaning-al-wakrah/","mesh 5 city-peers + 5 city-variants","ok_200"
"3_mesh",10912,"post","duct-cleaning-umm-salal","https://www.rukn-eltatawer.com/qa/duct-cleaning-umm-salal/","mesh 5 city-peers + 5 city-variants","ok_200"
"3_mesh",10911,"post","duct-cleaning-al-khor","https://www.rukn-eltatawer.com/qa/duct-cleaning-al-khor/","mesh 5 city-peers + 5 city-variants","ok_200"
"3_mesh",10902,"post","deep-cleaning-al-wakrah","https://www.rukn-eltatawer.com/qa/deep-cleaning-al-wakrah/","mesh 5 city-peers + 5 city-variants","ok_200"
"3_mesh",10894,"post","garage-cleaning-al-wakrah","https://www.rukn-eltatawer.com/qa/garage-cleaning-al-wakrah/","mesh 5 city-peers + 5 city-variants","ok_200"
"3_mesh",10886,"post","stone-facade-cleaning-al-wakrah","https://www.rukn-eltatawer.com/qa/stone-facade-cleaning-al-wakrah/","mesh 5 city-peers + 5 city-variants","ok_200"
"3_mesh",10878,"post","glass-facade-cleaning-al-wakrah","https://www.rukn-eltatawer.com/qa/glass-facade-cleaning-al-wakrah/","mesh 5 city-peers + 5 city-variants","ok_200"
"3_mesh",10870,"post","marble-polishing-al-wakrah","https://www.rukn-eltatawer.com/qa/marble-polishing-al-wakrah/","mesh 5 city-peers + 5 city-variants","ok_200"
"3_mesh",10862,"post","mattress-cleaning-al-wakrah","https://www.rukn-eltatawer.com/qa/mattress-cleaning-al-wakrah/","mesh 5 city-peers + 5 city-variants","ok_200"
"3_mesh",10854,"post","curtain-cleaning-al-wakrah","https://www.rukn-eltatawer.com/qa/curtain-cleaning-al-wakrah/","mesh 5 city-peers + 5 city-variants","ok_200"
"3_mesh",10846,"post","sofa-cleaning-al-wakrah","https://www.rukn-eltatawer.com/qa/sofa-cleaning-al-wakrah/","mesh 5 city-peers + 5 city-variants","ok_200"
"3_mesh",10838,"post","moquette-cleaning-al-wakrah","https://www.rukn-eltatawer.com/qa/moquette-cleaning-al-wakrah/","mesh 5 city-peers + 5 city-variants","ok_200"
"3_mesh",10830,"post","carpet-cleaning-al-wakrah","https://www.rukn-eltatawer.com/qa/carpet-cleaning-al-wakrah/","mesh 5 city-peers + 5 city-variants","ok_200"
"3_mesh",10822,"post","diesel-tank-cleaning-al-wakrah","https://www.rukn-eltatawer.com/qa/diesel-tank-cleaning-al-wakrah/","mesh 5 city-peers + 5 city-variants","ok_200"
"3_mesh",10814,"post","water-tank-cleaning-al-wakrah","https://www.rukn-eltatawer.com/qa/water-tank-cleaning-al-wakrah/","mesh 5 city-peers + 5 city-variants","ok_200"
"3_mesh",10806,"post","bathroom-cleaning-al-wakrah","https://www.rukn-eltatawer.com/qa/bathroom-cleaning-al-wakrah/","mesh 5 city-peers + 5 city-variants","ok_200"
"3_mesh",10798,"post","kitchen-cleaning-al-wakrah","https://www.rukn-eltatawer.com/qa/kitchen-cleaning-al-wakrah/","mesh 5 city-peers + 5 city-variants","ok_200"
"3_mesh",10790,"post","pool-cleaning-al-wakrah","https://www.rukn-eltatawer.com/qa/pool-cleaning-al-wakrah/","mesh 5 city-peers + 5 city-variants","ok_200"
"3_mesh",10782,"post","mall-cleaning-al-wakrah","https://www.rukn-eltatawer.com/qa/mall-cleaning-al-wakrah/","mesh 5 city-peers + 5 city-variants","ok_200"
"3_mesh",10742,"post","palace-cleaning-al-wakrah","https://www.rukn-eltatawer.com/qa/palace-cleaning-al-wakrah/","mesh 5 city-peers + 5 city-variants","ok_200"
"3_mesh",10726,"post","apartment-cleaning-al-wakrah","https://www.rukn-eltatawer.com/qa/apartment-cleaning-al-wakrah/","mesh 5 city-peers + 5 city-variants","ok_200"
"3_mesh",12844,"post","ac-periodic-maintenance-contracts-al-shahaniya","https://www.rukn-eltatawer.com/qa/ac-periodic-maintenance-contracts-al-shahaniya/","mesh 5 city-peers + 5 city-variants","ok_200"
"3_mesh",12842,"post","ac-periodic-maintenance-contracts-al-shamal","https://www.rukn-eltatawer.com/qa/ac-periodic-maintenance-contracts-al-shamal/","mesh 5 city-peers + 5 city-variants","ok_200"
"3_mesh",12831,"post","commercial-refrigeration-maintenance-al-wakrah","https://www.rukn-eltatawer.com/qa/commercial-refrigeration-maintenance-al-wakrah/","mesh 5 city-peers + 5 city-variants","ok_200"
"3_mesh",12820,"post","new-central-ac-installation-al-shahaniya","https://www.rukn-eltatawer.com/qa/new-central-ac-installation-al-shahaniya/","mesh 5 city-peers + 5 city-variants","ok_200"
"3_mesh",12818,"post","new-central-ac-installation-al-shamal","https://www.rukn-eltatawer.com/qa/new-central-ac-installation-al-shamal/","mesh 5 city-peers + 5 city-variants","ok_200"
"3_mesh",12737,"post","new-building-electrical-plumbing-umm-salal","https://www.rukn-eltatawer.com/qa/new-building-electrical-plumbing-umm-salal/","mesh 5 city-peers + 5 city-variants","ok_200"
"3_mesh",12736,"post","new-building-electrical-plumbing-al-khor","https://www.rukn-eltatawer.com/qa/new-building-electrical-plumbing-al-khor/","mesh 5 city-peers + 5 city-variants","ok_200"
"3_mesh",12713,"post","drainage-pipe-maintenance-umm-salal","https://www.rukn-eltatawer.com/qa/drainage-pipe-maintenance-umm-salal/","mesh 5 city-peers + 5 city-variants","ok_200"
"3_mesh",12712,"post","drainage-pipe-maintenance-al-khor","https://www.rukn-eltatawer.com/qa/drainage-pipe-maintenance-al-khor/","mesh 5 city-peers + 5 city-variants","ok_200"
"3_mesh",12689,"post","home-plumber-elec-umm-salal","https://www.rukn-eltatawer.com/qa/home-plumber-elec-umm-salal/","mesh 5 city-peers + 5 city-variants","ok_200"
"3_mesh",12688,"post","home-plumber-elec-al-khor","https://www.rukn-eltatawer.com/qa/home-plumber-elec-al-khor/","mesh 5 city-peers + 5 city-variants","ok_200"
"3_mesh",12588,"post","roof-insulation-painting-al-shahaniya","https://www.rukn-eltatawer.com/qa/roof-insulation-painting-al-shahaniya/","mesh 5 city-peers + 5 city-variants","ok_200"
"3_mesh",12586,"post","roof-insulation-painting-al-shamal","https://www.rukn-eltatawer.com/qa/roof-insulation-painting-al-shamal/","mesh 5 city-peers + 5 city-variants","ok_200"
"3_mesh",12443,"post","ac-tech-al-daayen","https://www.rukn-eltatawer.com/qa/ac-tech-al-daayen/","mesh 5 city-peers + 5 city-variants","ok_200"
"3_mesh",12377,"post","home-plumber-umm-salal","https://www.rukn-eltatawer.com/qa/home-plumber-umm-salal/","mesh 5 city-peers + 5 city-variants","ok_200"
"3_mesh",12376,"post","home-plumber-al-khor","https://www.rukn-eltatawer.com/qa/home-plumber-al-khor/","mesh 5 city-peers + 5 city-variants","ok_200"
"3_mesh",12219,"post","solar-ac-installation-al-daayen","https://www.rukn-eltatawer.com/qa/solar-ac-installation-al-daayen/","mesh 5 city-peers + 5 city-variants","ok_200"
"3_mesh",11753,"post","drain-unclogging-umm-salal","https://www.rukn-eltatawer.com/qa/drain-unclogging-umm-salal/","mesh 5 city-peers + 5 city-variants","ok_200"
"3_mesh",11752,"post","drain-unclogging-al-khor","https://www.rukn-eltatawer.com/qa/drain-unclogging-al-khor/","mesh 5 city-peers + 5 city-variants","ok_200"
"3_mesh",11660,"post","thermal-insulation-al-shahaniya","https://www.rukn-eltatawer.com/qa/thermal-insulation-al-shahaniya/","mesh 5 city-peers + 5 city-variants","ok_200"
"3_mesh",11658,"post","thermal-insulation-al-shamal","https://www.rukn-eltatawer.com/qa/thermal-insulation-al-shamal/","mesh 5 city-peers + 5 city-variants","ok_200"
"3_mesh",11652,"post","kitchen-insulation-al-shahaniya","https://www.rukn-eltatawer.com/qa/kitchen-insulation-al-shahaniya/","mesh 5 city-peers + 5 city-variants","ok_200"
"3_mesh",11650,"post","kitchen-insulation-al-shamal","https://www.rukn-eltatawer.com/qa/kitchen-insulation-al-shamal/","mesh 5 city-peers + 5 city-variants","ok_200"
"3_mesh",11178,"post","bathroom-insulation-al-shahaniya","https://www.rukn-eltatawer.com/qa/bathroom-insulation-al-shahaniya/","mesh 5 city-peers + 5 city-variants","ok_200"
"3_mesh",11176,"post","bathroom-insulation-al-shamal","https://www.rukn-eltatawer.com/qa/bathroom-insulation-al-shamal/","mesh 5 city-peers + 5 city-variants","ok_200"
"3_mesh",11170,"post","tank-insulation-al-shahaniya","https://www.rukn-eltatawer.com/qa/tank-insulation-al-shahaniya/","mesh 5 city-peers + 5 city-variants","ok_200"
"3_mesh",11168,"post","tank-insulation-al-shamal","https://www.rukn-eltatawer.com/qa/tank-insulation-al-shamal/","mesh 5 city-peers + 5 city-variants","ok_200"
"3_mesh",11162,"post","roof-insulation-al-shahaniya","https://www.rukn-eltatawer.com/qa/roof-insulation-al-shahaniya/","mesh 5 city-peers + 5 city-variants","ok_200"
"3_mesh",11160,"post","roof-insulation-al-shamal","https://www.rukn-eltatawer.com/qa/roof-insulation-al-shamal/","mesh 5 city-peers + 5 city-variants","ok_200"
"3_mesh",11155,"post","ac-leak-detection-al-shahaniya","https://www.rukn-eltatawer.com/qa/ac-leak-detection-al-shahaniya/","mesh 5 city-peers + 5 city-variants","ok_200"
"3_mesh",11153,"post","ac-leak-detection-al-shamal","https://www.rukn-eltatawer.com/qa/ac-leak-detection-al-shamal/","mesh 5 city-peers + 5 city-variants","ok_200"
"3_mesh",11147,"post","gas-leak-detection-al-shahaniya","https://www.rukn-eltatawer.com/qa/gas-leak-detection-al-shahaniya/","mesh 5 city-peers + 5 city-variants","ok_200"
"3_mesh",11145,"post","gas-leak-detection-al-shamal","https://www.rukn-eltatawer.com/qa/gas-leak-detection-al-shamal/","mesh 5 city-peers + 5 city-variants","ok_200"
"3_mesh",10982,"post","elevator-maintenance-al-wakrah","https://www.rukn-eltatawer.com/qa/elevator-maintenance-al-wakrah/","mesh 5 city-peers + 5 city-variants","ok_200"
"3_mesh",10974,"post","pool-maintenance-al-wakrah","https://www.rukn-eltatawer.com/qa/pool-maintenance-al-wakrah/","mesh 5 city-peers + 5 city-variants","ok_200"
"3_mesh",10970,"post","split-ac-maintenance-al-daayen","https://www.rukn-eltatawer.com/qa/split-ac-maintenance-al-daayen/","mesh 5 city-peers + 5 city-variants","ok_200"
"3_mesh",10942,"post","electrical-maintenance-al-wakrah","https://www.rukn-eltatawer.com/qa/electrical-maintenance-al-wakrah/","mesh 5 city-peers + 5 city-variants","ok_200"
"3_mesh",10934,"post","building-maintenance-al-wakrah","https://www.rukn-eltatawer.com/qa/building-maintenance-al-wakrah/","mesh 5 city-peers + 5 city-variants","ok_200"
"3_mesh",10926,"post","general-maintenance-al-wakrah","https://www.rukn-eltatawer.com/qa/general-maintenance-al-wakrah/","mesh 5 city-peers + 5 city-variants","ok_200"
"3_mesh",10914,"post","duct-cleaning-al-daayen","https://www.rukn-eltatawer.com/qa/duct-cleaning-al-daayen/","mesh 5 city-peers + 5 city-variants","ok_200"
"3_mesh",12812,"post","ac-duct-maintenance-al-shahaniya","https://www.rukn-eltatawer.com/qa/ac-duct-maintenance-al-shahaniya/","mesh 5 city-peers + 5 city-variants","ok_200"
"3_mesh",12810,"post","ac-duct-maintenance-al-shamal","https://www.rukn-eltatawer.com/qa/ac-duct-maintenance-al-shamal/","mesh 5 city-peers + 5 city-variants","ok_200"
"3_mesh",12804,"post","ac-relocation-installation-al-shahaniya","https://www.rukn-eltatawer.com/qa/ac-relocation-installation-al-shahaniya/","mesh 5 city-peers + 5 city-variants","ok_200"
"3_mesh",12802,"post","ac-relocation-installation-al-shamal","https://www.rukn-eltatawer.com/qa/ac-relocation-installation-al-shamal/","mesh 5 city-peers + 5 city-variants","ok_200"
"3_mesh",12796,"post","ac-cleaning-washing-al-shahaniya","https://www.rukn-eltatawer.com/qa/ac-cleaning-washing-al-shahaniya/","mesh 5 city-peers + 5 city-variants","ok_200"
"3_mesh",12794,"post","ac-cleaning-washing-al-shamal","https://www.rukn-eltatawer.com/qa/ac-cleaning-washing-al-shamal/","mesh 5 city-peers + 5 city-variants","ok_200"
"3_mesh",12751,"post","central-heater-installation-maintenance-al-wakrah","https://www.rukn-eltatawer.com/qa/central-heater-installation-maintenance-al-wakrah/","mesh 5 city-peers + 5 city-variants","ok_200"
"3_mesh",12743,"post","water-pump-maintenance-al-wakrah","https://www.rukn-eltatawer.com/qa/water-pump-maintenance-al-wakrah/","mesh 5 city-peers + 5 city-variants","ok_200"
"3_mesh",12655,"post","electric-panel-maintenance-al-wakrah","https://www.rukn-eltatawer.com/qa/electric-panel-maintenance-al-wakrah/","mesh 5 city-peers + 5 city-variants","ok_200"
"3_mesh",12639,"post","post-leak-repaint-maintenance-al-wakrah","https://www.rukn-eltatawer.com/qa/post-leak-repaint-maintenance-al-wakrah/","mesh 5 city-peers + 5 city-variants","ok_200"
"3_mesh",11711,"post","building-renovation-al-wakrah","https://www.rukn-eltatawer.com/qa/building-renovation-al-wakrah/","mesh 5 city-peers + 5 city-variants","ok_200"
"3_mesh",11676,"post","soundproofing-al-shahaniya","https://www.rukn-eltatawer.com/qa/soundproofing-al-shahaniya/","mesh 5 city-peers + 5 city-variants","ok_200"
"3_mesh",11674,"post","soundproofing-al-shamal","https://www.rukn-eltatawer.com/qa/soundproofing-al-shamal/","mesh 5 city-peers + 5 city-variants","ok_200"
"3_mesh",11668,"post","waterproofing-al-shahaniya","https://www.rukn-eltatawer.com/qa/waterproofing-al-shahaniya/","mesh 5 city-peers + 5 city-variants","ok_200"
"3_mesh",11666,"post","waterproofing-al-shamal","https://www.rukn-eltatawer.com/qa/waterproofing-al-shamal/","mesh 5 city-peers + 5 city-variants","ok_200"
"3_mesh",11126,"post","air-purification-al-wakrah","https://www.rukn-eltatawer.com/qa/air-purification-al-wakrah/","mesh 5 city-peers + 5 city-variants","ok_200"
"3_mesh",11110,"post","water-filters-al-wakrah","https://www.rukn-eltatawer.com/qa/water-filters-al-wakrah/","mesh 5 city-peers + 5 city-variants","ok_200"
"3_mesh",11102,"post","ro-plants-al-wakrah","https://www.rukn-eltatawer.com/qa/ro-plants-al-wakrah/","mesh 5 city-peers + 5 city-variants","ok_200"
"3_mesh",11094,"post","water-pumps-al-wakrah","https://www.rukn-eltatawer.com/qa/water-pumps-al-wakrah/","mesh 5 city-peers + 5 city-variants","ok_200"
"3_mesh",11086,"post","kitchen-hoods-al-wakrah","https://www.rukn-eltatawer.com/qa/kitchen-hoods-al-wakrah/","mesh 5 city-peers + 5 city-variants","ok_200"
"3_mesh",11078,"post","vacuum-maintenance-al-wakrah","https://www.rukn-eltatawer.com/qa/vacuum-maintenance-al-wakrah/","mesh 5 city-peers + 5 city-variants","ok_200"
"3_mesh",11070,"post","water-cooler-maintenance-al-wakrah","https://www.rukn-eltatawer.com/qa/water-cooler-maintenance-al-wakrah/","mesh 5 city-peers + 5 city-variants","ok_200"
"3_mesh",11062,"post","water-heater-maintenance-al-wakrah","https://www.rukn-eltatawer.com/qa/water-heater-maintenance-al-wakrah/","mesh 5 city-peers + 5 city-variants","ok_200"
"3_mesh",11054,"post","microwave-maintenance-al-wakrah","https://www.rukn-eltatawer.com/qa/microwave-maintenance-al-wakrah/","mesh 5 city-peers + 5 city-variants","ok_200"
"3_mesh",11046,"post","dryer-maintenance-al-wakrah","https://www.rukn-eltatawer.com/qa/dryer-maintenance-al-wakrah/","mesh 5 city-peers + 5 city-variants","ok_200"
"3_mesh",11038,"post","washer-maintenance-al-wakrah","https://www.rukn-eltatawer.com/qa/washer-maintenance-al-wakrah/","mesh 5 city-peers + 5 city-variants","ok_200"
"3_mesh",11030,"post","fridge-maintenance-al-wakrah","https://www.rukn-eltatawer.com/qa/fridge-maintenance-al-wakrah/","mesh 5 city-peers + 5 city-variants","ok_200"
"3_mesh",11022,"post","appliance-maintenance-al-wakrah","https://www.rukn-eltatawer.com/qa/appliance-maintenance-al-wakrah/","mesh 5 city-peers + 5 city-variants","ok_200"
"3_mesh",11014,"post","stove-maintenance-al-wakrah","https://www.rukn-eltatawer.com/qa/stove-maintenance-al-wakrah/","mesh 5 city-peers + 5 city-variants","ok_200"
"3_mesh",11006,"post","oven-maintenance-al-wakrah","https://www.rukn-eltatawer.com/qa/oven-maintenance-al-wakrah/","mesh 5 city-peers + 5 city-variants","ok_200"
"3_mesh",10998,"post","automatic-doors-maintenance-al-wakrah","https://www.rukn-eltatawer.com/qa/automatic-doors-maintenance-al-wakrah/","mesh 5 city-peers + 5 city-variants","ok_200"
"3_mesh",10990,"post","cctv-maintenance-al-wakrah","https://www.rukn-eltatawer.com/qa/cctv-maintenance-al-wakrah/","mesh 5 city-peers + 5 city-variants","ok_200"
"3_mesh",10880,"post","glass-facade-cleaning-umm-salal","https://www.rukn-eltatawer.com/qa/glass-facade-cleaning-umm-salal/","mesh 5 city-peers + 5 city-variants","ok_200"
"3_mesh",10879,"post","glass-facade-cleaning-al-khor","https://www.rukn-eltatawer.com/qa/glass-facade-cleaning-al-khor/","mesh 5 city-peers + 5 city-variants","ok_200"
"3_mesh",10872,"post","marble-polishing-umm-salal","https://www.rukn-eltatawer.com/qa/marble-polishing-umm-salal/","mesh 5 city-peers + 5 city-variants","ok_200"
"3_mesh",10736,"post","villa-cleaning-umm-salal","https://www.rukn-eltatawer.com/qa/villa-cleaning-umm-salal/","mesh 5 city-peers + 5 city-variants","ok_200"
"3_mesh",10735,"post","villa-cleaning-al-khor","https://www.rukn-eltatawer.com/qa/villa-cleaning-al-khor/","mesh 5 city-peers + 5 city-variants","ok_200"
"3_mesh",10720,"post","home-cleaning-umm-salal","https://www.rukn-eltatawer.com/qa/home-cleaning-umm-salal/","mesh 5 city-peers + 5 city-variants","ok_200"
"3_mesh",10719,"post","home-cleaning-al-khor","https://www.rukn-eltatawer.com/qa/home-cleaning-al-khor/","mesh 5 city-peers + 5 city-variants","ok_200"
"3_mesh",12833,"post","commercial-refrigeration-maintenance-umm-salal","https://www.rukn-eltatawer.com/qa/commercial-refrigeration-maintenance-umm-salal/","mesh 5 city-peers + 5 city-variants","ok_200"
"3_mesh",12788,"post","ac-freon-refill-al-shahaniya","https://www.rukn-eltatawer.com/qa/ac-freon-refill-al-shahaniya/","mesh 5 city-peers + 5 city-variants","ok_200"
"3_mesh",12786,"post","ac-freon-refill-al-shamal","https://www.rukn-eltatawer.com/qa/ac-freon-refill-al-shamal/","mesh 5 city-peers + 5 city-variants","ok_200"
"3_mesh",12780,"post","window-ac-installation-al-shahaniya","https://www.rukn-eltatawer.com/qa/window-ac-installation-al-shahaniya/","mesh 5 city-peers + 5 city-variants","ok_200"
"3_mesh",12778,"post","window-ac-installation-al-shamal","https://www.rukn-eltatawer.com/qa/window-ac-installation-al-shamal/","mesh 5 city-peers + 5 city-variants","ok_200"
"3_mesh",12772,"post","split-ac-installation-al-shahaniya","https://www.rukn-eltatawer.com/qa/split-ac-installation-al-shahaniya/","mesh 5 city-peers + 5 city-variants","ok_200"
"3_mesh",12770,"post","split-ac-installation-al-shamal","https://www.rukn-eltatawer.com/qa/split-ac-installation-al-shamal/","mesh 5 city-peers + 5 city-variants","ok_200"
"3_mesh",12444,"post","ac-tech-al-shahaniya","https://www.rukn-eltatawer.com/qa/ac-tech-al-shahaniya/","mesh 5 city-peers + 5 city-variants","ok_200"
"3_mesh",12442,"post","ac-tech-al-shamal","https://www.rukn-eltatawer.com/qa/ac-tech-al-shamal/","mesh 5 city-peers + 5 city-variants","ok_200"
"3_mesh",12259,"post","cockroach-control-al-daayen","https://www.rukn-eltatawer.com/qa/cockroach-control-al-daayen/","mesh 5 city-peers + 5 city-variants","ok_200"
"3_mesh",12243,"post","termite-control-al-daayen","https://www.rukn-eltatawer.com/qa/termite-control-al-daayen/","mesh 5 city-peers + 5 city-variants","ok_200"
"3_mesh",12235,"post","flying-pest-control-al-daayen","https://www.rukn-eltatawer.com/qa/flying-pest-control-al-daayen/","mesh 5 city-peers + 5 city-variants","ok_200"
"3_mesh",12227,"post","crawling-pest-control-al-daayen","https://www.rukn-eltatawer.com/qa/crawling-pest-control-al-daayen/","mesh 5 city-peers + 5 city-variants","ok_200"
"3_mesh",12220,"post","solar-ac-installation-al-shahaniya","https://www.rukn-eltatawer.com/qa/solar-ac-installation-al-shahaniya/","mesh 5 city-peers + 5 city-variants","ok_200"
"3_mesh",12218,"post","solar-ac-installation-al-shamal","https://www.rukn-eltatawer.com/qa/solar-ac-installation-al-shamal/","mesh 5 city-peers + 5 city-variants","ok_200"
"3_mesh",12057,"post","garden-cleaning-umm-salal","https://www.rukn-eltatawer.com/qa/garden-cleaning-umm-salal/","mesh 5 city-peers + 5 city-variants","ok_200"
"3_mesh",12056,"post","garden-cleaning-al-khor","https://www.rukn-eltatawer.com/qa/garden-cleaning-al-khor/","mesh 5 city-peers + 5 city-variants","ok_200"
"3_mesh",10971,"post","split-ac-maintenance-al-shahaniya","https://www.rukn-eltatawer.com/qa/split-ac-maintenance-al-shahaniya/","mesh 5 city-peers + 5 city-variants","ok_200"
"3_mesh",10969,"post","split-ac-maintenance-al-shamal","https://www.rukn-eltatawer.com/qa/split-ac-maintenance-al-shamal/","mesh 5 city-peers + 5 city-variants","ok_200"
"3_mesh",10963,"post","central-ac-maintenance-al-shahaniya","https://www.rukn-eltatawer.com/qa/central-ac-maintenance-al-shahaniya/","mesh 5 city-peers + 5 city-variants","ok_200"
"3_mesh",10961,"post","central-ac-maintenance-al-shamal","https://www.rukn-eltatawer.com/qa/central-ac-maintenance-al-shamal/","mesh 5 city-peers + 5 city-variants","ok_200"
"3_mesh",10920,"post","chimney-cleaning-umm-salal","https://www.rukn-eltatawer.com/qa/chimney-cleaning-umm-salal/","mesh 5 city-peers + 5 city-variants","ok_200"
"3_mesh",10919,"post","chimney-cleaning-al-khor","https://www.rukn-eltatawer.com/qa/chimney-cleaning-al-khor/","mesh 5 city-peers + 5 city-variants","ok_200"
"3_mesh",10904,"post","deep-cleaning-umm-salal","https://www.rukn-eltatawer.com/qa/deep-cleaning-umm-salal/","mesh 5 city-peers + 5 city-variants","ok_200"
"3_mesh",10903,"post","deep-cleaning-al-khor","https://www.rukn-eltatawer.com/qa/deep-cleaning-al-khor/","mesh 5 city-peers + 5 city-variants","ok_200"
"3_mesh",10896,"post","garage-cleaning-umm-salal","https://www.rukn-eltatawer.com/qa/garage-cleaning-umm-salal/","mesh 5 city-peers + 5 city-variants","ok_200"
"3_mesh",10895,"post","garage-cleaning-al-khor","https://www.rukn-eltatawer.com/qa/garage-cleaning-al-khor/","mesh 5 city-peers + 5 city-variants","ok_200"
"3_mesh",10888,"post","stone-facade-cleaning-umm-salal","https://www.rukn-eltatawer.com/qa/stone-facade-cleaning-umm-salal/","mesh 5 city-peers + 5 city-variants","ok_200"
"3_mesh",10887,"post","stone-facade-cleaning-al-khor","https://www.rukn-eltatawer.com/qa/stone-facade-cleaning-al-khor/","mesh 5 city-peers + 5 city-variants","ok_200"
"3_mesh",10783,"post","mall-cleaning-al-khor","https://www.rukn-eltatawer.com/qa/mall-cleaning-al-khor/","mesh 5 city-peers + 5 city-variants","ok_200"
"3_mesh",10760,"post","majlis-cleaning-umm-salal","https://www.rukn-eltatawer.com/qa/majlis-cleaning-umm-salal/","mesh 5 city-peers + 5 city-variants","ok_200"
"3_mesh",10759,"post","majlis-cleaning-al-khor","https://www.rukn-eltatawer.com/qa/majlis-cleaning-al-khor/","mesh 5 city-peers + 5 city-variants","ok_200"
"3_mesh",10752,"post","office-cleaning-umm-salal","https://www.rukn-eltatawer.com/qa/office-cleaning-umm-salal/","mesh 5 city-peers + 5 city-variants","ok_200"
"3_mesh",10751,"post","office-cleaning-al-khor","https://www.rukn-eltatawer.com/qa/office-cleaning-al-khor/","mesh 5 city-peers + 5 city-variants","ok_200"
"3_mesh",10744,"post","palace-cleaning-umm-salal","https://www.rukn-eltatawer.com/qa/palace-cleaning-umm-salal/","mesh 5 city-peers + 5 city-variants","ok_200"
"3_mesh",12832,"post","commercial-refrigeration-maintenance-al-khor","https://www.rukn-eltatawer.com/qa/commercial-refrigeration-maintenance-al-khor/","mesh 5 city-peers + 5 city-variants","ok_200"
"3_mesh",12763,"post","plumbing-fault-repair-al-daayen","https://www.rukn-eltatawer.com/qa/plumbing-fault-repair-al-daayen/","mesh 5 city-peers + 5 city-variants","ok_200"
"3_mesh",12753,"post","central-heater-installation-maintenance-umm-salal","https://www.rukn-eltatawer.com/qa/central-heater-installation-maintenance-umm-salal/","mesh 5 city-peers + 5 city-variants","ok_200"
"3_mesh",12752,"post","central-heater-installation-maintenance-al-khor","https://www.rukn-eltatawer.com/qa/central-heater-installation-maintenance-al-khor/","mesh 5 city-peers + 5 city-variants","ok_200"
"3_mesh",12745,"post","water-pump-maintenance-umm-salal","https://www.rukn-eltatawer.com/qa/water-pump-maintenance-umm-salal/","mesh 5 city-peers + 5 city-variants","ok_200"
"3_mesh",12739,"post","new-building-electrical-plumbing-al-daayen","https://www.rukn-eltatawer.com/qa/new-building-electrical-plumbing-al-daayen/","mesh 5 city-peers + 5 city-variants","ok_200"
"3_mesh",11119,"post","tank-water-chiller-al-khor","https://www.rukn-eltatawer.com/qa/tank-water-chiller-al-khor/","mesh 5 city-peers + 5 city-variants","ok_200"
"3_mesh",11112,"post","water-filters-umm-salal","https://www.rukn-eltatawer.com/qa/water-filters-umm-salal/","mesh 5 city-peers + 5 city-variants","ok_200"
"3_mesh",11111,"post","water-filters-al-khor","https://www.rukn-eltatawer.com/qa/water-filters-al-khor/","mesh 5 city-peers + 5 city-variants","ok_200"
"3_mesh",10954,"post","plumbing-maintenance-al-daayen","https://www.rukn-eltatawer.com/qa/plumbing-maintenance-al-daayen/","mesh 5 city-peers + 5 city-variants","ok_200"
"3_mesh",10936,"post","building-maintenance-umm-salal","https://www.rukn-eltatawer.com/qa/building-maintenance-umm-salal/","mesh 5 city-peers + 5 city-variants","ok_200"
"3_mesh",10935,"post","building-maintenance-al-khor","https://www.rukn-eltatawer.com/qa/building-maintenance-al-khor/","mesh 5 city-peers + 5 city-variants","ok_200"
"3_mesh",10928,"post","general-maintenance-umm-salal","https://www.rukn-eltatawer.com/qa/general-maintenance-umm-salal/","mesh 5 city-peers + 5 city-variants","ok_200"
"3_mesh",10927,"post","general-maintenance-al-khor","https://www.rukn-eltatawer.com/qa/general-maintenance-al-khor/","mesh 5 city-peers + 5 city-variants","ok_200"
"3_mesh",10915,"post","duct-cleaning-al-shahaniya","https://www.rukn-eltatawer.com/qa/duct-cleaning-al-shahaniya/","mesh 5 city-peers + 5 city-variants","ok_200"
"3_mesh",10913,"post","duct-cleaning-al-shamal","https://www.rukn-eltatawer.com/qa/duct-cleaning-al-shamal/","mesh 5 city-peers + 5 city-variants","ok_200"
"3_mesh",10871,"post","marble-polishing-al-khor","https://www.rukn-eltatawer.com/qa/marble-polishing-al-khor/","mesh 5 city-peers + 5 city-variants","ok_200"
"3_mesh",10864,"post","mattress-cleaning-umm-salal","https://www.rukn-eltatawer.com/qa/mattress-cleaning-umm-salal/","mesh 5 city-peers + 5 city-variants","ok_200"
"3_mesh",10863,"post","mattress-cleaning-al-khor","https://www.rukn-eltatawer.com/qa/mattress-cleaning-al-khor/","mesh 5 city-peers + 5 city-variants","ok_200"
"3_mesh",10856,"post","curtain-cleaning-umm-salal","https://www.rukn-eltatawer.com/qa/curtain-cleaning-umm-salal/","mesh 5 city-peers + 5 city-variants","ok_200"
"3_mesh",10855,"post","curtain-cleaning-al-khor","https://www.rukn-eltatawer.com/qa/curtain-cleaning-al-khor/","mesh 5 city-peers + 5 city-variants","ok_200"
"3_mesh",10848,"post","sofa-cleaning-umm-salal","https://www.rukn-eltatawer.com/qa/sofa-cleaning-umm-salal/","mesh 5 city-peers + 5 city-variants","ok_200"
"3_mesh",10847,"post","sofa-cleaning-al-khor","https://www.rukn-eltatawer.com/qa/sofa-cleaning-al-khor/","mesh 5 city-peers + 5 city-variants","ok_200"
"3_mesh",10840,"post","moquette-cleaning-umm-salal","https://www.rukn-eltatawer.com/qa/moquette-cleaning-umm-salal/","mesh 5 city-peers + 5 city-variants","ok_200"
"3_mesh",10839,"post","moquette-cleaning-al-khor","https://www.rukn-eltatawer.com/qa/moquette-cleaning-al-khor/","mesh 5 city-peers + 5 city-variants","ok_200"
"3_mesh",10832,"post","carpet-cleaning-umm-salal","https://www.rukn-eltatawer.com/qa/carpet-cleaning-umm-salal/","mesh 5 city-peers + 5 city-variants","ok_200"
"3_mesh",10831,"post","carpet-cleaning-al-khor","https://www.rukn-eltatawer.com/qa/carpet-cleaning-al-khor/","mesh 5 city-peers + 5 city-variants","ok_200"
"3_mesh",10824,"post","diesel-tank-cleaning-umm-salal","https://www.rukn-eltatawer.com/qa/diesel-tank-cleaning-umm-salal/","mesh 5 city-peers + 5 city-variants","ok_200"
"3_mesh",10823,"post","diesel-tank-cleaning-al-khor","https://www.rukn-eltatawer.com/qa/diesel-tank-cleaning-al-khor/","mesh 5 city-peers + 5 city-variants","ok_200"
"3_mesh",10816,"post","water-tank-cleaning-umm-salal","https://www.rukn-eltatawer.com/qa/water-tank-cleaning-umm-salal/","mesh 5 city-peers + 5 city-variants","ok_200"
"3_mesh",10815,"post","water-tank-cleaning-al-khor","https://www.rukn-eltatawer.com/qa/water-tank-cleaning-al-khor/","mesh 5 city-peers + 5 city-variants","ok_200"
"3_mesh",10808,"post","bathroom-cleaning-umm-salal","https://www.rukn-eltatawer.com/qa/bathroom-cleaning-umm-salal/","mesh 5 city-peers + 5 city-variants","ok_200"
"3_mesh",10807,"post","bathroom-cleaning-al-khor","https://www.rukn-eltatawer.com/qa/bathroom-cleaning-al-khor/","mesh 5 city-peers + 5 city-variants","ok_200"
"3_mesh",10800,"post","kitchen-cleaning-umm-salal","https://www.rukn-eltatawer.com/qa/kitchen-cleaning-umm-salal/","mesh 5 city-peers + 5 city-variants","ok_200"
"3_mesh",10799,"post","kitchen-cleaning-al-khor","https://www.rukn-eltatawer.com/qa/kitchen-cleaning-al-khor/","mesh 5 city-peers + 5 city-variants","ok_200"
"3_mesh",10792,"post","pool-cleaning-umm-salal","https://www.rukn-eltatawer.com/qa/pool-cleaning-umm-salal/","mesh 5 city-peers + 5 city-variants","ok_200"
"3_mesh",10791,"post","pool-cleaning-al-khor","https://www.rukn-eltatawer.com/qa/pool-cleaning-al-khor/","mesh 5 city-peers + 5 city-variants","ok_200"
"3_mesh",10784,"post","mall-cleaning-umm-salal","https://www.rukn-eltatawer.com/qa/mall-cleaning-umm-salal/","mesh 5 city-peers + 5 city-variants","ok_200"
"3_mesh",11120,"post","tank-water-chiller-umm-salal","https://www.rukn-eltatawer.com/qa/tank-water-chiller-umm-salal/","mesh 5 city-peers + 5 city-variants","ok_200"
"3_mesh",10743,"post","palace-cleaning-al-khor","https://www.rukn-eltatawer.com/qa/palace-cleaning-al-khor/","mesh 5 city-peers + 5 city-variants","ok_200"
"3_mesh",10728,"post","apartment-cleaning-umm-salal","https://www.rukn-eltatawer.com/qa/apartment-cleaning-umm-salal/","mesh 5 city-peers + 5 city-variants","ok_200"
"3_mesh",10727,"post","apartment-cleaning-al-khor","https://www.rukn-eltatawer.com/qa/apartment-cleaning-al-khor/","mesh 5 city-peers + 5 city-variants","ok_200"
"3_mesh",11140,"post","gas-leak-detection-doha","https://www.rukn-eltatawer.com/qa/gas-leak-detection-doha/","mesh 5 city-peers + 5 city-variants","ok_200"
"3_mesh",3182,"post","sewerage-company-in-doha","https://www.rukn-eltatawer.com/qa/sewerage-company-in-doha/","mesh 5 city-peers + 5 city-variants","ok_200"
"3_mesh",12744,"post","water-pump-maintenance-al-khor","https://www.rukn-eltatawer.com/qa/water-pump-maintenance-al-khor/","mesh 5 city-peers + 5 city-variants","ok_200"
"3_mesh",12715,"post","drainage-pipe-maintenance-al-daayen","https://www.rukn-eltatawer.com/qa/drainage-pipe-maintenance-al-daayen/","mesh 5 city-peers + 5 city-variants","ok_200"
"3_mesh",12691,"post","home-plumber-elec-al-daayen","https://www.rukn-eltatawer.com/qa/home-plumber-elec-al-daayen/","mesh 5 city-peers + 5 city-variants","ok_200"
"3_mesh",12657,"post","electric-panel-maintenance-umm-salal","https://www.rukn-eltatawer.com/qa/electric-panel-maintenance-umm-salal/","mesh 5 city-peers + 5 city-variants","ok_200"
"3_mesh",12656,"post","electric-panel-maintenance-al-khor","https://www.rukn-eltatawer.com/qa/electric-panel-maintenance-al-khor/","mesh 5 city-peers + 5 city-variants","ok_200"
"3_mesh",12641,"post","post-leak-repaint-maintenance-umm-salal","https://www.rukn-eltatawer.com/qa/post-leak-repaint-maintenance-umm-salal/","mesh 5 city-peers + 5 city-variants","ok_200"
"3_mesh",12640,"post","post-leak-repaint-maintenance-al-khor","https://www.rukn-eltatawer.com/qa/post-leak-repaint-maintenance-al-khor/","mesh 5 city-peers + 5 city-variants","ok_200"
"3_mesh",12379,"post","home-plumber-al-daayen","https://www.rukn-eltatawer.com/qa/home-plumber-al-daayen/","mesh 5 city-peers + 5 city-variants","ok_200"
"3_mesh",12260,"post","cockroach-control-al-shahaniya","https://www.rukn-eltatawer.com/qa/cockroach-control-al-shahaniya/","mesh 5 city-peers + 5 city-variants","ok_200"
"3_mesh",12258,"post","cockroach-control-al-shamal","https://www.rukn-eltatawer.com/qa/cockroach-control-al-shamal/","mesh 5 city-peers + 5 city-variants","ok_200"
"3_mesh",12244,"post","termite-control-al-shahaniya","https://www.rukn-eltatawer.com/qa/termite-control-al-shahaniya/","mesh 5 city-peers + 5 city-variants","ok_200"
"3_mesh",12242,"post","termite-control-al-shamal","https://www.rukn-eltatawer.com/qa/termite-control-al-shamal/","mesh 5 city-peers + 5 city-variants","ok_200"
"3_mesh",12236,"post","flying-pest-control-al-shahaniya","https://www.rukn-eltatawer.com/qa/flying-pest-control-al-shahaniya/","mesh 5 city-peers + 5 city-variants","ok_200"
"3_mesh",12764,"post","plumbing-fault-repair-al-shahaniya","https://www.rukn-eltatawer.com/qa/plumbing-fault-repair-al-shahaniya/","mesh 5 city-peers + 5 city-variants","ok_200"
"3_mesh",12762,"post","plumbing-fault-repair-al-shamal","https://www.rukn-eltatawer.com/qa/plumbing-fault-repair-al-shamal/","mesh 5 city-peers + 5 city-variants","ok_200"
"3_mesh",12740,"post","new-building-electrical-plumbing-al-shahaniya","https://www.rukn-eltatawer.com/qa/new-building-electrical-plumbing-al-shahaniya/","mesh 5 city-peers + 5 city-variants","ok_200"
"3_mesh",12738,"post","new-building-electrical-plumbing-al-shamal","https://www.rukn-eltatawer.com/qa/new-building-electrical-plumbing-al-shamal/","mesh 5 city-peers + 5 city-variants","ok_200"
"3_mesh",12716,"post","drainage-pipe-maintenance-al-shahaniya","https://www.rukn-eltatawer.com/qa/drainage-pipe-maintenance-al-shahaniya/","mesh 5 city-peers + 5 city-variants","ok_200"
"3_mesh",12714,"post","drainage-pipe-maintenance-al-shamal","https://www.rukn-eltatawer.com/qa/drainage-pipe-maintenance-al-shamal/","mesh 5 city-peers + 5 city-variants","ok_200"
"3_mesh",12692,"post","home-plumber-elec-al-shahaniya","https://www.rukn-eltatawer.com/qa/home-plumber-elec-al-shahaniya/","mesh 5 city-peers + 5 city-variants","ok_200"
"3_mesh",12690,"post","home-plumber-elec-al-shamal","https://www.rukn-eltatawer.com/qa/home-plumber-elec-al-shamal/","mesh 5 city-peers + 5 city-variants","ok_200"
"3_mesh",12380,"post","home-plumber-al-shahaniya","https://www.rukn-eltatawer.com/qa/home-plumber-al-shahaniya/","mesh 5 city-peers + 5 city-variants","ok_200"
"3_mesh",11104,"post","ro-plants-umm-salal","https://www.rukn-eltatawer.com/qa/ro-plants-umm-salal/","mesh 5 city-peers + 5 city-variants","ok_200"
"3_mesh",11103,"post","ro-plants-al-khor","https://www.rukn-eltatawer.com/qa/ro-plants-al-khor/","mesh 5 city-peers + 5 city-variants","ok_200"
"3_mesh",11096,"post","water-pumps-umm-salal","https://www.rukn-eltatawer.com/qa/water-pumps-umm-salal/","mesh 5 city-peers + 5 city-variants","ok_200"
"3_mesh",11095,"post","water-pumps-al-khor","https://www.rukn-eltatawer.com/qa/water-pumps-al-khor/","mesh 5 city-peers + 5 city-variants","ok_200"
"3_mesh",11088,"post","kitchen-hoods-umm-salal","https://www.rukn-eltatawer.com/qa/kitchen-hoods-umm-salal/","mesh 5 city-peers + 5 city-variants","ok_200"
"3_mesh",11087,"post","kitchen-hoods-al-khor","https://www.rukn-eltatawer.com/qa/kitchen-hoods-al-khor/","mesh 5 city-peers + 5 city-variants","ok_200"
"3_mesh",11080,"post","vacuum-maintenance-umm-salal","https://www.rukn-eltatawer.com/qa/vacuum-maintenance-umm-salal/","mesh 5 city-peers + 5 city-variants","ok_200"
"3_mesh",11079,"post","vacuum-maintenance-al-khor","https://www.rukn-eltatawer.com/qa/vacuum-maintenance-al-khor/","mesh 5 city-peers + 5 city-variants","ok_200"
"3_mesh",11072,"post","water-cooler-maintenance-umm-salal","https://www.rukn-eltatawer.com/qa/water-cooler-maintenance-umm-salal/","mesh 5 city-peers + 5 city-variants","ok_200"
"3_mesh",11071,"post","water-cooler-maintenance-al-khor","https://www.rukn-eltatawer.com/qa/water-cooler-maintenance-al-khor/","mesh 5 city-peers + 5 city-variants","ok_200"
"3_mesh",11064,"post","water-heater-maintenance-umm-salal","https://www.rukn-eltatawer.com/qa/water-heater-maintenance-umm-salal/","mesh 5 city-peers + 5 city-variants","ok_200"
"3_mesh",11063,"post","water-heater-maintenance-al-khor","https://www.rukn-eltatawer.com/qa/water-heater-maintenance-al-khor/","mesh 5 city-peers + 5 city-variants","ok_200"
"3_mesh",11056,"post","microwave-maintenance-umm-salal","https://www.rukn-eltatawer.com/qa/microwave-maintenance-umm-salal/","mesh 5 city-peers + 5 city-variants","ok_200"
"3_mesh",11055,"post","microwave-maintenance-al-khor","https://www.rukn-eltatawer.com/qa/microwave-maintenance-al-khor/","mesh 5 city-peers + 5 city-variants","ok_200"
"3_mesh",11048,"post","dryer-maintenance-umm-salal","https://www.rukn-eltatawer.com/qa/dryer-maintenance-umm-salal/","mesh 5 city-peers + 5 city-variants","ok_200"
"3_mesh",11047,"post","dryer-maintenance-al-khor","https://www.rukn-eltatawer.com/qa/dryer-maintenance-al-khor/","mesh 5 city-peers + 5 city-variants","ok_200"
"3_mesh",11040,"post","washer-maintenance-umm-salal","https://www.rukn-eltatawer.com/qa/washer-maintenance-umm-salal/","mesh 5 city-peers + 5 city-variants","ok_200"
"3_mesh",11039,"post","washer-maintenance-al-khor","https://www.rukn-eltatawer.com/qa/washer-maintenance-al-khor/","mesh 5 city-peers + 5 city-variants","ok_200"
"3_mesh",11032,"post","fridge-maintenance-umm-salal","https://www.rukn-eltatawer.com/qa/fridge-maintenance-umm-salal/","mesh 5 city-peers + 5 city-variants","ok_200"
"3_mesh",11031,"post","fridge-maintenance-al-khor","https://www.rukn-eltatawer.com/qa/fridge-maintenance-al-khor/","mesh 5 city-peers + 5 city-variants","ok_200"
"3_mesh",11024,"post","appliance-maintenance-umm-salal","https://www.rukn-eltatawer.com/qa/appliance-maintenance-umm-salal/","mesh 5 city-peers + 5 city-variants","ok_200"
"3_mesh",11023,"post","appliance-maintenance-al-khor","https://www.rukn-eltatawer.com/qa/appliance-maintenance-al-khor/","mesh 5 city-peers + 5 city-variants","ok_200"
"3_mesh",11016,"post","stove-maintenance-umm-salal","https://www.rukn-eltatawer.com/qa/stove-maintenance-umm-salal/","mesh 5 city-peers + 5 city-variants","ok_200"
"3_mesh",12378,"post","home-plumber-al-shamal","https://www.rukn-eltatawer.com/qa/home-plumber-al-shamal/","mesh 5 city-peers + 5 city-variants","ok_200"
"3_mesh",12059,"post","garden-cleaning-al-daayen","https://www.rukn-eltatawer.com/qa/garden-cleaning-al-daayen/","mesh 5 city-peers + 5 city-variants","ok_200"
"3_mesh",11756,"post","drain-unclogging-al-shahaniya","https://www.rukn-eltatawer.com/qa/drain-unclogging-al-shahaniya/","mesh 5 city-peers + 5 city-variants","ok_200"
"3_mesh",11754,"post","drain-unclogging-al-shamal","https://www.rukn-eltatawer.com/qa/drain-unclogging-al-shamal/","mesh 5 city-peers + 5 city-variants","ok_200"
"3_mesh",11747,"post","septic-tank-emptying-al-daayen","https://www.rukn-eltatawer.com/qa/septic-tank-emptying-al-daayen/","mesh 5 city-peers + 5 city-variants","ok_200"
"3_mesh",11691,"post","tank-lining-maintenance-al-daayen","https://www.rukn-eltatawer.com/qa/tank-lining-maintenance-al-daayen/","mesh 5 city-peers + 5 city-variants","ok_200"
"3_mesh",11122,"post","tank-water-chiller-al-daayen","https://www.rukn-eltatawer.com/qa/tank-water-chiller-al-daayen/","mesh 5 city-peers + 5 city-variants","ok_200"
"3_mesh",11015,"post","stove-maintenance-al-khor","https://www.rukn-eltatawer.com/qa/stove-maintenance-al-khor/","mesh 5 city-peers + 5 city-variants","ok_200"
"3_mesh",11008,"post","oven-maintenance-umm-salal","https://www.rukn-eltatawer.com/qa/oven-maintenance-umm-salal/","mesh 5 city-peers + 5 city-variants","ok_200"
"3_mesh",11007,"post","oven-maintenance-al-khor","https://www.rukn-eltatawer.com/qa/oven-maintenance-al-khor/","mesh 5 city-peers + 5 city-variants","ok_200"
"3_mesh",11000,"post","automatic-doors-maintenance-umm-salal","https://www.rukn-eltatawer.com/qa/automatic-doors-maintenance-umm-salal/","mesh 5 city-peers + 5 city-variants","ok_200"
"3_mesh",10999,"post","automatic-doors-maintenance-al-khor","https://www.rukn-eltatawer.com/qa/automatic-doors-maintenance-al-khor/","mesh 5 city-peers + 5 city-variants","ok_200"
"3_mesh",10992,"post","cctv-maintenance-umm-salal","https://www.rukn-eltatawer.com/qa/cctv-maintenance-umm-salal/","mesh 5 city-peers + 5 city-variants","ok_200"
"3_mesh",10991,"post","cctv-maintenance-al-khor","https://www.rukn-eltatawer.com/qa/cctv-maintenance-al-khor/","mesh 5 city-peers + 5 city-variants","ok_200"
"3_mesh",10984,"post","elevator-maintenance-umm-salal","https://www.rukn-eltatawer.com/qa/elevator-maintenance-umm-salal/","mesh 5 city-peers + 5 city-variants","ok_200"
"3_mesh",10983,"post","elevator-maintenance-al-khor","https://www.rukn-eltatawer.com/qa/elevator-maintenance-al-khor/","mesh 5 city-peers + 5 city-variants","ok_200"
"3_mesh",10976,"post","pool-maintenance-umm-salal","https://www.rukn-eltatawer.com/qa/pool-maintenance-umm-salal/","mesh 5 city-peers + 5 city-variants","ok_200"
"3_mesh",10975,"post","pool-maintenance-al-khor","https://www.rukn-eltatawer.com/qa/pool-maintenance-al-khor/","mesh 5 city-peers + 5 city-variants","ok_200"
"3_mesh",10955,"post","plumbing-maintenance-al-shahaniya","https://www.rukn-eltatawer.com/qa/plumbing-maintenance-al-shahaniya/","mesh 5 city-peers + 5 city-variants","ok_200"
"3_mesh",10953,"post","plumbing-maintenance-al-shamal","https://www.rukn-eltatawer.com/qa/plumbing-maintenance-al-shamal/","mesh 5 city-peers + 5 city-variants","ok_200"
"3_mesh",10944,"post","electrical-maintenance-umm-salal","https://www.rukn-eltatawer.com/qa/electrical-maintenance-umm-salal/","mesh 5 city-peers + 5 city-variants","ok_200"
"3_mesh",10943,"post","electrical-maintenance-al-khor","https://www.rukn-eltatawer.com/qa/electrical-maintenance-al-khor/","mesh 5 city-peers + 5 city-variants","ok_200"
"3_mesh",10930,"post","general-maintenance-al-daayen","https://www.rukn-eltatawer.com/qa/general-maintenance-al-daayen/","mesh 5 city-peers + 5 city-variants","ok_200"
"3_mesh",10922,"post","chimney-cleaning-al-daayen","https://www.rukn-eltatawer.com/qa/chimney-cleaning-al-daayen/","mesh 5 city-peers + 5 city-variants","ok_200"
"3_mesh",10906,"post","deep-cleaning-al-daayen","https://www.rukn-eltatawer.com/qa/deep-cleaning-al-daayen/","mesh 5 city-peers + 5 city-variants","ok_200"
"3_mesh",10898,"post","garage-cleaning-al-daayen","https://www.rukn-eltatawer.com/qa/garage-cleaning-al-daayen/","mesh 5 city-peers + 5 city-variants","ok_200"
"3_mesh",10890,"post","stone-facade-cleaning-al-daayen","https://www.rukn-eltatawer.com/qa/stone-facade-cleaning-al-daayen/","mesh 5 city-peers + 5 city-variants","ok_200"
"3_mesh",10882,"post","glass-facade-cleaning-al-daayen","https://www.rukn-eltatawer.com/qa/glass-facade-cleaning-al-daayen/","mesh 5 city-peers + 5 city-variants","ok_200"
"3_mesh",10874,"post","marble-polishing-al-daayen","https://www.rukn-eltatawer.com/qa/marble-polishing-al-daayen/","mesh 5 city-peers + 5 city-variants","ok_200"
"3_mesh",10866,"post","mattress-cleaning-al-daayen","https://www.rukn-eltatawer.com/qa/mattress-cleaning-al-daayen/","mesh 5 city-peers + 5 city-variants","ok_200"
"3_mesh",10858,"post","curtain-cleaning-al-daayen","https://www.rukn-eltatawer.com/qa/curtain-cleaning-al-daayen/","mesh 5 city-peers + 5 city-variants","ok_200"
"3_mesh",10850,"post","sofa-cleaning-al-daayen","https://www.rukn-eltatawer.com/qa/sofa-cleaning-al-daayen/","mesh 5 city-peers + 5 city-variants","ok_200"
"3_mesh",10842,"post","moquette-cleaning-al-daayen","https://www.rukn-eltatawer.com/qa/moquette-cleaning-al-daayen/","mesh 5 city-peers + 5 city-variants","ok_200"
"3_mesh",10834,"post","carpet-cleaning-al-daayen","https://www.rukn-eltatawer.com/qa/carpet-cleaning-al-daayen/","mesh 5 city-peers + 5 city-variants","ok_200"
"3_mesh",10826,"post","diesel-tank-cleaning-al-daayen","https://www.rukn-eltatawer.com/qa/diesel-tank-cleaning-al-daayen/","mesh 5 city-peers + 5 city-variants","ok_200"
"3_mesh",10738,"post","villa-cleaning-al-daayen","https://www.rukn-eltatawer.com/qa/villa-cleaning-al-daayen/","mesh 5 city-peers + 5 city-variants","ok_200"
"3_mesh",10722,"post","home-cleaning-al-daayen","https://www.rukn-eltatawer.com/qa/home-cleaning-al-daayen/","mesh 5 city-peers + 5 city-variants","ok_200"
"3_mesh",12060,"post","garden-cleaning-al-shahaniya","https://www.rukn-eltatawer.com/qa/garden-cleaning-al-shahaniya/","mesh 5 city-peers + 5 city-variants","ok_200"
"3_mesh",12058,"post","garden-cleaning-al-shamal","https://www.rukn-eltatawer.com/qa/garden-cleaning-al-shamal/","mesh 5 city-peers + 5 city-variants","ok_200"
"3_mesh",10938,"post","building-maintenance-al-daayen","https://www.rukn-eltatawer.com/qa/building-maintenance-al-daayen/","mesh 5 city-peers + 5 city-variants","ok_200"
"3_mesh",10923,"post","chimney-cleaning-al-shahaniya","https://www.rukn-eltatawer.com/qa/chimney-cleaning-al-shahaniya/","mesh 5 city-peers + 5 city-variants","ok_200"
"3_mesh",10921,"post","chimney-cleaning-al-shamal","https://www.rukn-eltatawer.com/qa/chimney-cleaning-al-shamal/","mesh 5 city-peers + 5 city-variants","ok_200"
"3_mesh",10907,"post","deep-cleaning-al-shahaniya","https://www.rukn-eltatawer.com/qa/deep-cleaning-al-shahaniya/","mesh 5 city-peers + 5 city-variants","ok_200"
"3_mesh",10905,"post","deep-cleaning-al-shamal","https://www.rukn-eltatawer.com/qa/deep-cleaning-al-shamal/","mesh 5 city-peers + 5 city-variants","ok_200"
"3_mesh",10899,"post","garage-cleaning-al-shahaniya","https://www.rukn-eltatawer.com/qa/garage-cleaning-al-shahaniya/","mesh 5 city-peers + 5 city-variants","ok_200"
"3_mesh",10897,"post","garage-cleaning-al-shamal","https://www.rukn-eltatawer.com/qa/garage-cleaning-al-shamal/","mesh 5 city-peers + 5 city-variants","ok_200"
"3_mesh",10891,"post","stone-facade-cleaning-al-shahaniya","https://www.rukn-eltatawer.com/qa/stone-facade-cleaning-al-shahaniya/","mesh 5 city-peers + 5 city-variants","ok_200"
"3_mesh",10889,"post","stone-facade-cleaning-al-shamal","https://www.rukn-eltatawer.com/qa/stone-facade-cleaning-al-shamal/","mesh 5 city-peers + 5 city-variants","ok_200"
"3_mesh",10883,"post","glass-facade-cleaning-al-shahaniya","https://www.rukn-eltatawer.com/qa/glass-facade-cleaning-al-shahaniya/","mesh 5 city-peers + 5 city-variants","ok_200"
"3_mesh",10881,"post","glass-facade-cleaning-al-shamal","https://www.rukn-eltatawer.com/qa/glass-facade-cleaning-al-shamal/","mesh 5 city-peers + 5 city-variants","ok_200"
"3_mesh",10875,"post","marble-polishing-al-shahaniya","https://www.rukn-eltatawer.com/qa/marble-polishing-al-shahaniya/","mesh 5 city-peers + 5 city-variants","ok_200"
"3_mesh",10873,"post","marble-polishing-al-shamal","https://www.rukn-eltatawer.com/qa/marble-polishing-al-shamal/","mesh 5 city-peers + 5 city-variants","ok_200"
"3_mesh",10867,"post","mattress-cleaning-al-shahaniya","https://www.rukn-eltatawer.com/qa/mattress-cleaning-al-shahaniya/","mesh 5 city-peers + 5 city-variants","ok_200"
"3_mesh",10865,"post","mattress-cleaning-al-shamal","https://www.rukn-eltatawer.com/qa/mattress-cleaning-al-shamal/","mesh 5 city-peers + 5 city-variants","ok_200"
"3_mesh",10859,"post","curtain-cleaning-al-shahaniya","https://www.rukn-eltatawer.com/qa/curtain-cleaning-al-shahaniya/","mesh 5 city-peers + 5 city-variants","ok_200"
"3_mesh",10857,"post","curtain-cleaning-al-shamal","https://www.rukn-eltatawer.com/qa/curtain-cleaning-al-shamal/","mesh 5 city-peers + 5 city-variants","ok_200"
"3_mesh",10851,"post","sofa-cleaning-al-shahaniya","https://www.rukn-eltatawer.com/qa/sofa-cleaning-al-shahaniya/","mesh 5 city-peers + 5 city-variants","ok_200"
"3_mesh",10849,"post","sofa-cleaning-al-shamal","https://www.rukn-eltatawer.com/qa/sofa-cleaning-al-shamal/","mesh 5 city-peers + 5 city-variants","ok_200"
"3_mesh",10843,"post","moquette-cleaning-al-shahaniya","https://www.rukn-eltatawer.com/qa/moquette-cleaning-al-shahaniya/","mesh 5 city-peers + 5 city-variants","ok_200"
"3_mesh",10841,"post","moquette-cleaning-al-shamal","https://www.rukn-eltatawer.com/qa/moquette-cleaning-al-shamal/","mesh 5 city-peers + 5 city-variants","ok_200"
"3_mesh",10818,"post","water-tank-cleaning-al-daayen","https://www.rukn-eltatawer.com/qa/water-tank-cleaning-al-daayen/","mesh 5 city-peers + 5 city-variants","ok_200"
"3_mesh",10810,"post","bathroom-cleaning-al-daayen","https://www.rukn-eltatawer.com/qa/bathroom-cleaning-al-daayen/","mesh 5 city-peers + 5 city-variants","ok_200"
"3_mesh",10802,"post","kitchen-cleaning-al-daayen","https://www.rukn-eltatawer.com/qa/kitchen-cleaning-al-daayen/","mesh 5 city-peers + 5 city-variants","ok_200"
"3_mesh",10794,"post","pool-cleaning-al-daayen","https://www.rukn-eltatawer.com/qa/pool-cleaning-al-daayen/","mesh 5 city-peers + 5 city-variants","ok_200"
"3_mesh",10786,"post","mall-cleaning-al-daayen","https://www.rukn-eltatawer.com/qa/mall-cleaning-al-daayen/","mesh 5 city-peers + 5 city-variants","ok_200"
"3_mesh",10762,"post","majlis-cleaning-al-daayen","https://www.rukn-eltatawer.com/qa/majlis-cleaning-al-daayen/","mesh 5 city-peers + 5 city-variants","ok_200"
"3_mesh",10754,"post","office-cleaning-al-daayen","https://www.rukn-eltatawer.com/qa/office-cleaning-al-daayen/","mesh 5 city-peers + 5 city-variants","ok_200"
"3_mesh",10746,"post","palace-cleaning-al-daayen","https://www.rukn-eltatawer.com/qa/palace-cleaning-al-daayen/","mesh 5 city-peers + 5 city-variants","ok_200"
"3_mesh",10739,"post","villa-cleaning-al-shahaniya","https://www.rukn-eltatawer.com/qa/villa-cleaning-al-shahaniya/","mesh 5 city-peers + 5 city-variants","ok_200"
"3_mesh",10730,"post","apartment-cleaning-al-daayen","https://www.rukn-eltatawer.com/qa/apartment-cleaning-al-daayen/","mesh 5 city-peers + 5 city-variants","ok_200"
"3_mesh",10723,"post","home-cleaning-al-shahaniya","https://www.rukn-eltatawer.com/qa/home-cleaning-al-shahaniya/","mesh 5 city-peers + 5 city-variants","ok_200"
"3_mesh",10721,"post","home-cleaning-al-shamal","https://www.rukn-eltatawer.com/qa/home-cleaning-al-shamal/","mesh 5 city-peers + 5 city-variants","ok_200"
"3_mesh",12835,"post","commercial-refrigeration-maintenance-al-daayen","https://www.rukn-eltatawer.com/qa/commercial-refrigeration-maintenance-al-daayen/","mesh 5 city-peers + 5 city-variants","ok_200"
"3_mesh",12755,"post","central-heater-installation-maintenance-al-daayen","https://www.rukn-eltatawer.com/qa/central-heater-installation-maintenance-al-daayen/","mesh 5 city-peers + 5 city-variants","ok_200"
"3_mesh",12747,"post","water-pump-maintenance-al-daayen","https://www.rukn-eltatawer.com/qa/water-pump-maintenance-al-daayen/","mesh 5 city-peers + 5 city-variants","ok_200"
"3_mesh",12659,"post","electric-panel-maintenance-al-daayen","https://www.rukn-eltatawer.com/qa/electric-panel-maintenance-al-daayen/","mesh 5 city-peers + 5 city-variants","ok_200"
"3_mesh",12643,"post","post-leak-repaint-maintenance-al-daayen","https://www.rukn-eltatawer.com/qa/post-leak-repaint-maintenance-al-daayen/","mesh 5 city-peers + 5 city-variants","ok_200"
"3_mesh",11748,"post","septic-tank-emptying-al-shahaniya","https://www.rukn-eltatawer.com/qa/septic-tank-emptying-al-shahaniya/","mesh 5 city-peers + 5 city-variants","ok_200"
"3_mesh",11746,"post","septic-tank-emptying-al-shamal","https://www.rukn-eltatawer.com/qa/septic-tank-emptying-al-shamal/","mesh 5 city-peers + 5 city-variants","ok_200"
"3_mesh",11715,"post","building-renovation-al-daayen","https://www.rukn-eltatawer.com/qa/building-renovation-al-daayen/","mesh 5 city-peers + 5 city-variants","ok_200"
"3_mesh",11692,"post","tank-lining-maintenance-al-shahaniya","https://www.rukn-eltatawer.com/qa/tank-lining-maintenance-al-shahaniya/","mesh 5 city-peers + 5 city-variants","ok_200"
"3_mesh",11690,"post","tank-lining-maintenance-al-shamal","https://www.rukn-eltatawer.com/qa/tank-lining-maintenance-al-shamal/","mesh 5 city-peers + 5 city-variants","ok_200"
"3_mesh",11130,"post","air-purification-al-daayen","https://www.rukn-eltatawer.com/qa/air-purification-al-daayen/","mesh 5 city-peers + 5 city-variants","ok_200"
"3_mesh",11123,"post","tank-water-chiller-al-shahaniya","https://www.rukn-eltatawer.com/qa/tank-water-chiller-al-shahaniya/","mesh 5 city-peers + 5 city-variants","ok_200"
"3_mesh",11121,"post","tank-water-chiller-al-shamal","https://www.rukn-eltatawer.com/qa/tank-water-chiller-al-shamal/","mesh 5 city-peers + 5 city-variants","ok_200"
"3_mesh",11114,"post","water-filters-al-daayen","https://www.rukn-eltatawer.com/qa/water-filters-al-daayen/","mesh 5 city-peers + 5 city-variants","ok_200"
"3_mesh",11106,"post","ro-plants-al-daayen","https://www.rukn-eltatawer.com/qa/ro-plants-al-daayen/","mesh 5 city-peers + 5 city-variants","ok_200"
"3_mesh",11098,"post","water-pumps-al-daayen","https://www.rukn-eltatawer.com/qa/water-pumps-al-daayen/","mesh 5 city-peers + 5 city-variants","ok_200"
"3_mesh",11090,"post","kitchen-hoods-al-daayen","https://www.rukn-eltatawer.com/qa/kitchen-hoods-al-daayen/","mesh 5 city-peers + 5 city-variants","ok_200"
"3_mesh",11082,"post","vacuum-maintenance-al-daayen","https://www.rukn-eltatawer.com/qa/vacuum-maintenance-al-daayen/","mesh 5 city-peers + 5 city-variants","ok_200"
"3_mesh",11074,"post","water-cooler-maintenance-al-daayen","https://www.rukn-eltatawer.com/qa/water-cooler-maintenance-al-daayen/","mesh 5 city-peers + 5 city-variants","ok_200"
"3_mesh",11066,"post","water-heater-maintenance-al-daayen","https://www.rukn-eltatawer.com/qa/water-heater-maintenance-al-daayen/","mesh 5 city-peers + 5 city-variants","ok_200"
"3_mesh",10835,"post","carpet-cleaning-al-shahaniya","https://www.rukn-eltatawer.com/qa/carpet-cleaning-al-shahaniya/","mesh 5 city-peers + 5 city-variants","ok_200"
"3_mesh",10833,"post","carpet-cleaning-al-shamal","https://www.rukn-eltatawer.com/qa/carpet-cleaning-al-shamal/","mesh 5 city-peers + 5 city-variants","ok_200"
"3_mesh",10827,"post","diesel-tank-cleaning-al-shahaniya","https://www.rukn-eltatawer.com/qa/diesel-tank-cleaning-al-shahaniya/","mesh 5 city-peers + 5 city-variants","ok_200"
"3_mesh",10825,"post","diesel-tank-cleaning-al-shamal","https://www.rukn-eltatawer.com/qa/diesel-tank-cleaning-al-shamal/","mesh 5 city-peers + 5 city-variants","ok_200"
"3_mesh",10819,"post","water-tank-cleaning-al-shahaniya","https://www.rukn-eltatawer.com/qa/water-tank-cleaning-al-shahaniya/","mesh 5 city-peers + 5 city-variants","ok_200"
"3_mesh",10817,"post","water-tank-cleaning-al-shamal","https://www.rukn-eltatawer.com/qa/water-tank-cleaning-al-shamal/","mesh 5 city-peers + 5 city-variants","ok_200"
"3_mesh",10811,"post","bathroom-cleaning-al-shahaniya","https://www.rukn-eltatawer.com/qa/bathroom-cleaning-al-shahaniya/","mesh 5 city-peers + 5 city-variants","ok_200"
"3_mesh",10809,"post","bathroom-cleaning-al-shamal","https://www.rukn-eltatawer.com/qa/bathroom-cleaning-al-shamal/","mesh 5 city-peers + 5 city-variants","ok_200"
"3_mesh",10803,"post","kitchen-cleaning-al-shahaniya","https://www.rukn-eltatawer.com/qa/kitchen-cleaning-al-shahaniya/","mesh 5 city-peers + 5 city-variants","ok_200"
"3_mesh",10801,"post","kitchen-cleaning-al-shamal","https://www.rukn-eltatawer.com/qa/kitchen-cleaning-al-shamal/","mesh 5 city-peers + 5 city-variants","ok_200"
"3_mesh",10795,"post","pool-cleaning-al-shahaniya","https://www.rukn-eltatawer.com/qa/pool-cleaning-al-shahaniya/","mesh 5 city-peers + 5 city-variants","ok_200"
"3_mesh",10793,"post","pool-cleaning-al-shamal","https://www.rukn-eltatawer.com/qa/pool-cleaning-al-shamal/","mesh 5 city-peers + 5 city-variants","ok_200"
"3_mesh",10787,"post","mall-cleaning-al-shahaniya","https://www.rukn-eltatawer.com/qa/mall-cleaning-al-shahaniya/","mesh 5 city-peers + 5 city-variants","ok_200"
"3_mesh",10785,"post","mall-cleaning-al-shamal","https://www.rukn-eltatawer.com/qa/mall-cleaning-al-shamal/","mesh 5 city-peers + 5 city-variants","ok_200"
"3_mesh",10737,"post","villa-cleaning-al-shamal","https://www.rukn-eltatawer.com/qa/villa-cleaning-al-shamal/","mesh 5 city-peers + 5 city-variants","ok_200"
"3_mesh",12836,"post","commercial-refrigeration-maintenance-al-shahaniya","https://www.rukn-eltatawer.com/qa/commercial-refrigeration-maintenance-al-shahaniya/","mesh 5 city-peers + 5 city-variants","ok_200"
"3_mesh",12834,"post","commercial-refrigeration-maintenance-al-shamal","https://www.rukn-eltatawer.com/qa/commercial-refrigeration-maintenance-al-shamal/","mesh 5 city-peers + 5 city-variants","ok_200"
"3_mesh",12756,"post","central-heater-installation-maintenance-al-shahaniya","https://www.rukn-eltatawer.com/qa/central-heater-installation-maintenance-al-shahaniya/","mesh 5 city-peers + 5 city-variants","ok_200"
"3_mesh",12754,"post","central-heater-installation-maintenance-al-shamal","https://www.rukn-eltatawer.com/qa/central-heater-installation-maintenance-al-shamal/","mesh 5 city-peers + 5 city-variants","ok_200"
"3_mesh",12748,"post","water-pump-maintenance-al-shahaniya","https://www.rukn-eltatawer.com/qa/water-pump-maintenance-al-shahaniya/","mesh 5 city-peers + 5 city-variants","ok_200"
"3_mesh",12746,"post","water-pump-maintenance-al-shamal","https://www.rukn-eltatawer.com/qa/water-pump-maintenance-al-shamal/","mesh 5 city-peers + 5 city-variants","ok_200"
"3_mesh",12660,"post","electric-panel-maintenance-al-shahaniya","https://www.rukn-eltatawer.com/qa/electric-panel-maintenance-al-shahaniya/","mesh 5 city-peers + 5 city-variants","ok_200"
"3_mesh",12658,"post","electric-panel-maintenance-al-shamal","https://www.rukn-eltatawer.com/qa/electric-panel-maintenance-al-shamal/","mesh 5 city-peers + 5 city-variants","ok_200"
"3_mesh",12644,"post","post-leak-repaint-maintenance-al-shahaniya","https://www.rukn-eltatawer.com/qa/post-leak-repaint-maintenance-al-shahaniya/","mesh 5 city-peers + 5 city-variants","ok_200"
"3_mesh",12642,"post","post-leak-repaint-maintenance-al-shamal","https://www.rukn-eltatawer.com/qa/post-leak-repaint-maintenance-al-shamal/","mesh 5 city-peers + 5 city-variants","ok_200"
"3_mesh",11716,"post","building-renovation-al-shahaniya","https://www.rukn-eltatawer.com/qa/building-renovation-al-shahaniya/","mesh 5 city-peers + 5 city-variants","ok_200"
"3_mesh",11714,"post","building-renovation-al-shamal","https://www.rukn-eltatawer.com/qa/building-renovation-al-shamal/","mesh 5 city-peers + 5 city-variants","ok_200"
"3_mesh",11131,"post","air-purification-al-shahaniya","https://www.rukn-eltatawer.com/qa/air-purification-al-shahaniya/","mesh 5 city-peers + 5 city-variants","ok_200"
"3_mesh",11129,"post","air-purification-al-shamal","https://www.rukn-eltatawer.com/qa/air-purification-al-shamal/","mesh 5 city-peers + 5 city-variants","ok_200"
"3_mesh",11115,"post","water-filters-al-shahaniya","https://www.rukn-eltatawer.com/qa/water-filters-al-shahaniya/","mesh 5 city-peers + 5 city-variants","ok_200"
"3_mesh",11113,"post","water-filters-al-shamal","https://www.rukn-eltatawer.com/qa/water-filters-al-shamal/","mesh 5 city-peers + 5 city-variants","ok_200"
"3_mesh",11107,"post","ro-plants-al-shahaniya","https://www.rukn-eltatawer.com/qa/ro-plants-al-shahaniya/","mesh 5 city-peers + 5 city-variants","ok_200"
"3_mesh",11105,"post","ro-plants-al-shamal","https://www.rukn-eltatawer.com/qa/ro-plants-al-shamal/","mesh 5 city-peers + 5 city-variants","ok_200"
"3_mesh",11099,"post","water-pumps-al-shahaniya","https://www.rukn-eltatawer.com/qa/water-pumps-al-shahaniya/","mesh 5 city-peers + 5 city-variants","ok_200"
"3_mesh",11097,"post","water-pumps-al-shamal","https://www.rukn-eltatawer.com/qa/water-pumps-al-shamal/","mesh 5 city-peers + 5 city-variants","ok_200"
"3_mesh",11058,"post","microwave-maintenance-al-daayen","https://www.rukn-eltatawer.com/qa/microwave-maintenance-al-daayen/","mesh 5 city-peers + 5 city-variants","ok_200"
"3_mesh",11050,"post","dryer-maintenance-al-daayen","https://www.rukn-eltatawer.com/qa/dryer-maintenance-al-daayen/","mesh 5 city-peers + 5 city-variants","ok_200"
"3_mesh",11042,"post","washer-maintenance-al-daayen","https://www.rukn-eltatawer.com/qa/washer-maintenance-al-daayen/","mesh 5 city-peers + 5 city-variants","ok_200"
"3_mesh",11034,"post","fridge-maintenance-al-daayen","https://www.rukn-eltatawer.com/qa/fridge-maintenance-al-daayen/","mesh 5 city-peers + 5 city-variants","ok_200"
"3_mesh",11026,"post","appliance-maintenance-al-daayen","https://www.rukn-eltatawer.com/qa/appliance-maintenance-al-daayen/","mesh 5 city-peers + 5 city-variants","ok_200"
"3_mesh",11018,"post","stove-maintenance-al-daayen","https://www.rukn-eltatawer.com/qa/stove-maintenance-al-daayen/","mesh 5 city-peers + 5 city-variants","ok_200"
"3_mesh",11010,"post","oven-maintenance-al-daayen","https://www.rukn-eltatawer.com/qa/oven-maintenance-al-daayen/","mesh 5 city-peers + 5 city-variants","ok_200"
"3_mesh",11002,"post","automatic-doors-maintenance-al-daayen","https://www.rukn-eltatawer.com/qa/automatic-doors-maintenance-al-daayen/","mesh 5 city-peers + 5 city-variants","ok_200"
"3_mesh",10994,"post","cctv-maintenance-al-daayen","https://www.rukn-eltatawer.com/qa/cctv-maintenance-al-daayen/","mesh 5 city-peers + 5 city-variants","ok_200"
"3_mesh",10763,"post","majlis-cleaning-al-shahaniya","https://www.rukn-eltatawer.com/qa/majlis-cleaning-al-shahaniya/","mesh 5 city-peers + 5 city-variants","ok_200"
"3_mesh",10761,"post","majlis-cleaning-al-shamal","https://www.rukn-eltatawer.com/qa/majlis-cleaning-al-shamal/","mesh 5 city-peers + 5 city-variants","ok_200"
"3_mesh",10755,"post","office-cleaning-al-shahaniya","https://www.rukn-eltatawer.com/qa/office-cleaning-al-shahaniya/","mesh 5 city-peers + 5 city-variants","ok_200"
"3_mesh",10753,"post","office-cleaning-al-shamal","https://www.rukn-eltatawer.com/qa/office-cleaning-al-shamal/","mesh 5 city-peers + 5 city-variants","ok_200"
"3_mesh",10747,"post","palace-cleaning-al-shahaniya","https://www.rukn-eltatawer.com/qa/palace-cleaning-al-shahaniya/","mesh 5 city-peers + 5 city-variants","ok_200"
"3_mesh",10745,"post","palace-cleaning-al-shamal","https://www.rukn-eltatawer.com/qa/palace-cleaning-al-shamal/","mesh 5 city-peers + 5 city-variants","ok_200"
"3_mesh",10731,"post","apartment-cleaning-al-shahaniya","https://www.rukn-eltatawer.com/qa/apartment-cleaning-al-shahaniya/","mesh 5 city-peers + 5 city-variants","ok_200"
"3_mesh",10729,"post","apartment-cleaning-al-shamal","https://www.rukn-eltatawer.com/qa/apartment-cleaning-al-shamal/","mesh 5 city-peers + 5 city-variants","ok_200"
"3_mesh",11091,"post","kitchen-hoods-al-shahaniya","https://www.rukn-eltatawer.com/qa/kitchen-hoods-al-shahaniya/","mesh 5 city-peers + 5 city-variants","ok_200"
"3_mesh",11089,"post","kitchen-hoods-al-shamal","https://www.rukn-eltatawer.com/qa/kitchen-hoods-al-shamal/","mesh 5 city-peers + 5 city-variants","ok_200"
"3_mesh",11083,"post","vacuum-maintenance-al-shahaniya","https://www.rukn-eltatawer.com/qa/vacuum-maintenance-al-shahaniya/","mesh 5 city-peers + 5 city-variants","ok_200"
"3_mesh",11081,"post","vacuum-maintenance-al-shamal","https://www.rukn-eltatawer.com/qa/vacuum-maintenance-al-shamal/","mesh 5 city-peers + 5 city-variants","ok_200"
"3_mesh",11075,"post","water-cooler-maintenance-al-shahaniya","https://www.rukn-eltatawer.com/qa/water-cooler-maintenance-al-shahaniya/","mesh 5 city-peers + 5 city-variants","ok_200"
"3_mesh",11073,"post","water-cooler-maintenance-al-shamal","https://www.rukn-eltatawer.com/qa/water-cooler-maintenance-al-shamal/","mesh 5 city-peers + 5 city-variants","ok_200"
"3_mesh",11067,"post","water-heater-maintenance-al-shahaniya","https://www.rukn-eltatawer.com/qa/water-heater-maintenance-al-shahaniya/","mesh 5 city-peers + 5 city-variants","ok_200"
"3_mesh",11065,"post","water-heater-maintenance-al-shamal","https://www.rukn-eltatawer.com/qa/water-heater-maintenance-al-shamal/","mesh 5 city-peers + 5 city-variants","ok_200"
"3_mesh",11059,"post","microwave-maintenance-al-shahaniya","https://www.rukn-eltatawer.com/qa/microwave-maintenance-al-shahaniya/","mesh 5 city-peers + 5 city-variants","ok_200"
"3_mesh",11057,"post","microwave-maintenance-al-shamal","https://www.rukn-eltatawer.com/qa/microwave-maintenance-al-shamal/","mesh 5 city-peers + 5 city-variants","ok_200"
"3_mesh",11051,"post","dryer-maintenance-al-shahaniya","https://www.rukn-eltatawer.com/qa/dryer-maintenance-al-shahaniya/","mesh 5 city-peers + 5 city-variants","ok_200"
"3_mesh",11049,"post","dryer-maintenance-al-shamal","https://www.rukn-eltatawer.com/qa/dryer-maintenance-al-shamal/","mesh 5 city-peers + 5 city-variants","ok_200"
"3_mesh",11043,"post","washer-maintenance-al-shahaniya","https://www.rukn-eltatawer.com/qa/washer-maintenance-al-shahaniya/","mesh 5 city-peers + 5 city-variants","ok_200"
"3_mesh",11041,"post","washer-maintenance-al-shamal","https://www.rukn-eltatawer.com/qa/washer-maintenance-al-shamal/","mesh 5 city-peers + 5 city-variants","ok_200"
"3_mesh",11035,"post","fridge-maintenance-al-shahaniya","https://www.rukn-eltatawer.com/qa/fridge-maintenance-al-shahaniya/","mesh 5 city-peers + 5 city-variants","ok_200"
"3_mesh",11033,"post","fridge-maintenance-al-shamal","https://www.rukn-eltatawer.com/qa/fridge-maintenance-al-shamal/","mesh 5 city-peers + 5 city-variants","ok_200"
"3_mesh",11027,"post","appliance-maintenance-al-shahaniya","https://www.rukn-eltatawer.com/qa/appliance-maintenance-al-shahaniya/","mesh 5 city-peers + 5 city-variants","ok_200"
"3_mesh",11025,"post","appliance-maintenance-al-shamal","https://www.rukn-eltatawer.com/qa/appliance-maintenance-al-shamal/","mesh 5 city-peers + 5 city-variants","ok_200"
"3_mesh",11019,"post","stove-maintenance-al-shahaniya","https://www.rukn-eltatawer.com/qa/stove-maintenance-al-shahaniya/","mesh 5 city-peers + 5 city-variants","ok_200"
"3_mesh",11017,"post","stove-maintenance-al-shamal","https://www.rukn-eltatawer.com/qa/stove-maintenance-al-shamal/","mesh 5 city-peers + 5 city-variants","ok_200"
"3_mesh",11011,"post","oven-maintenance-al-shahaniya","https://www.rukn-eltatawer.com/qa/oven-maintenance-al-shahaniya/","mesh 5 city-peers + 5 city-variants","ok_200"
"3_mesh",11009,"post","oven-maintenance-al-shamal","https://www.rukn-eltatawer.com/qa/oven-maintenance-al-shamal/","mesh 5 city-peers + 5 city-variants","ok_200"
"3_mesh",11003,"post","automatic-doors-maintenance-al-shahaniya","https://www.rukn-eltatawer.com/qa/automatic-doors-maintenance-al-shahaniya/","mesh 5 city-peers + 5 city-variants","ok_200"
"3_mesh",11001,"post","automatic-doors-maintenance-al-shamal","https://www.rukn-eltatawer.com/qa/automatic-doors-maintenance-al-shamal/","mesh 5 city-peers + 5 city-variants","ok_200"
"3_mesh",10995,"post","cctv-maintenance-al-shahaniya","https://www.rukn-eltatawer.com/qa/cctv-maintenance-al-shahaniya/","mesh 5 city-peers + 5 city-variants","ok_200"
"3_mesh",10993,"post","cctv-maintenance-al-shamal","https://www.rukn-eltatawer.com/qa/cctv-maintenance-al-shamal/","mesh 5 city-peers + 5 city-variants","ok_200"
"3_mesh",10987,"post","elevator-maintenance-al-shahaniya","https://www.rukn-eltatawer.com/qa/elevator-maintenance-al-shahaniya/","mesh 5 city-peers + 5 city-variants","ok_200"
"3_mesh",10986,"post","elevator-maintenance-al-daayen","https://www.rukn-eltatawer.com/qa/elevator-maintenance-al-daayen/","mesh 5 city-peers + 5 city-variants","ok_200"
"3_mesh",10985,"post","elevator-maintenance-al-shamal","https://www.rukn-eltatawer.com/qa/elevator-maintenance-al-shamal/","mesh 5 city-peers + 5 city-variants","ok_200"
"3_mesh",10979,"post","pool-maintenance-al-shahaniya","https://www.rukn-eltatawer.com/qa/pool-maintenance-al-shahaniya/","mesh 5 city-peers + 5 city-variants","ok_200"
"3_mesh",10978,"post","pool-maintenance-al-daayen","https://www.rukn-eltatawer.com/qa/pool-maintenance-al-daayen/","mesh 5 city-peers + 5 city-variants","ok_200"
"3_mesh",10977,"post","pool-maintenance-al-shamal","https://www.rukn-eltatawer.com/qa/pool-maintenance-al-shamal/","mesh 5 city-peers + 5 city-variants","ok_200"
"3_mesh",10946,"post","electrical-maintenance-al-daayen","https://www.rukn-eltatawer.com/qa/electrical-maintenance-al-daayen/","mesh 5 city-peers + 5 city-variants","ok_200"
"3_mesh",10939,"post","building-maintenance-al-shahaniya","https://www.rukn-eltatawer.com/qa/building-maintenance-al-shahaniya/","mesh 5 city-peers + 5 city-variants","ok_200"
"3_mesh",10937,"post","building-maintenance-al-shamal","https://www.rukn-eltatawer.com/qa/building-maintenance-al-shamal/","mesh 5 city-peers + 5 city-variants","ok_200"
"3_mesh",10931,"post","general-maintenance-al-shahaniya","https://www.rukn-eltatawer.com/qa/general-maintenance-al-shahaniya/","mesh 5 city-peers + 5 city-variants","ok_200"
"3_mesh",10929,"post","general-maintenance-al-shamal","https://www.rukn-eltatawer.com/qa/general-maintenance-al-shamal/","mesh 5 city-peers + 5 city-variants","ok_200"
"3_mesh",12821,"post","cooling-fault-detection-doha","https://www.rukn-eltatawer.com/qa/cooling-fault-detection-doha/","mesh 5 city-peers + 5 city-variants","ok_200"
"3_mesh",12725,"post","24h-emergency-electrician-doha","https://www.rukn-eltatawer.com/qa/24h-emergency-electrician-doha/","mesh 5 city-peers + 5 city-variants","ok_200"
"3_mesh",12717,"post","sanitary-fixtures-installation-doha","https://www.rukn-eltatawer.com/qa/sanitary-fixtures-installation-doha/","mesh 5 city-peers + 5 city-variants","ok_200"
"3_mesh",12701,"post","water-heater-installation-doha","https://www.rukn-eltatawer.com/qa/water-heater-installation-doha/","mesh 5 city-peers + 5 city-variants","ok_200"
"3_mesh",12677,"post","indoor-outdoor-lighting-installation-doha","https://www.rukn-eltatawer.com/qa/indoor-outdoor-lighting-installation-doha/","mesh 5 city-peers + 5 city-variants","ok_200"
"3_mesh",12669,"post","electrical-fault-detection-doha","https://www.rukn-eltatawer.com/qa/electrical-fault-detection-doha/","mesh 5 city-peers + 5 city-variants","ok_200"
"3_mesh",12661,"post","new-electrical-wiring-doha","https://www.rukn-eltatawer.com/qa/new-electrical-wiring-doha/","mesh 5 city-peers + 5 city-variants","ok_200"
"3_mesh",12645,"post","home-electrician-elec-doha","https://www.rukn-eltatawer.com/qa/home-electrician-elec-doha/","mesh 5 city-peers + 5 city-variants","ok_200"
"3_mesh",12629,"post","wood-doors-windows-painting-doha","https://www.rukn-eltatawer.com/qa/wood-doors-windows-painting-doha/","mesh 5 city-peers + 5 city-variants","ok_200"
"3_mesh",12621,"post","decorative-wall-effects-doha","https://www.rukn-eltatawer.com/qa/decorative-wall-effects-doha/","mesh 5 city-peers + 5 city-variants","ok_200"
"3_mesh",12613,"post","electric-spray-painting-doha","https://www.rukn-eltatawer.com/qa/electric-spray-painting-doha/","mesh 5 city-peers + 5 city-variants","ok_200"
"3_mesh",12605,"post","paint-removal-surface-prep-doha","https://www.rukn-eltatawer.com/qa/paint-removal-surface-prep-doha/","mesh 5 city-peers + 5 city-variants","ok_200"
"3_mesh",12597,"post","office-painting-doha","https://www.rukn-eltatawer.com/qa/office-painting-doha/","mesh 5 city-peers + 5 city-variants","ok_200"
"3_mesh",12589,"post","new-villa-finishing-painting-doha","https://www.rukn-eltatawer.com/qa/new-villa-finishing-painting-doha/","mesh 5 city-peers + 5 city-variants","ok_200"
"3_mesh",12573,"post","premium-paint-finishing-doha","https://www.rukn-eltatawer.com/qa/premium-paint-finishing-doha/","mesh 5 city-peers + 5 city-variants","ok_200"
"3_mesh",12565,"post","gypsum-board-decor-doha","https://www.rukn-eltatawer.com/qa/gypsum-board-decor-doha/","mesh 5 city-peers + 5 city-variants","ok_200"
"3_mesh",12557,"post","wallpaper-installation-doha","https://www.rukn-eltatawer.com/qa/wallpaper-installation-doha/","mesh 5 city-peers + 5 city-variants","ok_200"
"3_mesh",12549,"post","exterior-facade-painting-doha","https://www.rukn-eltatawer.com/qa/exterior-facade-painting-doha/","mesh 5 city-peers + 5 city-variants","ok_200"
"3_mesh",12541,"post","villa-painting-doha","https://www.rukn-eltatawer.com/qa/villa-painting-doha/","mesh 5 city-peers + 5 city-variants","ok_200"
"3_mesh",12533,"post","apartment-painting-doha","https://www.rukn-eltatawer.com/qa/apartment-painting-doha/","mesh 5 city-peers + 5 city-variants","ok_200"
"3_mesh",12453,"post","home-audio-tech-doha","https://www.rukn-eltatawer.com/qa/home-audio-tech-doha/","mesh 5 city-peers + 5 city-variants","ok_200"
"3_mesh",12445,"post","cctv-tech-doha","https://www.rukn-eltatawer.com/qa/cctv-tech-doha/","mesh 5 city-peers + 5 city-variants","ok_200"
"3_mesh",12429,"post","satellite-tech-doha","https://www.rukn-eltatawer.com/qa/satellite-tech-doha/","mesh 5 city-peers + 5 city-variants","ok_200"
"3_mesh",12421,"post","sat-dish-tech-doha","https://www.rukn-eltatawer.com/qa/sat-dish-tech-doha/","mesh 5 city-peers + 5 city-variants","ok_200"
"3_mesh",12413,"post","gypsum-tech-doha","https://www.rukn-eltatawer.com/qa/gypsum-tech-doha/","mesh 5 city-peers + 5 city-variants","ok_200"
"3_mesh",12405,"post","painter-doha","https://www.rukn-eltatawer.com/qa/painter-doha/","mesh 5 city-peers + 5 city-variants","ok_200"
"3_mesh",12397,"post","blacksmith-doors-windows-doha","https://www.rukn-eltatawer.com/qa/blacksmith-doors-windows-doha/","mesh 5 city-peers + 5 city-variants","ok_200"
"3_mesh",12389,"post","carpenter-doha","https://www.rukn-eltatawer.com/qa/carpenter-doha/","mesh 5 city-peers + 5 city-variants","ok_200"
"3_mesh",12381,"post","home-electrician-doha","https://www.rukn-eltatawer.com/qa/home-electrician-doha/","mesh 5 city-peers + 5 city-variants","ok_200"
"3_mesh",12365,"post","ozone-disinfection-doha","https://www.rukn-eltatawer.com/qa/ozone-disinfection-doha/","mesh 5 city-peers + 5 city-variants","ok_200"
"3_mesh",12357,"post","chlorine-disinfection-doha","https://www.rukn-eltatawer.com/qa/chlorine-disinfection-doha/","mesh 5 city-peers + 5 city-variants","ok_200"
"3_mesh",12349,"post","steam-disinfection-doha","https://www.rukn-eltatawer.com/qa/steam-disinfection-doha/","mesh 5 city-peers + 5 city-variants","ok_200"
"3_mesh",12341,"post","bird-sound-device-doha","https://www.rukn-eltatawer.com/qa/bird-sound-device-doha/","mesh 5 city-peers + 5 city-variants","ok_200"
"3_mesh",12333,"post","pigeon-spikes-installation-doha","https://www.rukn-eltatawer.com/qa/pigeon-spikes-installation-doha/","mesh 5 city-peers + 5 city-variants","ok_200"
"3_mesh",12325,"post","pigeon-net-installation-doha","https://www.rukn-eltatawer.com/qa/pigeon-net-installation-doha/","mesh 5 city-peers + 5 city-variants","ok_200"
"3_mesh",12317,"post","mosquito-fly-control-doha","https://www.rukn-eltatawer.com/qa/mosquito-fly-control-doha/","mesh 5 city-peers + 5 city-variants","ok_200"
"3_mesh",12309,"post","bird-control-doha","https://www.rukn-eltatawer.com/qa/bird-control-doha/","mesh 5 city-peers + 5 city-variants","ok_200"
"3_mesh",12301,"post","lizard-control-doha","https://www.rukn-eltatawer.com/qa/lizard-control-doha/","mesh 5 city-peers + 5 city-variants","ok_200"
"3_mesh",10947,"post","electrical-maintenance-al-shahaniya","https://www.rukn-eltatawer.com/qa/electrical-maintenance-al-shahaniya/","mesh 5 city-peers + 5 city-variants","ok_200"
"3_mesh",10945,"post","electrical-maintenance-al-shamal","https://www.rukn-eltatawer.com/qa/electrical-maintenance-al-shamal/","mesh 5 city-peers + 5 city-variants","ok_200"
"3_mesh",12293,"post","flea-control-doha","https://www.rukn-eltatawer.com/qa/flea-control-doha/","mesh 5 city-peers + 5 city-variants","ok_200"
"3_mesh",12285,"post","scorpion-control-doha","https://www.rukn-eltatawer.com/qa/scorpion-control-doha/","mesh 5 city-peers + 5 city-variants","ok_200"
"3_mesh",12277,"post","snake-control-doha","https://www.rukn-eltatawer.com/qa/snake-control-doha/","mesh 5 city-peers + 5 city-variants","ok_200"
"3_mesh",12269,"post","rodent-control-doha","https://www.rukn-eltatawer.com/qa/rodent-control-doha/","mesh 5 city-peers + 5 city-variants","ok_200"
"3_mesh",12261,"post","bed-bug-control-doha","https://www.rukn-eltatawer.com/qa/bed-bug-control-doha/","mesh 5 city-peers + 5 city-variants","ok_200"
"3_mesh",12245,"post","ant-control-doha","https://www.rukn-eltatawer.com/qa/ant-control-doha/","mesh 5 city-peers + 5 city-variants","ok_200"
"3_mesh",12205,"post","solar-water-heaters-doha","https://www.rukn-eltatawer.com/qa/solar-water-heaters-doha/","mesh 5 city-peers + 5 city-variants","ok_200"
"3_mesh",12197,"post","solar-systems-installation-doha","https://www.rukn-eltatawer.com/qa/solar-systems-installation-doha/","mesh 5 city-peers + 5 city-variants","ok_200"
"3_mesh",12189,"post","furniture-storage-doha","https://www.rukn-eltatawer.com/qa/furniture-storage-doha/","mesh 5 city-peers + 5 city-variants","ok_200"
"3_mesh",12181,"post","furniture-assembly-doha","https://www.rukn-eltatawer.com/qa/furniture-assembly-doha/","mesh 5 city-peers + 5 city-variants","ok_200"
"3_mesh",12173,"post","furniture-packaging-doha","https://www.rukn-eltatawer.com/qa/furniture-packaging-doha/","mesh 5 city-peers + 5 city-variants","ok_200"
"3_mesh",12157,"post","furniture-moving-packaging-doha","https://www.rukn-eltatawer.com/qa/furniture-moving-packaging-doha/","mesh 5 city-peers + 5 city-variants","ok_200"
"3_mesh",12149,"post","outdoor-moving-doha","https://www.rukn-eltatawer.com/qa/outdoor-moving-doha/","mesh 5 city-peers + 5 city-variants","ok_200"
"3_mesh",12141,"post","indoor-moving-doha","https://www.rukn-eltatawer.com/qa/indoor-moving-doha/","mesh 5 city-peers + 5 city-variants","ok_200"
"3_mesh",12133,"post","wall-fountain-doha","https://www.rukn-eltatawer.com/qa/wall-fountain-doha/","mesh 5 city-peers + 5 city-variants","ok_200"
"3_mesh",12125,"post","artificial-waterfall-doha","https://www.rukn-eltatawer.com/qa/artificial-waterfall-doha/","mesh 5 city-peers + 5 city-variants","ok_200"
"3_mesh",12117,"post","stone-pathway-doha","https://www.rukn-eltatawer.com/qa/stone-pathway-doha/","mesh 5 city-peers + 5 city-variants","ok_200"
"3_mesh",12109,"post","wooden-arbor-installation-doha","https://www.rukn-eltatawer.com/qa/wooden-arbor-installation-doha/","mesh 5 city-peers + 5 city-variants","ok_200"
"3_mesh",12101,"post","pergola-installation-doha","https://www.rukn-eltatawer.com/qa/pergola-installation-doha/","mesh 5 city-peers + 5 city-variants","ok_200"
"3_mesh",12093,"post","garden-seating-doha","https://www.rukn-eltatawer.com/qa/garden-seating-doha/","mesh 5 city-peers + 5 city-variants","ok_200"
"3_mesh",12085,"post","wall-grass-doha","https://www.rukn-eltatawer.com/qa/wall-grass-doha/","mesh 5 city-peers + 5 city-variants","ok_200"
"3_mesh",12077,"post","artificial-grass-grdn-doha","https://www.rukn-eltatawer.com/qa/artificial-grass-grdn-doha/","mesh 5 city-peers + 5 city-variants","ok_200"
"3_mesh",12069,"post","automatic-irrigation-doha","https://www.rukn-eltatawer.com/qa/automatic-irrigation-doha/","mesh 5 city-peers + 5 city-variants","ok_200"
"3_mesh",12061,"post","modern-irrigation-doha","https://www.rukn-eltatawer.com/qa/modern-irrigation-doha/","mesh 5 city-peers + 5 city-variants","ok_200"
"3_mesh",12045,"post","palm-tree-planting-doha","https://www.rukn-eltatawer.com/qa/palm-tree-planting-doha/","mesh 5 city-peers + 5 city-variants","ok_200"
"3_mesh",12037,"post","natural-grass-cutting-doha","https://www.rukn-eltatawer.com/qa/natural-grass-cutting-doha/","mesh 5 city-peers + 5 city-variants","ok_200"
"3_mesh",12029,"post","roof-garden-design-doha","https://www.rukn-eltatawer.com/qa/roof-garden-design-doha/","mesh 5 city-peers + 5 city-variants","ok_200"
"3_mesh",12021,"post","indoor-garden-design-doha","https://www.rukn-eltatawer.com/qa/indoor-garden-design-doha/","mesh 5 city-peers + 5 city-variants","ok_200"
"3_mesh",12013,"post","landscaping-doha","https://www.rukn-eltatawer.com/qa/landscaping-doha/","mesh 5 city-peers + 5 city-variants","ok_200"
"3_mesh",12005,"post","decor-design-doha","https://www.rukn-eltatawer.com/qa/decor-design-doha/","mesh 5 city-peers + 5 city-variants","ok_200"
"3_mesh",11997,"post","exterior-painting-doha","https://www.rukn-eltatawer.com/qa/exterior-painting-doha/","mesh 5 city-peers + 5 city-variants","ok_200"
"3_mesh",11989,"post","interior-painting-doha","https://www.rukn-eltatawer.com/qa/interior-painting-doha/","mesh 5 city-peers + 5 city-variants","ok_200"
"3_mesh",11981,"post","block-fences-doha","https://www.rukn-eltatawer.com/qa/block-fences-doha/","mesh 5 city-peers + 5 city-variants","ok_200"
"3_mesh",11973,"post","outdoor-majlis-doha","https://www.rukn-eltatawer.com/qa/outdoor-majlis-doha/","mesh 5 city-peers + 5 city-variants","ok_200"
"3_mesh",11965,"post","outdoor-kitchens-doha","https://www.rukn-eltatawer.com/qa/outdoor-kitchens-doha/","mesh 5 city-peers + 5 city-variants","ok_200"
"3_mesh",11957,"post","outdoor-bathrooms-doha","https://www.rukn-eltatawer.com/qa/outdoor-bathrooms-doha/","mesh 5 city-peers + 5 city-variants","ok_200"
"3_mesh",11949,"post","majlis-building-doha","https://www.rukn-eltatawer.com/qa/majlis-building-doha/","mesh 5 city-peers + 5 city-variants","ok_200"
"3_mesh",12822,"post","cooling-fault-detection-al-rayyan","https://www.rukn-eltatawer.com/qa/cooling-fault-detection-al-rayyan/","mesh 5 city-peers + 5 city-variants","ok_200"
"3_mesh",12726,"post","24h-emergency-electrician-al-rayyan","https://www.rukn-eltatawer.com/qa/24h-emergency-electrician-al-rayyan/","mesh 5 city-peers + 5 city-variants","ok_200"
"3_mesh",12718,"post","sanitary-fixtures-installation-al-rayyan","https://www.rukn-eltatawer.com/qa/sanitary-fixtures-installation-al-rayyan/","mesh 5 city-peers + 5 city-variants","ok_200"
"3_mesh",12702,"post","water-heater-installation-al-rayyan","https://www.rukn-eltatawer.com/qa/water-heater-installation-al-rayyan/","mesh 5 city-peers + 5 city-variants","ok_200"
"3_mesh",12678,"post","indoor-outdoor-lighting-installation-al-rayyan","https://www.rukn-eltatawer.com/qa/indoor-outdoor-lighting-installation-al-rayyan/","mesh 5 city-peers + 5 city-variants","ok_200"
"3_mesh",12670,"post","electrical-fault-detection-al-rayyan","https://www.rukn-eltatawer.com/qa/electrical-fault-detection-al-rayyan/","mesh 5 city-peers + 5 city-variants","ok_200"
"3_mesh",12662,"post","new-electrical-wiring-al-rayyan","https://www.rukn-eltatawer.com/qa/new-electrical-wiring-al-rayyan/","mesh 5 city-peers + 5 city-variants","ok_200"
"3_mesh",12646,"post","home-electrician-elec-al-rayyan","https://www.rukn-eltatawer.com/qa/home-electrician-elec-al-rayyan/","mesh 5 city-peers + 5 city-variants","ok_200"
"3_mesh",12630,"post","wood-doors-windows-painting-al-rayyan","https://www.rukn-eltatawer.com/qa/wood-doors-windows-painting-al-rayyan/","mesh 5 city-peers + 5 city-variants","ok_200"
"3_mesh",11941,"post","annex-building-doha","https://www.rukn-eltatawer.com/qa/annex-building-doha/","mesh 5 city-peers + 5 city-variants","ok_200"
"3_mesh",11933,"post","grass-wall-doha","https://www.rukn-eltatawer.com/qa/grass-wall-doha/","mesh 5 city-peers + 5 city-variants","ok_200"
"3_mesh",11925,"post","artificial-grass-doha","https://www.rukn-eltatawer.com/qa/artificial-grass-doha/","mesh 5 city-peers + 5 city-variants","ok_200"
"3_mesh",11917,"post","shades-sails-doha","https://www.rukn-eltatawer.com/qa/shades-sails-doha/","mesh 5 city-peers + 5 city-variants","ok_200"
"3_mesh",11909,"post","windows-installation-doha","https://www.rukn-eltatawer.com/qa/windows-installation-doha/","mesh 5 city-peers + 5 city-variants","ok_200"
"3_mesh",11901,"post","doors-installation-doha","https://www.rukn-eltatawer.com/qa/doors-installation-doha/","mesh 5 city-peers + 5 city-variants","ok_200"
"3_mesh",11893,"post","kitchen-installation-doha","https://www.rukn-eltatawer.com/qa/kitchen-installation-doha/","mesh 5 city-peers + 5 city-variants","ok_200"
"3_mesh",11885,"post","glass-alumetal-doha","https://www.rukn-eltatawer.com/qa/glass-alumetal-doha/","mesh 5 city-peers + 5 city-variants","ok_200"
"3_mesh",11877,"post","glass-aluminium-partitions-doha","https://www.rukn-eltatawer.com/qa/glass-aluminium-partitions-doha/","mesh 5 city-peers + 5 city-variants","ok_200"
"3_mesh",11869,"post","suspended-ceiling-doha","https://www.rukn-eltatawer.com/qa/suspended-ceiling-doha/","mesh 5 city-peers + 5 city-variants","ok_200"
"3_mesh",11861,"post","floor-carpeting-doha","https://www.rukn-eltatawer.com/qa/floor-carpeting-doha/","mesh 5 city-peers + 5 city-variants","ok_200"
"3_mesh",11853,"post","wallpaper-doha","https://www.rukn-eltatawer.com/qa/wallpaper-doha/","mesh 5 city-peers + 5 city-variants","ok_200"
"3_mesh",11845,"post","false-ceiling-doha","https://www.rukn-eltatawer.com/qa/false-ceiling-doha/","mesh 5 city-peers + 5 city-variants","ok_200"
"3_mesh",11837,"post","gypsum-board-doha","https://www.rukn-eltatawer.com/qa/gypsum-board-doha/","mesh 5 city-peers + 5 city-variants","ok_200"
"3_mesh",11829,"post","wall-foam-doha","https://www.rukn-eltatawer.com/qa/wall-foam-doha/","mesh 5 city-peers + 5 city-variants","ok_200"
"3_mesh",11821,"post","marble-granite-doha","https://www.rukn-eltatawer.com/qa/marble-granite-doha/","mesh 5 city-peers + 5 city-variants","ok_200"
"3_mesh",11813,"post","stone-doha","https://www.rukn-eltatawer.com/qa/stone-doha/","mesh 5 city-peers + 5 city-variants","ok_200"
"3_mesh",11805,"post","vinyl-flooring-doha","https://www.rukn-eltatawer.com/qa/vinyl-flooring-doha/","mesh 5 city-peers + 5 city-variants","ok_200"
"3_mesh",11797,"post","parquet-doha","https://www.rukn-eltatawer.com/qa/parquet-doha/","mesh 5 city-peers + 5 city-variants","ok_200"
"3_mesh",11789,"post","ceramic-porcelain-doha","https://www.rukn-eltatawer.com/qa/ceramic-porcelain-doha/","mesh 5 city-peers + 5 city-variants","ok_200"
"3_mesh",11781,"post","plastering-doha","https://www.rukn-eltatawer.com/qa/plastering-doha/","mesh 5 city-peers + 5 city-variants","ok_200"
"3_mesh",11773,"post","brickwork-doha","https://www.rukn-eltatawer.com/qa/brickwork-doha/","mesh 5 city-peers + 5 city-variants","ok_200"
"3_mesh",11765,"post","kerbstone-doha","https://www.rukn-eltatawer.com/qa/kerbstone-doha/","mesh 5 city-peers + 5 city-variants","ok_200"
"3_mesh",11757,"post","interlock-doha","https://www.rukn-eltatawer.com/qa/interlock-doha/","mesh 5 city-peers + 5 city-variants","ok_200"
"3_mesh",11733,"post","crack-repair-doha","https://www.rukn-eltatawer.com/qa/crack-repair-doha/","mesh 5 city-peers + 5 city-variants","ok_200"
"3_mesh",11725,"post","villa-inspection-doha","https://www.rukn-eltatawer.com/qa/villa-inspection-doha/","mesh 5 city-peers + 5 city-variants","ok_200"
"3_mesh",11717,"post","old-house-renovation-doha","https://www.rukn-eltatawer.com/qa/old-house-renovation-doha/","mesh 5 city-peers + 5 city-variants","ok_200"
"3_mesh",11701,"post","kitchen-renovation-doha","https://www.rukn-eltatawer.com/qa/kitchen-renovation-doha/","mesh 5 city-peers + 5 city-variants","ok_200"
"3_mesh",11693,"post","bathroom-renovation-doha","https://www.rukn-eltatawer.com/qa/bathroom-renovation-doha/","mesh 5 city-peers + 5 city-variants","ok_200"
"3_mesh",11677,"post","humidity-treatment-doha","https://www.rukn-eltatawer.com/qa/humidity-treatment-doha/","mesh 5 city-peers + 5 city-variants","ok_200"
"3_mesh",12622,"post","decorative-wall-effects-al-rayyan","https://www.rukn-eltatawer.com/qa/decorative-wall-effects-al-rayyan/","mesh 5 city-peers + 5 city-variants","ok_200"
"3_mesh",12614,"post","electric-spray-painting-al-rayyan","https://www.rukn-eltatawer.com/qa/electric-spray-painting-al-rayyan/","mesh 5 city-peers + 5 city-variants","ok_200"
"3_mesh",12606,"post","paint-removal-surface-prep-al-rayyan","https://www.rukn-eltatawer.com/qa/paint-removal-surface-prep-al-rayyan/","mesh 5 city-peers + 5 city-variants","ok_200"
"3_mesh",12598,"post","office-painting-al-rayyan","https://www.rukn-eltatawer.com/qa/office-painting-al-rayyan/","mesh 5 city-peers + 5 city-variants","ok_200"
"3_mesh",12590,"post","new-villa-finishing-painting-al-rayyan","https://www.rukn-eltatawer.com/qa/new-villa-finishing-painting-al-rayyan/","mesh 5 city-peers + 5 city-variants","ok_200"
"3_mesh",12574,"post","premium-paint-finishing-al-rayyan","https://www.rukn-eltatawer.com/qa/premium-paint-finishing-al-rayyan/","mesh 5 city-peers + 5 city-variants","ok_200"
"3_mesh",12566,"post","gypsum-board-decor-al-rayyan","https://www.rukn-eltatawer.com/qa/gypsum-board-decor-al-rayyan/","mesh 5 city-peers + 5 city-variants","ok_200"
"3_mesh",12558,"post","wallpaper-installation-al-rayyan","https://www.rukn-eltatawer.com/qa/wallpaper-installation-al-rayyan/","mesh 5 city-peers + 5 city-variants","ok_200"
"3_mesh",12550,"post","exterior-facade-painting-al-rayyan","https://www.rukn-eltatawer.com/qa/exterior-facade-painting-al-rayyan/","mesh 5 city-peers + 5 city-variants","ok_200"
"3_mesh",12542,"post","villa-painting-al-rayyan","https://www.rukn-eltatawer.com/qa/villa-painting-al-rayyan/","mesh 5 city-peers + 5 city-variants","ok_200"
"3_mesh",12534,"post","apartment-painting-al-rayyan","https://www.rukn-eltatawer.com/qa/apartment-painting-al-rayyan/","mesh 5 city-peers + 5 city-variants","ok_200"
"3_mesh",12454,"post","home-audio-tech-al-rayyan","https://www.rukn-eltatawer.com/qa/home-audio-tech-al-rayyan/","mesh 5 city-peers + 5 city-variants","ok_200"
"3_mesh",12446,"post","cctv-tech-al-rayyan","https://www.rukn-eltatawer.com/qa/cctv-tech-al-rayyan/","mesh 5 city-peers + 5 city-variants","ok_200"
"3_mesh",12430,"post","satellite-tech-al-rayyan","https://www.rukn-eltatawer.com/qa/satellite-tech-al-rayyan/","mesh 5 city-peers + 5 city-variants","ok_200"
"3_mesh",12422,"post","sat-dish-tech-al-rayyan","https://www.rukn-eltatawer.com/qa/sat-dish-tech-al-rayyan/","mesh 5 city-peers + 5 city-variants","ok_200"
"3_mesh",12414,"post","gypsum-tech-al-rayyan","https://www.rukn-eltatawer.com/qa/gypsum-tech-al-rayyan/","mesh 5 city-peers + 5 city-variants","ok_200"
"3_mesh",12406,"post","painter-al-rayyan","https://www.rukn-eltatawer.com/qa/painter-al-rayyan/","mesh 5 city-peers + 5 city-variants","ok_200"
"3_mesh",12398,"post","blacksmith-doors-windows-al-rayyan","https://www.rukn-eltatawer.com/qa/blacksmith-doors-windows-al-rayyan/","mesh 5 city-peers + 5 city-variants","ok_200"
"3_mesh",12390,"post","carpenter-al-rayyan","https://www.rukn-eltatawer.com/qa/carpenter-al-rayyan/","mesh 5 city-peers + 5 city-variants","ok_200"
"3_mesh",12382,"post","home-electrician-al-rayyan","https://www.rukn-eltatawer.com/qa/home-electrician-al-rayyan/","mesh 5 city-peers + 5 city-variants","ok_200"
"3_mesh",12366,"post","ozone-disinfection-al-rayyan","https://www.rukn-eltatawer.com/qa/ozone-disinfection-al-rayyan/","mesh 5 city-peers + 5 city-variants","ok_200"
"3_mesh",12358,"post","chlorine-disinfection-al-rayyan","https://www.rukn-eltatawer.com/qa/chlorine-disinfection-al-rayyan/","mesh 5 city-peers + 5 city-variants","ok_200"
"3_mesh",12350,"post","steam-disinfection-al-rayyan","https://www.rukn-eltatawer.com/qa/steam-disinfection-al-rayyan/","mesh 5 city-peers + 5 city-variants","ok_200"
"3_mesh",12342,"post","bird-sound-device-al-rayyan","https://www.rukn-eltatawer.com/qa/bird-sound-device-al-rayyan/","mesh 5 city-peers + 5 city-variants","ok_200"
"3_mesh",12334,"post","pigeon-spikes-installation-al-rayyan","https://www.rukn-eltatawer.com/qa/pigeon-spikes-installation-al-rayyan/","mesh 5 city-peers + 5 city-variants","ok_200"
"3_mesh",12326,"post","pigeon-net-installation-al-rayyan","https://www.rukn-eltatawer.com/qa/pigeon-net-installation-al-rayyan/","mesh 5 city-peers + 5 city-variants","ok_200"
"3_mesh",12318,"post","mosquito-fly-control-al-rayyan","https://www.rukn-eltatawer.com/qa/mosquito-fly-control-al-rayyan/","mesh 5 city-peers + 5 city-variants","ok_200"
"3_mesh",12310,"post","bird-control-al-rayyan","https://www.rukn-eltatawer.com/qa/bird-control-al-rayyan/","mesh 5 city-peers + 5 city-variants","ok_200"
"3_mesh",12302,"post","lizard-control-al-rayyan","https://www.rukn-eltatawer.com/qa/lizard-control-al-rayyan/","mesh 5 city-peers + 5 city-variants","ok_200"
"3_mesh",12294,"post","flea-control-al-rayyan","https://www.rukn-eltatawer.com/qa/flea-control-al-rayyan/","mesh 5 city-peers + 5 city-variants","ok_200"
"3_mesh",12286,"post","scorpion-control-al-rayyan","https://www.rukn-eltatawer.com/qa/scorpion-control-al-rayyan/","mesh 5 city-peers + 5 city-variants","ok_200"
"3_mesh",12278,"post","snake-control-al-rayyan","https://www.rukn-eltatawer.com/qa/snake-control-al-rayyan/","mesh 5 city-peers + 5 city-variants","ok_200"
"3_mesh",12270,"post","rodent-control-al-rayyan","https://www.rukn-eltatawer.com/qa/rodent-control-al-rayyan/","mesh 5 city-peers + 5 city-variants","ok_200"
"3_mesh",12262,"post","bed-bug-control-al-rayyan","https://www.rukn-eltatawer.com/qa/bed-bug-control-al-rayyan/","mesh 5 city-peers + 5 city-variants","ok_200"
"3_mesh",12246,"post","ant-control-al-rayyan","https://www.rukn-eltatawer.com/qa/ant-control-al-rayyan/","mesh 5 city-peers + 5 city-variants","ok_200"
"3_mesh",12206,"post","solar-water-heaters-al-rayyan","https://www.rukn-eltatawer.com/qa/solar-water-heaters-al-rayyan/","mesh 5 city-peers + 5 city-variants","ok_200"
"3_mesh",12198,"post","solar-systems-installation-al-rayyan","https://www.rukn-eltatawer.com/qa/solar-systems-installation-al-rayyan/","mesh 5 city-peers + 5 city-variants","ok_200"
"3_mesh",12190,"post","furniture-storage-al-rayyan","https://www.rukn-eltatawer.com/qa/furniture-storage-al-rayyan/","mesh 5 city-peers + 5 city-variants","ok_200"
"3_mesh",12182,"post","furniture-assembly-al-rayyan","https://www.rukn-eltatawer.com/qa/furniture-assembly-al-rayyan/","mesh 5 city-peers + 5 city-variants","ok_200"
"3_mesh",12174,"post","furniture-packaging-al-rayyan","https://www.rukn-eltatawer.com/qa/furniture-packaging-al-rayyan/","mesh 5 city-peers + 5 city-variants","ok_200"
"3_mesh",12158,"post","furniture-moving-packaging-al-rayyan","https://www.rukn-eltatawer.com/qa/furniture-moving-packaging-al-rayyan/","mesh 5 city-peers + 5 city-variants","ok_200"
"3_mesh",12150,"post","outdoor-moving-al-rayyan","https://www.rukn-eltatawer.com/qa/outdoor-moving-al-rayyan/","mesh 5 city-peers + 5 city-variants","ok_200"
"3_mesh",12142,"post","indoor-moving-al-rayyan","https://www.rukn-eltatawer.com/qa/indoor-moving-al-rayyan/","mesh 5 city-peers + 5 city-variants","ok_200"
"3_mesh",12134,"post","wall-fountain-al-rayyan","https://www.rukn-eltatawer.com/qa/wall-fountain-al-rayyan/","mesh 5 city-peers + 5 city-variants","ok_200"
"3_mesh",12126,"post","artificial-waterfall-al-rayyan","https://www.rukn-eltatawer.com/qa/artificial-waterfall-al-rayyan/","mesh 5 city-peers + 5 city-variants","ok_200"
"3_mesh",12118,"post","stone-pathway-al-rayyan","https://www.rukn-eltatawer.com/qa/stone-pathway-al-rayyan/","mesh 5 city-peers + 5 city-variants","ok_200"
"3_mesh",12110,"post","wooden-arbor-installation-al-rayyan","https://www.rukn-eltatawer.com/qa/wooden-arbor-installation-al-rayyan/","mesh 5 city-peers + 5 city-variants","ok_200"
"3_mesh",12102,"post","pergola-installation-al-rayyan","https://www.rukn-eltatawer.com/qa/pergola-installation-al-rayyan/","mesh 5 city-peers + 5 city-variants","ok_200"
"3_mesh",12094,"post","garden-seating-al-rayyan","https://www.rukn-eltatawer.com/qa/garden-seating-al-rayyan/","mesh 5 city-peers + 5 city-variants","ok_200"
"3_mesh",12086,"post","wall-grass-al-rayyan","https://www.rukn-eltatawer.com/qa/wall-grass-al-rayyan/","mesh 5 city-peers + 5 city-variants","ok_200"
"3_mesh",12078,"post","artificial-grass-grdn-al-rayyan","https://www.rukn-eltatawer.com/qa/artificial-grass-grdn-al-rayyan/","mesh 5 city-peers + 5 city-variants","ok_200"
"3_mesh",12070,"post","automatic-irrigation-al-rayyan","https://www.rukn-eltatawer.com/qa/automatic-irrigation-al-rayyan/","mesh 5 city-peers + 5 city-variants","ok_200"
"3_mesh",12062,"post","modern-irrigation-al-rayyan","https://www.rukn-eltatawer.com/qa/modern-irrigation-al-rayyan/","mesh 5 city-peers + 5 city-variants","ok_200"
"3_mesh",12046,"post","palm-tree-planting-al-rayyan","https://www.rukn-eltatawer.com/qa/palm-tree-planting-al-rayyan/","mesh 5 city-peers + 5 city-variants","ok_200"
"3_mesh",12038,"post","natural-grass-cutting-al-rayyan","https://www.rukn-eltatawer.com/qa/natural-grass-cutting-al-rayyan/","mesh 5 city-peers + 5 city-variants","ok_200"
"3_mesh",12030,"post","roof-garden-design-al-rayyan","https://www.rukn-eltatawer.com/qa/roof-garden-design-al-rayyan/","mesh 5 city-peers + 5 city-variants","ok_200"
"3_mesh",12022,"post","indoor-garden-design-al-rayyan","https://www.rukn-eltatawer.com/qa/indoor-garden-design-al-rayyan/","mesh 5 city-peers + 5 city-variants","ok_200"
"3_mesh",12014,"post","landscaping-al-rayyan","https://www.rukn-eltatawer.com/qa/landscaping-al-rayyan/","mesh 5 city-peers + 5 city-variants","ok_200"
"3_mesh",12006,"post","decor-design-al-rayyan","https://www.rukn-eltatawer.com/qa/decor-design-al-rayyan/","mesh 5 city-peers + 5 city-variants","ok_200"
"3_mesh",11998,"post","exterior-painting-al-rayyan","https://www.rukn-eltatawer.com/qa/exterior-painting-al-rayyan/","mesh 5 city-peers + 5 city-variants","ok_200"
"3_mesh",11990,"post","interior-painting-al-rayyan","https://www.rukn-eltatawer.com/qa/interior-painting-al-rayyan/","mesh 5 city-peers + 5 city-variants","ok_200"
"3_mesh",11982,"post","block-fences-al-rayyan","https://www.rukn-eltatawer.com/qa/block-fences-al-rayyan/","mesh 5 city-peers + 5 city-variants","ok_200"
"3_mesh",11974,"post","outdoor-majlis-al-rayyan","https://www.rukn-eltatawer.com/qa/outdoor-majlis-al-rayyan/","mesh 5 city-peers + 5 city-variants","ok_200"
"3_mesh",11966,"post","outdoor-kitchens-al-rayyan","https://www.rukn-eltatawer.com/qa/outdoor-kitchens-al-rayyan/","mesh 5 city-peers + 5 city-variants","ok_200"
"3_mesh",11958,"post","outdoor-bathrooms-al-rayyan","https://www.rukn-eltatawer.com/qa/outdoor-bathrooms-al-rayyan/","mesh 5 city-peers + 5 city-variants","ok_200"
"3_mesh",11950,"post","majlis-building-al-rayyan","https://www.rukn-eltatawer.com/qa/majlis-building-al-rayyan/","mesh 5 city-peers + 5 city-variants","ok_200"
"3_mesh",11942,"post","annex-building-al-rayyan","https://www.rukn-eltatawer.com/qa/annex-building-al-rayyan/","mesh 5 city-peers + 5 city-variants","ok_200"
"3_mesh",11934,"post","grass-wall-al-rayyan","https://www.rukn-eltatawer.com/qa/grass-wall-al-rayyan/","mesh 5 city-peers + 5 city-variants","ok_200"
"3_mesh",11926,"post","artificial-grass-al-rayyan","https://www.rukn-eltatawer.com/qa/artificial-grass-al-rayyan/","mesh 5 city-peers + 5 city-variants","ok_200"
"3_mesh",11918,"post","shades-sails-al-rayyan","https://www.rukn-eltatawer.com/qa/shades-sails-al-rayyan/","mesh 5 city-peers + 5 city-variants","ok_200"
"3_mesh",11910,"post","windows-installation-al-rayyan","https://www.rukn-eltatawer.com/qa/windows-installation-al-rayyan/","mesh 5 city-peers + 5 city-variants","ok_200"
"3_mesh",12823,"post","cooling-fault-detection-al-wakrah","https://www.rukn-eltatawer.com/qa/cooling-fault-detection-al-wakrah/","mesh 5 city-peers + 5 city-variants","ok_200"
"3_mesh",12727,"post","24h-emergency-electrician-al-wakrah","https://www.rukn-eltatawer.com/qa/24h-emergency-electrician-al-wakrah/","mesh 5 city-peers + 5 city-variants","ok_200"
"3_mesh",12719,"post","sanitary-fixtures-installation-al-wakrah","https://www.rukn-eltatawer.com/qa/sanitary-fixtures-installation-al-wakrah/","mesh 5 city-peers + 5 city-variants","ok_200"
"3_mesh",12703,"post","water-heater-installation-al-wakrah","https://www.rukn-eltatawer.com/qa/water-heater-installation-al-wakrah/","mesh 5 city-peers + 5 city-variants","ok_200"
"3_mesh",12679,"post","indoor-outdoor-lighting-installation-al-wakrah","https://www.rukn-eltatawer.com/qa/indoor-outdoor-lighting-installation-al-wakrah/","mesh 5 city-peers + 5 city-variants","ok_200"
"3_mesh",12671,"post","electrical-fault-detection-al-wakrah","https://www.rukn-eltatawer.com/qa/electrical-fault-detection-al-wakrah/","mesh 5 city-peers + 5 city-variants","ok_200"
"3_mesh",12663,"post","new-electrical-wiring-al-wakrah","https://www.rukn-eltatawer.com/qa/new-electrical-wiring-al-wakrah/","mesh 5 city-peers + 5 city-variants","ok_200"
"3_mesh",12647,"post","home-electrician-elec-al-wakrah","https://www.rukn-eltatawer.com/qa/home-electrician-elec-al-wakrah/","mesh 5 city-peers + 5 city-variants","ok_200"
"3_mesh",12631,"post","wood-doors-windows-painting-al-wakrah","https://www.rukn-eltatawer.com/qa/wood-doors-windows-painting-al-wakrah/","mesh 5 city-peers + 5 city-variants","ok_200"
"3_mesh",12623,"post","decorative-wall-effects-al-wakrah","https://www.rukn-eltatawer.com/qa/decorative-wall-effects-al-wakrah/","mesh 5 city-peers + 5 city-variants","ok_200"
"3_mesh",12615,"post","electric-spray-painting-al-wakrah","https://www.rukn-eltatawer.com/qa/electric-spray-painting-al-wakrah/","mesh 5 city-peers + 5 city-variants","ok_200"
"3_mesh",12607,"post","paint-removal-surface-prep-al-wakrah","https://www.rukn-eltatawer.com/qa/paint-removal-surface-prep-al-wakrah/","mesh 5 city-peers + 5 city-variants","ok_200"
"3_mesh",12599,"post","office-painting-al-wakrah","https://www.rukn-eltatawer.com/qa/office-painting-al-wakrah/","mesh 5 city-peers + 5 city-variants","ok_200"
"3_mesh",11902,"post","doors-installation-al-rayyan","https://www.rukn-eltatawer.com/qa/doors-installation-al-rayyan/","mesh 5 city-peers + 5 city-variants","ok_200"
"3_mesh",11894,"post","kitchen-installation-al-rayyan","https://www.rukn-eltatawer.com/qa/kitchen-installation-al-rayyan/","mesh 5 city-peers + 5 city-variants","ok_200"
"3_mesh",11886,"post","glass-alumetal-al-rayyan","https://www.rukn-eltatawer.com/qa/glass-alumetal-al-rayyan/","mesh 5 city-peers + 5 city-variants","ok_200"
"3_mesh",11878,"post","glass-aluminium-partitions-al-rayyan","https://www.rukn-eltatawer.com/qa/glass-aluminium-partitions-al-rayyan/","mesh 5 city-peers + 5 city-variants","ok_200"
"3_mesh",11870,"post","suspended-ceiling-al-rayyan","https://www.rukn-eltatawer.com/qa/suspended-ceiling-al-rayyan/","mesh 5 city-peers + 5 city-variants","ok_200"
"3_mesh",11862,"post","floor-carpeting-al-rayyan","https://www.rukn-eltatawer.com/qa/floor-carpeting-al-rayyan/","mesh 5 city-peers + 5 city-variants","ok_200"
"3_mesh",11854,"post","wallpaper-al-rayyan","https://www.rukn-eltatawer.com/qa/wallpaper-al-rayyan/","mesh 5 city-peers + 5 city-variants","ok_200"
"3_mesh",11846,"post","false-ceiling-al-rayyan","https://www.rukn-eltatawer.com/qa/false-ceiling-al-rayyan/","mesh 5 city-peers + 5 city-variants","ok_200"
"3_mesh",11838,"post","gypsum-board-al-rayyan","https://www.rukn-eltatawer.com/qa/gypsum-board-al-rayyan/","mesh 5 city-peers + 5 city-variants","ok_200"
"3_mesh",11830,"post","wall-foam-al-rayyan","https://www.rukn-eltatawer.com/qa/wall-foam-al-rayyan/","mesh 5 city-peers + 5 city-variants","ok_200"
"3_mesh",11822,"post","marble-granite-al-rayyan","https://www.rukn-eltatawer.com/qa/marble-granite-al-rayyan/","mesh 5 city-peers + 5 city-variants","ok_200"
"3_mesh",11814,"post","stone-al-rayyan","https://www.rukn-eltatawer.com/qa/stone-al-rayyan/","mesh 5 city-peers + 5 city-variants","ok_200"
"3_mesh",11806,"post","vinyl-flooring-al-rayyan","https://www.rukn-eltatawer.com/qa/vinyl-flooring-al-rayyan/","mesh 5 city-peers + 5 city-variants","ok_200"
"3_mesh",11798,"post","parquet-al-rayyan","https://www.rukn-eltatawer.com/qa/parquet-al-rayyan/","mesh 5 city-peers + 5 city-variants","ok_200"
"3_mesh",11790,"post","ceramic-porcelain-al-rayyan","https://www.rukn-eltatawer.com/qa/ceramic-porcelain-al-rayyan/","mesh 5 city-peers + 5 city-variants","ok_200"
"3_mesh",11782,"post","plastering-al-rayyan","https://www.rukn-eltatawer.com/qa/plastering-al-rayyan/","mesh 5 city-peers + 5 city-variants","ok_200"
"3_mesh",11774,"post","brickwork-al-rayyan","https://www.rukn-eltatawer.com/qa/brickwork-al-rayyan/","mesh 5 city-peers + 5 city-variants","ok_200"
"3_mesh",11766,"post","kerbstone-al-rayyan","https://www.rukn-eltatawer.com/qa/kerbstone-al-rayyan/","mesh 5 city-peers + 5 city-variants","ok_200"
"3_mesh",11758,"post","interlock-al-rayyan","https://www.rukn-eltatawer.com/qa/interlock-al-rayyan/","mesh 5 city-peers + 5 city-variants","ok_200"
"3_mesh",11734,"post","crack-repair-al-rayyan","https://www.rukn-eltatawer.com/qa/crack-repair-al-rayyan/","mesh 5 city-peers + 5 city-variants","ok_200"
"3_mesh",11726,"post","villa-inspection-al-rayyan","https://www.rukn-eltatawer.com/qa/villa-inspection-al-rayyan/","mesh 5 city-peers + 5 city-variants","ok_200"
"3_mesh",11718,"post","old-house-renovation-al-rayyan","https://www.rukn-eltatawer.com/qa/old-house-renovation-al-rayyan/","mesh 5 city-peers + 5 city-variants","ok_200"
"3_mesh",11702,"post","kitchen-renovation-al-rayyan","https://www.rukn-eltatawer.com/qa/kitchen-renovation-al-rayyan/","mesh 5 city-peers + 5 city-variants","ok_200"
"3_mesh",11694,"post","bathroom-renovation-al-rayyan","https://www.rukn-eltatawer.com/qa/bathroom-renovation-al-rayyan/","mesh 5 city-peers + 5 city-variants","ok_200"
"3_mesh",11678,"post","humidity-treatment-al-rayyan","https://www.rukn-eltatawer.com/qa/humidity-treatment-al-rayyan/","mesh 5 city-peers + 5 city-variants","ok_200"
"3_mesh",12591,"post","new-villa-finishing-painting-al-wakrah","https://www.rukn-eltatawer.com/qa/new-villa-finishing-painting-al-wakrah/","mesh 5 city-peers + 5 city-variants","ok_200"
"3_mesh",12575,"post","premium-paint-finishing-al-wakrah","https://www.rukn-eltatawer.com/qa/premium-paint-finishing-al-wakrah/","mesh 5 city-peers + 5 city-variants","ok_200"
"3_mesh",12567,"post","gypsum-board-decor-al-wakrah","https://www.rukn-eltatawer.com/qa/gypsum-board-decor-al-wakrah/","mesh 5 city-peers + 5 city-variants","ok_200"
"3_mesh",12559,"post","wallpaper-installation-al-wakrah","https://www.rukn-eltatawer.com/qa/wallpaper-installation-al-wakrah/","mesh 5 city-peers + 5 city-variants","ok_200"
"3_mesh",12551,"post","exterior-facade-painting-al-wakrah","https://www.rukn-eltatawer.com/qa/exterior-facade-painting-al-wakrah/","mesh 5 city-peers + 5 city-variants","ok_200"
"3_mesh",12543,"post","villa-painting-al-wakrah","https://www.rukn-eltatawer.com/qa/villa-painting-al-wakrah/","mesh 5 city-peers + 5 city-variants","ok_200"
"3_mesh",12535,"post","apartment-painting-al-wakrah","https://www.rukn-eltatawer.com/qa/apartment-painting-al-wakrah/","mesh 5 city-peers + 5 city-variants","ok_200"
"3_mesh",12455,"post","home-audio-tech-al-wakrah","https://www.rukn-eltatawer.com/qa/home-audio-tech-al-wakrah/","mesh 5 city-peers + 5 city-variants","ok_200"
"3_mesh",12447,"post","cctv-tech-al-wakrah","https://www.rukn-eltatawer.com/qa/cctv-tech-al-wakrah/","mesh 5 city-peers + 5 city-variants","ok_200"
"3_mesh",12431,"post","satellite-tech-al-wakrah","https://www.rukn-eltatawer.com/qa/satellite-tech-al-wakrah/","mesh 5 city-peers + 5 city-variants","ok_200"
"3_mesh",12423,"post","sat-dish-tech-al-wakrah","https://www.rukn-eltatawer.com/qa/sat-dish-tech-al-wakrah/","mesh 5 city-peers + 5 city-variants","ok_200"
"3_mesh",12415,"post","gypsum-tech-al-wakrah","https://www.rukn-eltatawer.com/qa/gypsum-tech-al-wakrah/","mesh 5 city-peers + 5 city-variants","ok_200"
"3_mesh",12407,"post","painter-al-wakrah","https://www.rukn-eltatawer.com/qa/painter-al-wakrah/","mesh 5 city-peers + 5 city-variants","ok_200"
"3_mesh",12399,"post","blacksmith-doors-windows-al-wakrah","https://www.rukn-eltatawer.com/qa/blacksmith-doors-windows-al-wakrah/","mesh 5 city-peers + 5 city-variants","ok_200"
"3_mesh",12391,"post","carpenter-al-wakrah","https://www.rukn-eltatawer.com/qa/carpenter-al-wakrah/","mesh 5 city-peers + 5 city-variants","ok_200"
"3_mesh",11682,"post","humidity-treatment-al-shamal","https://www.rukn-eltatawer.com/qa/humidity-treatment-al-shamal/","mesh 5 city-peers + 5 city-variants","ok_200"
"3_mesh",11684,"post","humidity-treatment-al-shahaniya","https://www.rukn-eltatawer.com/qa/humidity-treatment-al-shahaniya/","mesh 5 city-peers + 5 city-variants","ok_200"
"3_mesh",11698,"post","bathroom-renovation-al-shamal","https://www.rukn-eltatawer.com/qa/bathroom-renovation-al-shamal/","mesh 5 city-peers + 5 city-variants","ok_200"
"3_mesh",11700,"post","bathroom-renovation-al-shahaniya","https://www.rukn-eltatawer.com/qa/bathroom-renovation-al-shahaniya/","mesh 5 city-peers + 5 city-variants","ok_200"
"3_mesh",11706,"post","kitchen-renovation-al-shamal","https://www.rukn-eltatawer.com/qa/kitchen-renovation-al-shamal/","mesh 5 city-peers + 5 city-variants","ok_200"
"3_mesh",11708,"post","kitchen-renovation-al-shahaniya","https://www.rukn-eltatawer.com/qa/kitchen-renovation-al-shahaniya/","mesh 5 city-peers + 5 city-variants","ok_200"
"3_mesh",11722,"post","old-house-renovation-al-shamal","https://www.rukn-eltatawer.com/qa/old-house-renovation-al-shamal/","mesh 5 city-peers + 5 city-variants","ok_200"
"3_mesh",11724,"post","old-house-renovation-al-shahaniya","https://www.rukn-eltatawer.com/qa/old-house-renovation-al-shahaniya/","mesh 5 city-peers + 5 city-variants","ok_200"
"3_mesh",11730,"post","villa-inspection-al-shamal","https://www.rukn-eltatawer.com/qa/villa-inspection-al-shamal/","mesh 5 city-peers + 5 city-variants","ok_200"
"3_mesh",11732,"post","villa-inspection-al-shahaniya","https://www.rukn-eltatawer.com/qa/villa-inspection-al-shahaniya/","mesh 5 city-peers + 5 city-variants","ok_200"
"3_mesh",11738,"post","crack-repair-al-shamal","https://www.rukn-eltatawer.com/qa/crack-repair-al-shamal/","mesh 5 city-peers + 5 city-variants","ok_200"
"3_mesh",11740,"post","crack-repair-al-shahaniya","https://www.rukn-eltatawer.com/qa/crack-repair-al-shahaniya/","mesh 5 city-peers + 5 city-variants","ok_200"
"3_mesh",11762,"post","interlock-al-shamal","https://www.rukn-eltatawer.com/qa/interlock-al-shamal/","mesh 5 city-peers + 5 city-variants","ok_200"
"3_mesh",11764,"post","interlock-al-shahaniya","https://www.rukn-eltatawer.com/qa/interlock-al-shahaniya/","mesh 5 city-peers + 5 city-variants","ok_200"
"3_mesh",11770,"post","kerbstone-al-shamal","https://www.rukn-eltatawer.com/qa/kerbstone-al-shamal/","mesh 5 city-peers + 5 city-variants","ok_200"
"3_mesh",11772,"post","kerbstone-al-shahaniya","https://www.rukn-eltatawer.com/qa/kerbstone-al-shahaniya/","mesh 5 city-peers + 5 city-variants","ok_200"
"3_mesh",11778,"post","brickwork-al-shamal","https://www.rukn-eltatawer.com/qa/brickwork-al-shamal/","mesh 5 city-peers + 5 city-variants","ok_200"
"3_mesh",11780,"post","brickwork-al-shahaniya","https://www.rukn-eltatawer.com/qa/brickwork-al-shahaniya/","mesh 5 city-peers + 5 city-variants","ok_200"
"3_mesh",11786,"post","plastering-al-shamal","https://www.rukn-eltatawer.com/qa/plastering-al-shamal/","mesh 5 city-peers + 5 city-variants","ok_200"
"3_mesh",11788,"post","plastering-al-shahaniya","https://www.rukn-eltatawer.com/qa/plastering-al-shahaniya/","mesh 5 city-peers + 5 city-variants","ok_200"
"3_mesh",11794,"post","ceramic-porcelain-al-shamal","https://www.rukn-eltatawer.com/qa/ceramic-porcelain-al-shamal/","mesh 5 city-peers + 5 city-variants","ok_200"
"3_mesh",11796,"post","ceramic-porcelain-al-shahaniya","https://www.rukn-eltatawer.com/qa/ceramic-porcelain-al-shahaniya/","mesh 5 city-peers + 5 city-variants","ok_200"
"3_mesh",11802,"post","parquet-al-shamal","https://www.rukn-eltatawer.com/qa/parquet-al-shamal/","mesh 5 city-peers + 5 city-variants","ok_200"
"3_mesh",11804,"post","parquet-al-shahaniya","https://www.rukn-eltatawer.com/qa/parquet-al-shahaniya/","mesh 5 city-peers + 5 city-variants","ok_200"
"3_mesh",11810,"post","vinyl-flooring-al-shamal","https://www.rukn-eltatawer.com/qa/vinyl-flooring-al-shamal/","mesh 5 city-peers + 5 city-variants","ok_200"
"3_mesh",11812,"post","vinyl-flooring-al-shahaniya","https://www.rukn-eltatawer.com/qa/vinyl-flooring-al-shahaniya/","mesh 5 city-peers + 5 city-variants","ok_200"
"3_mesh",11818,"post","stone-al-shamal","https://www.rukn-eltatawer.com/qa/stone-al-shamal/","mesh 5 city-peers + 5 city-variants","ok_200"
"3_mesh",11820,"post","stone-al-shahaniya","https://www.rukn-eltatawer.com/qa/stone-al-shahaniya/","mesh 5 city-peers + 5 city-variants","ok_200"
"3_mesh",11826,"post","marble-granite-al-shamal","https://www.rukn-eltatawer.com/qa/marble-granite-al-shamal/","mesh 5 city-peers + 5 city-variants","ok_200"
"3_mesh",11828,"post","marble-granite-al-shahaniya","https://www.rukn-eltatawer.com/qa/marble-granite-al-shahaniya/","mesh 5 city-peers + 5 city-variants","ok_200"
"3_mesh",11834,"post","wall-foam-al-shamal","https://www.rukn-eltatawer.com/qa/wall-foam-al-shamal/","mesh 5 city-peers + 5 city-variants","ok_200"
"3_mesh",11836,"post","wall-foam-al-shahaniya","https://www.rukn-eltatawer.com/qa/wall-foam-al-shahaniya/","mesh 5 city-peers + 5 city-variants","ok_200"
"3_mesh",11842,"post","gypsum-board-al-shamal","https://www.rukn-eltatawer.com/qa/gypsum-board-al-shamal/","mesh 5 city-peers + 5 city-variants","ok_200"
"3_mesh",11844,"post","gypsum-board-al-shahaniya","https://www.rukn-eltatawer.com/qa/gypsum-board-al-shahaniya/","mesh 5 city-peers + 5 city-variants","ok_200"
"3_mesh",11850,"post","false-ceiling-al-shamal","https://www.rukn-eltatawer.com/qa/false-ceiling-al-shamal/","mesh 5 city-peers + 5 city-variants","ok_200"
"3_mesh",11852,"post","false-ceiling-al-shahaniya","https://www.rukn-eltatawer.com/qa/false-ceiling-al-shahaniya/","mesh 5 city-peers + 5 city-variants","ok_200"
"3_mesh",11858,"post","wallpaper-al-shamal","https://www.rukn-eltatawer.com/qa/wallpaper-al-shamal/","mesh 5 city-peers + 5 city-variants","ok_200"
"3_mesh",11860,"post","wallpaper-al-shahaniya","https://www.rukn-eltatawer.com/qa/wallpaper-al-shahaniya/","mesh 5 city-peers + 5 city-variants","ok_200"
"3_mesh",11866,"post","floor-carpeting-al-shamal","https://www.rukn-eltatawer.com/qa/floor-carpeting-al-shamal/","mesh 5 city-peers + 5 city-variants","ok_200"
"3_mesh",11868,"post","floor-carpeting-al-shahaniya","https://www.rukn-eltatawer.com/qa/floor-carpeting-al-shahaniya/","mesh 5 city-peers + 5 city-variants","ok_200"
"3_mesh",11874,"post","suspended-ceiling-al-shamal","https://www.rukn-eltatawer.com/qa/suspended-ceiling-al-shamal/","mesh 5 city-peers + 5 city-variants","ok_200"
"3_mesh",11876,"post","suspended-ceiling-al-shahaniya","https://www.rukn-eltatawer.com/qa/suspended-ceiling-al-shahaniya/","mesh 5 city-peers + 5 city-variants","ok_200"
"3_mesh",11882,"post","glass-aluminium-partitions-al-shamal","https://www.rukn-eltatawer.com/qa/glass-aluminium-partitions-al-shamal/","mesh 5 city-peers + 5 city-variants","ok_200"
"3_mesh",11884,"post","glass-aluminium-partitions-al-shahaniya","https://www.rukn-eltatawer.com/qa/glass-aluminium-partitions-al-shahaniya/","mesh 5 city-peers + 5 city-variants","ok_200"
"3_mesh",11890,"post","glass-alumetal-al-shamal","https://www.rukn-eltatawer.com/qa/glass-alumetal-al-shamal/","mesh 5 city-peers + 5 city-variants","ok_200"
"3_mesh",11892,"post","glass-alumetal-al-shahaniya","https://www.rukn-eltatawer.com/qa/glass-alumetal-al-shahaniya/","mesh 5 city-peers + 5 city-variants","ok_200"
"3_mesh",11898,"post","kitchen-installation-al-shamal","https://www.rukn-eltatawer.com/qa/kitchen-installation-al-shamal/","mesh 5 city-peers + 5 city-variants","ok_200"
"3_mesh",11900,"post","kitchen-installation-al-shahaniya","https://www.rukn-eltatawer.com/qa/kitchen-installation-al-shahaniya/","mesh 5 city-peers + 5 city-variants","ok_200"
"3_mesh",11906,"post","doors-installation-al-shamal","https://www.rukn-eltatawer.com/qa/doors-installation-al-shamal/","mesh 5 city-peers + 5 city-variants","ok_200"
"3_mesh",11908,"post","doors-installation-al-shahaniya","https://www.rukn-eltatawer.com/qa/doors-installation-al-shahaniya/","mesh 5 city-peers + 5 city-variants","ok_200"
"3_mesh",11914,"post","windows-installation-al-shamal","https://www.rukn-eltatawer.com/qa/windows-installation-al-shamal/","mesh 5 city-peers + 5 city-variants","ok_200"
"3_mesh",11916,"post","windows-installation-al-shahaniya","https://www.rukn-eltatawer.com/qa/windows-installation-al-shahaniya/","mesh 5 city-peers + 5 city-variants","ok_200"
"3_mesh",11922,"post","shades-sails-al-shamal","https://www.rukn-eltatawer.com/qa/shades-sails-al-shamal/","mesh 5 city-peers + 5 city-variants","ok_200"
"3_mesh",11924,"post","shades-sails-al-shahaniya","https://www.rukn-eltatawer.com/qa/shades-sails-al-shahaniya/","mesh 5 city-peers + 5 city-variants","ok_200"
"3_mesh",11930,"post","artificial-grass-al-shamal","https://www.rukn-eltatawer.com/qa/artificial-grass-al-shamal/","mesh 5 city-peers + 5 city-variants","ok_200"
"3_mesh",11932,"post","artificial-grass-al-shahaniya","https://www.rukn-eltatawer.com/qa/artificial-grass-al-shahaniya/","mesh 5 city-peers + 5 city-variants","ok_200"
"3_mesh",11938,"post","grass-wall-al-shamal","https://www.rukn-eltatawer.com/qa/grass-wall-al-shamal/","mesh 5 city-peers + 5 city-variants","ok_200"
"3_mesh",11940,"post","grass-wall-al-shahaniya","https://www.rukn-eltatawer.com/qa/grass-wall-al-shahaniya/","mesh 5 city-peers + 5 city-variants","ok_200"
"3_mesh",11946,"post","annex-building-al-shamal","https://www.rukn-eltatawer.com/qa/annex-building-al-shamal/","mesh 5 city-peers + 5 city-variants","ok_200"
"3_mesh",11948,"post","annex-building-al-shahaniya","https://www.rukn-eltatawer.com/qa/annex-building-al-shahaniya/","mesh 5 city-peers + 5 city-variants","ok_200"
"3_mesh",11954,"post","majlis-building-al-shamal","https://www.rukn-eltatawer.com/qa/majlis-building-al-shamal/","mesh 5 city-peers + 5 city-variants","ok_200"
"3_mesh",11956,"post","majlis-building-al-shahaniya","https://www.rukn-eltatawer.com/qa/majlis-building-al-shahaniya/","mesh 5 city-peers + 5 city-variants","ok_200"
"3_mesh",11962,"post","outdoor-bathrooms-al-shamal","https://www.rukn-eltatawer.com/qa/outdoor-bathrooms-al-shamal/","mesh 5 city-peers + 5 city-variants","ok_200"
"3_mesh",11964,"post","outdoor-bathrooms-al-shahaniya","https://www.rukn-eltatawer.com/qa/outdoor-bathrooms-al-shahaniya/","mesh 5 city-peers + 5 city-variants","ok_200"
"3_mesh",11970,"post","outdoor-kitchens-al-shamal","https://www.rukn-eltatawer.com/qa/outdoor-kitchens-al-shamal/","mesh 5 city-peers + 5 city-variants","ok_200"
"3_mesh",11972,"post","outdoor-kitchens-al-shahaniya","https://www.rukn-eltatawer.com/qa/outdoor-kitchens-al-shahaniya/","mesh 5 city-peers + 5 city-variants","ok_200"
"3_mesh",11978,"post","outdoor-majlis-al-shamal","https://www.rukn-eltatawer.com/qa/outdoor-majlis-al-shamal/","mesh 5 city-peers + 5 city-variants","ok_200"
"3_mesh",11980,"post","outdoor-majlis-al-shahaniya","https://www.rukn-eltatawer.com/qa/outdoor-majlis-al-shahaniya/","mesh 5 city-peers + 5 city-variants","ok_200"
"3_mesh",11986,"post","block-fences-al-shamal","https://www.rukn-eltatawer.com/qa/block-fences-al-shamal/","mesh 5 city-peers + 5 city-variants","ok_200"
"3_mesh",11988,"post","block-fences-al-shahaniya","https://www.rukn-eltatawer.com/qa/block-fences-al-shahaniya/","mesh 5 city-peers + 5 city-variants","ok_200"
"3_mesh",11994,"post","interior-painting-al-shamal","https://www.rukn-eltatawer.com/qa/interior-painting-al-shamal/","mesh 5 city-peers + 5 city-variants","ok_200"
"3_mesh",11996,"post","interior-painting-al-shahaniya","https://www.rukn-eltatawer.com/qa/interior-painting-al-shahaniya/","mesh 5 city-peers + 5 city-variants","ok_200"
"3_mesh",12002,"post","exterior-painting-al-shamal","https://www.rukn-eltatawer.com/qa/exterior-painting-al-shamal/","mesh 5 city-peers + 5 city-variants","ok_200"
"3_mesh",12004,"post","exterior-painting-al-shahaniya","https://www.rukn-eltatawer.com/qa/exterior-painting-al-shahaniya/","mesh 5 city-peers + 5 city-variants","ok_200"
"3_mesh",12010,"post","decor-design-al-shamal","https://www.rukn-eltatawer.com/qa/decor-design-al-shamal/","mesh 5 city-peers + 5 city-variants","ok_200"
"3_mesh",12012,"post","decor-design-al-shahaniya","https://www.rukn-eltatawer.com/qa/decor-design-al-shahaniya/","mesh 5 city-peers + 5 city-variants","ok_200"
"3_mesh",12018,"post","landscaping-al-shamal","https://www.rukn-eltatawer.com/qa/landscaping-al-shamal/","mesh 5 city-peers + 5 city-variants","ok_200"
"3_mesh",12020,"post","landscaping-al-shahaniya","https://www.rukn-eltatawer.com/qa/landscaping-al-shahaniya/","mesh 5 city-peers + 5 city-variants","ok_200"
"3_mesh",12026,"post","indoor-garden-design-al-shamal","https://www.rukn-eltatawer.com/qa/indoor-garden-design-al-shamal/","mesh 5 city-peers + 5 city-variants","ok_200"
"3_mesh",12028,"post","indoor-garden-design-al-shahaniya","https://www.rukn-eltatawer.com/qa/indoor-garden-design-al-shahaniya/","mesh 5 city-peers + 5 city-variants","ok_200"
"3_mesh",12034,"post","roof-garden-design-al-shamal","https://www.rukn-eltatawer.com/qa/roof-garden-design-al-shamal/","mesh 5 city-peers + 5 city-variants","ok_200"
"3_mesh",12036,"post","roof-garden-design-al-shahaniya","https://www.rukn-eltatawer.com/qa/roof-garden-design-al-shahaniya/","mesh 5 city-peers + 5 city-variants","ok_200"
"3_mesh",12042,"post","natural-grass-cutting-al-shamal","https://www.rukn-eltatawer.com/qa/natural-grass-cutting-al-shamal/","mesh 5 city-peers + 5 city-variants","ok_200"
"3_mesh",12044,"post","natural-grass-cutting-al-shahaniya","https://www.rukn-eltatawer.com/qa/natural-grass-cutting-al-shahaniya/","mesh 5 city-peers + 5 city-variants","ok_200"
"3_mesh",12050,"post","palm-tree-planting-al-shamal","https://www.rukn-eltatawer.com/qa/palm-tree-planting-al-shamal/","mesh 5 city-peers + 5 city-variants","ok_200"
"3_mesh",12052,"post","palm-tree-planting-al-shahaniya","https://www.rukn-eltatawer.com/qa/palm-tree-planting-al-shahaniya/","mesh 5 city-peers + 5 city-variants","ok_200"
"3_mesh",12066,"post","modern-irrigation-al-shamal","https://www.rukn-eltatawer.com/qa/modern-irrigation-al-shamal/","mesh 5 city-peers + 5 city-variants","ok_200"
"3_mesh",12068,"post","modern-irrigation-al-shahaniya","https://www.rukn-eltatawer.com/qa/modern-irrigation-al-shahaniya/","mesh 5 city-peers + 5 city-variants","ok_200"
"3_mesh",12074,"post","automatic-irrigation-al-shamal","https://www.rukn-eltatawer.com/qa/automatic-irrigation-al-shamal/","mesh 5 city-peers + 5 city-variants","ok_200"
"3_mesh",12076,"post","automatic-irrigation-al-shahaniya","https://www.rukn-eltatawer.com/qa/automatic-irrigation-al-shahaniya/","mesh 5 city-peers + 5 city-variants","ok_200"
"3_mesh",12082,"post","artificial-grass-grdn-al-shamal","https://www.rukn-eltatawer.com/qa/artificial-grass-grdn-al-shamal/","mesh 5 city-peers + 5 city-variants","ok_200"
"3_mesh",12084,"post","artificial-grass-grdn-al-shahaniya","https://www.rukn-eltatawer.com/qa/artificial-grass-grdn-al-shahaniya/","mesh 5 city-peers + 5 city-variants","ok_200"
"3_mesh",12090,"post","wall-grass-al-shamal","https://www.rukn-eltatawer.com/qa/wall-grass-al-shamal/","mesh 5 city-peers + 5 city-variants","ok_200"
"3_mesh",12092,"post","wall-grass-al-shahaniya","https://www.rukn-eltatawer.com/qa/wall-grass-al-shahaniya/","mesh 5 city-peers + 5 city-variants","ok_200"
"3_mesh",12098,"post","garden-seating-al-shamal","https://www.rukn-eltatawer.com/qa/garden-seating-al-shamal/","mesh 5 city-peers + 5 city-variants","ok_200"
"3_mesh",12100,"post","garden-seating-al-shahaniya","https://www.rukn-eltatawer.com/qa/garden-seating-al-shahaniya/","mesh 5 city-peers + 5 city-variants","ok_200"
"3_mesh",12106,"post","pergola-installation-al-shamal","https://www.rukn-eltatawer.com/qa/pergola-installation-al-shamal/","mesh 5 city-peers + 5 city-variants","ok_200"
"3_mesh",12108,"post","pergola-installation-al-shahaniya","https://www.rukn-eltatawer.com/qa/pergola-installation-al-shahaniya/","mesh 5 city-peers + 5 city-variants","ok_200"
"3_mesh",12114,"post","wooden-arbor-installation-al-shamal","https://www.rukn-eltatawer.com/qa/wooden-arbor-installation-al-shamal/","mesh 5 city-peers + 5 city-variants","ok_200"
"3_mesh",12116,"post","wooden-arbor-installation-al-shahaniya","https://www.rukn-eltatawer.com/qa/wooden-arbor-installation-al-shahaniya/","mesh 5 city-peers + 5 city-variants","ok_200"
"3_mesh",12122,"post","stone-pathway-al-shamal","https://www.rukn-eltatawer.com/qa/stone-pathway-al-shamal/","mesh 5 city-peers + 5 city-variants","ok_200"
"3_mesh",12124,"post","stone-pathway-al-shahaniya","https://www.rukn-eltatawer.com/qa/stone-pathway-al-shahaniya/","mesh 5 city-peers + 5 city-variants","ok_200"
"3_mesh",12130,"post","artificial-waterfall-al-shamal","https://www.rukn-eltatawer.com/qa/artificial-waterfall-al-shamal/","mesh 5 city-peers + 5 city-variants","ok_200"
"3_mesh",12132,"post","artificial-waterfall-al-shahaniya","https://www.rukn-eltatawer.com/qa/artificial-waterfall-al-shahaniya/","mesh 5 city-peers + 5 city-variants","ok_200"
"3_mesh",12138,"post","wall-fountain-al-shamal","https://www.rukn-eltatawer.com/qa/wall-fountain-al-shamal/","mesh 5 city-peers + 5 city-variants","ok_200"
"3_mesh",12140,"post","wall-fountain-al-shahaniya","https://www.rukn-eltatawer.com/qa/wall-fountain-al-shahaniya/","mesh 5 city-peers + 5 city-variants","ok_200"
"3_mesh",12146,"post","indoor-moving-al-shamal","https://www.rukn-eltatawer.com/qa/indoor-moving-al-shamal/","mesh 5 city-peers + 5 city-variants","ok_200"
"3_mesh",12148,"post","indoor-moving-al-shahaniya","https://www.rukn-eltatawer.com/qa/indoor-moving-al-shahaniya/","mesh 5 city-peers + 5 city-variants","ok_200"
"3_mesh",12154,"post","outdoor-moving-al-shamal","https://www.rukn-eltatawer.com/qa/outdoor-moving-al-shamal/","mesh 5 city-peers + 5 city-variants","ok_200"
"3_mesh",12156,"post","outdoor-moving-al-shahaniya","https://www.rukn-eltatawer.com/qa/outdoor-moving-al-shahaniya/","mesh 5 city-peers + 5 city-variants","ok_200"
"3_mesh",12162,"post","furniture-moving-packaging-al-shamal","https://www.rukn-eltatawer.com/qa/furniture-moving-packaging-al-shamal/","mesh 5 city-peers + 5 city-variants","ok_200"
"3_mesh",12164,"post","furniture-moving-packaging-al-shahaniya","https://www.rukn-eltatawer.com/qa/furniture-moving-packaging-al-shahaniya/","mesh 5 city-peers + 5 city-variants","ok_200"
"3_mesh",12178,"post","furniture-packaging-al-shamal","https://www.rukn-eltatawer.com/qa/furniture-packaging-al-shamal/","mesh 5 city-peers + 5 city-variants","ok_200"
"3_mesh",12180,"post","furniture-packaging-al-shahaniya","https://www.rukn-eltatawer.com/qa/furniture-packaging-al-shahaniya/","mesh 5 city-peers + 5 city-variants","ok_200"
"3_mesh",12186,"post","furniture-assembly-al-shamal","https://www.rukn-eltatawer.com/qa/furniture-assembly-al-shamal/","mesh 5 city-peers + 5 city-variants","ok_200"
"3_mesh",12188,"post","furniture-assembly-al-shahaniya","https://www.rukn-eltatawer.com/qa/furniture-assembly-al-shahaniya/","mesh 5 city-peers + 5 city-variants","ok_200"
"3_mesh",12194,"post","furniture-storage-al-shamal","https://www.rukn-eltatawer.com/qa/furniture-storage-al-shamal/","mesh 5 city-peers + 5 city-variants","ok_200"
"3_mesh",12196,"post","furniture-storage-al-shahaniya","https://www.rukn-eltatawer.com/qa/furniture-storage-al-shahaniya/","mesh 5 city-peers + 5 city-variants","ok_200"
"3_mesh",12202,"post","solar-systems-installation-al-shamal","https://www.rukn-eltatawer.com/qa/solar-systems-installation-al-shamal/","mesh 5 city-peers + 5 city-variants","ok_200"
"3_mesh",12204,"post","solar-systems-installation-al-shahaniya","https://www.rukn-eltatawer.com/qa/solar-systems-installation-al-shahaniya/","mesh 5 city-peers + 5 city-variants","ok_200"
"3_mesh",12210,"post","solar-water-heaters-al-shamal","https://www.rukn-eltatawer.com/qa/solar-water-heaters-al-shamal/","mesh 5 city-peers + 5 city-variants","ok_200"
"3_mesh",12212,"post","solar-water-heaters-al-shahaniya","https://www.rukn-eltatawer.com/qa/solar-water-heaters-al-shahaniya/","mesh 5 city-peers + 5 city-variants","ok_200"
"3_mesh",12250,"post","ant-control-al-shamal","https://www.rukn-eltatawer.com/qa/ant-control-al-shamal/","mesh 5 city-peers + 5 city-variants","ok_200"
"3_mesh",12252,"post","ant-control-al-shahaniya","https://www.rukn-eltatawer.com/qa/ant-control-al-shahaniya/","mesh 5 city-peers + 5 city-variants","ok_200"
"3_mesh",12266,"post","bed-bug-control-al-shamal","https://www.rukn-eltatawer.com/qa/bed-bug-control-al-shamal/","mesh 5 city-peers + 5 city-variants","ok_200"
"3_mesh",12268,"post","bed-bug-control-al-shahaniya","https://www.rukn-eltatawer.com/qa/bed-bug-control-al-shahaniya/","mesh 5 city-peers + 5 city-variants","ok_200"
"3_mesh",12274,"post","rodent-control-al-shamal","https://www.rukn-eltatawer.com/qa/rodent-control-al-shamal/","mesh 5 city-peers + 5 city-variants","ok_200"
"3_mesh",12276,"post","rodent-control-al-shahaniya","https://www.rukn-eltatawer.com/qa/rodent-control-al-shahaniya/","mesh 5 city-peers + 5 city-variants","ok_200"
"3_mesh",12282,"post","snake-control-al-shamal","https://www.rukn-eltatawer.com/qa/snake-control-al-shamal/","mesh 5 city-peers + 5 city-variants","ok_200"
"3_mesh",12284,"post","snake-control-al-shahaniya","https://www.rukn-eltatawer.com/qa/snake-control-al-shahaniya/","mesh 5 city-peers + 5 city-variants","ok_200"
"3_mesh",12290,"post","scorpion-control-al-shamal","https://www.rukn-eltatawer.com/qa/scorpion-control-al-shamal/","mesh 5 city-peers + 5 city-variants","ok_200"
"3_mesh",12292,"post","scorpion-control-al-shahaniya","https://www.rukn-eltatawer.com/qa/scorpion-control-al-shahaniya/","mesh 5 city-peers + 5 city-variants","ok_200"
"3_mesh",12298,"post","flea-control-al-shamal","https://www.rukn-eltatawer.com/qa/flea-control-al-shamal/","mesh 5 city-peers + 5 city-variants","ok_200"
"3_mesh",12300,"post","flea-control-al-shahaniya","https://www.rukn-eltatawer.com/qa/flea-control-al-shahaniya/","mesh 5 city-peers + 5 city-variants","ok_200"
"3_mesh",12306,"post","lizard-control-al-shamal","https://www.rukn-eltatawer.com/qa/lizard-control-al-shamal/","mesh 5 city-peers + 5 city-variants","ok_200"
"3_mesh",12308,"post","lizard-control-al-shahaniya","https://www.rukn-eltatawer.com/qa/lizard-control-al-shahaniya/","mesh 5 city-peers + 5 city-variants","ok_200"
"3_mesh",12314,"post","bird-control-al-shamal","https://www.rukn-eltatawer.com/qa/bird-control-al-shamal/","mesh 5 city-peers + 5 city-variants","ok_200"
"3_mesh",12316,"post","bird-control-al-shahaniya","https://www.rukn-eltatawer.com/qa/bird-control-al-shahaniya/","mesh 5 city-peers + 5 city-variants","ok_200"
"3_mesh",12322,"post","mosquito-fly-control-al-shamal","https://www.rukn-eltatawer.com/qa/mosquito-fly-control-al-shamal/","mesh 5 city-peers + 5 city-variants","ok_200"
"3_mesh",12324,"post","mosquito-fly-control-al-shahaniya","https://www.rukn-eltatawer.com/qa/mosquito-fly-control-al-shahaniya/","mesh 5 city-peers + 5 city-variants","ok_200"
"3_mesh",12330,"post","pigeon-net-installation-al-shamal","https://www.rukn-eltatawer.com/qa/pigeon-net-installation-al-shamal/","mesh 5 city-peers + 5 city-variants","ok_200"
"3_mesh",12332,"post","pigeon-net-installation-al-shahaniya","https://www.rukn-eltatawer.com/qa/pigeon-net-installation-al-shahaniya/","mesh 5 city-peers + 5 city-variants","ok_200"
"3_mesh",12338,"post","pigeon-spikes-installation-al-shamal","https://www.rukn-eltatawer.com/qa/pigeon-spikes-installation-al-shamal/","mesh 5 city-peers + 5 city-variants","ok_200"
"3_mesh",12340,"post","pigeon-spikes-installation-al-shahaniya","https://www.rukn-eltatawer.com/qa/pigeon-spikes-installation-al-shahaniya/","mesh 5 city-peers + 5 city-variants","ok_200"
"3_mesh",12346,"post","bird-sound-device-al-shamal","https://www.rukn-eltatawer.com/qa/bird-sound-device-al-shamal/","mesh 5 city-peers + 5 city-variants","ok_200"
"3_mesh",12348,"post","bird-sound-device-al-shahaniya","https://www.rukn-eltatawer.com/qa/bird-sound-device-al-shahaniya/","mesh 5 city-peers + 5 city-variants","ok_200"
"3_mesh",12354,"post","steam-disinfection-al-shamal","https://www.rukn-eltatawer.com/qa/steam-disinfection-al-shamal/","mesh 5 city-peers + 5 city-variants","ok_200"
"3_mesh",12356,"post","steam-disinfection-al-shahaniya","https://www.rukn-eltatawer.com/qa/steam-disinfection-al-shahaniya/","mesh 5 city-peers + 5 city-variants","ok_200"
"3_mesh",12362,"post","chlorine-disinfection-al-shamal","https://www.rukn-eltatawer.com/qa/chlorine-disinfection-al-shamal/","mesh 5 city-peers + 5 city-variants","ok_200"
"3_mesh",12364,"post","chlorine-disinfection-al-shahaniya","https://www.rukn-eltatawer.com/qa/chlorine-disinfection-al-shahaniya/","mesh 5 city-peers + 5 city-variants","ok_200"
"3_mesh",12370,"post","ozone-disinfection-al-shamal","https://www.rukn-eltatawer.com/qa/ozone-disinfection-al-shamal/","mesh 5 city-peers + 5 city-variants","ok_200"
"3_mesh",12372,"post","ozone-disinfection-al-shahaniya","https://www.rukn-eltatawer.com/qa/ozone-disinfection-al-shahaniya/","mesh 5 city-peers + 5 city-variants","ok_200"
"3_mesh",12386,"post","home-electrician-al-shamal","https://www.rukn-eltatawer.com/qa/home-electrician-al-shamal/","mesh 5 city-peers + 5 city-variants","ok_200"
"3_mesh",12388,"post","home-electrician-al-shahaniya","https://www.rukn-eltatawer.com/qa/home-electrician-al-shahaniya/","mesh 5 city-peers + 5 city-variants","ok_200"
"3_mesh",12394,"post","carpenter-al-shamal","https://www.rukn-eltatawer.com/qa/carpenter-al-shamal/","mesh 5 city-peers + 5 city-variants","ok_200"
"3_mesh",12396,"post","carpenter-al-shahaniya","https://www.rukn-eltatawer.com/qa/carpenter-al-shahaniya/","mesh 5 city-peers + 5 city-variants","ok_200"
"3_mesh",12402,"post","blacksmith-doors-windows-al-shamal","https://www.rukn-eltatawer.com/qa/blacksmith-doors-windows-al-shamal/","mesh 5 city-peers + 5 city-variants","ok_200"
"3_mesh",12404,"post","blacksmith-doors-windows-al-shahaniya","https://www.rukn-eltatawer.com/qa/blacksmith-doors-windows-al-shahaniya/","mesh 5 city-peers + 5 city-variants","ok_200"
"3_mesh",12410,"post","painter-al-shamal","https://www.rukn-eltatawer.com/qa/painter-al-shamal/","mesh 5 city-peers + 5 city-variants","ok_200"
"3_mesh",12412,"post","painter-al-shahaniya","https://www.rukn-eltatawer.com/qa/painter-al-shahaniya/","mesh 5 city-peers + 5 city-variants","ok_200"
"3_mesh",12418,"post","gypsum-tech-al-shamal","https://www.rukn-eltatawer.com/qa/gypsum-tech-al-shamal/","mesh 5 city-peers + 5 city-variants","ok_200"
"3_mesh",12420,"post","gypsum-tech-al-shahaniya","https://www.rukn-eltatawer.com/qa/gypsum-tech-al-shahaniya/","mesh 5 city-peers + 5 city-variants","ok_200"
"3_mesh",12426,"post","sat-dish-tech-al-shamal","https://www.rukn-eltatawer.com/qa/sat-dish-tech-al-shamal/","mesh 5 city-peers + 5 city-variants","ok_200"
"3_mesh",12428,"post","sat-dish-tech-al-shahaniya","https://www.rukn-eltatawer.com/qa/sat-dish-tech-al-shahaniya/","mesh 5 city-peers + 5 city-variants","ok_200"
"3_mesh",12434,"post","satellite-tech-al-shamal","https://www.rukn-eltatawer.com/qa/satellite-tech-al-shamal/","mesh 5 city-peers + 5 city-variants","ok_200"
"3_mesh",12436,"post","satellite-tech-al-shahaniya","https://www.rukn-eltatawer.com/qa/satellite-tech-al-shahaniya/","mesh 5 city-peers + 5 city-variants","ok_200"
"3_mesh",12450,"post","cctv-tech-al-shamal","https://www.rukn-eltatawer.com/qa/cctv-tech-al-shamal/","mesh 5 city-peers + 5 city-variants","ok_200"
"3_mesh",12452,"post","cctv-tech-al-shahaniya","https://www.rukn-eltatawer.com/qa/cctv-tech-al-shahaniya/","mesh 5 city-peers + 5 city-variants","ok_200"
"3_mesh",12458,"post","home-audio-tech-al-shamal","https://www.rukn-eltatawer.com/qa/home-audio-tech-al-shamal/","mesh 5 city-peers + 5 city-variants","ok_200"
"3_mesh",12460,"post","home-audio-tech-al-shahaniya","https://www.rukn-eltatawer.com/qa/home-audio-tech-al-shahaniya/","mesh 5 city-peers + 5 city-variants","ok_200"
"3_mesh",12538,"post","apartment-painting-al-shamal","https://www.rukn-eltatawer.com/qa/apartment-painting-al-shamal/","mesh 5 city-peers + 5 city-variants","ok_200"
"3_mesh",12540,"post","apartment-painting-al-shahaniya","https://www.rukn-eltatawer.com/qa/apartment-painting-al-shahaniya/","mesh 5 city-peers + 5 city-variants","ok_200"
"3_mesh",12546,"post","villa-painting-al-shamal","https://www.rukn-eltatawer.com/qa/villa-painting-al-shamal/","mesh 5 city-peers + 5 city-variants","ok_200"
"3_mesh",12548,"post","villa-painting-al-shahaniya","https://www.rukn-eltatawer.com/qa/villa-painting-al-shahaniya/","mesh 5 city-peers + 5 city-variants","ok_200"
"3_mesh",12554,"post","exterior-facade-painting-al-shamal","https://www.rukn-eltatawer.com/qa/exterior-facade-painting-al-shamal/","mesh 5 city-peers + 5 city-variants","ok_200"
"3_mesh",12556,"post","exterior-facade-painting-al-shahaniya","https://www.rukn-eltatawer.com/qa/exterior-facade-painting-al-shahaniya/","mesh 5 city-peers + 5 city-variants","ok_200"
"3_mesh",12562,"post","wallpaper-installation-al-shamal","https://www.rukn-eltatawer.com/qa/wallpaper-installation-al-shamal/","mesh 5 city-peers + 5 city-variants","ok_200"
"3_mesh",12564,"post","wallpaper-installation-al-shahaniya","https://www.rukn-eltatawer.com/qa/wallpaper-installation-al-shahaniya/","mesh 5 city-peers + 5 city-variants","ok_200"
"3_mesh",12570,"post","gypsum-board-decor-al-shamal","https://www.rukn-eltatawer.com/qa/gypsum-board-decor-al-shamal/","mesh 5 city-peers + 5 city-variants","ok_200"
"3_mesh",12572,"post","gypsum-board-decor-al-shahaniya","https://www.rukn-eltatawer.com/qa/gypsum-board-decor-al-shahaniya/","mesh 5 city-peers + 5 city-variants","ok_200"
"3_mesh",12578,"post","premium-paint-finishing-al-shamal","https://www.rukn-eltatawer.com/qa/premium-paint-finishing-al-shamal/","mesh 5 city-peers + 5 city-variants","ok_200"
"3_mesh",12580,"post","premium-paint-finishing-al-shahaniya","https://www.rukn-eltatawer.com/qa/premium-paint-finishing-al-shahaniya/","mesh 5 city-peers + 5 city-variants","ok_200"
"3_mesh",12594,"post","new-villa-finishing-painting-al-shamal","https://www.rukn-eltatawer.com/qa/new-villa-finishing-painting-al-shamal/","mesh 5 city-peers + 5 city-variants","ok_200"
"3_mesh",12596,"post","new-villa-finishing-painting-al-shahaniya","https://www.rukn-eltatawer.com/qa/new-villa-finishing-painting-al-shahaniya/","mesh 5 city-peers + 5 city-variants","ok_200"
"3_mesh",12602,"post","office-painting-al-shamal","https://www.rukn-eltatawer.com/qa/office-painting-al-shamal/","mesh 5 city-peers + 5 city-variants","ok_200"
"3_mesh",12604,"post","office-painting-al-shahaniya","https://www.rukn-eltatawer.com/qa/office-painting-al-shahaniya/","mesh 5 city-peers + 5 city-variants","ok_200"
"3_mesh",12610,"post","paint-removal-surface-prep-al-shamal","https://www.rukn-eltatawer.com/qa/paint-removal-surface-prep-al-shamal/","mesh 5 city-peers + 5 city-variants","ok_200"
"3_mesh",12612,"post","paint-removal-surface-prep-al-shahaniya","https://www.rukn-eltatawer.com/qa/paint-removal-surface-prep-al-shahaniya/","mesh 5 city-peers + 5 city-variants","ok_200"
"3_mesh",12618,"post","electric-spray-painting-al-shamal","https://www.rukn-eltatawer.com/qa/electric-spray-painting-al-shamal/","mesh 5 city-peers + 5 city-variants","ok_200"
"3_mesh",12620,"post","electric-spray-painting-al-shahaniya","https://www.rukn-eltatawer.com/qa/electric-spray-painting-al-shahaniya/","mesh 5 city-peers + 5 city-variants","ok_200"
"3_mesh",12626,"post","decorative-wall-effects-al-shamal","https://www.rukn-eltatawer.com/qa/decorative-wall-effects-al-shamal/","mesh 5 city-peers + 5 city-variants","ok_200"
"3_mesh",12628,"post","decorative-wall-effects-al-shahaniya","https://www.rukn-eltatawer.com/qa/decorative-wall-effects-al-shahaniya/","mesh 5 city-peers + 5 city-variants","ok_200"
"3_mesh",12634,"post","wood-doors-windows-painting-al-shamal","https://www.rukn-eltatawer.com/qa/wood-doors-windows-painting-al-shamal/","mesh 5 city-peers + 5 city-variants","ok_200"
"3_mesh",12636,"post","wood-doors-windows-painting-al-shahaniya","https://www.rukn-eltatawer.com/qa/wood-doors-windows-painting-al-shahaniya/","mesh 5 city-peers + 5 city-variants","ok_200"
"3_mesh",12650,"post","home-electrician-elec-al-shamal","https://www.rukn-eltatawer.com/qa/home-electrician-elec-al-shamal/","mesh 5 city-peers + 5 city-variants","ok_200"
"3_mesh",12652,"post","home-electrician-elec-al-shahaniya","https://www.rukn-eltatawer.com/qa/home-electrician-elec-al-shahaniya/","mesh 5 city-peers + 5 city-variants","ok_200"
"3_mesh",12666,"post","new-electrical-wiring-al-shamal","https://www.rukn-eltatawer.com/qa/new-electrical-wiring-al-shamal/","mesh 5 city-peers + 5 city-variants","ok_200"
"3_mesh",12668,"post","new-electrical-wiring-al-shahaniya","https://www.rukn-eltatawer.com/qa/new-electrical-wiring-al-shahaniya/","mesh 5 city-peers + 5 city-variants","ok_200"
"3_mesh",12674,"post","electrical-fault-detection-al-shamal","https://www.rukn-eltatawer.com/qa/electrical-fault-detection-al-shamal/","mesh 5 city-peers + 5 city-variants","ok_200"
"3_mesh",12676,"post","electrical-fault-detection-al-shahaniya","https://www.rukn-eltatawer.com/qa/electrical-fault-detection-al-shahaniya/","mesh 5 city-peers + 5 city-variants","ok_200"
"3_mesh",12682,"post","indoor-outdoor-lighting-installation-al-shamal","https://www.rukn-eltatawer.com/qa/indoor-outdoor-lighting-installation-al-shamal/","mesh 5 city-peers + 5 city-variants","ok_200"
"3_mesh",12684,"post","indoor-outdoor-lighting-installation-al-shahaniya","https://www.rukn-eltatawer.com/qa/indoor-outdoor-lighting-installation-al-shahaniya/","mesh 5 city-peers + 5 city-variants","ok_200"
"3_mesh",12706,"post","water-heater-installation-al-shamal","https://www.rukn-eltatawer.com/qa/water-heater-installation-al-shamal/","mesh 5 city-peers + 5 city-variants","ok_200"
"3_mesh",12708,"post","water-heater-installation-al-shahaniya","https://www.rukn-eltatawer.com/qa/water-heater-installation-al-shahaniya/","mesh 5 city-peers + 5 city-variants","ok_200"
"3_mesh",12722,"post","sanitary-fixtures-installation-al-shamal","https://www.rukn-eltatawer.com/qa/sanitary-fixtures-installation-al-shamal/","mesh 5 city-peers + 5 city-variants","ok_200"
"3_mesh",12724,"post","sanitary-fixtures-installation-al-shahaniya","https://www.rukn-eltatawer.com/qa/sanitary-fixtures-installation-al-shahaniya/","mesh 5 city-peers + 5 city-variants","ok_200"
"3_mesh",12730,"post","24h-emergency-electrician-al-shamal","https://www.rukn-eltatawer.com/qa/24h-emergency-electrician-al-shamal/","mesh 5 city-peers + 5 city-variants","ok_200"
"3_mesh",12732,"post","24h-emergency-electrician-al-shahaniya","https://www.rukn-eltatawer.com/qa/24h-emergency-electrician-al-shahaniya/","mesh 5 city-peers + 5 city-variants","ok_200"
"3_mesh",12826,"post","cooling-fault-detection-al-shamal","https://www.rukn-eltatawer.com/qa/cooling-fault-detection-al-shamal/","mesh 5 city-peers + 5 city-variants","ok_200"
"3_mesh",12828,"post","cooling-fault-detection-al-shahaniya","https://www.rukn-eltatawer.com/qa/cooling-fault-detection-al-shahaniya/","mesh 5 city-peers + 5 city-variants","ok_200"
"3_mesh",11683,"post","humidity-treatment-al-daayen","https://www.rukn-eltatawer.com/qa/humidity-treatment-al-daayen/","mesh 5 city-peers + 5 city-variants","ok_200"
"3_mesh",11699,"post","bathroom-renovation-al-daayen","https://www.rukn-eltatawer.com/qa/bathroom-renovation-al-daayen/","mesh 5 city-peers + 5 city-variants","ok_200"
"3_mesh",11707,"post","kitchen-renovation-al-daayen","https://www.rukn-eltatawer.com/qa/kitchen-renovation-al-daayen/","mesh 5 city-peers + 5 city-variants","ok_200"
"3_mesh",11723,"post","old-house-renovation-al-daayen","https://www.rukn-eltatawer.com/qa/old-house-renovation-al-daayen/","mesh 5 city-peers + 5 city-variants","ok_200"
"3_mesh",11731,"post","villa-inspection-al-daayen","https://www.rukn-eltatawer.com/qa/villa-inspection-al-daayen/","mesh 5 city-peers + 5 city-variants","ok_200"
"3_mesh",11739,"post","crack-repair-al-daayen","https://www.rukn-eltatawer.com/qa/crack-repair-al-daayen/","mesh 5 city-peers + 5 city-variants","ok_200"
"3_mesh",11763,"post","interlock-al-daayen","https://www.rukn-eltatawer.com/qa/interlock-al-daayen/","mesh 5 city-peers + 5 city-variants","ok_200"
"3_mesh",11771,"post","kerbstone-al-daayen","https://www.rukn-eltatawer.com/qa/kerbstone-al-daayen/","mesh 5 city-peers + 5 city-variants","ok_200"
"3_mesh",11779,"post","brickwork-al-daayen","https://www.rukn-eltatawer.com/qa/brickwork-al-daayen/","mesh 5 city-peers + 5 city-variants","ok_200"
"3_mesh",11787,"post","plastering-al-daayen","https://www.rukn-eltatawer.com/qa/plastering-al-daayen/","mesh 5 city-peers + 5 city-variants","ok_200"
"3_mesh",11795,"post","ceramic-porcelain-al-daayen","https://www.rukn-eltatawer.com/qa/ceramic-porcelain-al-daayen/","mesh 5 city-peers + 5 city-variants","ok_200"
"3_mesh",11803,"post","parquet-al-daayen","https://www.rukn-eltatawer.com/qa/parquet-al-daayen/","mesh 5 city-peers + 5 city-variants","ok_200"
"3_mesh",11811,"post","vinyl-flooring-al-daayen","https://www.rukn-eltatawer.com/qa/vinyl-flooring-al-daayen/","mesh 5 city-peers + 5 city-variants","ok_200"
"3_mesh",11819,"post","stone-al-daayen","https://www.rukn-eltatawer.com/qa/stone-al-daayen/","mesh 5 city-peers + 5 city-variants","ok_200"
"3_mesh",11827,"post","marble-granite-al-daayen","https://www.rukn-eltatawer.com/qa/marble-granite-al-daayen/","mesh 5 city-peers + 5 city-variants","ok_200"
"3_mesh",11835,"post","wall-foam-al-daayen","https://www.rukn-eltatawer.com/qa/wall-foam-al-daayen/","mesh 5 city-peers + 5 city-variants","ok_200"
"3_mesh",11843,"post","gypsum-board-al-daayen","https://www.rukn-eltatawer.com/qa/gypsum-board-al-daayen/","mesh 5 city-peers + 5 city-variants","ok_200"
"3_mesh",11851,"post","false-ceiling-al-daayen","https://www.rukn-eltatawer.com/qa/false-ceiling-al-daayen/","mesh 5 city-peers + 5 city-variants","ok_200"
"3_mesh",11859,"post","wallpaper-al-daayen","https://www.rukn-eltatawer.com/qa/wallpaper-al-daayen/","mesh 5 city-peers + 5 city-variants","ok_200"
"3_mesh",11867,"post","floor-carpeting-al-daayen","https://www.rukn-eltatawer.com/qa/floor-carpeting-al-daayen/","mesh 5 city-peers + 5 city-variants","ok_200"
"3_mesh",11875,"post","suspended-ceiling-al-daayen","https://www.rukn-eltatawer.com/qa/suspended-ceiling-al-daayen/","mesh 5 city-peers + 5 city-variants","ok_200"
"3_mesh",11883,"post","glass-aluminium-partitions-al-daayen","https://www.rukn-eltatawer.com/qa/glass-aluminium-partitions-al-daayen/","mesh 5 city-peers + 5 city-variants","ok_200"
"3_mesh",11891,"post","glass-alumetal-al-daayen","https://www.rukn-eltatawer.com/qa/glass-alumetal-al-daayen/","mesh 5 city-peers + 5 city-variants","ok_200"
"3_mesh",11899,"post","kitchen-installation-al-daayen","https://www.rukn-eltatawer.com/qa/kitchen-installation-al-daayen/","mesh 5 city-peers + 5 city-variants","ok_200"
"3_mesh",11907,"post","doors-installation-al-daayen","https://www.rukn-eltatawer.com/qa/doors-installation-al-daayen/","mesh 5 city-peers + 5 city-variants","ok_200"
"3_mesh",11915,"post","windows-installation-al-daayen","https://www.rukn-eltatawer.com/qa/windows-installation-al-daayen/","mesh 5 city-peers + 5 city-variants","ok_200"
"3_mesh",11923,"post","shades-sails-al-daayen","https://www.rukn-eltatawer.com/qa/shades-sails-al-daayen/","mesh 5 city-peers + 5 city-variants","ok_200"
"3_mesh",11931,"post","artificial-grass-al-daayen","https://www.rukn-eltatawer.com/qa/artificial-grass-al-daayen/","mesh 5 city-peers + 5 city-variants","ok_200"
"3_mesh",11939,"post","grass-wall-al-daayen","https://www.rukn-eltatawer.com/qa/grass-wall-al-daayen/","mesh 5 city-peers + 5 city-variants","ok_200"
"3_mesh",11947,"post","annex-building-al-daayen","https://www.rukn-eltatawer.com/qa/annex-building-al-daayen/","mesh 5 city-peers + 5 city-variants","ok_200"
"3_mesh",11955,"post","majlis-building-al-daayen","https://www.rukn-eltatawer.com/qa/majlis-building-al-daayen/","mesh 5 city-peers + 5 city-variants","ok_200"
"3_mesh",11963,"post","outdoor-bathrooms-al-daayen","https://www.rukn-eltatawer.com/qa/outdoor-bathrooms-al-daayen/","mesh 5 city-peers + 5 city-variants","ok_200"
"3_mesh",11971,"post","outdoor-kitchens-al-daayen","https://www.rukn-eltatawer.com/qa/outdoor-kitchens-al-daayen/","mesh 5 city-peers + 5 city-variants","ok_200"
"3_mesh",11979,"post","outdoor-majlis-al-daayen","https://www.rukn-eltatawer.com/qa/outdoor-majlis-al-daayen/","mesh 5 city-peers + 5 city-variants","ok_200"
"3_mesh",11987,"post","block-fences-al-daayen","https://www.rukn-eltatawer.com/qa/block-fences-al-daayen/","mesh 5 city-peers + 5 city-variants","ok_200"
"3_mesh",11995,"post","interior-painting-al-daayen","https://www.rukn-eltatawer.com/qa/interior-painting-al-daayen/","mesh 5 city-peers + 5 city-variants","ok_200"
"3_mesh",12003,"post","exterior-painting-al-daayen","https://www.rukn-eltatawer.com/qa/exterior-painting-al-daayen/","mesh 5 city-peers + 5 city-variants","ok_200"
"3_mesh",12011,"post","decor-design-al-daayen","https://www.rukn-eltatawer.com/qa/decor-design-al-daayen/","mesh 5 city-peers + 5 city-variants","ok_200"
"3_mesh",12019,"post","landscaping-al-daayen","https://www.rukn-eltatawer.com/qa/landscaping-al-daayen/","mesh 5 city-peers + 5 city-variants","ok_200"
"3_mesh",12027,"post","indoor-garden-design-al-daayen","https://www.rukn-eltatawer.com/qa/indoor-garden-design-al-daayen/","mesh 5 city-peers + 5 city-variants","ok_200"
"3_mesh",12035,"post","roof-garden-design-al-daayen","https://www.rukn-eltatawer.com/qa/roof-garden-design-al-daayen/","mesh 5 city-peers + 5 city-variants","ok_200"
"3_mesh",12043,"post","natural-grass-cutting-al-daayen","https://www.rukn-eltatawer.com/qa/natural-grass-cutting-al-daayen/","mesh 5 city-peers + 5 city-variants","ok_200"
"3_mesh",12051,"post","palm-tree-planting-al-daayen","https://www.rukn-eltatawer.com/qa/palm-tree-planting-al-daayen/","mesh 5 city-peers + 5 city-variants","ok_200"
"3_mesh",12067,"post","modern-irrigation-al-daayen","https://www.rukn-eltatawer.com/qa/modern-irrigation-al-daayen/","mesh 5 city-peers + 5 city-variants","ok_200"
"3_mesh",12075,"post","automatic-irrigation-al-daayen","https://www.rukn-eltatawer.com/qa/automatic-irrigation-al-daayen/","mesh 5 city-peers + 5 city-variants","ok_200"
"3_mesh",12083,"post","artificial-grass-grdn-al-daayen","https://www.rukn-eltatawer.com/qa/artificial-grass-grdn-al-daayen/","mesh 5 city-peers + 5 city-variants","ok_200"
"3_mesh",12091,"post","wall-grass-al-daayen","https://www.rukn-eltatawer.com/qa/wall-grass-al-daayen/","mesh 5 city-peers + 5 city-variants","ok_200"
"3_mesh",12099,"post","garden-seating-al-daayen","https://www.rukn-eltatawer.com/qa/garden-seating-al-daayen/","mesh 5 city-peers + 5 city-variants","ok_200"
"3_mesh",12107,"post","pergola-installation-al-daayen","https://www.rukn-eltatawer.com/qa/pergola-installation-al-daayen/","mesh 5 city-peers + 5 city-variants","ok_200"
"3_mesh",12115,"post","wooden-arbor-installation-al-daayen","https://www.rukn-eltatawer.com/qa/wooden-arbor-installation-al-daayen/","mesh 5 city-peers + 5 city-variants","ok_200"
"3_mesh",12123,"post","stone-pathway-al-daayen","https://www.rukn-eltatawer.com/qa/stone-pathway-al-daayen/","mesh 5 city-peers + 5 city-variants","ok_200"
"3_mesh",12131,"post","artificial-waterfall-al-daayen","https://www.rukn-eltatawer.com/qa/artificial-waterfall-al-daayen/","mesh 5 city-peers + 5 city-variants","ok_200"
"3_mesh",12139,"post","wall-fountain-al-daayen","https://www.rukn-eltatawer.com/qa/wall-fountain-al-daayen/","mesh 5 city-peers + 5 city-variants","ok_200"
"3_mesh",12147,"post","indoor-moving-al-daayen","https://www.rukn-eltatawer.com/qa/indoor-moving-al-daayen/","mesh 5 city-peers + 5 city-variants","ok_200"
"3_mesh",12155,"post","outdoor-moving-al-daayen","https://www.rukn-eltatawer.com/qa/outdoor-moving-al-daayen/","mesh 5 city-peers + 5 city-variants","ok_200"
"3_mesh",12163,"post","furniture-moving-packaging-al-daayen","https://www.rukn-eltatawer.com/qa/furniture-moving-packaging-al-daayen/","mesh 5 city-peers + 5 city-variants","ok_200"
"3_mesh",12179,"post","furniture-packaging-al-daayen","https://www.rukn-eltatawer.com/qa/furniture-packaging-al-daayen/","mesh 5 city-peers + 5 city-variants","ok_200"
"3_mesh",12187,"post","furniture-assembly-al-daayen","https://www.rukn-eltatawer.com/qa/furniture-assembly-al-daayen/","mesh 5 city-peers + 5 city-variants","ok_200"
"3_mesh",12195,"post","furniture-storage-al-daayen","https://www.rukn-eltatawer.com/qa/furniture-storage-al-daayen/","mesh 5 city-peers + 5 city-variants","ok_200"
"3_mesh",12203,"post","solar-systems-installation-al-daayen","https://www.rukn-eltatawer.com/qa/solar-systems-installation-al-daayen/","mesh 5 city-peers + 5 city-variants","ok_200"
"3_mesh",12211,"post","solar-water-heaters-al-daayen","https://www.rukn-eltatawer.com/qa/solar-water-heaters-al-daayen/","mesh 5 city-peers + 5 city-variants","ok_200"
"3_mesh",12251,"post","ant-control-al-daayen","https://www.rukn-eltatawer.com/qa/ant-control-al-daayen/","mesh 5 city-peers + 5 city-variants","ok_200"
"3_mesh",12267,"post","bed-bug-control-al-daayen","https://www.rukn-eltatawer.com/qa/bed-bug-control-al-daayen/","mesh 5 city-peers + 5 city-variants","ok_200"
"3_mesh",12275,"post","rodent-control-al-daayen","https://www.rukn-eltatawer.com/qa/rodent-control-al-daayen/","mesh 5 city-peers + 5 city-variants","ok_200"
"3_mesh",12283,"post","snake-control-al-daayen","https://www.rukn-eltatawer.com/qa/snake-control-al-daayen/","mesh 5 city-peers + 5 city-variants","ok_200"
"3_mesh",12291,"post","scorpion-control-al-daayen","https://www.rukn-eltatawer.com/qa/scorpion-control-al-daayen/","mesh 5 city-peers + 5 city-variants","ok_200"
"3_mesh",12299,"post","flea-control-al-daayen","https://www.rukn-eltatawer.com/qa/flea-control-al-daayen/","mesh 5 city-peers + 5 city-variants","ok_200"
"3_mesh",12307,"post","lizard-control-al-daayen","https://www.rukn-eltatawer.com/qa/lizard-control-al-daayen/","mesh 5 city-peers + 5 city-variants","ok_200"
"3_mesh",12315,"post","bird-control-al-daayen","https://www.rukn-eltatawer.com/qa/bird-control-al-daayen/","mesh 5 city-peers + 5 city-variants","ok_200"
"3_mesh",12323,"post","mosquito-fly-control-al-daayen","https://www.rukn-eltatawer.com/qa/mosquito-fly-control-al-daayen/","mesh 5 city-peers + 5 city-variants","ok_200"
"3_mesh",12331,"post","pigeon-net-installation-al-daayen","https://www.rukn-eltatawer.com/qa/pigeon-net-installation-al-daayen/","mesh 5 city-peers + 5 city-variants","ok_200"
"3_mesh",12339,"post","pigeon-spikes-installation-al-daayen","https://www.rukn-eltatawer.com/qa/pigeon-spikes-installation-al-daayen/","mesh 5 city-peers + 5 city-variants","ok_200"
"3_mesh",12347,"post","bird-sound-device-al-daayen","https://www.rukn-eltatawer.com/qa/bird-sound-device-al-daayen/","mesh 5 city-peers + 5 city-variants","ok_200"
"3_mesh",12355,"post","steam-disinfection-al-daayen","https://www.rukn-eltatawer.com/qa/steam-disinfection-al-daayen/","mesh 5 city-peers + 5 city-variants","ok_200"
"3_mesh",12363,"post","chlorine-disinfection-al-daayen","https://www.rukn-eltatawer.com/qa/chlorine-disinfection-al-daayen/","mesh 5 city-peers + 5 city-variants","ok_200"
"3_mesh",12371,"post","ozone-disinfection-al-daayen","https://www.rukn-eltatawer.com/qa/ozone-disinfection-al-daayen/","mesh 5 city-peers + 5 city-variants","ok_200"
"3_mesh",12387,"post","home-electrician-al-daayen","https://www.rukn-eltatawer.com/qa/home-electrician-al-daayen/","mesh 5 city-peers + 5 city-variants","ok_200"
"3_mesh",12395,"post","carpenter-al-daayen","https://www.rukn-eltatawer.com/qa/carpenter-al-daayen/","mesh 5 city-peers + 5 city-variants","ok_200"
"3_mesh",12403,"post","blacksmith-doors-windows-al-daayen","https://www.rukn-eltatawer.com/qa/blacksmith-doors-windows-al-daayen/","mesh 5 city-peers + 5 city-variants","ok_200"
"3_mesh",12411,"post","painter-al-daayen","https://www.rukn-eltatawer.com/qa/painter-al-daayen/","mesh 5 city-peers + 5 city-variants","ok_200"
"3_mesh",12419,"post","gypsum-tech-al-daayen","https://www.rukn-eltatawer.com/qa/gypsum-tech-al-daayen/","mesh 5 city-peers + 5 city-variants","ok_200"
"3_mesh",12427,"post","sat-dish-tech-al-daayen","https://www.rukn-eltatawer.com/qa/sat-dish-tech-al-daayen/","mesh 5 city-peers + 5 city-variants","ok_200"
"3_mesh",12435,"post","satellite-tech-al-daayen","https://www.rukn-eltatawer.com/qa/satellite-tech-al-daayen/","mesh 5 city-peers + 5 city-variants","ok_200"
"3_mesh",12451,"post","cctv-tech-al-daayen","https://www.rukn-eltatawer.com/qa/cctv-tech-al-daayen/","mesh 5 city-peers + 5 city-variants","ok_200"
"3_mesh",12459,"post","home-audio-tech-al-daayen","https://www.rukn-eltatawer.com/qa/home-audio-tech-al-daayen/","mesh 5 city-peers + 5 city-variants","ok_200"
"3_mesh",12539,"post","apartment-painting-al-daayen","https://www.rukn-eltatawer.com/qa/apartment-painting-al-daayen/","mesh 5 city-peers + 5 city-variants","ok_200"
"3_mesh",12547,"post","villa-painting-al-daayen","https://www.rukn-eltatawer.com/qa/villa-painting-al-daayen/","mesh 5 city-peers + 5 city-variants","ok_200"
"3_mesh",12555,"post","exterior-facade-painting-al-daayen","https://www.rukn-eltatawer.com/qa/exterior-facade-painting-al-daayen/","mesh 5 city-peers + 5 city-variants","ok_200"
"3_mesh",12563,"post","wallpaper-installation-al-daayen","https://www.rukn-eltatawer.com/qa/wallpaper-installation-al-daayen/","mesh 5 city-peers + 5 city-variants","ok_200"
"3_mesh",12571,"post","gypsum-board-decor-al-daayen","https://www.rukn-eltatawer.com/qa/gypsum-board-decor-al-daayen/","mesh 5 city-peers + 5 city-variants","ok_200"
"3_mesh",12579,"post","premium-paint-finishing-al-daayen","https://www.rukn-eltatawer.com/qa/premium-paint-finishing-al-daayen/","mesh 5 city-peers + 5 city-variants","ok_200"
"3_mesh",12595,"post","new-villa-finishing-painting-al-daayen","https://www.rukn-eltatawer.com/qa/new-villa-finishing-painting-al-daayen/","mesh 5 city-peers + 5 city-variants","ok_200"
"3_mesh",12603,"post","office-painting-al-daayen","https://www.rukn-eltatawer.com/qa/office-painting-al-daayen/","mesh 5 city-peers + 5 city-variants","ok_200"
"3_mesh",12611,"post","paint-removal-surface-prep-al-daayen","https://www.rukn-eltatawer.com/qa/paint-removal-surface-prep-al-daayen/","mesh 5 city-peers + 5 city-variants","ok_200"
"3_mesh",12619,"post","electric-spray-painting-al-daayen","https://www.rukn-eltatawer.com/qa/electric-spray-painting-al-daayen/","mesh 5 city-peers + 5 city-variants","ok_200"
"3_mesh",12627,"post","decorative-wall-effects-al-daayen","https://www.rukn-eltatawer.com/qa/decorative-wall-effects-al-daayen/","mesh 5 city-peers + 5 city-variants","ok_200"
"3_mesh",12635,"post","wood-doors-windows-painting-al-daayen","https://www.rukn-eltatawer.com/qa/wood-doors-windows-painting-al-daayen/","mesh 5 city-peers + 5 city-variants","ok_200"
"3_mesh",12651,"post","home-electrician-elec-al-daayen","https://www.rukn-eltatawer.com/qa/home-electrician-elec-al-daayen/","mesh 5 city-peers + 5 city-variants","ok_200"
"3_mesh",12667,"post","new-electrical-wiring-al-daayen","https://www.rukn-eltatawer.com/qa/new-electrical-wiring-al-daayen/","mesh 5 city-peers + 5 city-variants","ok_200"
"3_mesh",12675,"post","electrical-fault-detection-al-daayen","https://www.rukn-eltatawer.com/qa/electrical-fault-detection-al-daayen/","mesh 5 city-peers + 5 city-variants","ok_200"
"3_mesh",12683,"post","indoor-outdoor-lighting-installation-al-daayen","https://www.rukn-eltatawer.com/qa/indoor-outdoor-lighting-installation-al-daayen/","mesh 5 city-peers + 5 city-variants","ok_200"
"3_mesh",12707,"post","water-heater-installation-al-daayen","https://www.rukn-eltatawer.com/qa/water-heater-installation-al-daayen/","mesh 5 city-peers + 5 city-variants","ok_200"
"3_mesh",12723,"post","sanitary-fixtures-installation-al-daayen","https://www.rukn-eltatawer.com/qa/sanitary-fixtures-installation-al-daayen/","mesh 5 city-peers + 5 city-variants","ok_200"
"3_mesh",12731,"post","24h-emergency-electrician-al-daayen","https://www.rukn-eltatawer.com/qa/24h-emergency-electrician-al-daayen/","mesh 5 city-peers + 5 city-variants","ok_200"
"3_mesh",12827,"post","cooling-fault-detection-al-daayen","https://www.rukn-eltatawer.com/qa/cooling-fault-detection-al-daayen/","mesh 5 city-peers + 5 city-variants","ok_200"
"3_mesh",11680,"post","humidity-treatment-al-khor","https://www.rukn-eltatawer.com/qa/humidity-treatment-al-khor/","mesh 5 city-peers + 5 city-variants","ok_200"
"3_mesh",11681,"post","humidity-treatment-umm-salal","https://www.rukn-eltatawer.com/qa/humidity-treatment-umm-salal/","mesh 5 city-peers + 5 city-variants","ok_200"
"3_mesh",11696,"post","bathroom-renovation-al-khor","https://www.rukn-eltatawer.com/qa/bathroom-renovation-al-khor/","mesh 5 city-peers + 5 city-variants","ok_200"
"3_mesh",11697,"post","bathroom-renovation-umm-salal","https://www.rukn-eltatawer.com/qa/bathroom-renovation-umm-salal/","mesh 5 city-peers + 5 city-variants","ok_200"
"3_mesh",11704,"post","kitchen-renovation-al-khor","https://www.rukn-eltatawer.com/qa/kitchen-renovation-al-khor/","mesh 5 city-peers + 5 city-variants","ok_200"
"3_mesh",11705,"post","kitchen-renovation-umm-salal","https://www.rukn-eltatawer.com/qa/kitchen-renovation-umm-salal/","mesh 5 city-peers + 5 city-variants","ok_200"
"3_mesh",11720,"post","old-house-renovation-al-khor","https://www.rukn-eltatawer.com/qa/old-house-renovation-al-khor/","mesh 5 city-peers + 5 city-variants","ok_200"
"3_mesh",11721,"post","old-house-renovation-umm-salal","https://www.rukn-eltatawer.com/qa/old-house-renovation-umm-salal/","mesh 5 city-peers + 5 city-variants","ok_200"
"3_mesh",11728,"post","villa-inspection-al-khor","https://www.rukn-eltatawer.com/qa/villa-inspection-al-khor/","mesh 5 city-peers + 5 city-variants","ok_200"
"3_mesh",11729,"post","villa-inspection-umm-salal","https://www.rukn-eltatawer.com/qa/villa-inspection-umm-salal/","mesh 5 city-peers + 5 city-variants","ok_200"
"3_mesh",11736,"post","crack-repair-al-khor","https://www.rukn-eltatawer.com/qa/crack-repair-al-khor/","mesh 5 city-peers + 5 city-variants","ok_200"
"3_mesh",11737,"post","crack-repair-umm-salal","https://www.rukn-eltatawer.com/qa/crack-repair-umm-salal/","mesh 5 city-peers + 5 city-variants","ok_200"
"3_mesh",11760,"post","interlock-al-khor","https://www.rukn-eltatawer.com/qa/interlock-al-khor/","mesh 5 city-peers + 5 city-variants","ok_200"
"3_mesh",11761,"post","interlock-umm-salal","https://www.rukn-eltatawer.com/qa/interlock-umm-salal/","mesh 5 city-peers + 5 city-variants","ok_200"
"3_mesh",11768,"post","kerbstone-al-khor","https://www.rukn-eltatawer.com/qa/kerbstone-al-khor/","mesh 5 city-peers + 5 city-variants","ok_200"
"3_mesh",11769,"post","kerbstone-umm-salal","https://www.rukn-eltatawer.com/qa/kerbstone-umm-salal/","mesh 5 city-peers + 5 city-variants","ok_200"
"3_mesh",11776,"post","brickwork-al-khor","https://www.rukn-eltatawer.com/qa/brickwork-al-khor/","mesh 5 city-peers + 5 city-variants","ok_200"
"3_mesh",11777,"post","brickwork-umm-salal","https://www.rukn-eltatawer.com/qa/brickwork-umm-salal/","mesh 5 city-peers + 5 city-variants","ok_200"
"3_mesh",11784,"post","plastering-al-khor","https://www.rukn-eltatawer.com/qa/plastering-al-khor/","mesh 5 city-peers + 5 city-variants","ok_200"
"3_mesh",11785,"post","plastering-umm-salal","https://www.rukn-eltatawer.com/qa/plastering-umm-salal/","mesh 5 city-peers + 5 city-variants","ok_200"
"3_mesh",11792,"post","ceramic-porcelain-al-khor","https://www.rukn-eltatawer.com/qa/ceramic-porcelain-al-khor/","mesh 5 city-peers + 5 city-variants","ok_200"
"3_mesh",11793,"post","ceramic-porcelain-umm-salal","https://www.rukn-eltatawer.com/qa/ceramic-porcelain-umm-salal/","mesh 5 city-peers + 5 city-variants","ok_200"
"3_mesh",11800,"post","parquet-al-khor","https://www.rukn-eltatawer.com/qa/parquet-al-khor/","mesh 5 city-peers + 5 city-variants","ok_200"
"3_mesh",11801,"post","parquet-umm-salal","https://www.rukn-eltatawer.com/qa/parquet-umm-salal/","mesh 5 city-peers + 5 city-variants","ok_200"
"3_mesh",11808,"post","vinyl-flooring-al-khor","https://www.rukn-eltatawer.com/qa/vinyl-flooring-al-khor/","mesh 5 city-peers + 5 city-variants","ok_200"
"3_mesh",11809,"post","vinyl-flooring-umm-salal","https://www.rukn-eltatawer.com/qa/vinyl-flooring-umm-salal/","mesh 5 city-peers + 5 city-variants","ok_200"
"3_mesh",11816,"post","stone-al-khor","https://www.rukn-eltatawer.com/qa/stone-al-khor/","mesh 5 city-peers + 5 city-variants","ok_200"
"3_mesh",11817,"post","stone-umm-salal","https://www.rukn-eltatawer.com/qa/stone-umm-salal/","mesh 5 city-peers + 5 city-variants","ok_200"
"3_mesh",11824,"post","marble-granite-al-khor","https://www.rukn-eltatawer.com/qa/marble-granite-al-khor/","mesh 5 city-peers + 5 city-variants","ok_200"
"3_mesh",11825,"post","marble-granite-umm-salal","https://www.rukn-eltatawer.com/qa/marble-granite-umm-salal/","mesh 5 city-peers + 5 city-variants","ok_200"
"3_mesh",11832,"post","wall-foam-al-khor","https://www.rukn-eltatawer.com/qa/wall-foam-al-khor/","mesh 5 city-peers + 5 city-variants","ok_200"
"3_mesh",11833,"post","wall-foam-umm-salal","https://www.rukn-eltatawer.com/qa/wall-foam-umm-salal/","mesh 5 city-peers + 5 city-variants","ok_200"
"3_mesh",11840,"post","gypsum-board-al-khor","https://www.rukn-eltatawer.com/qa/gypsum-board-al-khor/","mesh 5 city-peers + 5 city-variants","ok_200"
"3_mesh",11841,"post","gypsum-board-umm-salal","https://www.rukn-eltatawer.com/qa/gypsum-board-umm-salal/","mesh 5 city-peers + 5 city-variants","ok_200"
"3_mesh",11848,"post","false-ceiling-al-khor","https://www.rukn-eltatawer.com/qa/false-ceiling-al-khor/","mesh 5 city-peers + 5 city-variants","ok_200"
"3_mesh",11849,"post","false-ceiling-umm-salal","https://www.rukn-eltatawer.com/qa/false-ceiling-umm-salal/","mesh 5 city-peers + 5 city-variants","ok_200"
"3_mesh",11856,"post","wallpaper-al-khor","https://www.rukn-eltatawer.com/qa/wallpaper-al-khor/","mesh 5 city-peers + 5 city-variants","ok_200"
"3_mesh",11857,"post","wallpaper-umm-salal","https://www.rukn-eltatawer.com/qa/wallpaper-umm-salal/","mesh 5 city-peers + 5 city-variants","ok_200"
"3_mesh",11864,"post","floor-carpeting-al-khor","https://www.rukn-eltatawer.com/qa/floor-carpeting-al-khor/","mesh 5 city-peers + 5 city-variants","ok_200"
"3_mesh",11865,"post","floor-carpeting-umm-salal","https://www.rukn-eltatawer.com/qa/floor-carpeting-umm-salal/","mesh 5 city-peers + 5 city-variants","ok_200"
"3_mesh",11872,"post","suspended-ceiling-al-khor","https://www.rukn-eltatawer.com/qa/suspended-ceiling-al-khor/","mesh 5 city-peers + 5 city-variants","ok_200"
"3_mesh",11873,"post","suspended-ceiling-umm-salal","https://www.rukn-eltatawer.com/qa/suspended-ceiling-umm-salal/","mesh 5 city-peers + 5 city-variants","ok_200"
"3_mesh",11880,"post","glass-aluminium-partitions-al-khor","https://www.rukn-eltatawer.com/qa/glass-aluminium-partitions-al-khor/","mesh 5 city-peers + 5 city-variants","ok_200"
"3_mesh",11881,"post","glass-aluminium-partitions-umm-salal","https://www.rukn-eltatawer.com/qa/glass-aluminium-partitions-umm-salal/","mesh 5 city-peers + 5 city-variants","ok_200"
"3_mesh",11888,"post","glass-alumetal-al-khor","https://www.rukn-eltatawer.com/qa/glass-alumetal-al-khor/","mesh 5 city-peers + 5 city-variants","ok_200"
"3_mesh",11889,"post","glass-alumetal-umm-salal","https://www.rukn-eltatawer.com/qa/glass-alumetal-umm-salal/","mesh 5 city-peers + 5 city-variants","ok_200"
"3_mesh",11896,"post","kitchen-installation-al-khor","https://www.rukn-eltatawer.com/qa/kitchen-installation-al-khor/","mesh 5 city-peers + 5 city-variants","ok_200"
"3_mesh",11897,"post","kitchen-installation-umm-salal","https://www.rukn-eltatawer.com/qa/kitchen-installation-umm-salal/","mesh 5 city-peers + 5 city-variants","ok_200"
"3_mesh",11904,"post","doors-installation-al-khor","https://www.rukn-eltatawer.com/qa/doors-installation-al-khor/","mesh 5 city-peers + 5 city-variants","ok_200"
"3_mesh",11905,"post","doors-installation-umm-salal","https://www.rukn-eltatawer.com/qa/doors-installation-umm-salal/","mesh 5 city-peers + 5 city-variants","ok_200"
"3_mesh",11912,"post","windows-installation-al-khor","https://www.rukn-eltatawer.com/qa/windows-installation-al-khor/","mesh 5 city-peers + 5 city-variants","ok_200"
"3_mesh",11913,"post","windows-installation-umm-salal","https://www.rukn-eltatawer.com/qa/windows-installation-umm-salal/","mesh 5 city-peers + 5 city-variants","ok_200"
"3_mesh",11920,"post","shades-sails-al-khor","https://www.rukn-eltatawer.com/qa/shades-sails-al-khor/","mesh 5 city-peers + 5 city-variants","ok_200"
"3_mesh",11921,"post","shades-sails-umm-salal","https://www.rukn-eltatawer.com/qa/shades-sails-umm-salal/","mesh 5 city-peers + 5 city-variants","ok_200"
"3_mesh",11928,"post","artificial-grass-al-khor","https://www.rukn-eltatawer.com/qa/artificial-grass-al-khor/","mesh 5 city-peers + 5 city-variants","ok_200"
"3_mesh",11929,"post","artificial-grass-umm-salal","https://www.rukn-eltatawer.com/qa/artificial-grass-umm-salal/","mesh 5 city-peers + 5 city-variants","ok_200"
"3_mesh",11936,"post","grass-wall-al-khor","https://www.rukn-eltatawer.com/qa/grass-wall-al-khor/","mesh 5 city-peers + 5 city-variants","ok_200"
"3_mesh",11937,"post","grass-wall-umm-salal","https://www.rukn-eltatawer.com/qa/grass-wall-umm-salal/","mesh 5 city-peers + 5 city-variants","ok_200"
"3_mesh",11944,"post","annex-building-al-khor","https://www.rukn-eltatawer.com/qa/annex-building-al-khor/","mesh 5 city-peers + 5 city-variants","ok_200"
"3_mesh",11945,"post","annex-building-umm-salal","https://www.rukn-eltatawer.com/qa/annex-building-umm-salal/","mesh 5 city-peers + 5 city-variants","ok_200"
"3_mesh",11952,"post","majlis-building-al-khor","https://www.rukn-eltatawer.com/qa/majlis-building-al-khor/","mesh 5 city-peers + 5 city-variants","ok_200"
"3_mesh",11953,"post","majlis-building-umm-salal","https://www.rukn-eltatawer.com/qa/majlis-building-umm-salal/","mesh 5 city-peers + 5 city-variants","ok_200"
"3_mesh",11960,"post","outdoor-bathrooms-al-khor","https://www.rukn-eltatawer.com/qa/outdoor-bathrooms-al-khor/","mesh 5 city-peers + 5 city-variants","ok_200"
"3_mesh",11961,"post","outdoor-bathrooms-umm-salal","https://www.rukn-eltatawer.com/qa/outdoor-bathrooms-umm-salal/","mesh 5 city-peers + 5 city-variants","ok_200"
"3_mesh",11968,"post","outdoor-kitchens-al-khor","https://www.rukn-eltatawer.com/qa/outdoor-kitchens-al-khor/","mesh 5 city-peers + 5 city-variants","ok_200"
"3_mesh",11969,"post","outdoor-kitchens-umm-salal","https://www.rukn-eltatawer.com/qa/outdoor-kitchens-umm-salal/","mesh 5 city-peers + 5 city-variants","ok_200"
"3_mesh",11976,"post","outdoor-majlis-al-khor","https://www.rukn-eltatawer.com/qa/outdoor-majlis-al-khor/","mesh 5 city-peers + 5 city-variants","ok_200"
"3_mesh",11977,"post","outdoor-majlis-umm-salal","https://www.rukn-eltatawer.com/qa/outdoor-majlis-umm-salal/","mesh 5 city-peers + 5 city-variants","ok_200"
"3_mesh",11984,"post","block-fences-al-khor","https://www.rukn-eltatawer.com/qa/block-fences-al-khor/","mesh 5 city-peers + 5 city-variants","ok_200"
"3_mesh",11985,"post","block-fences-umm-salal","https://www.rukn-eltatawer.com/qa/block-fences-umm-salal/","mesh 5 city-peers + 5 city-variants","ok_200"
"3_mesh",11992,"post","interior-painting-al-khor","https://www.rukn-eltatawer.com/qa/interior-painting-al-khor/","mesh 5 city-peers + 5 city-variants","ok_200"
"3_mesh",11993,"post","interior-painting-umm-salal","https://www.rukn-eltatawer.com/qa/interior-painting-umm-salal/","mesh 5 city-peers + 5 city-variants","ok_200"
"3_mesh",12000,"post","exterior-painting-al-khor","https://www.rukn-eltatawer.com/qa/exterior-painting-al-khor/","mesh 5 city-peers + 5 city-variants","ok_200"
"3_mesh",12001,"post","exterior-painting-umm-salal","https://www.rukn-eltatawer.com/qa/exterior-painting-umm-salal/","mesh 5 city-peers + 5 city-variants","ok_200"
"3_mesh",12008,"post","decor-design-al-khor","https://www.rukn-eltatawer.com/qa/decor-design-al-khor/","mesh 5 city-peers + 5 city-variants","ok_200"
"3_mesh",12009,"post","decor-design-umm-salal","https://www.rukn-eltatawer.com/qa/decor-design-umm-salal/","mesh 5 city-peers + 5 city-variants","ok_200"
"3_mesh",12016,"post","landscaping-al-khor","https://www.rukn-eltatawer.com/qa/landscaping-al-khor/","mesh 5 city-peers + 5 city-variants","ok_200"
"3_mesh",12017,"post","landscaping-umm-salal","https://www.rukn-eltatawer.com/qa/landscaping-umm-salal/","mesh 5 city-peers + 5 city-variants","ok_200"
"3_mesh",12024,"post","indoor-garden-design-al-khor","https://www.rukn-eltatawer.com/qa/indoor-garden-design-al-khor/","mesh 5 city-peers + 5 city-variants","ok_200"
"3_mesh",12025,"post","indoor-garden-design-umm-salal","https://www.rukn-eltatawer.com/qa/indoor-garden-design-umm-salal/","mesh 5 city-peers + 5 city-variants","ok_200"
"3_mesh",12032,"post","roof-garden-design-al-khor","https://www.rukn-eltatawer.com/qa/roof-garden-design-al-khor/","mesh 5 city-peers + 5 city-variants","ok_200"
"3_mesh",12033,"post","roof-garden-design-umm-salal","https://www.rukn-eltatawer.com/qa/roof-garden-design-umm-salal/","mesh 5 city-peers + 5 city-variants","ok_200"
"3_mesh",12040,"post","natural-grass-cutting-al-khor","https://www.rukn-eltatawer.com/qa/natural-grass-cutting-al-khor/","mesh 5 city-peers + 5 city-variants","ok_200"
"3_mesh",12041,"post","natural-grass-cutting-umm-salal","https://www.rukn-eltatawer.com/qa/natural-grass-cutting-umm-salal/","mesh 5 city-peers + 5 city-variants","ok_200"
"3_mesh",12048,"post","palm-tree-planting-al-khor","https://www.rukn-eltatawer.com/qa/palm-tree-planting-al-khor/","mesh 5 city-peers + 5 city-variants","ok_200"
"3_mesh",12049,"post","palm-tree-planting-umm-salal","https://www.rukn-eltatawer.com/qa/palm-tree-planting-umm-salal/","mesh 5 city-peers + 5 city-variants","ok_200"
"3_mesh",12064,"post","modern-irrigation-al-khor","https://www.rukn-eltatawer.com/qa/modern-irrigation-al-khor/","mesh 5 city-peers + 5 city-variants","ok_200"
"3_mesh",12065,"post","modern-irrigation-umm-salal","https://www.rukn-eltatawer.com/qa/modern-irrigation-umm-salal/","mesh 5 city-peers + 5 city-variants","ok_200"
"3_mesh",12072,"post","automatic-irrigation-al-khor","https://www.rukn-eltatawer.com/qa/automatic-irrigation-al-khor/","mesh 5 city-peers + 5 city-variants","ok_200"
"3_mesh",12073,"post","automatic-irrigation-umm-salal","https://www.rukn-eltatawer.com/qa/automatic-irrigation-umm-salal/","mesh 5 city-peers + 5 city-variants","ok_200"
"3_mesh",12080,"post","artificial-grass-grdn-al-khor","https://www.rukn-eltatawer.com/qa/artificial-grass-grdn-al-khor/","mesh 5 city-peers + 5 city-variants","ok_200"
"3_mesh",12081,"post","artificial-grass-grdn-umm-salal","https://www.rukn-eltatawer.com/qa/artificial-grass-grdn-umm-salal/","mesh 5 city-peers + 5 city-variants","ok_200"
"3_mesh",12088,"post","wall-grass-al-khor","https://www.rukn-eltatawer.com/qa/wall-grass-al-khor/","mesh 5 city-peers + 5 city-variants","ok_200"
"3_mesh",12089,"post","wall-grass-umm-salal","https://www.rukn-eltatawer.com/qa/wall-grass-umm-salal/","mesh 5 city-peers + 5 city-variants","ok_200"
"3_mesh",12096,"post","garden-seating-al-khor","https://www.rukn-eltatawer.com/qa/garden-seating-al-khor/","mesh 5 city-peers + 5 city-variants","ok_200"
"3_mesh",12097,"post","garden-seating-umm-salal","https://www.rukn-eltatawer.com/qa/garden-seating-umm-salal/","mesh 5 city-peers + 5 city-variants","ok_200"
"3_mesh",12104,"post","pergola-installation-al-khor","https://www.rukn-eltatawer.com/qa/pergola-installation-al-khor/","mesh 5 city-peers + 5 city-variants","ok_200"
"3_mesh",12105,"post","pergola-installation-umm-salal","https://www.rukn-eltatawer.com/qa/pergola-installation-umm-salal/","mesh 5 city-peers + 5 city-variants","ok_200"
"3_mesh",12112,"post","wooden-arbor-installation-al-khor","https://www.rukn-eltatawer.com/qa/wooden-arbor-installation-al-khor/","mesh 5 city-peers + 5 city-variants","ok_200"
"3_mesh",12113,"post","wooden-arbor-installation-umm-salal","https://www.rukn-eltatawer.com/qa/wooden-arbor-installation-umm-salal/","mesh 5 city-peers + 5 city-variants","ok_200"
"3_mesh",12120,"post","stone-pathway-al-khor","https://www.rukn-eltatawer.com/qa/stone-pathway-al-khor/","mesh 5 city-peers + 5 city-variants","ok_200"
"3_mesh",12121,"post","stone-pathway-umm-salal","https://www.rukn-eltatawer.com/qa/stone-pathway-umm-salal/","mesh 5 city-peers + 5 city-variants","ok_200"
"3_mesh",12128,"post","artificial-waterfall-al-khor","https://www.rukn-eltatawer.com/qa/artificial-waterfall-al-khor/","mesh 5 city-peers + 5 city-variants","ok_200"
"3_mesh",12129,"post","artificial-waterfall-umm-salal","https://www.rukn-eltatawer.com/qa/artificial-waterfall-umm-salal/","mesh 5 city-peers + 5 city-variants","ok_200"
"3_mesh",12136,"post","wall-fountain-al-khor","https://www.rukn-eltatawer.com/qa/wall-fountain-al-khor/","mesh 5 city-peers + 5 city-variants","ok_200"
"3_mesh",12137,"post","wall-fountain-umm-salal","https://www.rukn-eltatawer.com/qa/wall-fountain-umm-salal/","mesh 5 city-peers + 5 city-variants","ok_200"
"3_mesh",12144,"post","indoor-moving-al-khor","https://www.rukn-eltatawer.com/qa/indoor-moving-al-khor/","mesh 5 city-peers + 5 city-variants","ok_200"
"3_mesh",12145,"post","indoor-moving-umm-salal","https://www.rukn-eltatawer.com/qa/indoor-moving-umm-salal/","mesh 5 city-peers + 5 city-variants","ok_200"
"3_mesh",12152,"post","outdoor-moving-al-khor","https://www.rukn-eltatawer.com/qa/outdoor-moving-al-khor/","mesh 5 city-peers + 5 city-variants","ok_200"
"3_mesh",12153,"post","outdoor-moving-umm-salal","https://www.rukn-eltatawer.com/qa/outdoor-moving-umm-salal/","mesh 5 city-peers + 5 city-variants","ok_200"
"3_mesh",12160,"post","furniture-moving-packaging-al-khor","https://www.rukn-eltatawer.com/qa/furniture-moving-packaging-al-khor/","mesh 5 city-peers + 5 city-variants","ok_200"
"3_mesh",12161,"post","furniture-moving-packaging-umm-salal","https://www.rukn-eltatawer.com/qa/furniture-moving-packaging-umm-salal/","mesh 5 city-peers + 5 city-variants","ok_200"
"3_mesh",12176,"post","furniture-packaging-al-khor","https://www.rukn-eltatawer.com/qa/furniture-packaging-al-khor/","mesh 5 city-peers + 5 city-variants","ok_200"
"3_mesh",12177,"post","furniture-packaging-umm-salal","https://www.rukn-eltatawer.com/qa/furniture-packaging-umm-salal/","mesh 5 city-peers + 5 city-variants","ok_200"
"3_mesh",12184,"post","furniture-assembly-al-khor","https://www.rukn-eltatawer.com/qa/furniture-assembly-al-khor/","mesh 5 city-peers + 5 city-variants","ok_200"
"3_mesh",12185,"post","furniture-assembly-umm-salal","https://www.rukn-eltatawer.com/qa/furniture-assembly-umm-salal/","mesh 5 city-peers + 5 city-variants","ok_200"
"3_mesh",12192,"post","furniture-storage-al-khor","https://www.rukn-eltatawer.com/qa/furniture-storage-al-khor/","mesh 5 city-peers + 5 city-variants","ok_200"
"3_mesh",12193,"post","furniture-storage-umm-salal","https://www.rukn-eltatawer.com/qa/furniture-storage-umm-salal/","mesh 5 city-peers + 5 city-variants","ok_200"
"3_mesh",12200,"post","solar-systems-installation-al-khor","https://www.rukn-eltatawer.com/qa/solar-systems-installation-al-khor/","mesh 5 city-peers + 5 city-variants","ok_200"
"3_mesh",12201,"post","solar-systems-installation-umm-salal","https://www.rukn-eltatawer.com/qa/solar-systems-installation-umm-salal/","mesh 5 city-peers + 5 city-variants","ok_200"
"3_mesh",12208,"post","solar-water-heaters-al-khor","https://www.rukn-eltatawer.com/qa/solar-water-heaters-al-khor/","mesh 5 city-peers + 5 city-variants","ok_200"
"3_mesh",12209,"post","solar-water-heaters-umm-salal","https://www.rukn-eltatawer.com/qa/solar-water-heaters-umm-salal/","mesh 5 city-peers + 5 city-variants","ok_200"
"3_mesh",12248,"post","ant-control-al-khor","https://www.rukn-eltatawer.com/qa/ant-control-al-khor/","mesh 5 city-peers + 5 city-variants","ok_200"
"3_mesh",12249,"post","ant-control-umm-salal","https://www.rukn-eltatawer.com/qa/ant-control-umm-salal/","mesh 5 city-peers + 5 city-variants","ok_200"
"3_mesh",12264,"post","bed-bug-control-al-khor","https://www.rukn-eltatawer.com/qa/bed-bug-control-al-khor/","mesh 5 city-peers + 5 city-variants","ok_200"
"3_mesh",12265,"post","bed-bug-control-umm-salal","https://www.rukn-eltatawer.com/qa/bed-bug-control-umm-salal/","mesh 5 city-peers + 5 city-variants","ok_200"
"3_mesh",12272,"post","rodent-control-al-khor","https://www.rukn-eltatawer.com/qa/rodent-control-al-khor/","mesh 5 city-peers + 5 city-variants","ok_200"
"3_mesh",12273,"post","rodent-control-umm-salal","https://www.rukn-eltatawer.com/qa/rodent-control-umm-salal/","mesh 5 city-peers + 5 city-variants","ok_200"
"3_mesh",12280,"post","snake-control-al-khor","https://www.rukn-eltatawer.com/qa/snake-control-al-khor/","mesh 5 city-peers + 5 city-variants","ok_200"
"3_mesh",12281,"post","snake-control-umm-salal","https://www.rukn-eltatawer.com/qa/snake-control-umm-salal/","mesh 5 city-peers + 5 city-variants","ok_200"
"3_mesh",12288,"post","scorpion-control-al-khor","https://www.rukn-eltatawer.com/qa/scorpion-control-al-khor/","mesh 5 city-peers + 5 city-variants","ok_200"
"3_mesh",12289,"post","scorpion-control-umm-salal","https://www.rukn-eltatawer.com/qa/scorpion-control-umm-salal/","mesh 5 city-peers + 5 city-variants","ok_200"
"3_mesh",12296,"post","flea-control-al-khor","https://www.rukn-eltatawer.com/qa/flea-control-al-khor/","mesh 5 city-peers + 5 city-variants","ok_200"
"3_mesh",12297,"post","flea-control-umm-salal","https://www.rukn-eltatawer.com/qa/flea-control-umm-salal/","mesh 5 city-peers + 5 city-variants","ok_200"
"3_mesh",12304,"post","lizard-control-al-khor","https://www.rukn-eltatawer.com/qa/lizard-control-al-khor/","mesh 5 city-peers + 5 city-variants","ok_200"
"3_mesh",12305,"post","lizard-control-umm-salal","https://www.rukn-eltatawer.com/qa/lizard-control-umm-salal/","mesh 5 city-peers + 5 city-variants","ok_200"
"3_mesh",12312,"post","bird-control-al-khor","https://www.rukn-eltatawer.com/qa/bird-control-al-khor/","mesh 5 city-peers + 5 city-variants","ok_200"
"3_mesh",12313,"post","bird-control-umm-salal","https://www.rukn-eltatawer.com/qa/bird-control-umm-salal/","mesh 5 city-peers + 5 city-variants","ok_200"
"3_mesh",12320,"post","mosquito-fly-control-al-khor","https://www.rukn-eltatawer.com/qa/mosquito-fly-control-al-khor/","mesh 5 city-peers + 5 city-variants","ok_200"
"3_mesh",12321,"post","mosquito-fly-control-umm-salal","https://www.rukn-eltatawer.com/qa/mosquito-fly-control-umm-salal/","mesh 5 city-peers + 5 city-variants","ok_200"
"3_mesh",12328,"post","pigeon-net-installation-al-khor","https://www.rukn-eltatawer.com/qa/pigeon-net-installation-al-khor/","mesh 5 city-peers + 5 city-variants","ok_200"
"3_mesh",12329,"post","pigeon-net-installation-umm-salal","https://www.rukn-eltatawer.com/qa/pigeon-net-installation-umm-salal/","mesh 5 city-peers + 5 city-variants","ok_200"
"3_mesh",12336,"post","pigeon-spikes-installation-al-khor","https://www.rukn-eltatawer.com/qa/pigeon-spikes-installation-al-khor/","mesh 5 city-peers + 5 city-variants","ok_200"
"3_mesh",12337,"post","pigeon-spikes-installation-umm-salal","https://www.rukn-eltatawer.com/qa/pigeon-spikes-installation-umm-salal/","mesh 5 city-peers + 5 city-variants","ok_200"
"3_mesh",12344,"post","bird-sound-device-al-khor","https://www.rukn-eltatawer.com/qa/bird-sound-device-al-khor/","mesh 5 city-peers + 5 city-variants","ok_200"
"3_mesh",12345,"post","bird-sound-device-umm-salal","https://www.rukn-eltatawer.com/qa/bird-sound-device-umm-salal/","mesh 5 city-peers + 5 city-variants","ok_200"
"3_mesh",12352,"post","steam-disinfection-al-khor","https://www.rukn-eltatawer.com/qa/steam-disinfection-al-khor/","mesh 5 city-peers + 5 city-variants","ok_200"
"3_mesh",12353,"post","steam-disinfection-umm-salal","https://www.rukn-eltatawer.com/qa/steam-disinfection-umm-salal/","mesh 5 city-peers + 5 city-variants","ok_200"
"3_mesh",12360,"post","chlorine-disinfection-al-khor","https://www.rukn-eltatawer.com/qa/chlorine-disinfection-al-khor/","mesh 5 city-peers + 5 city-variants","ok_200"
"3_mesh",12361,"post","chlorine-disinfection-umm-salal","https://www.rukn-eltatawer.com/qa/chlorine-disinfection-umm-salal/","mesh 5 city-peers + 5 city-variants","ok_200"
"3_mesh",12368,"post","ozone-disinfection-al-khor","https://www.rukn-eltatawer.com/qa/ozone-disinfection-al-khor/","mesh 5 city-peers + 5 city-variants","ok_200"
"3_mesh",12369,"post","ozone-disinfection-umm-salal","https://www.rukn-eltatawer.com/qa/ozone-disinfection-umm-salal/","mesh 5 city-peers + 5 city-variants","ok_200"
"3_mesh",12384,"post","home-electrician-al-khor","https://www.rukn-eltatawer.com/qa/home-electrician-al-khor/","mesh 5 city-peers + 5 city-variants","ok_200"
"3_mesh",12385,"post","home-electrician-umm-salal","https://www.rukn-eltatawer.com/qa/home-electrician-umm-salal/","mesh 5 city-peers + 5 city-variants","ok_200"
"3_mesh",12392,"post","carpenter-al-khor","https://www.rukn-eltatawer.com/qa/carpenter-al-khor/","mesh 5 city-peers + 5 city-variants","ok_200"
"3_mesh",12393,"post","carpenter-umm-salal","https://www.rukn-eltatawer.com/qa/carpenter-umm-salal/","mesh 5 city-peers + 5 city-variants","ok_200"
"3_mesh",12400,"post","blacksmith-doors-windows-al-khor","https://www.rukn-eltatawer.com/qa/blacksmith-doors-windows-al-khor/","mesh 5 city-peers + 5 city-variants","ok_200"
"3_mesh",12401,"post","blacksmith-doors-windows-umm-salal","https://www.rukn-eltatawer.com/qa/blacksmith-doors-windows-umm-salal/","mesh 5 city-peers + 5 city-variants","ok_200"
"3_mesh",12408,"post","painter-al-khor","https://www.rukn-eltatawer.com/qa/painter-al-khor/","mesh 5 city-peers + 5 city-variants","ok_200"
"3_mesh",12409,"post","painter-umm-salal","https://www.rukn-eltatawer.com/qa/painter-umm-salal/","mesh 5 city-peers + 5 city-variants","ok_200"
"3_mesh",12416,"post","gypsum-tech-al-khor","https://www.rukn-eltatawer.com/qa/gypsum-tech-al-khor/","mesh 5 city-peers + 5 city-variants","ok_200"
"3_mesh",12417,"post","gypsum-tech-umm-salal","https://www.rukn-eltatawer.com/qa/gypsum-tech-umm-salal/","mesh 5 city-peers + 5 city-variants","ok_200"
"3_mesh",12424,"post","sat-dish-tech-al-khor","https://www.rukn-eltatawer.com/qa/sat-dish-tech-al-khor/","mesh 5 city-peers + 5 city-variants","ok_200"
"3_mesh",12425,"post","sat-dish-tech-umm-salal","https://www.rukn-eltatawer.com/qa/sat-dish-tech-umm-salal/","mesh 5 city-peers + 5 city-variants","ok_200"
"3_mesh",12432,"post","satellite-tech-al-khor","https://www.rukn-eltatawer.com/qa/satellite-tech-al-khor/","mesh 5 city-peers + 5 city-variants","ok_200"
"3_mesh",12433,"post","satellite-tech-umm-salal","https://www.rukn-eltatawer.com/qa/satellite-tech-umm-salal/","mesh 5 city-peers + 5 city-variants","ok_200"
"3_mesh",12448,"post","cctv-tech-al-khor","https://www.rukn-eltatawer.com/qa/cctv-tech-al-khor/","mesh 5 city-peers + 5 city-variants","ok_200"
"3_mesh",12449,"post","cctv-tech-umm-salal","https://www.rukn-eltatawer.com/qa/cctv-tech-umm-salal/","mesh 5 city-peers + 5 city-variants","ok_200"
"3_mesh",12456,"post","home-audio-tech-al-khor","https://www.rukn-eltatawer.com/qa/home-audio-tech-al-khor/","mesh 5 city-peers + 5 city-variants","ok_200"
"3_mesh",12457,"post","home-audio-tech-umm-salal","https://www.rukn-eltatawer.com/qa/home-audio-tech-umm-salal/","mesh 5 city-peers + 5 city-variants","ok_200"
"3_mesh",12536,"post","apartment-painting-al-khor","https://www.rukn-eltatawer.com/qa/apartment-painting-al-khor/","mesh 5 city-peers + 5 city-variants","ok_200"
"3_mesh",12537,"post","apartment-painting-umm-salal","https://www.rukn-eltatawer.com/qa/apartment-painting-umm-salal/","mesh 5 city-peers + 5 city-variants","ok_200"
"3_mesh",12544,"post","villa-painting-al-khor","https://www.rukn-eltatawer.com/qa/villa-painting-al-khor/","mesh 5 city-peers + 5 city-variants","ok_200"
"3_mesh",12545,"post","villa-painting-umm-salal","https://www.rukn-eltatawer.com/qa/villa-painting-umm-salal/","mesh 5 city-peers + 5 city-variants","ok_200"
"3_mesh",12552,"post","exterior-facade-painting-al-khor","https://www.rukn-eltatawer.com/qa/exterior-facade-painting-al-khor/","mesh 5 city-peers + 5 city-variants","ok_200"
"3_mesh",12553,"post","exterior-facade-painting-umm-salal","https://www.rukn-eltatawer.com/qa/exterior-facade-painting-umm-salal/","mesh 5 city-peers + 5 city-variants","ok_200"
"3_mesh",12560,"post","wallpaper-installation-al-khor","https://www.rukn-eltatawer.com/qa/wallpaper-installation-al-khor/","mesh 5 city-peers + 5 city-variants","ok_200"
"3_mesh",12561,"post","wallpaper-installation-umm-salal","https://www.rukn-eltatawer.com/qa/wallpaper-installation-umm-salal/","mesh 5 city-peers + 5 city-variants","ok_200"
"3_mesh",12568,"post","gypsum-board-decor-al-khor","https://www.rukn-eltatawer.com/qa/gypsum-board-decor-al-khor/","mesh 5 city-peers + 5 city-variants","ok_200"
"3_mesh",12569,"post","gypsum-board-decor-umm-salal","https://www.rukn-eltatawer.com/qa/gypsum-board-decor-umm-salal/","mesh 5 city-peers + 5 city-variants","ok_200"
"3_mesh",12576,"post","premium-paint-finishing-al-khor","https://www.rukn-eltatawer.com/qa/premium-paint-finishing-al-khor/","mesh 5 city-peers + 5 city-variants","ok_200"
"3_mesh",12577,"post","premium-paint-finishing-umm-salal","https://www.rukn-eltatawer.com/qa/premium-paint-finishing-umm-salal/","mesh 5 city-peers + 5 city-variants","ok_200"
"3_mesh",12592,"post","new-villa-finishing-painting-al-khor","https://www.rukn-eltatawer.com/qa/new-villa-finishing-painting-al-khor/","mesh 5 city-peers + 5 city-variants","ok_200"
"3_mesh",12593,"post","new-villa-finishing-painting-umm-salal","https://www.rukn-eltatawer.com/qa/new-villa-finishing-painting-umm-salal/","mesh 5 city-peers + 5 city-variants","ok_200"
"3_mesh",12600,"post","office-painting-al-khor","https://www.rukn-eltatawer.com/qa/office-painting-al-khor/","mesh 5 city-peers + 5 city-variants","ok_200"
"3_mesh",12601,"post","office-painting-umm-salal","https://www.rukn-eltatawer.com/qa/office-painting-umm-salal/","mesh 5 city-peers + 5 city-variants","ok_200"
"3_mesh",12608,"post","paint-removal-surface-prep-al-khor","https://www.rukn-eltatawer.com/qa/paint-removal-surface-prep-al-khor/","mesh 5 city-peers + 5 city-variants","ok_200"
"3_mesh",12609,"post","paint-removal-surface-prep-umm-salal","https://www.rukn-eltatawer.com/qa/paint-removal-surface-prep-umm-salal/","mesh 5 city-peers + 5 city-variants","ok_200"
"3_mesh",12616,"post","electric-spray-painting-al-khor","https://www.rukn-eltatawer.com/qa/electric-spray-painting-al-khor/","mesh 5 city-peers + 5 city-variants","ok_200"
"3_mesh",12617,"post","electric-spray-painting-umm-salal","https://www.rukn-eltatawer.com/qa/electric-spray-painting-umm-salal/","mesh 5 city-peers + 5 city-variants","ok_200"
"3_mesh",12624,"post","decorative-wall-effects-al-khor","https://www.rukn-eltatawer.com/qa/decorative-wall-effects-al-khor/","mesh 5 city-peers + 5 city-variants","ok_200"
"3_mesh",12625,"post","decorative-wall-effects-umm-salal","https://www.rukn-eltatawer.com/qa/decorative-wall-effects-umm-salal/","mesh 5 city-peers + 5 city-variants","ok_200"
"3_mesh",12632,"post","wood-doors-windows-painting-al-khor","https://www.rukn-eltatawer.com/qa/wood-doors-windows-painting-al-khor/","mesh 5 city-peers + 5 city-variants","ok_200"
"3_mesh",12633,"post","wood-doors-windows-painting-umm-salal","https://www.rukn-eltatawer.com/qa/wood-doors-windows-painting-umm-salal/","mesh 5 city-peers + 5 city-variants","ok_200"
"3_mesh",12648,"post","home-electrician-elec-al-khor","https://www.rukn-eltatawer.com/qa/home-electrician-elec-al-khor/","mesh 5 city-peers + 5 city-variants","ok_200"
"3_mesh",12649,"post","home-electrician-elec-umm-salal","https://www.rukn-eltatawer.com/qa/home-electrician-elec-umm-salal/","mesh 5 city-peers + 5 city-variants","ok_200"
"3_mesh",12664,"post","new-electrical-wiring-al-khor","https://www.rukn-eltatawer.com/qa/new-electrical-wiring-al-khor/","mesh 5 city-peers + 5 city-variants","ok_200"
"3_mesh",12665,"post","new-electrical-wiring-umm-salal","https://www.rukn-eltatawer.com/qa/new-electrical-wiring-umm-salal/","mesh 5 city-peers + 5 city-variants","ok_200"
"3_mesh",12672,"post","electrical-fault-detection-al-khor","https://www.rukn-eltatawer.com/qa/electrical-fault-detection-al-khor/","mesh 5 city-peers + 5 city-variants","ok_200"
"3_mesh",12673,"post","electrical-fault-detection-umm-salal","https://www.rukn-eltatawer.com/qa/electrical-fault-detection-umm-salal/","mesh 5 city-peers + 5 city-variants","ok_200"
"3_mesh",12680,"post","indoor-outdoor-lighting-installation-al-khor","https://www.rukn-eltatawer.com/qa/indoor-outdoor-lighting-installation-al-khor/","mesh 5 city-peers + 5 city-variants","ok_200"
"3_mesh",12681,"post","indoor-outdoor-lighting-installation-umm-salal","https://www.rukn-eltatawer.com/qa/indoor-outdoor-lighting-installation-umm-salal/","mesh 5 city-peers + 5 city-variants","ok_200"
"3_mesh",12704,"post","water-heater-installation-al-khor","https://www.rukn-eltatawer.com/qa/water-heater-installation-al-khor/","mesh 5 city-peers + 5 city-variants","ok_200"
"3_mesh",12705,"post","water-heater-installation-umm-salal","https://www.rukn-eltatawer.com/qa/water-heater-installation-umm-salal/","mesh 5 city-peers + 5 city-variants","ok_200"
"3_mesh",12720,"post","sanitary-fixtures-installation-al-khor","https://www.rukn-eltatawer.com/qa/sanitary-fixtures-installation-al-khor/","mesh 5 city-peers + 5 city-variants","ok_200"
"3_mesh",12721,"post","sanitary-fixtures-installation-umm-salal","https://www.rukn-eltatawer.com/qa/sanitary-fixtures-installation-umm-salal/","mesh 5 city-peers + 5 city-variants","ok_200"
"3_mesh",12728,"post","24h-emergency-electrician-al-khor","https://www.rukn-eltatawer.com/qa/24h-emergency-electrician-al-khor/","mesh 5 city-peers + 5 city-variants","ok_200"
"3_mesh",12729,"post","24h-emergency-electrician-umm-salal","https://www.rukn-eltatawer.com/qa/24h-emergency-electrician-umm-salal/","mesh 5 city-peers + 5 city-variants","ok_200"
"3_mesh",12824,"post","cooling-fault-detection-al-khor","https://www.rukn-eltatawer.com/qa/cooling-fault-detection-al-khor/","mesh 5 city-peers + 5 city-variants","ok_200"
"3_mesh",12825,"post","cooling-fault-detection-umm-salal","https://www.rukn-eltatawer.com/qa/cooling-fault-detection-umm-salal/","mesh 5 city-peers + 5 city-variants","ok_200"
"3_mesh",11679,"post","humidity-treatment-al-wakrah","https://www.rukn-eltatawer.com/qa/humidity-treatment-al-wakrah/","mesh 5 city-peers + 5 city-variants","ok_200"
"3_mesh",11695,"post","bathroom-renovation-al-wakrah","https://www.rukn-eltatawer.com/qa/bathroom-renovation-al-wakrah/","mesh 5 city-peers + 5 city-variants","ok_200"
"3_mesh",11703,"post","kitchen-renovation-al-wakrah","https://www.rukn-eltatawer.com/qa/kitchen-renovation-al-wakrah/","mesh 5 city-peers + 5 city-variants","ok_200"
"3_mesh",11719,"post","old-house-renovation-al-wakrah","https://www.rukn-eltatawer.com/qa/old-house-renovation-al-wakrah/","mesh 5 city-peers + 5 city-variants","ok_200"
"3_mesh",11727,"post","villa-inspection-al-wakrah","https://www.rukn-eltatawer.com/qa/villa-inspection-al-wakrah/","mesh 5 city-peers + 5 city-variants","ok_200"
"3_mesh",11735,"post","crack-repair-al-wakrah","https://www.rukn-eltatawer.com/qa/crack-repair-al-wakrah/","mesh 5 city-peers + 5 city-variants","ok_200"
"3_mesh",11759,"post","interlock-al-wakrah","https://www.rukn-eltatawer.com/qa/interlock-al-wakrah/","mesh 5 city-peers + 5 city-variants","ok_200"
"3_mesh",11767,"post","kerbstone-al-wakrah","https://www.rukn-eltatawer.com/qa/kerbstone-al-wakrah/","mesh 5 city-peers + 5 city-variants","ok_200"
"3_mesh",11775,"post","brickwork-al-wakrah","https://www.rukn-eltatawer.com/qa/brickwork-al-wakrah/","mesh 5 city-peers + 5 city-variants","ok_200"
"3_mesh",11783,"post","plastering-al-wakrah","https://www.rukn-eltatawer.com/qa/plastering-al-wakrah/","mesh 5 city-peers + 5 city-variants","ok_200"
"3_mesh",11791,"post","ceramic-porcelain-al-wakrah","https://www.rukn-eltatawer.com/qa/ceramic-porcelain-al-wakrah/","mesh 5 city-peers + 5 city-variants","ok_200"
"3_mesh",11799,"post","parquet-al-wakrah","https://www.rukn-eltatawer.com/qa/parquet-al-wakrah/","mesh 5 city-peers + 5 city-variants","ok_200"
"3_mesh",11807,"post","vinyl-flooring-al-wakrah","https://www.rukn-eltatawer.com/qa/vinyl-flooring-al-wakrah/","mesh 5 city-peers + 5 city-variants","ok_200"
"3_mesh",11815,"post","stone-al-wakrah","https://www.rukn-eltatawer.com/qa/stone-al-wakrah/","mesh 5 city-peers + 5 city-variants","ok_200"
"3_mesh",11823,"post","marble-granite-al-wakrah","https://www.rukn-eltatawer.com/qa/marble-granite-al-wakrah/","mesh 5 city-peers + 5 city-variants","ok_200"
"3_mesh",11831,"post","wall-foam-al-wakrah","https://www.rukn-eltatawer.com/qa/wall-foam-al-wakrah/","mesh 5 city-peers + 5 city-variants","ok_200"
"3_mesh",11839,"post","gypsum-board-al-wakrah","https://www.rukn-eltatawer.com/qa/gypsum-board-al-wakrah/","mesh 5 city-peers + 5 city-variants","ok_200"
"3_mesh",11847,"post","false-ceiling-al-wakrah","https://www.rukn-eltatawer.com/qa/false-ceiling-al-wakrah/","mesh 5 city-peers + 5 city-variants","ok_200"
"3_mesh",11855,"post","wallpaper-al-wakrah","https://www.rukn-eltatawer.com/qa/wallpaper-al-wakrah/","mesh 5 city-peers + 5 city-variants","ok_200"
"3_mesh",11863,"post","floor-carpeting-al-wakrah","https://www.rukn-eltatawer.com/qa/floor-carpeting-al-wakrah/","mesh 5 city-peers + 5 city-variants","ok_200"
"3_mesh",11871,"post","suspended-ceiling-al-wakrah","https://www.rukn-eltatawer.com/qa/suspended-ceiling-al-wakrah/","mesh 5 city-peers + 5 city-variants","ok_200"
"3_mesh",11879,"post","glass-aluminium-partitions-al-wakrah","https://www.rukn-eltatawer.com/qa/glass-aluminium-partitions-al-wakrah/","mesh 5 city-peers + 5 city-variants","ok_200"
"3_mesh",11887,"post","glass-alumetal-al-wakrah","https://www.rukn-eltatawer.com/qa/glass-alumetal-al-wakrah/","mesh 5 city-peers + 5 city-variants","ok_200"
"3_mesh",11895,"post","kitchen-installation-al-wakrah","https://www.rukn-eltatawer.com/qa/kitchen-installation-al-wakrah/","mesh 5 city-peers + 5 city-variants","ok_200"
"3_mesh",11903,"post","doors-installation-al-wakrah","https://www.rukn-eltatawer.com/qa/doors-installation-al-wakrah/","mesh 5 city-peers + 5 city-variants","ok_200"
"3_mesh",11911,"post","windows-installation-al-wakrah","https://www.rukn-eltatawer.com/qa/windows-installation-al-wakrah/","mesh 5 city-peers + 5 city-variants","ok_200"
"3_mesh",11919,"post","shades-sails-al-wakrah","https://www.rukn-eltatawer.com/qa/shades-sails-al-wakrah/","mesh 5 city-peers + 5 city-variants","ok_200"
"3_mesh",11927,"post","artificial-grass-al-wakrah","https://www.rukn-eltatawer.com/qa/artificial-grass-al-wakrah/","mesh 5 city-peers + 5 city-variants","ok_200"
"3_mesh",11935,"post","grass-wall-al-wakrah","https://www.rukn-eltatawer.com/qa/grass-wall-al-wakrah/","mesh 5 city-peers + 5 city-variants","ok_200"
"3_mesh",11943,"post","annex-building-al-wakrah","https://www.rukn-eltatawer.com/qa/annex-building-al-wakrah/","mesh 5 city-peers + 5 city-variants","ok_200"
"3_mesh",11951,"post","majlis-building-al-wakrah","https://www.rukn-eltatawer.com/qa/majlis-building-al-wakrah/","mesh 5 city-peers + 5 city-variants","ok_200"
"3_mesh",11959,"post","outdoor-bathrooms-al-wakrah","https://www.rukn-eltatawer.com/qa/outdoor-bathrooms-al-wakrah/","mesh 5 city-peers + 5 city-variants","ok_200"
"3_mesh",11967,"post","outdoor-kitchens-al-wakrah","https://www.rukn-eltatawer.com/qa/outdoor-kitchens-al-wakrah/","mesh 5 city-peers + 5 city-variants","ok_200"
"3_mesh",11975,"post","outdoor-majlis-al-wakrah","https://www.rukn-eltatawer.com/qa/outdoor-majlis-al-wakrah/","mesh 5 city-peers + 5 city-variants","ok_200"
"3_mesh",11983,"post","block-fences-al-wakrah","https://www.rukn-eltatawer.com/qa/block-fences-al-wakrah/","mesh 5 city-peers + 5 city-variants","ok_200"
"3_mesh",11991,"post","interior-painting-al-wakrah","https://www.rukn-eltatawer.com/qa/interior-painting-al-wakrah/","mesh 5 city-peers + 5 city-variants","ok_200"
"3_mesh",11999,"post","exterior-painting-al-wakrah","https://www.rukn-eltatawer.com/qa/exterior-painting-al-wakrah/","mesh 5 city-peers + 5 city-variants","ok_200"
"3_mesh",12007,"post","decor-design-al-wakrah","https://www.rukn-eltatawer.com/qa/decor-design-al-wakrah/","mesh 5 city-peers + 5 city-variants","ok_200"
"3_mesh",12015,"post","landscaping-al-wakrah","https://www.rukn-eltatawer.com/qa/landscaping-al-wakrah/","mesh 5 city-peers + 5 city-variants","ok_200"
"3_mesh",12023,"post","indoor-garden-design-al-wakrah","https://www.rukn-eltatawer.com/qa/indoor-garden-design-al-wakrah/","mesh 5 city-peers + 5 city-variants","ok_200"
"3_mesh",12031,"post","roof-garden-design-al-wakrah","https://www.rukn-eltatawer.com/qa/roof-garden-design-al-wakrah/","mesh 5 city-peers + 5 city-variants","ok_200"
"3_mesh",12039,"post","natural-grass-cutting-al-wakrah","https://www.rukn-eltatawer.com/qa/natural-grass-cutting-al-wakrah/","mesh 5 city-peers + 5 city-variants","ok_200"
"3_mesh",12047,"post","palm-tree-planting-al-wakrah","https://www.rukn-eltatawer.com/qa/palm-tree-planting-al-wakrah/","mesh 5 city-peers + 5 city-variants","ok_200"
"3_mesh",12063,"post","modern-irrigation-al-wakrah","https://www.rukn-eltatawer.com/qa/modern-irrigation-al-wakrah/","mesh 5 city-peers + 5 city-variants","ok_200"
"3_mesh",12071,"post","automatic-irrigation-al-wakrah","https://www.rukn-eltatawer.com/qa/automatic-irrigation-al-wakrah/","mesh 5 city-peers + 5 city-variants","ok_200"
"3_mesh",12079,"post","artificial-grass-grdn-al-wakrah","https://www.rukn-eltatawer.com/qa/artificial-grass-grdn-al-wakrah/","mesh 5 city-peers + 5 city-variants","ok_200"
"3_mesh",12087,"post","wall-grass-al-wakrah","https://www.rukn-eltatawer.com/qa/wall-grass-al-wakrah/","mesh 5 city-peers + 5 city-variants","ok_200"
"3_mesh",12095,"post","garden-seating-al-wakrah","https://www.rukn-eltatawer.com/qa/garden-seating-al-wakrah/","mesh 5 city-peers + 5 city-variants","ok_200"
"3_mesh",12103,"post","pergola-installation-al-wakrah","https://www.rukn-eltatawer.com/qa/pergola-installation-al-wakrah/","mesh 5 city-peers + 5 city-variants","ok_200"
"3_mesh",12111,"post","wooden-arbor-installation-al-wakrah","https://www.rukn-eltatawer.com/qa/wooden-arbor-installation-al-wakrah/","mesh 5 city-peers + 5 city-variants","ok_200"
"3_mesh",12119,"post","stone-pathway-al-wakrah","https://www.rukn-eltatawer.com/qa/stone-pathway-al-wakrah/","mesh 5 city-peers + 5 city-variants","ok_200"
"3_mesh",12127,"post","artificial-waterfall-al-wakrah","https://www.rukn-eltatawer.com/qa/artificial-waterfall-al-wakrah/","mesh 5 city-peers + 5 city-variants","ok_200"
"3_mesh",12135,"post","wall-fountain-al-wakrah","https://www.rukn-eltatawer.com/qa/wall-fountain-al-wakrah/","mesh 5 city-peers + 5 city-variants","ok_200"
"3_mesh",12143,"post","indoor-moving-al-wakrah","https://www.rukn-eltatawer.com/qa/indoor-moving-al-wakrah/","mesh 5 city-peers + 5 city-variants","ok_200"
"3_mesh",12151,"post","outdoor-moving-al-wakrah","https://www.rukn-eltatawer.com/qa/outdoor-moving-al-wakrah/","mesh 5 city-peers + 5 city-variants","ok_200"
"3_mesh",12159,"post","furniture-moving-packaging-al-wakrah","https://www.rukn-eltatawer.com/qa/furniture-moving-packaging-al-wakrah/","mesh 5 city-peers + 5 city-variants","ok_200"
"3_mesh",12175,"post","furniture-packaging-al-wakrah","https://www.rukn-eltatawer.com/qa/furniture-packaging-al-wakrah/","mesh 5 city-peers + 5 city-variants","ok_200"
"3_mesh",12183,"post","furniture-assembly-al-wakrah","https://www.rukn-eltatawer.com/qa/furniture-assembly-al-wakrah/","mesh 5 city-peers + 5 city-variants","ok_200"
"3_mesh",12191,"post","furniture-storage-al-wakrah","https://www.rukn-eltatawer.com/qa/furniture-storage-al-wakrah/","mesh 5 city-peers + 5 city-variants","ok_200"
"3_mesh",12199,"post","solar-systems-installation-al-wakrah","https://www.rukn-eltatawer.com/qa/solar-systems-installation-al-wakrah/","mesh 5 city-peers + 5 city-variants","ok_200"
"3_mesh",12207,"post","solar-water-heaters-al-wakrah","https://www.rukn-eltatawer.com/qa/solar-water-heaters-al-wakrah/","mesh 5 city-peers + 5 city-variants","ok_200"
"3_mesh",12247,"post","ant-control-al-wakrah","https://www.rukn-eltatawer.com/qa/ant-control-al-wakrah/","mesh 5 city-peers + 5 city-variants","ok_200"
"3_mesh",12263,"post","bed-bug-control-al-wakrah","https://www.rukn-eltatawer.com/qa/bed-bug-control-al-wakrah/","mesh 5 city-peers + 5 city-variants","ok_200"
"3_mesh",12271,"post","rodent-control-al-wakrah","https://www.rukn-eltatawer.com/qa/rodent-control-al-wakrah/","mesh 5 city-peers + 5 city-variants","ok_200"
"3_mesh",12279,"post","snake-control-al-wakrah","https://www.rukn-eltatawer.com/qa/snake-control-al-wakrah/","mesh 5 city-peers + 5 city-variants","ok_200"
"3_mesh",12287,"post","scorpion-control-al-wakrah","https://www.rukn-eltatawer.com/qa/scorpion-control-al-wakrah/","mesh 5 city-peers + 5 city-variants","ok_200"
"3_mesh",12295,"post","flea-control-al-wakrah","https://www.rukn-eltatawer.com/qa/flea-control-al-wakrah/","mesh 5 city-peers + 5 city-variants","ok_200"
"3_mesh",12303,"post","lizard-control-al-wakrah","https://www.rukn-eltatawer.com/qa/lizard-control-al-wakrah/","mesh 5 city-peers + 5 city-variants","ok_200"
"3_mesh",12311,"post","bird-control-al-wakrah","https://www.rukn-eltatawer.com/qa/bird-control-al-wakrah/","mesh 5 city-peers + 5 city-variants","ok_200"
"3_mesh",12698,"post","water-pipe-leak-detection-al-shamal","https://www.rukn-eltatawer.com/qa/water-pipe-leak-detection-al-shamal/","mesh 5 city-peers + 5 city-variants","ok_200"
"3_mesh",12700,"post","water-pipe-leak-detection-al-shahaniya","https://www.rukn-eltatawer.com/qa/water-pipe-leak-detection-al-shahaniya/","mesh 5 city-peers + 5 city-variants","ok_200"
"3_mesh",11137,"post","water-leak-detection-al-shamal","https://www.rukn-eltatawer.com/qa/water-leak-detection-al-shamal/","mesh 5 city-peers + 5 city-variants","ok_200"
"3_mesh",11139,"post","water-leak-detection-al-shahaniya","https://www.rukn-eltatawer.com/qa/water-leak-detection-al-shahaniya/","mesh 5 city-peers + 5 city-variants","ok_200"
"3_mesh",12699,"post","water-pipe-leak-detection-al-daayen","https://www.rukn-eltatawer.com/qa/water-pipe-leak-detection-al-daayen/","mesh 5 city-peers + 5 city-variants","HTTP_500:<h1>Error establishing a database connection</h1>"
"3_mesh",11138,"post","water-leak-detection-al-daayen","https://www.rukn-eltatawer.com/qa/water-leak-detection-al-daayen/","mesh 5 city-peers + 5 city-variants","ok_200"
"3_mesh",12696,"post","water-pipe-leak-detection-al-khor","https://www.rukn-eltatawer.com/qa/water-pipe-leak-detection-al-khor/","mesh 5 city-peers + 5 city-variants","ok_200"
"3_mesh",12697,"post","water-pipe-leak-detection-umm-salal","https://www.rukn-eltatawer.com/qa/water-pipe-leak-detection-umm-salal/","mesh 5 city-peers + 5 city-variants","ok_200"
"3_mesh",11135,"post","water-leak-detection-al-khor","https://www.rukn-eltatawer.com/qa/water-leak-detection-al-khor/","mesh 5 city-peers + 5 city-variants","HTTP_500:<h1>Error establishing a database connection</h1>"
"3_mesh",11136,"post","water-leak-detection-umm-salal","https://www.rukn-eltatawer.com/qa/water-leak-detection-umm-salal/","mesh 5 city-peers + 5 city-variants","ok_200"
"3_mesh",12695,"post","water-pipe-leak-detection-al-wakrah","https://www.rukn-eltatawer.com/qa/water-pipe-leak-detection-al-wakrah/","mesh 5 city-peers + 5 city-variants","ok_200"
"3_mesh",11134,"post","water-leak-detection-al-wakrah","https://www.rukn-eltatawer.com/qa/water-leak-detection-al-wakrah/","mesh 5 city-peers + 5 city-variants","ok_200"
"3_mesh",12694,"post","water-pipe-leak-detection-al-rayyan","https://www.rukn-eltatawer.com/qa/water-pipe-leak-detection-al-rayyan/","mesh 5 city-peers + 5 city-variants","ok_200"
"3_mesh",11133,"post","water-leak-detection-al-rayyan","https://www.rukn-eltatawer.com/qa/water-leak-detection-al-rayyan/","mesh 5 city-peers + 5 city-variants","ok_200"
"3_mesh",11148,"post","ac-leak-detection-doha","https://www.rukn-eltatawer.com/qa/ac-leak-detection-doha/","mesh 5 city-peers + 5 city-variants","ok_200"
"3_mesh",12693,"post","water-pipe-leak-detection-doha","https://www.rukn-eltatawer.com/qa/water-pipe-leak-detection-doha/","mesh 5 city-peers + 5 city-variants","ok_200"
"3_mesh",11132,"post","water-leak-detection-doha","https://www.rukn-eltatawer.com/qa/water-leak-detection-doha/","mesh 5 city-peers + 5 city-variants","ok_200"
